id,type,label,citation,source_type,authority_level,verification_status,url_or_identifier,grammar_scope,notes,function_id,definition,rule_id,function,priority,positive_pattern,negative_pattern,positive_example,negative_example,rule_family,decision_question,boundary_case_type,risk_level,status,cue_id,cue_type,status_id,tier,recommended_use,count,ambiguity_id,name,query_id,task,cypher,sentence_id,text,normalized_text,source_book,source_level,source_page,source_cue,source_status,span_id,final_span,start_char,end_char,extraction_status,candidate_source,consensus_id,final_function,extraction_agreement,main_label_agreement,function_agreement,rater_id,anonymized,decision_id,span_correct,main_label,function_label,corrected_span,uncertainty_reason,note
source:MOE_2021_STANDARD,AuthoritySource,MOE_2021_STANDARD,Ministry of Education and State Language Commission. 2021. Chinese Proficiency Grading Standards for International Chinese Language Education.,official_standard,high,official_pdf_found,https://www.moe.gov.cn/jyb_sjzl/ziliao/A19/202111/W020211118507389477190.pdf,international Chinese education proficiency standard; grammar grading; sentence components,Use as the top-level educational authority; exact grammar-entry pages should be checked against the PDF or printed version before submission.,,,,,,,,,,,,,,,,,,,,,,,,,,,,,,,,,,,,,,,,,,,,,,,,,,,,,
source:GRAMMAR_MANUAL_ELEMENTARY,AuthoritySource,GRAMMAR_MANUAL_ELEMENTARY,Center for Language Education and Cooperation. Grammar Learning Manual Elementary for Chinese Proficiency Grading Standards for International Chinese Language Education.,official_teaching_manual,high,page_check_required,ISBN or official manual edition to verify,elementary grammar items including attributive adverbial complement and basic sentence components,Use for rules involving basic sentence components and beginner-level examples.,,,,,,,,,,,,,,,,,,,,,,,,,,,,,,,,,,,,,,,,,,,,,,,,,,,,,
source:GRAMMAR_MANUAL_INTERMEDIATE,AuthoritySource,GRAMMAR_MANUAL_INTERMEDIATE,Center for Language Education and Cooperation. Grammar Learning Manual Intermediate for Chinese Proficiency Grading Standards for International Chinese Language Education.,official_teaching_manual,high,page_check_required,ISBN or official manual edition to verify,intermediate grammar items including complements temporal adverbs frequency adverbs and complex frames,Use for time adverb and complement rules.,,,,,,,,,,,,,,,,,,,,,,,,,,,,,,,,,,,,,,,,,,,,,,,,,,,,,
source:LU_1999_800_WORDS,AuthoritySource,LU_1999_800_WORDS,"Lu Shuxiang, ed. 1999. Xiandai Hanyu Babai Ci. Beijing: The Commercial Press.",reference_grammar,high,print_page_check_required,Commercial Press edition,function-word and high-frequency word usage including temporal adverbs prepositions and particles,Use for lexicalized cue rules; do not cite page numbers until checked in the physical/electronic book.,,,,,,,,,,,,,,,,,,,,,,,,,,,,,,,,,,,,,,,,,,,,,,,,,,,,,
source:HUANG_LIAO_MODERN_CHINESE,AuthoritySource,HUANG_LIAO_MODERN_CHINESE,"Huang Borong and Liao Xudong, eds. Xiandai Hanyu. Beijing: Higher Education Press.",reference_grammar,high,print_page_check_required,Higher Education Press edition,modern Chinese sentence components including subject object attributive adverbial complement,Use for general syntactic-function definitions.,,,,,,,,,,,,,,,,,,,,,,,,,,,,,,,,,,,,,,,,,,,,,,,,,,,,,
source:LIU_PAN_GU_PRACTICAL_GRAMMAR,AuthoritySource,LIU_PAN_GU_PRACTICAL_GRAMMAR,"Liu Yuehua, Pan Wenyu, and Gu Wei. Shiyong Xiandai Hanyu Yufa. Beijing: The Commercial Press.",reference_grammar,high,print_page_check_required,Commercial Press edition,practical modern Chinese grammar with detailed treatment of temporal expressions and complements,Strong source for marginal cases; verify pages before journal submission.,,,,,,,,,,,,,,,,,,,,,,,,,,,,,,,,,,,,,,,,,,,,,,,,,,,,,
source:HSK4_GRAMMAR_SYLLABUS,AuthoritySource,HSK4_GRAMMAR_SYLLABUS,HSK Level 4 grammar syllabus table. Sentence components: duration complement.,exam_syllabus,medium,public_pdf_found,https://centrodeestudioschinos.com/wp-content/uploads/2023/06/HSK-4-%E8%AF%AD%E6%B3%95.pdf,HSK grammar point explanation for duration complements,Supplementary not primary authority; useful for teacher-facing explanation.,,,,,,,,,,,,,,,,,,,,,,,,,,,,,,,,,,,,,,,,,,,,,,,,,,,,,
source:ZHANG_2000_ADVERBS,AuthoritySource,ZHANG_2000_ADVERBS,Zhang Yisheng. 2000. Studies on Modern Chinese Adverbs and related lexical categories.,scholarly_reference,medium,secondary_web_record_found,https://www.xuexi.cn/lgpage/detail/index.html?id=3705221348303422015,temporal adverbs and boundary between temporal nouns and adverbs,Use cautiously as support for lexical category boundary rather than final teaching authority.,,,,,,,,,,,,,,,,,,,,,,,,,,,,,,,,,,,,,,,,,,,,,,,,,,,,,
source:PROJECT_ANNOTATION_GUIDE,AuthoritySource,PROJECT_ANNOTATION_GUIDE,Project annotation guideline for Chinese temporal-expression syntactic-function diagnosis.,project_guideline,internal,internal,project maintained,boundary cases span completeness conflict handling and human review rules,Internal source only; not a substitute for external authority.,,,,,,,,,,,,,,,,,,,,,,,,,,,,,,,,,,,,,,,,,,,,,,,,,,,,,
source:GRAMMAR_MANUAL_ADVANCED,AuthoritySource,GRAMMAR_MANUAL_ADVANCED,Center for Language Education and Cooperation. Grammar Learning Manual Advanced for Chinese Proficiency Grading Standards for International Chinese Language Education.,official_teaching_manual,high,page_check_required,ISBN or official manual edition to verify,advanced grammar items and complex temporal/adverbial frames,Added in TAG-KG because Authority500 contains Advanced-volume examples.,,,,,,,,,,,,,,,,,,,,,,,,,,,,,,,,,,,,,,,,,,,,,,,,,,,,,
function:TEMPORAL_ADVERBIAL,SyntacticFunction,时间状语,,,,,,,,TEMPORAL_ADVERBIAL,时间状语,,,,,,,,,,,,,,,,,,,,,,,,,,,,,,,,,,,,,,,,,,,,,,,,,,,
function:ATTRIBUTE,SyntacticFunction,时间定语,,,,,,,,ATTRIBUTE,时间定语,,,,,,,,,,,,,,,,,,,,,,,,,,,,,,,,,,,,,,,,,,,,,,,,,,,
function:COMPLEMENT,SyntacticFunction,时长/时间补语,,,,,,,,COMPLEMENT,时长/时间补语,,,,,,,,,,,,,,,,,,,,,,,,,,,,,,,,,,,,,,,,,,,,,,,,,,,
function:OBJECT,SyntacticFunction,时间宾语,,,,,,,,OBJECT,时间宾语,,,,,,,,,,,,,,,,,,,,,,,,,,,,,,,,,,,,,,,,,,,,,,,,,,,
function:SUBJECT,SyntacticFunction,时间主语/话题,,,,,,,,SUBJECT,时间主语/话题,,,,,,,,,,,,,,,,,,,,,,,,,,,,,,,,,,,,,,,,,,,,,,,,,,,
function:OTHER,SyntacticFunction,其他/非目标时间用法,,,,,,,,OTHER,其他/非目标时间用法,,,,,,,,,,,,,,,,,,,,,,,,,,,,,,,,,,,,,,,,,,,,,,,,,,,
rule:R_TEMP_ADV_01,GrammarRule,谓前时间名词作事件时间状语,,,,,,,核心时间状语规则,,,R_TEMP_ADV_01,TEMPORAL_ADVERBIAL,90.0,时间名词位于事件谓词前并说明动作发生时间,时间名词后接“是/很”等构成判断或描写主语,昨天他去了北京。,昨天是星期一。,temporal_adverbial_diagnosis,Does the temporal expression modify the event or predicate rather than a noun or the whole nominal subject?,core,medium,active,,,,,,,,,,,,,,,,,,,,,,,,,,,,,,,,,,,,,,,
cue:TIME_NOUN,DiagnosticCue,TIME_NOUN,,,,,,,,,,,,,,,,,,,,,,TIME_NOUN,TIME_NOUN,,,,,,,,,,,,,,,,,,,,,,,,,,,,,,,,,,,,,
cue:BEFORE_PREDICATE,DiagnosticCue,BEFORE_PREDICATE,,,,,,,,,,,,,,,,,,,,,,BEFORE_PREDICATE,BEFORE_PREDICATE,,,,,,,,,,,,,,,,,,,,,,,,,,,,,,,,,,,,,
cue:EVENT_TIME,DiagnosticCue,EVENT_TIME,,,,,,,,,,,,,,,,,,,,,,EVENT_TIME,EVENT_TIME,,,,,,,,,,,,,,,,,,,,,,,,,,,,,,,,,,,,,
rule:R_TEMP_ADV_02,GrammarRule,句中谓前时间名词作状语,,,,,,,处理主语后时间状语,,,R_TEMP_ADV_02,TEMPORAL_ADVERBIAL,88.0,时间名词位于主语后谓词前并修饰谓词,时间名词后接“的”修饰名词,他昨天去了北京。,昨天的安排很好。,temporal_adverbial_diagnosis,Does the temporal expression modify the event or predicate rather than a noun or the whole nominal subject?,extension,medium,active,,,,,,,,,,,,,,,,,,,,,,,,,,,,,,,,,,,,,,,
rule:R_TEMP_ADV_03,GrammarRule,时间介词短语作状语,,,,,,,需区分时间介词和处所介词,,,R_TEMP_ADV_03,TEMPORAL_ADVERBIAL,86.0,在/从/到/直到/于等引导时间短语且位于谓词前,处所介词短语或位于动词后表示落点,在春节期间我们回了老家。,老师把考试安排在下周。,temporal_adverbial_diagnosis,Does the temporal expression modify the event or predicate rather than a noun or the whole nominal subject?,extension,medium,active,,,,,,,,,,,,,,,,,,,,,,,,,,,,,,,,,,,,,,,
cue:TEMPORAL_PREP,DiagnosticCue,TEMPORAL_PREP,,,,,,,,,,,,,,,,,,,,,,TEMPORAL_PREP,TEMPORAL_PREP,,,,,,,,,,,,,,,,,,,,,,,,,,,,,,,,,,,,,
cue:TIME_POINT,DiagnosticCue,TIME_POINT,,,,,,,,,,,,,,,,,,,,,,TIME_POINT,TIME_POINT,,,,,,,,,,,,,,,,,,,,,,,,,,,,,,,,,,,,,
rule:R_TEMP_ADV_04,GrammarRule,频率或重复副词作时间状语,,,,,,,覆盖频率副词,,,R_TEMP_ADV_04,TEMPORAL_ADVERBIAL,84.0,每天/经常/常常/时时等修饰谓词表示频率,频率词不修饰谓词或作为名词性成分,他每天早上跑步。,每天的安排都不同。,temporal_adverbial_diagnosis,Does the temporal expression modify the event or predicate rather than a noun or the whole nominal subject?,extension,medium,active,,,,,,,,,,,,,,,,,,,,,,,,,,,,,,,,,,,,,,,
cue:TIME_FREQUENCY,DiagnosticCue,TIME_FREQUENCY,,,,,,,,,,,,,,,,,,,,,,TIME_FREQUENCY,TIME_FREQUENCY,,,,,,,,,,,,,,,,,,,,,,,,,,,,,,,,,,,,,
rule:R_TEMP_ADV_05,GrammarRule,时间框架位于主句前作状语,,,,,,,覆盖前置时间从句,,,R_TEMP_ADV_05,TEMPORAL_ADVERBIAL,83.0,下课以后/毕业以后/考试前/春节期间位于主句前并限定主句事件,该结构修饰名词或无主句事件,下课以后，他去了食堂。,下课以后的安排还没定。,temporal_adverbial_diagnosis,Does the temporal expression modify the event or predicate rather than a noun or the whole nominal subject?,extension,medium,active,,,,,,,,,,,,,,,,,,,,,,,,,,,,,,,,,,,,,,,
cue:TIME_AFTER_BEFORE,DiagnosticCue,TIME_AFTER_BEFORE,,,,,,,,,,,,,,,,,,,,,,TIME_AFTER_BEFORE,TIME_AFTER_BEFORE,,,,,,,,,,,,,,,,,,,,,,,,,,,,,,,,,,,,,
rule:R_TEMP_ADV_06,GrammarRule,从X到Y时间范围作状语,,,,,,,范围时间状语,,,R_TEMP_ADV_06,TEMPORAL_ADVERBIAL,82.0,从X到Y位于谓词前表示事件持续时间范围,位于名词前作定语或无事件谓词,从早上到晚上，他一直在等。,从早上到晚上的会议很累。,temporal_adverbial_diagnosis,Does the temporal expression modify the event or predicate rather than a noun or the whole nominal subject?,extension,medium,active,,,,,,,,,,,,,,,,,,,,,,,,,,,,,,,,,,,,,,,
cue:TIME_RANGE,DiagnosticCue,TIME_RANGE,,,,,,,,,,,,,,,,,,,,,,TIME_RANGE,TIME_RANGE,,,,,,,,,,,,,,,,,,,,,,,,,,,,,,,,,,,,,
rule:R_TEMP_ADV_07,GrammarRule,截止或终点框架作状语,,,,,,,与补语规则存在竞争,,,R_TEMP_ADV_07,TEMPORAL_ADVERBIAL,80.0,到/截至/直到等位于句首或谓前表示事件实现时间条件,位于动词后表示补语终点,到明年，他就毕业了。,他一直等到晚上。,temporal_adverbial_diagnosis,Does the temporal expression modify the event or predicate rather than a noun or the whole nominal subject?,extension,medium,active,,,,,,,,,,,,,,,,,,,,,,,,,,,,,,,,,,,,,,,
rule:R_TEMP_ATTR_01,GrammarRule,时间表达加“的”修饰名词,,,,,,,最高优先级之一,,,R_TEMP_ATTR_01,ATTRIBUTE,95.0,时间表达后接“的”并直接修饰名词,时间表达后接谓词而非名词,明天的会议取消了。,明天开会。,temporal_attribute_boundary,Does the temporal expression belong inside a noun phrase as a modifier?,core,medium,active,,,,,,,,,,,,,,,,,,,,,,,,,,,,,,,,,,,,,,,
cue:DE_PARTICLE,DiagnosticCue,DE_PARTICLE,,,,,,,,,,,,,,,,,,,,,,DE_PARTICLE,DE_PARTICLE,,,,,,,,,,,,,,,,,,,,,,,,,,,,,,,,,,,,,
cue:NOMINAL_HEAD,DiagnosticCue,NOMINAL_HEAD,,,,,,,,,,,,,,,,,,,,,,NOMINAL_HEAD,NOMINAL_HEAD,,,,,,,,,,,,,,,,,,,,,,,,,,,,,,,,,,,,,
rule:R_TEMP_ATTR_02,GrammarRule,时量短语加“的”修饰名词,,,,,,,区分定语和补语,,,R_TEMP_ATTR_02,ATTRIBUTE,94.0,时量短语后接“的”修饰名词,动词后时量短语表示持续时长,三小时的会议很累。,会议持续了三小时。,temporal_attribute_boundary,Does the temporal expression belong inside a noun phrase as a modifier?,extension,medium,active,,,,,,,,,,,,,,,,,,,,,,,,,,,,,,,,,,,,,,,
cue:TIME_DURATION,DiagnosticCue,TIME_DURATION,,,,,,,,,,,,,,,,,,,,,,TIME_DURATION,TIME_DURATION,,,,,,,,,,,,,,,,,,,,,,,,,,,,,,,,,,,,,
rule:R_TEMP_ATTR_03,GrammarRule,时间表达作为名词短语内部修饰语,,,,,,,用于“计划明天的活动”,,,R_TEMP_ATTR_03,ATTRIBUTE,88.0,时间表达位于名词前并构成活动/安排/会议等名词短语,时间表达直接修饰谓词事件,他计划明天的活动。,他明天计划活动。,temporal_attribute_boundary,Does the temporal expression belong inside a noun phrase as a modifier?,extension,medium,active,,,,,,,,,,,,,,,,,,,,,,,,,,,,,,,,,,,,,,,
rule:R_TEMP_COMP_01,GrammarRule,动词后时量短语作时量补语,,,,,,,最高优先级之一,,,R_TEMP_COMP_01,COMPLEMENT,96.0,动词/形容词后出现时量短语表示持续时间,时量短语在谓词前表示事件时间范围,他学习了三小时。,他在三小时内完成作业。,temporal_complement_boundary,Does the temporal expression occur after a predicate and supplement duration endpoint or scheduled time?,core,medium,active,,,,,,,,,,,,,,,,,,,,,,,,,,,,,,,,,,,,,,,
cue:AFTER_VERB,DiagnosticCue,AFTER_VERB,,,,,,,,,,,,,,,,,,,,,,AFTER_VERB,AFTER_VERB,,,,,,,,,,,,,,,,,,,,,,,,,,,,,,,,,,,,,
cue:DURATION_COMPLEMENT,DiagnosticCue,DURATION_COMPLEMENT,,,,,,,,,,,,,,,,,,,,,,DURATION_COMPLEMENT,DURATION_COMPLEMENT,,,,,,,,,,,,,,,,,,,,,,,,,,,,,,,,,,,,,
rule:R_TEMP_COMP_02,GrammarRule,持续类动词后时量补语,,,,,,,持续类谓词,,,R_TEMP_COMP_02,COMPLEMENT,95.0,持续/等/住/学习等动词后接时量成分表示持续,时量成分修饰名词,会议持续了三小时。,三小时的会议很累。,temporal_complement_boundary,Does the temporal expression occur after a predicate and supplement duration endpoint or scheduled time?,extension,medium,active,,,,,,,,,,,,,,,,,,,,,,,,,,,,,,,,,,,,,,,
rule:R_TEMP_COMP_03,GrammarRule,等到/到达终点时间作补语,,,,,,,与ADV07竞争,,,R_TEMP_COMP_03,COMPLEMENT,90.0,动词后“到+时间”表示动作终点或结果时间,句首“到+时间”作时间框架状语,他一直等到晚上。,到明年，他就毕业了。,temporal_complement_boundary,Does the temporal expression occur after a predicate and supplement duration endpoint or scheduled time?,extension,medium,active,,,,,,,,,,,,,,,,,,,,,,,,,,,,,,,,,,,,,,,
rule:R_TEMP_COMP_04,GrammarRule,安排在/定在时间点作落点补语,,,,,,,处理安排类动词,,,R_TEMP_COMP_04,COMPLEMENT,88.0,安排/定/改在+时间表示事件安排落点,在+时间位于谓词前表示事件时间,老师把考试安排在下周。,考试在下周举行。,temporal_complement_boundary,Does the temporal expression occur after a predicate and supplement duration endpoint or scheduled time?,extension,medium,active,,,,,,,,,,,,,,,,,,,,,,,,,,,,,,,,,,,,,,,
rule:R_TEMP_SUBJ_01,GrammarRule,时间词作判断句主语,,,,,,,最高优先级之一,,,R_TEMP_SUBJ_01,SUBJECT,96.0,时间表达位于句首且后接“是”构成判断对象,时间表达后接事件谓词并修饰动作,昨天是星期一。,昨天他去了北京。,temporal_subject_topic_boundary,Is the temporal expression the subject or topic of a judgment or description?,core,medium,active,,,,,,,,,,,,,,,,,,,,,,,,,,,,,,,,,,,,,,,
cue:COPULA_SHI,DiagnosticCue,COPULA_SHI,,,,,,,,,,,,,,,,,,,,,,COPULA_SHI,COPULA_SHI,,,,,,,,,,,,,,,,,,,,,,,,,,,,,,,,,,,,,
cue:SENTENCE_INITIAL,DiagnosticCue,SENTENCE_INITIAL,,,,,,,,,,,,,,,,,,,,,,SENTENCE_INITIAL,SENTENCE_INITIAL,,,,,,,,,,,,,,,,,,,,,,,,,,,,,,,,,,,,,
rule:R_TEMP_SUBJ_02,GrammarRule,时间词作描写句主语或话题,,,,,,,处理“今天很冷”,,,R_TEMP_SUBJ_02,SUBJECT,92.0,时间表达位于句首且后接性质形容词/状态谓词,时间表达位于谓词前修饰事件动作,今天很冷。,今天他去学校。,temporal_subject_topic_boundary,Is the temporal expression the subject or topic of a judgment or description?,extension,medium,active,,,,,,,,,,,,,,,,,,,,,,,,,,,,,,,,,,,,,,,
cue:STATIVE_PREDICATE,DiagnosticCue,STATIVE_PREDICATE,,,,,,,,,,,,,,,,,,,,,,STATIVE_PREDICATE,STATIVE_PREDICATE,,,,,,,,,,,,,,,,,,,,,,,,,,,,,,,,,,,,,
rule:R_TEMP_SUBJ_03,GrammarRule,指示数量时间短语作话题主语,,,,,,,处理“这三天”,,,R_TEMP_SUBJ_03,SUBJECT,88.0,这三天/这几年等作话题并接受性质描写,同类短语位于动词后表示补语,这三天很忙。,他忙了三天。,temporal_subject_topic_boundary,Is the temporal expression the subject or topic of a judgment or description?,extension,medium,active,,,,,,,,,,,,,,,,,,,,,,,,,,,,,,,,,,,,,,,
rule:R_TEMP_OBJ_01,GrammarRule,心理动词后时间表达作宾语,,,,,,,心理动词宾语,,,R_TEMP_OBJ_01,OBJECT,92.0,怀念/讨厌/喜欢等心理评价动词后接时间名词作宾语,时间词位于谓词前修饰事件,我怀念昨天。,昨天我怀念他。,temporal_object_boundary,Is the temporal expression selected by a preceding verb as its object?,core,medium,active,,,,,,,,,,,,,,,,,,,,,,,,,,,,,,,,,,,,,,,
cue:PSYCHOLOGICAL_VERB,DiagnosticCue,PSYCHOLOGICAL_VERB,,,,,,,,,,,,,,,,,,,,,,PSYCHOLOGICAL_VERB,PSYCHOLOGICAL_VERB,,,,,,,,,,,,,,,,,,,,,,,,,,,,,,,,,,,,,
rule:R_TEMP_OBJ_02,GrammarRule,评价动词后季节时间名词作宾语,,,,,,,季节名词宾语,,,R_TEMP_OBJ_02,OBJECT,88.0,讨厌/喜欢/怀念等后接季节或时间概念作宾语,季节时间词位于谓词前作状语或话题,他讨厌漫长的冬天。,冬天他不出门。,temporal_object_boundary,Is the temporal expression selected by a preceding verb as its object?,extension,medium,active,,,,,,,,,,,,,,,,,,,,,,,,,,,,,,,,,,,,,,,
rule:R_TEMP_OTHER_01,GrammarRule,处所介词短语非时间表达,,,,,,,防止处所误判,,,R_TEMP_OTHER_01,OTHER,90.0,在+处所名词且无时间语义,在+时间名词作时间状语,他在学校学习。,他在明天上午学习。,non_target_or_uncertain_boundary,Is the candidate non-temporal incomplete conflicting or outside the target grammar point?,core,medium,active,,,,,,,,,,,,,,,,,,,,,,,,,,,,,,,,,,,,,,,
cue:LOCATION_EXPRESSION,DiagnosticCue,LOCATION_EXPRESSION,,,,,,,,,,,,,,,,,,,,,,LOCATION_EXPRESSION,LOCATION_EXPRESSION,,,,,,,,,,,,,,,,,,,,,,,,,,,,,,,,,,,,,
cue:NO_TEMPORAL_EXPRESSION,DiagnosticCue,NO_TEMPORAL_EXPRESSION,,,,,,,,,,,,,,,,,,,,,,NO_TEMPORAL_EXPRESSION,NO_TEMPORAL_EXPRESSION,,,,,,,,,,,,,,,,,,,,,,,,,,,,,,,,,,,,,
rule:R_TEMP_OTHER_02,GrammarRule,方位名词短语非时间表达,,,,,,,处所和时间词形近边界,,,R_TEMP_OTHER_02,OTHER,88.0,桌子上/学校里等方位名词短语无时间语义,早上/晚上等时间名词,桌子上的书不见了。,早上的课取消了。,non_target_or_uncertain_boundary,Is the candidate non-temporal incomplete conflicting or outside the target grammar point?,extension,medium,active,,,,,,,,,,,,,,,,,,,,,,,,,,,,,,,,,,,,,,,
rule:R_TEMP_OTHER_03,GrammarRule,抽象名词“时间”非具体时间状语,,,,,,,处理“时间”一词,,,R_TEMP_OTHER_03,OTHER,82.0,时间作为抽象名词或话题不修饰事件发生时间,具体时间词修饰事件谓词,时间过得很快。,昨天他去了北京。,non_target_or_uncertain_boundary,Is the candidate non-temporal incomplete conflicting or outside the target grammar point?,extension,medium,active,,,,,,,,,,,,,,,,,,,,,,,,,,,,,,,,,,,,,,,
cue:TIME_WORD_AMBIGUOUS,DiagnosticCue,TIME_WORD_AMBIGUOUS,,,,,,,,,,,,,,,,,,,,,,TIME_WORD_AMBIGUOUS,TIME_WORD_AMBIGUOUS,,,,,,,,,,,,,,,,,,,,,,,,,,,,,,,,,,,,,
rule:R_TEMP_UNCERTAIN_01,GrammarRule,证据冲突需人工复核,,,,,,,保留人工复核入口,,,R_TEMP_UNCERTAIN_01,OTHER,10.0,多个高优先级规则同时触发且指向不同功能,单一高优先级规则明确触发,明天的会议在上午举行。,明天他开会。,non_target_or_uncertain_boundary,Is the candidate non-temporal incomplete conflicting or outside the target grammar point?,core,medium,active,,,,,,,,,,,,,,,,,,,,,,,,,,,,,,,,,,,,,,,
cue:CONFLICTING_EVIDENCE,DiagnosticCue,CONFLICTING_EVIDENCE,,,,,,,,,,,,,,,,,,,,,,CONFLICTING_EVIDENCE,CONFLICTING_EVIDENCE,,,,,,,,,,,,,,,,,,,,,,,,,,,,,,,,,,,,,
rule:R_TEMP_UNCERTAIN_02,GrammarRule,候选边界不完整需修正,,,,,,,用于审核时间表达提取,,,R_TEMP_UNCERTAIN_02,OTHER,8.0,候选只截取时间短语一部分导致功能无法判断,候选边界完整,明天上午八点出发中只抽到明天。,明天上午八点出发。,non_target_or_uncertain_boundary,Is the candidate non-temporal incomplete conflicting or outside the target grammar point?,extension,medium,active,,,,,,,,,,,,,,,,,,,,,,,,,,,,,,,,,,,,,,,
cue:SPAN_BOUNDARY_ERROR,DiagnosticCue,SPAN_BOUNDARY_ERROR,,,,,,,,,,,,,,,,,,,,,,SPAN_BOUNDARY_ERROR,SPAN_BOUNDARY_ERROR,,,,,,,,,,,,,,,,,,,,,,,,,,,,,,,,,,,,,
rule:R_TEMP_ADV_08,GrammarRule,时间副词修饰形容词性谓语,,,,,,,时间副词状语,,,R_TEMP_ADV_08,TEMPORAL_ADVERBIAL,78.0,刚才/现在等位于谓语前说明状态成立时间,时间词作为句子主语接受描写,他刚才还在这里。,刚才很尴尬。,temporal_adverbial_diagnosis,Does the temporal expression modify the event or predicate rather than a noun or the whole nominal subject?,extension,medium,active,,,,,,,,,,,,,,,,,,,,,,,,,,,,,,,,,,,,,,,
cue:TIME_ADVERB,DiagnosticCue,TIME_ADVERB,,,,,,,,,,,,,,,,,,,,,,TIME_ADVERB,TIME_ADVERB,,,,,,,,,,,,,,,,,,,,,,,,,,,,,,,,,,,,,
rule:R_TEMP_ADV_09,GrammarRule,时限短语在谓前作完成时限状语,,,,,,,区分“在三小时内”和“三小时”,,,R_TEMP_ADV_09,TEMPORAL_ADVERBIAL,76.0,在X内位于谓词前表示完成时限,动词后X表示持续时间,他在三小时内完成作业。,他学习了三小时。,temporal_adverbial_diagnosis,Does the temporal expression modify the event or predicate rather than a noun or the whole nominal subject?,extension,medium,active,,,,,,,,,,,,,,,,,,,,,,,,,,,,,,,,,,,,,,,
rule:R_TEMP_ADV_10,GrammarRule,节日或阶段名词短语作时间状语,,,,,,,阶段时间框架,,,R_TEMP_ADV_10,TEMPORAL_ADVERBIAL,75.0,春节期间/考试期间等阶段名词短语限定事件时间,阶段名词短语加“的”修饰名词,春节期间，我们回了老家。,春节期间的安排很满。,temporal_adverbial_diagnosis,Does the temporal expression modify the event or predicate rather than a noun or the whole nominal subject?,extension,medium,active,,,,,,,,,,,,,,,,,,,,,,,,,,,,,,,,,,,,,,,
rule:R_TEMP_ATTR_04,GrammarRule,节日或阶段短语加“的”作定语,,,,,,,时间框架定语,,,R_TEMP_ATTR_04,ATTRIBUTE,74.0,春节期间/考试前后等后接“的”修饰名词,同类短语位于主句前修饰事件,春节期间的安排很满。,春节期间我们回家。,temporal_attribute_boundary,Does the temporal expression belong inside a noun phrase as a modifier?,extension,medium,active,,,,,,,,,,,,,,,,,,,,,,,,,,,,,,,,,,,,,,,
rule:R_TEMP_COMP_05,GrammarRule,完成类动词后结果时间表达作补语,,,,,,,后续扩展,,,R_TEMP_COMP_05,COMPLEMENT,70.0,动词后时间表达说明动作结果落点或完成时间,谓前时间表达说明事件发生时间,会议改到明天。,明天会议改期。,temporal_complement_boundary,Does the temporal expression occur after a predicate and supplement duration endpoint or scheduled time?,extension,medium,active,,,,,,,,,,,,,,,,,,,,,,,,,,,,,,,,,,,,,,,
cue:RESULT_TIME,DiagnosticCue,RESULT_TIME,,,,,,,,,,,,,,,,,,,,,,RESULT_TIME,RESULT_TIME,,,,,,,,,,,,,,,,,,,,,,,,,,,,,,,,,,,,,
rule:R_TEMP_ADV_11,GrammarRule,一般时间副词作状语,,,,,,,真实语料高频时间副词,,,R_TEMP_ADV_11,TEMPORAL_ADVERBIAL,73.0,已经/曾经/起初/长期/一直/同时/立即/后来/不久等时间副词修饰谓词或状态,时间副词片段边界不完整或修饰名词,他已经出发了。,已经是傍晚了。,temporal_adverbial_diagnosis,Does the temporal expression modify the event or predicate rather than a noun or the whole nominal subject?,extension,medium,active,,,,,,,,,,,,,,,,,,,,,,,,,,,,,,,,,,,,,,,
rule:R_TEMP_ADV_12,GrammarRule,具体钟点作时间状语,,,,,,,覆盖钟点表达,,,R_TEMP_ADV_12,TEMPORAL_ADVERBIAL,82.0,六点/下午三点等具体钟点位于谓词前说明事件时间,钟点表达位于动词后作时间落点补足语,老人早晨从6点开始。,会议定在6点。,temporal_adverbial_diagnosis,Does the temporal expression modify the event or predicate rather than a noun or the whole nominal subject?,extension,medium,active,,,,,,,,,,,,,,,,,,,,,,,,,,,,,,,,,,,,,,,
cue:CLOCK_TIME,DiagnosticCue,CLOCK_TIME,,,,,,,,,,,,,,,,,,,,,,CLOCK_TIME,CLOCK_TIME,,,,,,,,,,,,,,,,,,,,,,,,,,,,,,,,,,,,,
rule:R_TEMP_ADV_13,GrammarRule,年份日期位于谓词前作事件时间状语,,,,,,,覆盖真实语料年月日,,,R_TEMP_ADV_13,TEMPORAL_ADVERBIAL,81.0,年份/年月/年月日位于谓词前说明事件发生时间,年份日期位于生于/成立于等动词后作补足成分,1976年，国家拨专款。,玛丽娜公主生于1906年。,temporal_adverbial_diagnosis,Does the temporal expression modify the event or predicate rather than a noun or the whole nominal subject?,extension,medium,active,,,,,,,,,,,,,,,,,,,,,,,,,,,,,,,,,,,,,,,
cue:DATE_EXPRESSION,DiagnosticCue,DATE_EXPRESSION,,,,,,,,,,,,,,,,,,,,,,DATE_EXPRESSION,DATE_EXPRESSION,,,,,,,,,,,,,,,,,,,,,,,,,,,,,,,,,,,,,
rule:R_TEMP_ADV_14,GrammarRule,不定时间名词作事件时间状语,,,,,,,覆盖叙事语料,,,R_TEMP_ADV_14,TEMPORAL_ADVERBIAL,77.0,有一天/某天/一天等不定时间表达位于谓词前表示事件发生时间,不定时间表达作为数量宾语或名词短语成分,有一天接到一个通知。,他等了一天。,temporal_adverbial_diagnosis,Does the temporal expression modify the event or predicate rather than a noun or the whole nominal subject?,extension,medium,active,,,,,,,,,,,,,,,,,,,,,,,,,,,,,,,,,,,,,,,
cue:INDEFINITE_TIME,DiagnosticCue,INDEFINITE_TIME,,,,,,,,,,,,,,,,,,,,,,INDEFINITE_TIME,INDEFINITE_TIME,,,,,,,,,,,,,,,,,,,,,,,,,,,,,,,,,,,,,
rule:R_TEMP_ADV_15,GrammarRule,指代性时间词作状语,,,,,,,覆盖百科叙事中的时间照应,,,R_TEMP_ADV_15,TEMPORAL_ADVERBIAL,76.0,这时/其间/同日/同年/此时/当时等指代性时间词位于谓词前说明事件时间,指代性时间词作为名词短语内部修饰语,同日推出优惠计划。,同年的计划取消。,temporal_adverbial_diagnosis,Does the temporal expression modify the event or predicate rather than a noun or the whole nominal subject?,extension,medium,active,,,,,,,,,,,,,,,,,,,,,,,,,,,,,,,,,,,,,,,
cue:DEICTIC_TIME,DiagnosticCue,DEICTIC_TIME,,,,,,,,,,,,,,,,,,,,,,DEICTIC_TIME,DEICTIC_TIME,,,,,,,,,,,,,,,,,,,,,,,,,,,,,,,,,,,,,
rule:R_TEMP_ATTR_05,GrammarRule,年份日期加“时/的”修饰名词,,,,,,,覆盖“2009年时的人口”,,,R_TEMP_ATTR_05,ATTRIBUTE,93.0,年份日期后接“时的/的”并修饰人口/情况/计划等名词,年份日期位于谓词前修饰事件,2009年时的人口为323人。,2009年该市人口增加。,temporal_attribute_boundary,Does the temporal expression belong inside a noun phrase as a modifier?,extension,medium,active,,,,,,,,,,,,,,,,,,,,,,,,,,,,,,,,,,,,,,,
rule:R_TEMP_ATTR_06,GrammarRule,时量表达加“的”作名词定语,,,,,,,覆盖边界含“的”的时量定语,,,R_TEMP_ATTR_06,ATTRIBUTE,92.0,时量表达后接“的”修饰名词或构成名词性定语,时量表达位于动词后表示持续时间,22分钟的油量。,统治了24年。,temporal_attribute_boundary,Does the temporal expression belong inside a noun phrase as a modifier?,extension,medium,active,,,,,,,,,,,,,,,,,,,,,,,,,,,,,,,,,,,,,,,
rule:R_TEMP_COMP_06,GrammarRule,生于/成立于/始于后年份日期作补足成分,,,,,,,高优先级后置时间补足,,,R_TEMP_COMP_06,COMPLEMENT,97.0,生于/成立于/始于/终于等动词后接年份日期表示时间落点或结果时间,年份日期位于句首或谓前表示事件发生时间,玛丽娜公主生于1906年。,1906年玛丽娜公主出生。,temporal_complement_boundary,Does the temporal expression occur after a predicate and supplement duration endpoint or scheduled time?,extension,medium,active,,,,,,,,,,,,,,,,,,,,,,,,,,,,,,,,,,,,,,,
rule:R_TEMP_COMP_07,GrammarRule,动词后时量短语表示持续或经历时间,,,,,,,覆盖真实语料动词后时量,,,R_TEMP_COMP_07,COMPLEMENT,94.0,动词后时量短语表示持续/经历/统治/休息时间,时量短语位于谓词前表示时间范围或时限,他统治了24年。,他在24年后返回。,temporal_complement_boundary,Does the temporal expression occur after a predicate and supplement duration endpoint or scheduled time?,extension,medium,active,,,,,,,,,,,,,,,,,,,,,,,,,,,,,,,,,,,,,,,
rule:R_TEMP_COMP_08,GrammarRule,后置“之后/以后/为止”作时间终点或后置补足,,,,,,,覆盖“建立之后/频道之后”,,,R_TEMP_COMP_08,COMPLEMENT,89.0,之后/以后/为止等位于动词性短语后表示事件后续或终点,同类成分位于句首修饰主句事件,朝鲜王朝建立之后。,之后他去了北京。,temporal_complement_boundary,Does the temporal expression occur after a predicate and supplement duration endpoint or scheduled time?,extension,medium,active,,,,,,,,,,,,,,,,,,,,,,,,,,,,,,,,,,,,,,,
rule:R_TEMP_OTHER_04,GrammarRule,时间候选边界异常或非目标表达,,,,,,,避免边界错误被硬判为状语,,,R_TEMP_OTHER_04,OTHER,95.0,候选为“早前在/的时候/下”等明显边界不完整或非独立时间表达,候选边界完整可独立判断,早前在,早前,non_target_or_uncertain_boundary,Is the candidate non-temporal incomplete conflicting or outside the target grammar point?,extension,medium,active,,,,,,,,,,,,,,,,,,,,,,,,,,,,,,,,,,,,,,,
rule:R_TEMP_ADV_16,GrammarRule,在X后前相对时间框架作状语,,,,,,,用于区分“在十五年后”和“统治了十五年”。,,,R_TEMP_ADV_16,TEMPORAL_ADVERBIAL,87.0,“在/于+时量或时间点+后/前”位于谓词前，整体限定后续事件发生的相对时间。,时量短语位于动词后且无“后/前”等框架标记时，通常是时量补语。,在十五年后，他恢复了声名。,他统治了十五年。,relative_time_frame_boundary,Is the duration embedded in a before-predicate relative-time frame rather than post-verbal duration?,marginal,medium,active,,,,,,,,,,,,,,,,,,,,,,,,,,,,,,,,,,,,,,,
cue:RELATIVE_TIME_FRAME,DiagnosticCue,RELATIVE_TIME_FRAME,,,,,,,,,,,,,,,,,,,,,,RELATIVE_TIME_FRAME,RELATIVE_TIME_FRAME,,,,,,,,,,,,,,,,,,,,,,,,,,,,,,,,,,,,,
rule:R_TEMP_ADV_17,GrammarRule,X后前整体位于谓词前作状语,,,,,,,要求候选最好包含“后/前”，否则记录边界风险。,,,R_TEMP_ADV_17,TEMPORAL_ADVERBIAL,85.0,“三天后/19天后/两年前”等整体位于谓词前，表示事件相对发生时间。,如果候选只截出“三天”而漏掉“后/前”，应优先标为边界不完整或要求修正 span。,19天后，他离开了那里。,他等了19天。,relative_time_frame_boundary,Does the candidate include the relative marker 后/前 and modify a following event?,marginal,medium,active,,,,,,,,,,,,,,,,,,,,,,,,,,,,,,,,,,,,,,,
rule:R_TEMP_ADV_18,GrammarRule,直到截至X为止作截止时间状语,,,,,,,解决“直到1841年为止”被误当动后补语的问题。 优先级高于动后时间落点规则，因为“直到/截至...为止”整体是外层截止框架。,,,R_TEMP_ADV_18,TEMPORAL_ADVERBIAL,99.0,“直到/截至/至+时间+为止”形成截止时间框架，限定状态或事件持续范围。,动词后“等到/拖到+时间”更接近动后终点补足。,直到1841年为止，她一直担任家庭教师。,他一直等到晚上。,endpoint_time_frame_boundary,Is the time expression licensed by an endpoint frame such as 直到/截至...为止?,marginal,medium,active,,,,,,,,,,,,,,,,,,,,,,,,,,,,,,,,,,,,,,,
cue:TEMPORAL_ENDPOINT_FRAME,DiagnosticCue,TEMPORAL_ENDPOINT_FRAME,,,,,,,,,,,,,,,,,,,,,,TEMPORAL_ENDPOINT_FRAME,TEMPORAL_ENDPOINT_FRAME,,,,,,,,,,,,,,,,,,,,,,,,,,,,,,,,,,,,,
rule:R_TEMP_ADV_19,GrammarRule,篇章时间指示词作状语,,,,,,,覆盖百科语体中的单字“时”和“现在也被称为”。,,,R_TEMP_ADV_19,TEMPORAL_ADVERBIAL,84.0,“时/现在/目前/当时”等位于谓词或判断成分前，说明命题成立的时间背景。,“时间”作为抽象名词或主语时不标为状语。,时为台湾五大学府。,时间过得很快。,temporal_adverb_boundary,Does the expression function as a discourse temporal adverbial before the predicate or judgment?,marginal,medium,active,,,,,,,,,,,,,,,,,,,,,,,,,,,,,,,,,,,,,,,
rule:R_TEMP_ATTR_07,GrammarRule,年月日无的作名词定语,,,,,,,用于“以2007年10月汇率计算”一类结构。,,,R_TEMP_ATTR_07,ATTRIBUTE,91.0,年份、月份或日期直接位于名词前，虽无“的”，但属于名词短语内部定语。,年份日期后接事件谓词时，通常是时间状语。,2007年10月汇率发生变化。,2007年10月，汇率发生变化。,temporal_attribute_boundary,Is the date immediately modifying a noun inside the noun phrase without 的?,marginal,medium,active,,,,,,,,,,,,,,,,,,,,,,,,,,,,,,,,,,,,,,,
rule:R_TEMP_COMP_09,GrammarRule,之后以前后置时间成分,,,,,,,用于“频道之后”“建立之后”“回到拉合尔之后”等边界。,,,R_TEMP_COMP_09,COMPLEMENT,91.0,“之后/以前/以后/之前”附着在前一动词性或名词性成分后，构成后置时间成分，不修饰后续谓词时优先判为补足/后置成分。,同类成分位于句首并修饰后续主句事件时，标为时间状语。,朝鲜王朝建立之后。,之后，他去了北京。,postposed_temporal_marker_boundary,Is 之后/以前/以后/之前 attached to the preceding phrase rather than modifying a following event?,marginal,high,active,,,,,,,,,,,,,,,,,,,,,,,,,,,,,,,,,,,,,,,
cue:POSTPOSED_TEMPORAL_MARKER,DiagnosticCue,POSTPOSED_TEMPORAL_MARKER,,,,,,,,,,,,,,,,,,,,,,POSTPOSED_TEMPORAL_MARKER,POSTPOSED_TEMPORAL_MARKER,,,,,,,,,,,,,,,,,,,,,,,,,,,,,,,,,,,,,
rule:R_TEMP_KG_OTHER_01,GrammarRule,复核非目标风险优先判非目标,,,,,,,该规则只使用KG中的清洗分层和歧义风险节点，不改动标注数据。,,,R_TEMP_KG_OTHER_01,OTHER,130.0,清洗和歧义证据显示该候选属于非目标时间表达或来源页码线索缺失，应优先进入复核/非目标通道。,无风险标记且可由句法线索明确判为状语、定语或补语。,早什么早，现在都快中午了。,今天我去了学校。,kg_quality_adjudication,Does the candidate carry a non-target or source-risk flag that should block automatic temporal-adverbial use?,review_gate,high,active,,,,,,,,,,,,,,,,,,,,,,,,,,,,,,,,,,,,,,,
cue:REVIEW_NON_TARGET_RISK,DiagnosticCue,REVIEW_NON_TARGET_RISK,,,,,,,,,,,,,,,,,,,,,,REVIEW_NON_TARGET_RISK,REVIEW_NON_TARGET_RISK,,,,,,,,,,,,,,,,,,,,,,,,,,,,,,,,,,,,,
rule:R_TEMP_KG_ATTR_01,GrammarRule,显性“的”字时间定语优先,,,,,,,解决“今天的任务/昨天的作业/目前的情况”等被状语规则吞掉的问题。,,,R_TEMP_KG_ATTR_01,ATTRIBUTE,128.0,时间表达后紧接“的”并修饰名词性成分时优先判为时间定语。,“的时候”等时间框架不按普通定语处理。,今天的会议很重要。,今天我去了学校。,kg_attribute_priority,Is the temporal expression followed by 的 and functioning inside a noun phrase?,core_boundary,high,active,,,,,,,,,,,,,,,,,,,,,,,,,,,,,,,,,,,,,,,
cue:ATTR_DE_DIRECT,DiagnosticCue,ATTR_DE_DIRECT,,,,,,,,,,,,,,,,,,,,,,ATTR_DE_DIRECT,ATTR_DE_DIRECT,,,,,,,,,,,,,,,,,,,,,,,,,,,,,,,,,,,,,
rule:R_TEMP_KG_COMP_01,GrammarRule,动后时量补语强证据,,,,,,,解决“学了两年/工作了七八天/等了半天”等旧规则未覆盖问题。,,,R_TEMP_KG_COMP_01,COMPLEMENT,127.0,时量成分出现在动词、形容词或体标记后，表示动作持续、经历或结果时长时优先判为补语。,时量成分位于谓词前并限定事件发生时间时判为状语。,我学了两年中文。,两年后我去了中国。,kg_complement_priority,Does the duration follow a predicate or aspect marker and supplement duration/result rather than modify a following event?,core_boundary,high,active,,,,,,,,,,,,,,,,,,,,,,,,,,,,,,,,,,,,,,,
cue:COMPLEMENT_DURATION_CONTEXT,DiagnosticCue,COMPLEMENT_DURATION_CONTEXT,,,,,,,,,,,,,,,,,,,,,,COMPLEMENT_DURATION_CONTEXT,COMPLEMENT_DURATION_CONTEXT,,,,,,,,,,,,,,,,,,,,,,,,,,,,,,,,,,,,,
rule:R_TEMP_KG_ATTR_02,GrammarRule,名词短语内部时间修饰优先,,,,,,,覆盖“每年生日/今天作业/今年游客人数”等无的或弱的定语结构。,,,R_TEMP_KG_ATTR_02,ATTRIBUTE,126.0,时间表达直接位于名词性中心语前，构成名词短语内部修饰语时优先判为定语。,时间表达后直接接事件谓词时判为状语。,每年生日我都收到礼物。,每年我都收到礼物。,kg_attribute_priority,Is the temporal expression immediately embedded in a noun phrase?,core_boundary,medium,active,,,,,,,,,,,,,,,,,,,,,,,,,,,,,,,,,,,,,,,
cue:ATTR_NOMINAL_DIRECT,DiagnosticCue,ATTR_NOMINAL_DIRECT,,,,,,,,,,,,,,,,,,,,,,ATTR_NOMINAL_DIRECT,ATTR_NOMINAL_DIRECT,,,,,,,,,,,,,,,,,,,,,,,,,,,,,,,,,,,,,
rule:R_TEMP_KG_OTHER_02,GrammarRule,比较或状态句中的非目标时间,,,,,,,解决“今天和昨天都很热/比去年精神/都十二点了”等非目标用法。,,,R_TEMP_KG_OTHER_02,OTHER,124.0,时间词进入比较、状态或时间读数判断时，常不是目标时间状语，应优先判为其他或复核。,时间词明确修饰动作事件发生时间时判为状语。,昨天不如今天凉快。,昨天我去了学校。,kg_other_priority,Is the temporal word part of comparison/state judgment rather than modifying an event predicate?,marginal,medium,active,,,,,,,,,,,,,,,,,,,,,,,,,,,,,,,,,,,,,,,
cue:TEMPORAL_COMPARISON_STATE,DiagnosticCue,TEMPORAL_COMPARISON_STATE,,,,,,,,,,,,,,,,,,,,,,TEMPORAL_COMPARISON_STATE,TEMPORAL_COMPARISON_STATE,,,,,,,,,,,,,,,,,,,,,,,,,,,,,,,,,,,,,
rule:R_TEMP_KG_OTHER_03,GrammarRule,抽象或非目标时间词优先,,,,,,,用于拦截“时间/有时/中午”等无法可靠进入目标语法点的候选。,,,R_TEMP_KG_OTHER_03,OTHER,123.0,候选是抽象时间词、读数状态或非目标时间成分，不能作为时间状语教学例句。,候选明确限定动作事件发生时间时不适用。,时间过得很快。,今天我去了学校。,kg_other_priority,Is the candidate an abstract or non-target temporal expression rather than an adverbial modifier?,marginal,medium,active,,,,,,,,,,,,,,,,,,,,,,,,,,,,,,,,,,,,,,,
cue:ABSTRACT_OR_NON_TARGET_TIME,DiagnosticCue,ABSTRACT_OR_NON_TARGET_TIME,,,,,,,,,,,,,,,,,,,,,,ABSTRACT_OR_NON_TARGET_TIME,ABSTRACT_OR_NON_TARGET_TIME,,,,,,,,,,,,,,,,,,,,,,,,,,,,,,,,,,,,,
rule:R_TEMP_KG_ADV_01,GrammarRule,频率时间词默认作状语,,,,,,,低于定语、补语和OTHER强规则，只作为默认正向证据。,,,R_TEMP_KG_ADV_01,TEMPORAL_ADVERBIAL,79.0,每天、每周、经常、常常、有时等频率时间词通常修饰谓词或状态，缺少更强定语/补语/非目标证据时判为时间状语。,频率词进入名词短语内部或被非目标风险规则拦截时不适用。,他每天练习中文。,每年的学费很贵。,kg_temporal_adverbial_default,Does the frequency expression modify the predicate when no stronger boundary evidence applies?,default,low,active,,,,,,,,,,,,,,,,,,,,,,,,,,,,,,,,,,,,,,,
rule:R_TEMP_KG_ADV_02,GrammarRule,普通时间词默认作谓前状语,,,,,,,用于覆盖“周末/明天/上午/现在”等谓词线索较弱但标注一致的教学例句。,,,R_TEMP_KG_ADV_02,TEMPORAL_ADVERBIAL,72.0,今天、明天、周末、上午、现在等普通时间词在缺少更强定语/补语/非目标证据时可作为时间状语默认证据。,后接“的”修饰名词、动后作补足或抽象非目标用法时不适用。,周末我去图书馆。,今天的会议很重要。,kg_temporal_adverbial_default,Does the temporal noun provide time background when no stronger boundary rule applies?,default,low,active,,,,,,,,,,,,,,,,,,,,,,,,,,,,,,,,,,,,,,,
cleaning:A_主评测候选,CleaningStatus,A_主评测候选,,,,,,,,,,,,,,,,,,,,,,,,cleaning:A_主评测候选,A_主评测候选,主实验/严格评测,133.0,,,,,,,,,,,,,,,,,,,,,,,,,,,,,,,,,
cleaning:B_边界复核集,CleaningStatus,B_边界复核集,,,,,,,,,,,,,,,,,,,,,,,,cleaning:B_边界复核集,B_边界复核集,边界集/鲁棒性分析,250.0,,,,,,,,,,,,,,,,,,,,,,,,,,,,,,,,,
cleaning:C_暂不纳入主实验,CleaningStatus,C_暂不纳入主实验,,,,,,,,,,,,,,,,,,,,,,,,cleaning:C_暂不纳入主实验,C_暂不纳入主实验,待复核,117.0,,,,,,,,,,,,,,,,,,,,,,,,,,,,,,,,,
ambiguity:三人标注不完全一致,AmbiguityType,三人标注不完全一致,,,,,,,,,,,,,,,,,,,,,,,,,,,,三人标注不完全一致,三人标注不完全一致,,,,,,,,,,,,,,,,,,,,,,,,,,,,,,,
ambiguity:介词于_事件时间边界,AmbiguityType,介词于/事件时间边界,,,,,,,,,,,,,,,,,,,,,,,,,,,,介词于_事件时间边界,介词于/事件时间边界,,,,,,,,,,,,,,,,,,,,,,,,,,,,,,,
ambiguity:候选片段与最终片段不一致,AmbiguityType,候选片段与最终片段不一致,,,,,,,,,,,,,,,,,,,,,,,,,,,,候选片段与最终片段不一致,候选片段与最终片段不一致,,,,,,,,,,,,,,,,,,,,,,,,,,,,,,,
ambiguity:出现不确定标注,AmbiguityType,出现不确定标注,,,,,,,,,,,,,,,,,,,,,,,,,,,,出现不确定标注,出现不确定标注,,,,,,,,,,,,,,,,,,,,,,,,,,,,,,,
ambiguity:原表已建议复核_剔除,AmbiguityType,原表已建议复核/剔除,,,,,,,,,,,,,,,,,,,,,,,,,,,,原表已建议复核_剔除,原表已建议复核/剔除,,,,,,,,,,,,,,,,,,,,,,,,,,,,,,,
ambiguity:可能为时间定语,AmbiguityType,可能为时间定语,,,,,,,,,,,,,,,,,,,,,,,,,,,,可能为时间定语,可能为时间定语,,,,,,,,,,,,,,,,,,,,,,,,,,,,,,,
ambiguity:同句多候选_重复句,AmbiguityType,同句多候选/重复句,,,,,,,,,,,,,,,,,,,,,,,,,,,,同句多候选_重复句,同句多候选/重复句,,,,,,,,,,,,,,,,,,,,,,,,,,,,,,,
ambiguity:无重复,AmbiguityType,无重复,,,,,,,,,,,,,,,,,,,,,,,,,,,,无重复,无重复,,,,,,,,,,,,,,,,,,,,,,,,,,,,,,,
ambiguity:时量补语_持续时间边界,AmbiguityType,时量补语/持续时间边界,,,,,,,,,,,,,,,,,,,,,,,,,,,,时量补语_持续时间边界,时量补语/持续时间边界,,,,,,,,,,,,,,,,,,,,,,,,,,,,,,,
ambiguity:时间主语_普通时间词边界,AmbiguityType,时间主语/普通时间词边界,,,,,,,,,,,,,,,,,,,,,,,,,,,,时间主语_普通时间词边界,时间主语/普通时间词边界,,,,,,,,,,,,,,,,,,,,,,,,,,,,,,,
ambiguity:时间副词_体貌副词边界,AmbiguityType,时间副词/体貌副词边界,,,,,,,,,,,,,,,,,,,,,,,,,,,,时间副词_体貌副词边界,时间副词/体貌副词边界,,,,,,,,,,,,,,,,,,,,,,,,,,,,,,,
ambiguity:来源字段完整但仍需正版逐页核验,AmbiguityType,来源字段完整但仍需正版逐页核验,,,,,,,,,,,,,,,,,,,,,,,,,,,,来源字段完整但仍需正版逐页核验,来源字段完整但仍需正版逐页核验,,,,,,,,,,,,,,,,,,,,,,,,,,,,,,,
ambiguity:相对时间框架边界,AmbiguityType,相对时间框架边界,,,,,,,,,,,,,,,,,,,,,,,,,,,,相对时间框架边界,相对时间框架边界,,,,,,,,,,,,,,,,,,,,,,,,,,,,,,,
ambiguity:至少一名标注者修正片段,AmbiguityType,至少一名标注者修正片段,,,,,,,,,,,,,,,,,,,,,,,,,,,,至少一名标注者修正片段,至少一名标注者修正片段,,,,,,,,,,,,,,,,,,,,,,,,,,,,,,,
ambiguity:非目标时间表达,AmbiguityType,非目标时间表达,,,,,,,,,,,,,,,,,,,,,,,,,,,,非目标时间表达,非目标时间表达,,,,,,,,,,,,,,,,,,,,,,,,,,,,,,,
ambiguity:页面线索缺失,AmbiguityType,页面线索缺失,,,,,,,,,,,,,,,,,,,,,,,,,,,,页面线索缺失,页面线索缺失,,,,,,,,,,,,,,,,,,,,,,,,,,,,,,,
query:evidence_chain_by_span,CypherQueryTemplate,按候选片段查询完整证据链,,,,,,,,,,,,,,,,,,,,,,,,,,,,,,query:evidence_chain_by_span,按候选片段查询完整证据链,"MATCH (s:Sentence)-[:HAS_CANDIDATE]->(c:CandidateSpan {span_id:$span_id}) OPTIONAL MATCH (c)-[:HAS_CONSENSUS]->(label:ConsensusLabel)-[:MAPS_TO]->(f:SyntacticFunction) OPTIONAL MATCH (c)-[:TRIGGERS_CUE]->(cue:DiagnosticCue)-[:ACTIVATES_RULE]->(r:GrammarRule)-[:CITES]->(src:AuthoritySource) RETURN s,c,label,f,collect(DISTINCT cue),collect(DISTINCT r),collect(DISTINCT src)",,,,,,,,,,,,,,,,,,,,,,,,,,,,
query:clean_main_set,CypherQueryTemplate,查询可进入主评测的候选实例,,,,,,,,,,,,,,,,,,,,,,,,,,,,,,query:clean_main_set,查询可进入主评测的候选实例,MATCH (c:CandidateSpan)-[:HAS_CLEANING_STATUS]->(st:CleaningStatus {tier:'A_主评测候选'}) RETURN c,,,,,,,,,,,,,,,,,,,,,,,,,,,,
query:ambiguous_cases,CypherQueryTemplate,查询边界和待复核样本,,,,,,,,,,,,,,,,,,,,,,,,,,,,,,query:ambiguous_cases,查询边界和待复核样本,"MATCH (c:CandidateSpan)-[:HAS_AMBIGUITY]->(a:AmbiguityType) RETURN c,a",,,,,,,,,,,,,,,,,,,,,,,,,,,,
sentence:SENT-0331,Sentence,早什么早，现在都快中午了。,,,,,,,,,,,,,,,,,,,,,,,,,,,,,,,,,SENT-0331,早什么早，现在都快中午了。,早什么早现在都快中午了,国际中文教育中文水平等级标准·语法学习手册（中等）,中等,262,,页面线索缺失,,,,,,,,,,,,,,,,,,,,
span:AUTH-TAD-0001,CandidateSpan,AUTH-TAD-0001｜中午,,,,,,,,,,,,,,,,,,,,,,,,,,,,,,,,,,中午,,,,,,,AUTH-TAD-0001,中午,9.0,11.0,located,candidate_span,,,,,,,,,,,,,,
consensus:AUTH-TAD-0001,ConsensusLabel,AUTH-TAD-0001｜其他/非目标时间用法,,,,,,,,,,,,,,,,,,,,,,,,,,,,,,,,,,,,,,,,,,中午,,,,,consensus:AUTH-TAD-0001,OTHER,多数一致,完全一致,多数一致,,,,,,,,,
rater:ANONYMIZED_RATER_1,Annotator,ANONYMIZED_RATER_1,,,,,,,,,,,,,,,,,,,,,,,,,,,,,ANONYMIZED_RATER_1,,,,,,,,,,,,,,,,,,,,,,,ANONYMIZED_RATER_1,true,,,,,,,
annotation:span:AUTH-TAD-0001:r1,AnnotationDecision,标注者1-AUTH-TAD-0001,,,,,,,,,,,,,,,,,,,,,,,,,,,,,,,,,,,,,,,,,,,,,,,,,,,,ANONYMIZED_RATER_1,,annotation:span:AUTH-TAD-0001:r1,正确,不是时间状语,普通时间名词/词语引用,,,
rater:ANONYMIZED_RATER_2,Annotator,ANONYMIZED_RATER_2,,,,,,,,,,,,,,,,,,,,,,,,,,,,,ANONYMIZED_RATER_2,,,,,,,,,,,,,,,,,,,,,,,ANONYMIZED_RATER_2,true,,,,,,,
annotation:span:AUTH-TAD-0001:r2,AnnotationDecision,标注者2-AUTH-TAD-0001,,,,,,,,,,,,,,,,,,,,,,,,,,,,,,,,,,,,,,,,,,,,,,,,,,,,ANONYMIZED_RATER_2,,annotation:span:AUTH-TAD-0001:r2,边界不完整,不是时间状语,提取错误：边界不完整,都快中午了,,
rater:ANONYMIZED_RATER_3,Annotator,ANONYMIZED_RATER_3,,,,,,,,,,,,,,,,,,,,,,,,,,,,,ANONYMIZED_RATER_3,,,,,,,,,,,,,,,,,,,,,,,ANONYMIZED_RATER_3,true,,,,,,,
annotation:span:AUTH-TAD-0001:r3,AnnotationDecision,标注者3-AUTH-TAD-0001,,,,,,,,,,,,,,,,,,,,,,,,,,,,,,,,,,,,,,,,,,,,,,,,,,,,ANONYMIZED_RATER_3,,annotation:span:AUTH-TAD-0001:r3,正确,不是时间状语,普通时间名词/词语引用,,,
sentence:SENT-0194,Sentence,因为我很累，所以今天不想做饭。,,,,,,,,,,,,,,,,,,,,,,,,,,,,,,,,,SENT-0194,因为我很累，所以今天不想做饭。,因为我很累所以今天不想做饭,国际中文教育中文水平等级标准·语法学习手册（初等）,初等,237,因为我们经常通信，所以他的 事我都知道,来源字段完整但仍需正版逐页核验,,,,,,,,,,,,,,,,,,,,
span:AUTH-TAD-0002,CandidateSpan,AUTH-TAD-0002｜今天,,,,,,,,,,,,,,,,,,,,,,,,,,,,,,,,,,今天,,,,,,,AUTH-TAD-0002,今天,8.0,10.0,located,candidate_span,,,,,,,,,,,,,,
consensus:AUTH-TAD-0002,ConsensusLabel,AUTH-TAD-0002｜时间状语,,,,,,,,,,,,,,,,,,,,,,,,,,,,,,,,,,,,,,,,,,今天,,,,,consensus:AUTH-TAD-0002,TEMPORAL_ADVERBIAL,多数一致,多数一致,多数一致,,,,,,,,,
annotation:span:AUTH-TAD-0002:r1,AnnotationDecision,标注者1-AUTH-TAD-0002,,,,,,,,,,,,,,,,,,,,,,,,,,,,,,,,,,,,,,,,,,,,,,,,,,,,ANONYMIZED_RATER_1,,annotation:span:AUTH-TAD-0002:r1,不确定,不确定,其他/不确定,,,
annotation:span:AUTH-TAD-0002:r2,AnnotationDecision,标注者2-AUTH-TAD-0002,,,,,,,,,,,,,,,,,,,,,,,,,,,,,,,,,,,,,,,,,,,,,,,,,,,,ANONYMIZED_RATER_2,,annotation:span:AUTH-TAD-0002:r2,正确,是时间状语,时间状语,,,
annotation:span:AUTH-TAD-0002:r3,AnnotationDecision,标注者3-AUTH-TAD-0002,,,,,,,,,,,,,,,,,,,,,,,,,,,,,,,,,,,,,,,,,,,,,,,,,,,,ANONYMIZED_RATER_3,,annotation:span:AUTH-TAD-0002:r3,正确,是时间状语,时间状语,,,
sentence:SENT-0193,Sentence,因为很累，所以我今天不想做饭。,,,,,,,,,,,,,,,,,,,,,,,,,,,,,,,,,SENT-0193,因为很累，所以我今天不想做饭。,因为很累所以我今天不想做饭,国际中文教育中文水平等级标准·语法学习手册（初等）,初等,237,因为我们经常通信，所以他的 事我都知道,来源字段完整但仍需正版逐页核验,,,,,,,,,,,,,,,,,,,,
span:AUTH-TAD-0003,CandidateSpan,AUTH-TAD-0003｜今天,,,,,,,,,,,,,,,,,,,,,,,,,,,,,,,,,,今天,,,,,,,AUTH-TAD-0003,今天,8.0,10.0,located,candidate_span,,,,,,,,,,,,,,
consensus:AUTH-TAD-0003,ConsensusLabel,AUTH-TAD-0003｜时间状语,,,,,,,,,,,,,,,,,,,,,,,,,,,,,,,,,,,,,,,,,,今天,,,,,consensus:AUTH-TAD-0003,TEMPORAL_ADVERBIAL,完全一致,完全一致,完全一致,,,,,,,,,
annotation:span:AUTH-TAD-0003:r1,AnnotationDecision,标注者1-AUTH-TAD-0003,,,,,,,,,,,,,,,,,,,,,,,,,,,,,,,,,,,,,,,,,,,,,,,,,,,,ANONYMIZED_RATER_1,,annotation:span:AUTH-TAD-0003:r1,正确,是时间状语,时间状语,,,
annotation:span:AUTH-TAD-0003:r2,AnnotationDecision,标注者2-AUTH-TAD-0003,,,,,,,,,,,,,,,,,,,,,,,,,,,,,,,,,,,,,,,,,,,,,,,,,,,,ANONYMIZED_RATER_2,,annotation:span:AUTH-TAD-0003:r2,正确,是时间状语,时间状语,,,
annotation:span:AUTH-TAD-0003:r3,AnnotationDecision,标注者3-AUTH-TAD-0003,,,,,,,,,,,,,,,,,,,,,,,,,,,,,,,,,,,,,,,,,,,,,,,,,,,,ANONYMIZED_RATER_3,,annotation:span:AUTH-TAD-0003:r3,正确,是时间状语,时间状语,,,
sentence:SENT-0169,Sentence,别担心，她告诉我今天家里有事，请了半天假。,,,,,,,,,,,,,,,,,,,,,,,,,,,,,,,,,SENT-0169,别担心，她告诉我今天家里有事，请了半天假。,别担心她告诉我今天家里有事请了半天假,国际中文教育中文水平等级标准·语法学习手册（高等）,高等,48,(又+)何必+呢? 事情已经解决了，这 又 何必 呢? 为这点儿小事,来源字段完整但仍需正版逐页核验,,,,,,,,,,,,,,,,,,,,
span:AUTH-TAD-0004,CandidateSpan,AUTH-TAD-0004｜半天,,,,,,,,,,,,,,,,,,,,,,,,,,,,,,,,,,半天,,,,,,,AUTH-TAD-0004,半天,17.0,19.0,located,candidate_span,,,,,,,,,,,,,,
consensus:AUTH-TAD-0004,ConsensusLabel,AUTH-TAD-0004｜时间状语,,,,,,,,,,,,,,,,,,,,,,,,,,,,,,,,,,,,,,,,,,半天,,,,,consensus:AUTH-TAD-0004,TEMPORAL_ADVERBIAL,多数一致,多数一致,平票,,,,,,,,,
annotation:span:AUTH-TAD-0004:r1,AnnotationDecision,标注者1-AUTH-TAD-0004,,,,,,,,,,,,,,,,,,,,,,,,,,,,,,,,,,,,,,,,,,,,,,,,,,,,ANONYMIZED_RATER_1,,annotation:span:AUTH-TAD-0004:r1,正确,不是时间状语,时间定语,,,
annotation:span:AUTH-TAD-0004:r2,AnnotationDecision,标注者2-AUTH-TAD-0004,,,,,,,,,,,,,,,,,,,,,,,,,,,,,,,,,,,,,,,,,,,,,,,,,,,,ANONYMIZED_RATER_2,,annotation:span:AUTH-TAD-0004:r2,正确,是时间状语,时间状语,,,
annotation:span:AUTH-TAD-0004:r3,AnnotationDecision,标注者3-AUTH-TAD-0004,,,,,,,,,,,,,,,,,,,,,,,,,,,,,,,,,,,,,,,,,,,,,,,,,,,,ANONYMIZED_RATER_3,,annotation:span:AUTH-TAD-0004:r3,漏检：有目标时间状语,是时间状语,漏检,今天,,
sentence:SENT-0448,Sentence,这孩子已经不怕水了，但仍旧不喜欢游泳。,,,,,,,,,,,,,,,,,,,,,,,,,,,,,,,,,SENT-0448,这孩子已经不怕水了，但仍旧不喜欢游泳。,这孩子已经不怕水了但仍旧不喜欢游泳,国际中文教育中文水平等级标准·语法学习手册（中等）,中等,152,五级语法点 道 小提示 “将要”表示对马上要发生的事情进行推测，因而一般不用于否定,来源字段完整但仍需正版逐页核验,,,,,,,,,,,,,,,,,,,,
span:AUTH-TAD-0005,CandidateSpan,AUTH-TAD-0005｜已经,,,,,,,,,,,,,,,,,,,,,,,,,,,,,,,,,,已经,,,,,,,AUTH-TAD-0005,已经,3.0,5.0,located,candidate_span,,,,,,,,,,,,,,
consensus:AUTH-TAD-0005,ConsensusLabel,AUTH-TAD-0005｜时间状语,,,,,,,,,,,,,,,,,,,,,,,,,,,,,,,,,,,,,,,,,,已经,,,,,consensus:AUTH-TAD-0005,TEMPORAL_ADVERBIAL,完全一致,完全一致,完全一致,,,,,,,,,
annotation:span:AUTH-TAD-0005:r1,AnnotationDecision,标注者1-AUTH-TAD-0005,,,,,,,,,,,,,,,,,,,,,,,,,,,,,,,,,,,,,,,,,,,,,,,,,,,,ANONYMIZED_RATER_1,,annotation:span:AUTH-TAD-0005:r1,正确,是时间状语,时间状语,,,
annotation:span:AUTH-TAD-0005:r2,AnnotationDecision,标注者2-AUTH-TAD-0005,,,,,,,,,,,,,,,,,,,,,,,,,,,,,,,,,,,,,,,,,,,,,,,,,,,,ANONYMIZED_RATER_2,,annotation:span:AUTH-TAD-0005:r2,正确,是时间状语,时间状语,,,
annotation:span:AUTH-TAD-0005:r3,AnnotationDecision,标注者3-AUTH-TAD-0005,,,,,,,,,,,,,,,,,,,,,,,,,,,,,,,,,,,,,,,,,,,,,,,,,,,,ANONYMIZED_RATER_3,,annotation:span:AUTH-TAD-0005:r3,正确,是时间状语,时间状语,,,
sentence:SENT-0243,Sentence,工作人员：前方正在施工，请勿靠近。,,,,,,,,,,,,,,,,,,,,,,,,,,,,,,,,,SENT-0243,工作人员：前方正在施工，请勿靠近。,工作人员前方正在施工请勿靠近,国际中文教育中文水平等级标准·语法学习手册（高等）,高等,37,前方正在施工，请勿 (在路边，提醒他人道路施工),来源字段完整但仍需正版逐页核验,,,,,,,,,,,,,,,,,,,,
span:AUTH-TAD-0006,CandidateSpan,AUTH-TAD-0006｜正在,,,,,,,,,,,,,,,,,,,,,,,,,,,,,,,,,,正在,,,,,,,AUTH-TAD-0006,正在,7.0,9.0,located,candidate_span,,,,,,,,,,,,,,
consensus:AUTH-TAD-0006,ConsensusLabel,AUTH-TAD-0006｜时间状语,,,,,,,,,,,,,,,,,,,,,,,,,,,,,,,,,,,,,,,,,,正在,,,,,consensus:AUTH-TAD-0006,TEMPORAL_ADVERBIAL,完全一致,完全一致,完全一致,,,,,,,,,
annotation:span:AUTH-TAD-0006:r1,AnnotationDecision,标注者1-AUTH-TAD-0006,,,,,,,,,,,,,,,,,,,,,,,,,,,,,,,,,,,,,,,,,,,,,,,,,,,,ANONYMIZED_RATER_1,,annotation:span:AUTH-TAD-0006:r1,正确,是时间状语,时间状语,,,
annotation:span:AUTH-TAD-0006:r2,AnnotationDecision,标注者2-AUTH-TAD-0006,,,,,,,,,,,,,,,,,,,,,,,,,,,,,,,,,,,,,,,,,,,,,,,,,,,,ANONYMIZED_RATER_2,,annotation:span:AUTH-TAD-0006:r2,正确,是时间状语,时间状语,,,
annotation:span:AUTH-TAD-0006:r3,AnnotationDecision,标注者3-AUTH-TAD-0006,,,,,,,,,,,,,,,,,,,,,,,,,,,,,,,,,,,,,,,,,,,,,,,,,,,,ANONYMIZED_RATER_3,,annotation:span:AUTH-TAD-0006:r3,正确,是时间状语,时间状语,,,
sentence:SENT-0399,Sentence,现在都十二点了，按理说她早该睡觉了，别给她发短信了。,,,,,,,,,,,,,,,,,,,,,,,,,,,,,,,,,SENT-0399,现在都十二点了，按理说她早该睡觉了，别给她发短信了。,现在都十二点了按理说她早该睡觉了别给她发短信了,国际中文教育中文水平等级标准·语法学习手册（高等）,高等,43,◎补充例句 按说这个时候应该下雪了，可今年一场雪还没下,来源字段完整但仍需正版逐页核验,,,,,,,,,,,,,,,,,,,,
span:AUTH-TAD-0007,CandidateSpan,AUTH-TAD-0007｜十二点,,,,,,,,,,,,,,,,,,,,,,,,,,,,,,,,,,十二点,,,,,,,AUTH-TAD-0007,十二点,3.0,6.0,located,candidate_span,,,,,,,,,,,,,,
consensus:AUTH-TAD-0007,ConsensusLabel,AUTH-TAD-0007｜其他/非目标时间用法,,,,,,,,,,,,,,,,,,,,,,,,,,,,,,,,,,,,,,,,,,十二点,,,,,consensus:AUTH-TAD-0007,OTHER,多数一致,完全一致,多数一致,,,,,,,,,
annotation:span:AUTH-TAD-0007:r1,AnnotationDecision,标注者1-AUTH-TAD-0007,,,,,,,,,,,,,,,,,,,,,,,,,,,,,,,,,,,,,,,,,,,,,,,,,,,,ANONYMIZED_RATER_1,,annotation:span:AUTH-TAD-0007:r1,正确,不是时间状语,普通时间名词/词语引用,,,
annotation:span:AUTH-TAD-0007:r2,AnnotationDecision,标注者2-AUTH-TAD-0007,,,,,,,,,,,,,,,,,,,,,,,,,,,,,,,,,,,,,,,,,,,,,,,,,,,,ANONYMIZED_RATER_2,,annotation:span:AUTH-TAD-0007:r2,边界不完整,不是时间状语,提取错误：边界不完整,现在都十二点了,,
annotation:span:AUTH-TAD-0007:r3,AnnotationDecision,标注者3-AUTH-TAD-0007,,,,,,,,,,,,,,,,,,,,,,,,,,,,,,,,,,,,,,,,,,,,,,,,,,,,ANONYMIZED_RATER_3,,annotation:span:AUTH-TAD-0007:r3,正确,不是时间状语,普通时间名词/词语引用,,,
sentence:SENT-0376,Sentence,每年的学费至少两万块。,,,,,,,,,,,,,,,,,,,,,,,,,,,,,,,,,SENT-0376,每年的学费至少两万块。,每年的学费至少两万块,国际中文教育中文水平等级标准·语法学习手册（初等）,初等,277,◎结构特点 (1)“至少”一般用在动词性成分前，作状语；动词后边经常有数量短语,来源字段完整但仍需正版逐页核验,,,,,,,,,,,,,,,,,,,,
span:AUTH-TAD-0008,CandidateSpan,AUTH-TAD-0008｜每年,,,,,,,,,,,,,,,,,,,,,,,,,,,,,,,,,,每年,,,,,,,AUTH-TAD-0008,每年,0.0,2.0,located,candidate_span,,,,,,,,,,,,,,
consensus:AUTH-TAD-0008,ConsensusLabel,AUTH-TAD-0008｜时间定语,,,,,,,,,,,,,,,,,,,,,,,,,,,,,,,,,,,,,,,,,,每年,,,,,consensus:AUTH-TAD-0008,ATTRIBUTE,完全一致,完全一致,完全一致,,,,,,,,,
annotation:span:AUTH-TAD-0008:r1,AnnotationDecision,标注者1-AUTH-TAD-0008,,,,,,,,,,,,,,,,,,,,,,,,,,,,,,,,,,,,,,,,,,,,,,,,,,,,ANONYMIZED_RATER_1,,annotation:span:AUTH-TAD-0008:r1,正确,不是时间状语,时间定语,,,
annotation:span:AUTH-TAD-0008:r2,AnnotationDecision,标注者2-AUTH-TAD-0008,,,,,,,,,,,,,,,,,,,,,,,,,,,,,,,,,,,,,,,,,,,,,,,,,,,,ANONYMIZED_RATER_2,,annotation:span:AUTH-TAD-0008:r2,正确,不是时间状语,时间定语,,,
annotation:span:AUTH-TAD-0008:r3,AnnotationDecision,标注者3-AUTH-TAD-0008,,,,,,,,,,,,,,,,,,,,,,,,,,,,,,,,,,,,,,,,,,,,,,,,,,,,ANONYMIZED_RATER_3,,annotation:span:AUTH-TAD-0008:r3,正确,不是时间状语,时间定语,,,
sentence:SENT-0408,Sentence,研究所成立于1984年。,,,,,,,,,,,,,,,,,,,,,,,,,,,,,,,,,SENT-0408,研究所成立于1984年。,研究所成立于1984年,国际中文教育中文水平等级标准·语法学习手册（中等）,中等,292,“恰好”用在动词性成分或形容词性成分前，在句中作状语，句子中可以包含数 量词,来源字段完整但仍需正版逐页核验,,,,,,,,,,,,,,,,,,,,
span:AUTH-TAD-0009,CandidateSpan,AUTH-TAD-0009｜1984年,,,,,,,,,,,,,,,,,,,,,,,,,,,,,,,,,,1984年,,,,,,,AUTH-TAD-0009,1984年,6.0,11.0,located,candidate_span,,,,,,,,,,,,,,
consensus:AUTH-TAD-0009,ConsensusLabel,AUTH-TAD-0009｜时长/时间补语,,,,,,,,,,,,,,,,,,,,,,,,,,,,,,,,,,,,,,,,,,1984年,,,,,consensus:AUTH-TAD-0009,COMPLEMENT,完全一致,多数一致,多数一致,,,,,,,,,
annotation:span:AUTH-TAD-0009:r1,AnnotationDecision,标注者1-AUTH-TAD-0009,,,,,,,,,,,,,,,,,,,,,,,,,,,,,,,,,,,,,,,,,,,,,,,,,,,,ANONYMIZED_RATER_1,,annotation:span:AUTH-TAD-0009:r1,正确,不是时间状语,时长补语,,,
annotation:span:AUTH-TAD-0009:r2,AnnotationDecision,标注者2-AUTH-TAD-0009,,,,,,,,,,,,,,,,,,,,,,,,,,,,,,,,,,,,,,,,,,,,,,,,,,,,ANONYMIZED_RATER_2,,annotation:span:AUTH-TAD-0009:r2,正确,是时间状语,时间状语,,,
annotation:span:AUTH-TAD-0009:r3,AnnotationDecision,标注者3-AUTH-TAD-0009,,,,,,,,,,,,,,,,,,,,,,,,,,,,,,,,,,,,,,,,,,,,,,,,,,,,ANONYMIZED_RATER_3,,annotation:span:AUTH-TAD-0009:r3,正确,不是时间状语,时长补语,,,
sentence:SENT-0125,Sentence,你今天去长城玩儿得怎么样?,,,,,,,,,,,,,,,,,,,,,,,,,,,,,,,,,SENT-0125,你今天去长城玩儿得怎么样?,你今天去长城玩儿得怎么样,国际中文教育中文水平等级标准·语法学习手册（高等）,高等,100,饭还没开始吃他就 (在公司，讨论合同没签的原因) 已经醉了，后来就更 A:昨天你和张经理签好合,来源字段完整但仍需正版逐页核验,,,,,,,,,,,,,,,,,,,,
span:AUTH-TAD-0010,CandidateSpan,AUTH-TAD-0010｜今天,,,,,,,,,,,,,,,,,,,,,,,,,,,,,,,,,,今天,,,,,,,AUTH-TAD-0010,今天,1.0,3.0,located,candidate_span,,,,,,,,,,,,,,
consensus:AUTH-TAD-0010,ConsensusLabel,AUTH-TAD-0010｜时间状语,,,,,,,,,,,,,,,,,,,,,,,,,,,,,,,,,,,,,,,,,,今天,,,,,consensus:AUTH-TAD-0010,TEMPORAL_ADVERBIAL,完全一致,完全一致,完全一致,,,,,,,,,
annotation:span:AUTH-TAD-0010:r1,AnnotationDecision,标注者1-AUTH-TAD-0010,,,,,,,,,,,,,,,,,,,,,,,,,,,,,,,,,,,,,,,,,,,,,,,,,,,,ANONYMIZED_RATER_1,,annotation:span:AUTH-TAD-0010:r1,正确,是时间状语,时间状语,,,
annotation:span:AUTH-TAD-0010:r2,AnnotationDecision,标注者2-AUTH-TAD-0010,,,,,,,,,,,,,,,,,,,,,,,,,,,,,,,,,,,,,,,,,,,,,,,,,,,,ANONYMIZED_RATER_2,,annotation:span:AUTH-TAD-0010:r2,正确,是时间状语,时间状语,,,
annotation:span:AUTH-TAD-0010:r3,AnnotationDecision,标注者3-AUTH-TAD-0010,,,,,,,,,,,,,,,,,,,,,,,,,,,,,,,,,,,,,,,,,,,,,,,,,,,,ANONYMIZED_RATER_3,,annotation:span:AUTH-TAD-0010:r3,正确,是时间状语,时间状语,,,
sentence:SENT-0094,Sentence,他常常走路回家。,,,,,,,,,,,,,,,,,,,,,,,,,,,,,,,,,SENT-0094,他常常走路回家。,他常常走路回家,国际中文教育中文水平等级标准·语法学习手册（初等）,初等,58,平等级标准·语法学习手册(初等) (2)“在、正、正在”不能和“了”连用,来源字段完整但仍需正版逐页核验,,,,,,,,,,,,,,,,,,,,
span:AUTH-TAD-0011,CandidateSpan,AUTH-TAD-0011｜常常,,,,,,,,,,,,,,,,,,,,,,,,,,,,,,,,,,常常,,,,,,,AUTH-TAD-0011,常常,1.0,3.0,located,candidate_span,,,,,,,,,,,,,,
consensus:AUTH-TAD-0011,ConsensusLabel,AUTH-TAD-0011｜时间状语,,,,,,,,,,,,,,,,,,,,,,,,,,,,,,,,,,,,,,,,,,常常,,,,,consensus:AUTH-TAD-0011,TEMPORAL_ADVERBIAL,完全一致,完全一致,完全一致,,,,,,,,,
annotation:span:AUTH-TAD-0011:r1,AnnotationDecision,标注者1-AUTH-TAD-0011,,,,,,,,,,,,,,,,,,,,,,,,,,,,,,,,,,,,,,,,,,,,,,,,,,,,ANONYMIZED_RATER_1,,annotation:span:AUTH-TAD-0011:r1,正确,是时间状语,时间状语,,,
annotation:span:AUTH-TAD-0011:r2,AnnotationDecision,标注者2-AUTH-TAD-0011,,,,,,,,,,,,,,,,,,,,,,,,,,,,,,,,,,,,,,,,,,,,,,,,,,,,ANONYMIZED_RATER_2,,annotation:span:AUTH-TAD-0011:r2,正确,是时间状语,时间状语,,,
annotation:span:AUTH-TAD-0011:r3,AnnotationDecision,标注者3-AUTH-TAD-0011,,,,,,,,,,,,,,,,,,,,,,,,,,,,,,,,,,,,,,,,,,,,,,,,,,,,ANONYMIZED_RATER_3,,annotation:span:AUTH-TAD-0011:r3,正确,是时间状语,时间状语,,,
sentence:SENT-0453,Sentence,这衣服上是什么东西啊，洗了半天也没洗掉。,,,,,,,,,,,,,,,,,,,,,,,,,,,,,,,,,SENT-0453,这衣服上是什么东西啊，洗了半天也没洗掉。,这衣服上是什么东西啊洗了半天也没洗掉,国际中文教育中文水平等级标准·语法学习手册（高等）,高等,155,,页面线索缺失,,,,,,,,,,,,,,,,,,,,
span:AUTH-TAD-0012,CandidateSpan,AUTH-TAD-0012｜半天,,,,,,,,,,,,,,,,,,,,,,,,,,,,,,,,,,半天,,,,,,,AUTH-TAD-0012,半天,13.0,15.0,located,candidate_span,,,,,,,,,,,,,,
consensus:AUTH-TAD-0012,ConsensusLabel,AUTH-TAD-0012｜时长/时间补语,,,,,,,,,,,,,,,,,,,,,,,,,,,,,,,,,,,,,,,,,,半天,,,,,consensus:AUTH-TAD-0012,COMPLEMENT,多数一致,完全一致,多数一致,,,,,,,,,
annotation:span:AUTH-TAD-0012:r1,AnnotationDecision,标注者1-AUTH-TAD-0012,,,,,,,,,,,,,,,,,,,,,,,,,,,,,,,,,,,,,,,,,,,,,,,,,,,,ANONYMIZED_RATER_1,,annotation:span:AUTH-TAD-0012:r1,正确,不是时间状语,时长补语,,,
annotation:span:AUTH-TAD-0012:r2,AnnotationDecision,标注者2-AUTH-TAD-0012,,,,,,,,,,,,,,,,,,,,,,,,,,,,,,,,,,,,,,,,,,,,,,,,,,,,ANONYMIZED_RATER_2,,annotation:span:AUTH-TAD-0012:r2,正确,不是时间状语,时长补语,,,
annotation:span:AUTH-TAD-0012:r3,AnnotationDecision,标注者3-AUTH-TAD-0012,,,,,,,,,,,,,,,,,,,,,,,,,,,,,,,,,,,,,,,,,,,,,,,,,,,,ANONYMIZED_RATER_3,,annotation:span:AUTH-TAD-0012:r3,不是时间表达,不是时间状语,提取错误：不是时间表达,无,,
sentence:SENT-0238,Sentence,小王通知大家明天来开会。,,,,,,,,,,,,,,,,,,,,,,,,,,,,,,,,,SENT-0238,小王通知大家明天来开会。,小王通知大家明天来开会,国际中文教育中文水平等级标准·语法学习手册（初等）,初等,362,事，以后再去吧,来源字段完整但仍需正版逐页核验,,,,,,,,,,,,,,,,,,,,
span:AUTH-TAD-0013,CandidateSpan,AUTH-TAD-0013｜明天,,,,,,,,,,,,,,,,,,,,,,,,,,,,,,,,,,明天,,,,,,,AUTH-TAD-0013,明天,6.0,8.0,located,candidate_span,,,,,,,,,,,,,,
consensus:AUTH-TAD-0013,ConsensusLabel,AUTH-TAD-0013｜时间状语,,,,,,,,,,,,,,,,,,,,,,,,,,,,,,,,,,,,,,,,,,明天,,,,,consensus:AUTH-TAD-0013,TEMPORAL_ADVERBIAL,完全一致,多数一致,多数一致,,,,,,,,,
annotation:span:AUTH-TAD-0013:r1,AnnotationDecision,标注者1-AUTH-TAD-0013,,,,,,,,,,,,,,,,,,,,,,,,,,,,,,,,,,,,,,,,,,,,,,,,,,,,ANONYMIZED_RATER_1,,annotation:span:AUTH-TAD-0013:r1,正确,不是时间状语,普通时间名词/词语引用,,,
annotation:span:AUTH-TAD-0013:r2,AnnotationDecision,标注者2-AUTH-TAD-0013,,,,,,,,,,,,,,,,,,,,,,,,,,,,,,,,,,,,,,,,,,,,,,,,,,,,ANONYMIZED_RATER_2,,annotation:span:AUTH-TAD-0013:r2,正确,是时间状语,时间状语,,,
annotation:span:AUTH-TAD-0013:r3,AnnotationDecision,标注者3-AUTH-TAD-0013,,,,,,,,,,,,,,,,,,,,,,,,,,,,,,,,,,,,,,,,,,,,,,,,,,,,ANONYMIZED_RATER_3,,annotation:span:AUTH-TAD-0013:r3,正确,是时间状语,时间状语,,,
sentence:SENT-0388,Sentence,王老师经常表扬她。,,,,,,,,,,,,,,,,,,,,,,,,,,,,,,,,,SENT-0388,王老师经常表扬她。,王老师经常表扬她,国际中文教育中文水平等级标准·语法学习手册（中等）,中等,380,递加关系的多项定语要按一定的顺序排列：限制性定语+描写性定语+中心语,来源字段完整但仍需正版逐页核验,,,,,,,,,,,,,,,,,,,,
span:AUTH-TAD-0014,CandidateSpan,AUTH-TAD-0014｜经常,,,,,,,,,,,,,,,,,,,,,,,,,,,,,,,,,,经常,,,,,,,AUTH-TAD-0014,经常,3.0,5.0,located,candidate_span,,,,,,,,,,,,,,
consensus:AUTH-TAD-0014,ConsensusLabel,AUTH-TAD-0014｜时间状语,,,,,,,,,,,,,,,,,,,,,,,,,,,,,,,,,,,,,,,,,,经常,,,,,consensus:AUTH-TAD-0014,TEMPORAL_ADVERBIAL,完全一致,完全一致,完全一致,,,,,,,,,
annotation:span:AUTH-TAD-0014:r1,AnnotationDecision,标注者1-AUTH-TAD-0014,,,,,,,,,,,,,,,,,,,,,,,,,,,,,,,,,,,,,,,,,,,,,,,,,,,,ANONYMIZED_RATER_1,,annotation:span:AUTH-TAD-0014:r1,正确,是时间状语,时间状语,,,
annotation:span:AUTH-TAD-0014:r2,AnnotationDecision,标注者2-AUTH-TAD-0014,,,,,,,,,,,,,,,,,,,,,,,,,,,,,,,,,,,,,,,,,,,,,,,,,,,,ANONYMIZED_RATER_2,,annotation:span:AUTH-TAD-0014:r2,正确,是时间状语,时间状语,,,
annotation:span:AUTH-TAD-0014:r3,AnnotationDecision,标注者3-AUTH-TAD-0014,,,,,,,,,,,,,,,,,,,,,,,,,,,,,,,,,,,,,,,,,,,,,,,,,,,,ANONYMIZED_RATER_3,,annotation:span:AUTH-TAD-0014:r3,正确,是时间状语,时间状语,,,
sentence:SENT-0167,Sentence,刚才有人向我问路了。,,,,,,,,,,,,,,,,,,,,,,,,,,,,,,,,,SENT-0167,刚才有人向我问路了。,刚才有人向我问路了,国际中文教育中文水平等级标准·语法学习手册（初等）,初等,324,婚礼物，他现在在 B:班长平时还常常 老师：那你注意休息， 北京，来不了,来源字段完整但仍需正版逐页核验,,,,,,,,,,,,,,,,,,,,
span:AUTH-TAD-0015,CandidateSpan,AUTH-TAD-0015｜刚才,,,,,,,,,,,,,,,,,,,,,,,,,,,,,,,,,,刚才,,,,,,,AUTH-TAD-0015,刚才,0.0,2.0,located,candidate_span,,,,,,,,,,,,,,
consensus:AUTH-TAD-0015,ConsensusLabel,AUTH-TAD-0015｜时间状语,,,,,,,,,,,,,,,,,,,,,,,,,,,,,,,,,,,,,,,,,,刚才,,,,,consensus:AUTH-TAD-0015,TEMPORAL_ADVERBIAL,完全一致,完全一致,完全一致,,,,,,,,,
annotation:span:AUTH-TAD-0015:r1,AnnotationDecision,标注者1-AUTH-TAD-0015,,,,,,,,,,,,,,,,,,,,,,,,,,,,,,,,,,,,,,,,,,,,,,,,,,,,ANONYMIZED_RATER_1,,annotation:span:AUTH-TAD-0015:r1,正确,是时间状语,时间状语,,,
annotation:span:AUTH-TAD-0015:r2,AnnotationDecision,标注者2-AUTH-TAD-0015,,,,,,,,,,,,,,,,,,,,,,,,,,,,,,,,,,,,,,,,,,,,,,,,,,,,ANONYMIZED_RATER_2,,annotation:span:AUTH-TAD-0015:r2,正确,是时间状语,时间状语,,,
annotation:span:AUTH-TAD-0015:r3,AnnotationDecision,标注者3-AUTH-TAD-0015,,,,,,,,,,,,,,,,,,,,,,,,,,,,,,,,,,,,,,,,,,,,,,,,,,,,ANONYMIZED_RATER_3,,annotation:span:AUTH-TAD-0015:r3,正确,是时间状语,时间状语,,,
sentence:SENT-0077,Sentence,他从小身体不好，加上缺少锻炼，所以经常生病。,,,,,,,,,,,,,,,,,,,,,,,,,,,,,,,,,SENT-0077,他从小身体不好，加上缺少锻炼，所以经常生病。,他从小身体不好加上缺少锻炼所以经常生病,国际中文教育中文水平等级标准·语法学习手册（中等）,中等,184,他从小身体不好，加上缺少锻炼，所以经常生病,来源字段完整但仍需正版逐页核验,,,,,,,,,,,,,,,,,,,,
span:AUTH-TAD-0016,CandidateSpan,AUTH-TAD-0016｜经常,,,,,,,,,,,,,,,,,,,,,,,,,,,,,,,,,,经常,,,,,,,AUTH-TAD-0016,经常,17.0,19.0,located,candidate_span,,,,,,,,,,,,,,
consensus:AUTH-TAD-0016,ConsensusLabel,AUTH-TAD-0016｜时间状语,,,,,,,,,,,,,,,,,,,,,,,,,,,,,,,,,,,,,,,,,,经常,,,,,consensus:AUTH-TAD-0016,TEMPORAL_ADVERBIAL,完全一致,完全一致,完全一致,,,,,,,,,
annotation:span:AUTH-TAD-0016:r1,AnnotationDecision,标注者1-AUTH-TAD-0016,,,,,,,,,,,,,,,,,,,,,,,,,,,,,,,,,,,,,,,,,,,,,,,,,,,,ANONYMIZED_RATER_1,,annotation:span:AUTH-TAD-0016:r1,正确,是时间状语,时间状语,,,
annotation:span:AUTH-TAD-0016:r2,AnnotationDecision,标注者2-AUTH-TAD-0016,,,,,,,,,,,,,,,,,,,,,,,,,,,,,,,,,,,,,,,,,,,,,,,,,,,,ANONYMIZED_RATER_2,,annotation:span:AUTH-TAD-0016:r2,正确,是时间状语,时间状语,,,
annotation:span:AUTH-TAD-0016:r3,AnnotationDecision,标注者3-AUTH-TAD-0016,,,,,,,,,,,,,,,,,,,,,,,,,,,,,,,,,,,,,,,,,,,,,,,,,,,,ANONYMIZED_RATER_3,,annotation:span:AUTH-TAD-0016:r3,正确,是时间状语,时间状语,,,
sentence:SENT-0288,Sentence,我周末不一定有空儿。,,,,,,,,,,,,,,,,,,,,,,,,,,,,,,,,,SENT-0288,我周末不一定有空儿。,我周末不一定有空儿,国际中文教育中文水平等级标准·语法学习手册（初等）,初等,162,你到北京以后，一定 要去看看王老师,来源字段完整但仍需正版逐页核验,,,,,,,,,,,,,,,,,,,,
span:AUTH-TAD-0017,CandidateSpan,AUTH-TAD-0017｜周末,,,,,,,,,,,,,,,,,,,,,,,,,,,,,,,,,,周末,,,,,,,AUTH-TAD-0017,周末,1.0,3.0,located,candidate_span,,,,,,,,,,,,,,
consensus:AUTH-TAD-0017,ConsensusLabel,AUTH-TAD-0017｜时间状语,,,,,,,,,,,,,,,,,,,,,,,,,,,,,,,,,,,,,,,,,,周末,,,,,consensus:AUTH-TAD-0017,TEMPORAL_ADVERBIAL,完全一致,多数一致,多数一致,,,,,,,,,
annotation:span:AUTH-TAD-0017:r1,AnnotationDecision,标注者1-AUTH-TAD-0017,,,,,,,,,,,,,,,,,,,,,,,,,,,,,,,,,,,,,,,,,,,,,,,,,,,,ANONYMIZED_RATER_1,,annotation:span:AUTH-TAD-0017:r1,正确,不是时间状语,普通时间名词/词语引用,,,
annotation:span:AUTH-TAD-0017:r2,AnnotationDecision,标注者2-AUTH-TAD-0017,,,,,,,,,,,,,,,,,,,,,,,,,,,,,,,,,,,,,,,,,,,,,,,,,,,,ANONYMIZED_RATER_2,,annotation:span:AUTH-TAD-0017:r2,正确,是时间状语,时间状语,,,
annotation:span:AUTH-TAD-0017:r3,AnnotationDecision,标注者3-AUTH-TAD-0017,,,,,,,,,,,,,,,,,,,,,,,,,,,,,,,,,,,,,,,,,,,,,,,,,,,,ANONYMIZED_RATER_3,,annotation:span:AUTH-TAD-0017:r3,正确,是时间状语,时间状语,,,
sentence:SENT-0021,Sentence,与其早上睡懒觉，不如出去锻炼身体。,,,,,,,,,,,,,,,,,,,,,,,,,,,,,,,,,SENT-0021,与其早上睡懒觉，不如出去锻炼身体。,与其早上睡懒觉不如出去锻炼身体,国际中文教育中文水平等级标准·语法学习手册（高等）,高等,154,B:别找了，与其在这里浪费时间，我们不如认真复习,来源字段完整但仍需正版逐页核验,,,,,,,,,,,,,,,,,,,,
span:AUTH-TAD-0018,CandidateSpan,AUTH-TAD-0018｜早上,,,,,,,,,,,,,,,,,,,,,,,,,,,,,,,,,,早上,,,,,,,AUTH-TAD-0018,早上,2.0,4.0,located,candidate_span,,,,,,,,,,,,,,
consensus:AUTH-TAD-0018,ConsensusLabel,AUTH-TAD-0018｜时间状语,,,,,,,,,,,,,,,,,,,,,,,,,,,,,,,,,,,,,,,,,,早上,,,,,consensus:AUTH-TAD-0018,TEMPORAL_ADVERBIAL,完全一致,完全一致,完全一致,,,,,,,,,
annotation:span:AUTH-TAD-0018:r1,AnnotationDecision,标注者1-AUTH-TAD-0018,,,,,,,,,,,,,,,,,,,,,,,,,,,,,,,,,,,,,,,,,,,,,,,,,,,,ANONYMIZED_RATER_1,,annotation:span:AUTH-TAD-0018:r1,正确,是时间状语,时间状语,,,
annotation:span:AUTH-TAD-0018:r2,AnnotationDecision,标注者2-AUTH-TAD-0018,,,,,,,,,,,,,,,,,,,,,,,,,,,,,,,,,,,,,,,,,,,,,,,,,,,,ANONYMIZED_RATER_2,,annotation:span:AUTH-TAD-0018:r2,正确,是时间状语,时间状语,,,
annotation:span:AUTH-TAD-0018:r3,AnnotationDecision,标注者3-AUTH-TAD-0018,,,,,,,,,,,,,,,,,,,,,,,,,,,,,,,,,,,,,,,,,,,,,,,,,,,,ANONYMIZED_RATER_3,,annotation:span:AUTH-TAD-0018:r3,正确,是时间状语,时间状语,,,
sentence:SENT-0269,Sentence,我们下周要去伦敦男子中学访问，该校已有五百多年的历史。,,,,,,,,,,,,,,,,,,,,,,,,,,,,,,,,,SENT-0269,我们下周要去伦敦男子中学访问，该校已有五百多年的历史。,我们下周要去伦敦男子中学访问该校已有五百多年的历史,国际中文教育中文水平等级标准·语法学习手册（高等）,高等,11,获奖证书已经扫描整理成一个文件，请你将该文件交给有关,来源字段完整但仍需正版逐页核验,,,,,,,,,,,,,,,,,,,,
span:AUTH-TAD-0019,CandidateSpan,AUTH-TAD-0019｜下周,,,,,,,,,,,,,,,,,,,,,,,,,,,,,,,,,,下周,,,,,,,AUTH-TAD-0019,下周,2.0,4.0,located,candidate_span,,,,,,,,,,,,,,
consensus:AUTH-TAD-0019,ConsensusLabel,AUTH-TAD-0019｜时间状语,,,,,,,,,,,,,,,,,,,,,,,,,,,,,,,,,,,,,,,,,,下周,,,,,consensus:AUTH-TAD-0019,TEMPORAL_ADVERBIAL,完全一致,完全一致,完全一致,,,,,,,,,
annotation:span:AUTH-TAD-0019:r1,AnnotationDecision,标注者1-AUTH-TAD-0019,,,,,,,,,,,,,,,,,,,,,,,,,,,,,,,,,,,,,,,,,,,,,,,,,,,,ANONYMIZED_RATER_1,,annotation:span:AUTH-TAD-0019:r1,正确,是时间状语,时间状语,,,
annotation:span:AUTH-TAD-0019:r2,AnnotationDecision,标注者2-AUTH-TAD-0019,,,,,,,,,,,,,,,,,,,,,,,,,,,,,,,,,,,,,,,,,,,,,,,,,,,,ANONYMIZED_RATER_2,,annotation:span:AUTH-TAD-0019:r2,正确,是时间状语,时间状语,,,
annotation:span:AUTH-TAD-0019:r3,AnnotationDecision,标注者3-AUTH-TAD-0019,,,,,,,,,,,,,,,,,,,,,,,,,,,,,,,,,,,,,,,,,,,,,,,,,,,,ANONYMIZED_RATER_3,,annotation:span:AUTH-TAD-0019:r3,正确,是时间状语,时间状语,,,
sentence:SENT-0326,Sentence,既然项目交出去了，我以后不会再过问了。,,,,,,,,,,,,,,,,,,,,,,,,,,,,,,,,,SENT-0326,既然项目交出去了，我以后不会再过问了。,既然项目交出去了我以后不会再过问了,国际中文教育中文水平等级标准·语法学习手册（高等）,高等,200,A:既然项目交出去了，我以后不会再过问了,来源字段完整但仍需正版逐页核验,,,,,,,,,,,,,,,,,,,,
span:AUTH-TAD-0020,CandidateSpan,AUTH-TAD-0020｜我以后,,,,,,,,,,,,,,,,,,,,,,,,,,,,,,,,,,我以后,,,,,,,AUTH-TAD-0020,以后,9.0,12.0,located,majority_fixed_span,,,,,,,,,,,,,,
consensus:AUTH-TAD-0020,ConsensusLabel,AUTH-TAD-0020｜其他/非目标时间用法,,,,,,,,,,,,,,,,,,,,,,,,,,,,,,,,,,,,,,,,,,以后,,,,,consensus:AUTH-TAD-0020,OTHER,多数一致,完全一致,多数一致,,,,,,,,,
annotation:span:AUTH-TAD-0020:r1,AnnotationDecision,标注者1-AUTH-TAD-0020,,,,,,,,,,,,,,,,,,,,,,,,,,,,,,,,,,,,,,,,,,,,,,,,,,,,ANONYMIZED_RATER_1,,annotation:span:AUTH-TAD-0020:r1,边界过长,不是时间状语,提取错误：边界过长,以后,,
annotation:span:AUTH-TAD-0020:r2,AnnotationDecision,标注者2-AUTH-TAD-0020,,,,,,,,,,,,,,,,,,,,,,,,,,,,,,,,,,,,,,,,,,,,,,,,,,,,ANONYMIZED_RATER_2,,annotation:span:AUTH-TAD-0020:r2,边界不完整,不是时间状语,提取错误：边界不完整,以后,,
annotation:span:AUTH-TAD-0020:r3,AnnotationDecision,标注者3-AUTH-TAD-0020,,,,,,,,,,,,,,,,,,,,,,,,,,,,,,,,,,,,,,,,,,,,,,,,,,,,ANONYMIZED_RATER_3,,annotation:span:AUTH-TAD-0020:r3,边界过长,不是时间状语,提取错误：边界过长,以后,,
sentence:SENT-0419,Sentence,自开业以来，这个饭馆的生意每天都很好。,,,,,,,,,,,,,,,,,,,,,,,,,,,,,,,,,SENT-0419,自开业以来，这个饭馆的生意每天都很好。,自开业以来这个饭馆的生意每天都很好,国际中文教育中文水平等级标准·语法学习手册（中等）,中等,66,自开业以来，这个饭馆的生意每天都很好,来源字段完整但仍需正版逐页核验,,,,,,,,,,,,,,,,,,,,
span:AUTH-TAD-0021,CandidateSpan,AUTH-TAD-0021｜每天,,,,,,,,,,,,,,,,,,,,,,,,,,,,,,,,,,每天,,,,,,,AUTH-TAD-0021,每天,13.0,15.0,located,candidate_span,,,,,,,,,,,,,,
consensus:AUTH-TAD-0021,ConsensusLabel,AUTH-TAD-0021｜时间状语,,,,,,,,,,,,,,,,,,,,,,,,,,,,,,,,,,,,,,,,,,每天,,,,,consensus:AUTH-TAD-0021,TEMPORAL_ADVERBIAL,完全一致,完全一致,完全一致,,,,,,,,,
annotation:span:AUTH-TAD-0021:r1,AnnotationDecision,标注者1-AUTH-TAD-0021,,,,,,,,,,,,,,,,,,,,,,,,,,,,,,,,,,,,,,,,,,,,,,,,,,,,ANONYMIZED_RATER_1,,annotation:span:AUTH-TAD-0021:r1,正确,是时间状语,时间状语,,,
annotation:span:AUTH-TAD-0021:r2,AnnotationDecision,标注者2-AUTH-TAD-0021,,,,,,,,,,,,,,,,,,,,,,,,,,,,,,,,,,,,,,,,,,,,,,,,,,,,ANONYMIZED_RATER_2,,annotation:span:AUTH-TAD-0021:r2,正确,是时间状语,时间状语,,,
annotation:span:AUTH-TAD-0021:r3,AnnotationDecision,标注者3-AUTH-TAD-0021,,,,,,,,,,,,,,,,,,,,,,,,,,,,,,,,,,,,,,,,,,,,,,,,,,,,ANONYMIZED_RATER_3,,annotation:span:AUTH-TAD-0021:r3,正确,是时间状语,时间状语,,,
sentence:SENT-0302,Sentence,我最近太忙了，每天累得要死。,,,,,,,,,,,,,,,,,,,,,,,,,,,,,,,,,SENT-0302,我最近太忙了，每天累得要死。,我最近太忙了每天累得要死,国际中文教育中文水平等级标准·语法学习手册（高等）,高等,122,85程度补语3(2):形容词/动词+得+要命/要死,来源字段完整但仍需正版逐页核验,,,,,,,,,,,,,,,,,,,,
span:AUTH-TAD-0022,CandidateSpan,AUTH-TAD-0022｜每天,,,,,,,,,,,,,,,,,,,,,,,,,,,,,,,,,,每天,,,,,,,AUTH-TAD-0022,每天,7.0,9.0,located,candidate_span,,,,,,,,,,,,,,
consensus:AUTH-TAD-0022,ConsensusLabel,AUTH-TAD-0022｜时间状语,,,,,,,,,,,,,,,,,,,,,,,,,,,,,,,,,,,,,,,,,,每天,,,,,consensus:AUTH-TAD-0022,TEMPORAL_ADVERBIAL,完全一致,完全一致,完全一致,,,,,,,,,
annotation:span:AUTH-TAD-0022:r1,AnnotationDecision,标注者1-AUTH-TAD-0022,,,,,,,,,,,,,,,,,,,,,,,,,,,,,,,,,,,,,,,,,,,,,,,,,,,,ANONYMIZED_RATER_1,,annotation:span:AUTH-TAD-0022:r1,正确,是时间状语,时间状语,,,
annotation:span:AUTH-TAD-0022:r2,AnnotationDecision,标注者2-AUTH-TAD-0022,,,,,,,,,,,,,,,,,,,,,,,,,,,,,,,,,,,,,,,,,,,,,,,,,,,,ANONYMIZED_RATER_2,,annotation:span:AUTH-TAD-0022:r2,正确,是时间状语,时间状语,,,
annotation:span:AUTH-TAD-0022:r3,AnnotationDecision,标注者3-AUTH-TAD-0022,,,,,,,,,,,,,,,,,,,,,,,,,,,,,,,,,,,,,,,,,,,,,,,,,,,,ANONYMIZED_RATER_3,,annotation:span:AUTH-TAD-0022:r3,正确,是时间状语,时间状语,,,
sentence:SENT-0339,Sentence,明天早上还有会，你干脆早点儿休息吧。,,,,,,,,,,,,,,,,,,,,,,,,,,,,,,,,,SENT-0339,明天早上还有会，你干脆早点儿休息吧。,明天早上还有会你干脆早点儿休息吧,国际中文教育中文水平等级标准·语法学习手册（中等）,中等,167,麦克不爱干家务，妈妈打扫卫生的时候，他干脆躲了出去,来源字段完整但仍需正版逐页核验,,,,,,,,,,,,,,,,,,,,
span:AUTH-TAD-0023,CandidateSpan,AUTH-TAD-0023｜明天早上,,,,,,,,,,,,,,,,,,,,,,,,,,,,,,,,,,明天早上,,,,,,,AUTH-TAD-0023,明天早上,0.0,4.0,located,candidate_span,,,,,,,,,,,,,,
consensus:AUTH-TAD-0023,ConsensusLabel,AUTH-TAD-0023｜时间状语,,,,,,,,,,,,,,,,,,,,,,,,,,,,,,,,,,,,,,,,,,明天早上,,,,,consensus:AUTH-TAD-0023,TEMPORAL_ADVERBIAL,完全一致,多数一致,多数一致,,,,,,,,,
annotation:span:AUTH-TAD-0023:r1,AnnotationDecision,标注者1-AUTH-TAD-0023,,,,,,,,,,,,,,,,,,,,,,,,,,,,,,,,,,,,,,,,,,,,,,,,,,,,ANONYMIZED_RATER_1,,annotation:span:AUTH-TAD-0023:r1,正确,是时间状语,时间状语,,,
annotation:span:AUTH-TAD-0023:r2,AnnotationDecision,标注者2-AUTH-TAD-0023,,,,,,,,,,,,,,,,,,,,,,,,,,,,,,,,,,,,,,,,,,,,,,,,,,,,ANONYMIZED_RATER_2,,annotation:span:AUTH-TAD-0023:r2,正确,是时间状语,时间状语,,,
annotation:span:AUTH-TAD-0023:r3,AnnotationDecision,标注者3-AUTH-TAD-0023,,,,,,,,,,,,,,,,,,,,,,,,,,,,,,,,,,,,,,,,,,,,,,,,,,,,ANONYMIZED_RATER_3,,annotation:span:AUTH-TAD-0023:r3,正确,不是时间状语,普通时间名词/词语引用,,,
sentence:SENT-0457,Sentence,那时天已经黑了，况且人又是坐在车上，肯定看不清楚。,,,,,,,,,,,,,,,,,,,,,,,,,,,,,,,,,SENT-0457,那时天已经黑了，况且人又是坐在车上，肯定看不清楚。,那时天已经黑了况且人又是坐在车上肯定看不清楚,国际中文教育中文水平等级标准·语法学习手册（高等）,高等,145,例如： *那时天已经黑了，人况且又是坐在车上，肯定看不清楚,来源字段完整但仍需正版逐页核验,,,,,,,,,,,,,,,,,,,,
span:AUTH-TAD-0024,CandidateSpan,AUTH-TAD-0024｜已经,,,,,,,,,,,,,,,,,,,,,,,,,,,,,,,,,,已经,,,,,,,AUTH-TAD-0024,已经,3.0,5.0,located,candidate_span,,,,,,,,,,,,,,
consensus:AUTH-TAD-0024,ConsensusLabel,AUTH-TAD-0024｜时间状语,,,,,,,,,,,,,,,,,,,,,,,,,,,,,,,,,,,,,,,,,,已经,,,,,consensus:AUTH-TAD-0024,TEMPORAL_ADVERBIAL,完全一致,完全一致,完全一致,,,,,,,,,
annotation:span:AUTH-TAD-0024:r1,AnnotationDecision,标注者1-AUTH-TAD-0024,,,,,,,,,,,,,,,,,,,,,,,,,,,,,,,,,,,,,,,,,,,,,,,,,,,,ANONYMIZED_RATER_1,,annotation:span:AUTH-TAD-0024:r1,正确,是时间状语,时间状语,,,
annotation:span:AUTH-TAD-0024:r2,AnnotationDecision,标注者2-AUTH-TAD-0024,,,,,,,,,,,,,,,,,,,,,,,,,,,,,,,,,,,,,,,,,,,,,,,,,,,,ANONYMIZED_RATER_2,,annotation:span:AUTH-TAD-0024:r2,正确,是时间状语,时间状语,,,
annotation:span:AUTH-TAD-0024:r3,AnnotationDecision,标注者3-AUTH-TAD-0024,,,,,,,,,,,,,,,,,,,,,,,,,,,,,,,,,,,,,,,,,,,,,,,,,,,,ANONYMIZED_RATER_3,,annotation:span:AUTH-TAD-0024:r3,正确,是时间状语,时间状语,,,
sentence:SENT-0018,Sentence,不管怎样说，我们已经来了，就应该珍惜这次机会。,,,,,,,,,,,,,,,,,,,,,,,,,,,,,,,,,SENT-0018,不管怎样说，我们已经来了，就应该珍惜这次机会。,不管怎样说我们已经来了就应该珍惜这次机会,国际中文教育中文水平等级标准·语法学习手册（中等）,中等,259,不管怎样说，我们已经来了，就应该珍惜这次机会,来源字段完整但仍需正版逐页核验,,,,,,,,,,,,,,,,,,,,
span:AUTH-TAD-0025,CandidateSpan,AUTH-TAD-0025｜已经,,,,,,,,,,,,,,,,,,,,,,,,,,,,,,,,,,已经,,,,,,,AUTH-TAD-0025,已经,8.0,10.0,located,candidate_span,,,,,,,,,,,,,,
consensus:AUTH-TAD-0025,ConsensusLabel,AUTH-TAD-0025｜时间状语,,,,,,,,,,,,,,,,,,,,,,,,,,,,,,,,,,,,,,,,,,已经,,,,,consensus:AUTH-TAD-0025,TEMPORAL_ADVERBIAL,完全一致,完全一致,完全一致,,,,,,,,,
annotation:span:AUTH-TAD-0025:r1,AnnotationDecision,标注者1-AUTH-TAD-0025,,,,,,,,,,,,,,,,,,,,,,,,,,,,,,,,,,,,,,,,,,,,,,,,,,,,ANONYMIZED_RATER_1,,annotation:span:AUTH-TAD-0025:r1,正确,是时间状语,时间状语,,,
annotation:span:AUTH-TAD-0025:r2,AnnotationDecision,标注者2-AUTH-TAD-0025,,,,,,,,,,,,,,,,,,,,,,,,,,,,,,,,,,,,,,,,,,,,,,,,,,,,ANONYMIZED_RATER_2,,annotation:span:AUTH-TAD-0025:r2,正确,是时间状语,时间状语,,,
annotation:span:AUTH-TAD-0025:r3,AnnotationDecision,标注者3-AUTH-TAD-0025,,,,,,,,,,,,,,,,,,,,,,,,,,,,,,,,,,,,,,,,,,,,,,,,,,,,ANONYMIZED_RATER_3,,annotation:span:AUTH-TAD-0025:r3,正确,是时间状语,时间状语,,,
sentence:SENT-0293,Sentence,我小时候最不喜欢的就是体育课。,,,,,,,,,,,,,,,,,,,,,,,,,,,,,,,,,SENT-0293,我小时候最不喜欢的就是体育课。,我小时候最不喜欢的就是体育课,国际中文教育中文水平等级标准·语法学习手册（高等）,高等,121,育中文水平等级标准·语法学习手册(高等) 84程度补语3(1):形容词/动词+得+不行【七一九,来源字段完整但仍需正版逐页核验,,,,,,,,,,,,,,,,,,,,
span:AUTH-TAD-0026,CandidateSpan,AUTH-TAD-0026｜小时候,,,,,,,,,,,,,,,,,,,,,,,,,,,,,,,,,,小时候,,,,,,,AUTH-TAD-0026,小时候,1.0,4.0,located,candidate_span,,,,,,,,,,,,,,
consensus:AUTH-TAD-0026,ConsensusLabel,AUTH-TAD-0026｜时间状语,,,,,,,,,,,,,,,,,,,,,,,,,,,,,,,,,,,,,,,,,,小时候,,,,,consensus:AUTH-TAD-0026,TEMPORAL_ADVERBIAL,完全一致,完全一致,完全一致,,,,,,,,,
annotation:span:AUTH-TAD-0026:r1,AnnotationDecision,标注者1-AUTH-TAD-0026,,,,,,,,,,,,,,,,,,,,,,,,,,,,,,,,,,,,,,,,,,,,,,,,,,,,ANONYMIZED_RATER_1,,annotation:span:AUTH-TAD-0026:r1,正确,是时间状语,时间状语,,,
annotation:span:AUTH-TAD-0026:r2,AnnotationDecision,标注者2-AUTH-TAD-0026,,,,,,,,,,,,,,,,,,,,,,,,,,,,,,,,,,,,,,,,,,,,,,,,,,,,ANONYMIZED_RATER_2,,annotation:span:AUTH-TAD-0026:r2,正确,是时间状语,时间状语,,,
annotation:span:AUTH-TAD-0026:r3,AnnotationDecision,标注者3-AUTH-TAD-0026,,,,,,,,,,,,,,,,,,,,,,,,,,,,,,,,,,,,,,,,,,,,,,,,,,,,ANONYMIZED_RATER_3,,annotation:span:AUTH-TAD-0026:r3,正确,是时间状语,时间状语,,,
sentence:SENT-0201,Sentence,大家聚了又散，散了又聚，一年也见不了几次面。,,,,,,,,,,,,,,,,,,,,,,,,,,,,,,,,,SENT-0201,大家聚了又散，散了又聚，一年也见不了几次面。,大家聚了又散散了又聚一年也见不了几次面,国际中文教育中文水平等级标准·语法学习手册（高等）,高等,195,了又擦，擦 (在家，想了解孩子在做什么) 了又写，正在认真 妈妈：我回来了，云云在做什么呢?,来源字段完整但仍需正版逐页核验,,,,,,,,,,,,,,,,,,,,
span:AUTH-TAD-0027,CandidateSpan,AUTH-TAD-0027｜一年,,,,,,,,,,,,,,,,,,,,,,,,,,,,,,,,,,一年,,,,,,,AUTH-TAD-0027,一年,12.0,14.0,located,candidate_span,,,,,,,,,,,,,,
consensus:AUTH-TAD-0027,ConsensusLabel,AUTH-TAD-0027｜其他/非目标时间用法,,,,,,,,,,,,,,,,,,,,,,,,,,,,,,,,,,,,,,,,,,一年,,,,,consensus:AUTH-TAD-0027,OTHER,完全一致,多数一致,多数一致,,,,,,,,,
annotation:span:AUTH-TAD-0027:r1,AnnotationDecision,标注者1-AUTH-TAD-0027,,,,,,,,,,,,,,,,,,,,,,,,,,,,,,,,,,,,,,,,,,,,,,,,,,,,ANONYMIZED_RATER_1,,annotation:span:AUTH-TAD-0027:r1,正确,不是时间状语,普通时间名词/词语引用,,,
annotation:span:AUTH-TAD-0027:r2,AnnotationDecision,标注者2-AUTH-TAD-0027,,,,,,,,,,,,,,,,,,,,,,,,,,,,,,,,,,,,,,,,,,,,,,,,,,,,ANONYMIZED_RATER_2,,annotation:span:AUTH-TAD-0027:r2,正确,是时间状语,时间状语,,,
annotation:span:AUTH-TAD-0027:r3,AnnotationDecision,标注者3-AUTH-TAD-0027,,,,,,,,,,,,,,,,,,,,,,,,,,,,,,,,,,,,,,,,,,,,,,,,,,,,ANONYMIZED_RATER_3,,annotation:span:AUTH-TAD-0027:r3,正确,不是时间状语,普通时间名词/词语引用,,,
sentence:SENT-0336,Sentence,明天如果天气好，我就去爬山。,,,,,,,,,,,,,,,,,,,,,,,,,,,,,,,,,SENT-0336,明天如果天气好，我就去爬山。,明天如果天气好我就去爬山,国际中文教育中文水平等级标准·语法学习手册（初等）,初等,233,"如果+S?+P?,S?+就+P? 如果 你 下午有时间， 我们 就 一起去超市吧",来源字段完整但仍需正版逐页核验,,,,,,,,,,,,,,,,,,,,
span:AUTH-TAD-0028,CandidateSpan,AUTH-TAD-0028｜明天,,,,,,,,,,,,,,,,,,,,,,,,,,,,,,,,,,明天,,,,,,,AUTH-TAD-0028,明天,0.0,2.0,located,candidate_span,,,,,,,,,,,,,,
consensus:AUTH-TAD-0028,ConsensusLabel,AUTH-TAD-0028｜时间状语,,,,,,,,,,,,,,,,,,,,,,,,,,,,,,,,,,,,,,,,,,明天,,,,,consensus:AUTH-TAD-0028,TEMPORAL_ADVERBIAL,完全一致,多数一致,多数一致,,,,,,,,,
annotation:span:AUTH-TAD-0028:r1,AnnotationDecision,标注者1-AUTH-TAD-0028,,,,,,,,,,,,,,,,,,,,,,,,,,,,,,,,,,,,,,,,,,,,,,,,,,,,ANONYMIZED_RATER_1,,annotation:span:AUTH-TAD-0028:r1,正确,不是时间状语,普通时间名词/词语引用,,,
annotation:span:AUTH-TAD-0028:r2,AnnotationDecision,标注者2-AUTH-TAD-0028,,,,,,,,,,,,,,,,,,,,,,,,,,,,,,,,,,,,,,,,,,,,,,,,,,,,ANONYMIZED_RATER_2,,annotation:span:AUTH-TAD-0028:r2,正确,是时间状语,时间状语,,,
annotation:span:AUTH-TAD-0028:r3,AnnotationDecision,标注者3-AUTH-TAD-0028,,,,,,,,,,,,,,,,,,,,,,,,,,,,,,,,,,,,,,,,,,,,,,,,,,,,ANONYMIZED_RATER_3,,annotation:span:AUTH-TAD-0028:r3,正确,是时间状语,时间状语,,,
sentence:SENT-0446,Sentence,这台机器已经用了20年了，太落后了，说什么也得换一台。,,,,,,,,,,,,,,,,,,,,,,,,,,,,,,,,,SENT-0446,这台机器已经用了20年了，太落后了，说什么也得换一台。,这台机器已经用了20年了太落后了说什么也得换一台,国际中文教育中文水平等级标准·语法学习手册（中等）,中等,136,话 例句 他生病了，我说什 这么重要的活动，你 没时间了，说什么 么也得去看看他,来源字段完整但仍需正版逐页核验,,,,,,,,,,,,,,,,,,,,
span:AUTH-TAD-0029,CandidateSpan,AUTH-TAD-0029｜已经,,,,,,,,,,,,,,,,,,,,,,,,,,,,,,,,,,已经,,,,,,,AUTH-TAD-0029,已经,4.0,6.0,located,candidate_span,,,,,,,,,,,,,,
consensus:AUTH-TAD-0029,ConsensusLabel,AUTH-TAD-0029｜时间状语,,,,,,,,,,,,,,,,,,,,,,,,,,,,,,,,,,,,,,,,,,已经,,,,,consensus:AUTH-TAD-0029,TEMPORAL_ADVERBIAL,完全一致,完全一致,完全一致,,,,,,,,,
annotation:span:AUTH-TAD-0029:r1,AnnotationDecision,标注者1-AUTH-TAD-0029,,,,,,,,,,,,,,,,,,,,,,,,,,,,,,,,,,,,,,,,,,,,,,,,,,,,ANONYMIZED_RATER_1,,annotation:span:AUTH-TAD-0029:r1,正确,是时间状语,时间状语,,,
annotation:span:AUTH-TAD-0029:r2,AnnotationDecision,标注者2-AUTH-TAD-0029,,,,,,,,,,,,,,,,,,,,,,,,,,,,,,,,,,,,,,,,,,,,,,,,,,,,ANONYMIZED_RATER_2,,annotation:span:AUTH-TAD-0029:r2,正确,是时间状语,时间状语,,,
annotation:span:AUTH-TAD-0029:r3,AnnotationDecision,标注者3-AUTH-TAD-0029,,,,,,,,,,,,,,,,,,,,,,,,,,,,,,,,,,,,,,,,,,,,,,,,,,,,ANONYMIZED_RATER_3,,annotation:span:AUTH-TAD-0029:r3,正确,是时间状语,时间状语,,,
sentence:SENT-0136,Sentence,你已经有了，何必又花钱买一个呢?,,,,,,,,,,,,,,,,,,,,,,,,,,,,,,,,,SENT-0136,你已经有了，何必又花钱买一个呢?,你已经有了何必又花钱买一个呢,国际中文教育中文水平等级标准·语法学习手册（高等）,高等,47,玩笑，何必当真呢? 学校又不远，何必打车去呢? 你已经有了，何必又花钱买一个呢? 你又没有做错,来源字段完整但仍需正版逐页核验,,,,,,,,,,,,,,,,,,,,
span:AUTH-TAD-0030,CandidateSpan,AUTH-TAD-0030｜已经,,,,,,,,,,,,,,,,,,,,,,,,,,,,,,,,,,已经,,,,,,,AUTH-TAD-0030,已经,1.0,3.0,located,candidate_span,,,,,,,,,,,,,,
consensus:AUTH-TAD-0030,ConsensusLabel,AUTH-TAD-0030｜时间状语,,,,,,,,,,,,,,,,,,,,,,,,,,,,,,,,,,,,,,,,,,已经,,,,,consensus:AUTH-TAD-0030,TEMPORAL_ADVERBIAL,完全一致,完全一致,完全一致,,,,,,,,,
annotation:span:AUTH-TAD-0030:r1,AnnotationDecision,标注者1-AUTH-TAD-0030,,,,,,,,,,,,,,,,,,,,,,,,,,,,,,,,,,,,,,,,,,,,,,,,,,,,ANONYMIZED_RATER_1,,annotation:span:AUTH-TAD-0030:r1,正确,是时间状语,时间状语,,,
annotation:span:AUTH-TAD-0030:r2,AnnotationDecision,标注者2-AUTH-TAD-0030,,,,,,,,,,,,,,,,,,,,,,,,,,,,,,,,,,,,,,,,,,,,,,,,,,,,ANONYMIZED_RATER_2,,annotation:span:AUTH-TAD-0030:r2,正确,是时间状语,时间状语,,,
annotation:span:AUTH-TAD-0030:r3,AnnotationDecision,标注者3-AUTH-TAD-0030,,,,,,,,,,,,,,,,,,,,,,,,,,,,,,,,,,,,,,,,,,,,,,,,,,,,ANONYMIZED_RATER_3,,annotation:span:AUTH-TAD-0030:r3,正确,是时间状语,时间状语,,,
sentence:SENT-0398,Sentence,现在都五月了，按说不应该这么冷了。,,,,,,,,,,,,,,,,,,,,,,,,,,,,,,,,,SENT-0398,现在都五月了，按说不应该这么冷了。,现在都五月了按说不应该这么冷了,国际中文教育中文水平等级标准·语法学习手册（高等）,高等,43,◎补充例句 按说这个时候应该下雪了，可今年一场雪还没下,来源字段完整但仍需正版逐页核验,,,,,,,,,,,,,,,,,,,,
span:AUTH-TAD-0031,CandidateSpan,AUTH-TAD-0031｜五月,,,,,,,,,,,,,,,,,,,,,,,,,,,,,,,,,,五月,,,,,,,AUTH-TAD-0031,五月,3.0,5.0,located,candidate_span,,,,,,,,,,,,,,
consensus:AUTH-TAD-0031,ConsensusLabel,AUTH-TAD-0031｜其他/非目标时间用法,,,,,,,,,,,,,,,,,,,,,,,,,,,,,,,,,,,,,,,,,,五月,,,,,consensus:AUTH-TAD-0031,OTHER,多数一致,完全一致,多数一致,,,,,,,,,
annotation:span:AUTH-TAD-0031:r1,AnnotationDecision,标注者1-AUTH-TAD-0031,,,,,,,,,,,,,,,,,,,,,,,,,,,,,,,,,,,,,,,,,,,,,,,,,,,,ANONYMIZED_RATER_1,,annotation:span:AUTH-TAD-0031:r1,正确,不是时间状语,普通时间名词/词语引用,,,
annotation:span:AUTH-TAD-0031:r2,AnnotationDecision,标注者2-AUTH-TAD-0031,,,,,,,,,,,,,,,,,,,,,,,,,,,,,,,,,,,,,,,,,,,,,,,,,,,,ANONYMIZED_RATER_2,,annotation:span:AUTH-TAD-0031:r2,边界不完整,不是时间状语,提取错误：边界不完整,现在都五月了,,
annotation:span:AUTH-TAD-0031:r3,AnnotationDecision,标注者3-AUTH-TAD-0031,,,,,,,,,,,,,,,,,,,,,,,,,,,,,,,,,,,,,,,,,,,,,,,,,,,,ANONYMIZED_RATER_3,,annotation:span:AUTH-TAD-0031:r3,正确,不是时间状语,普通时间名词/词语引用,,,
sentence:SENT-0166,Sentence,出国以后，他再也没吃过这么好吃的中国菜。,,,,,,,,,,,,,,,,,,,,,,,,,,,,,,,,,SENT-0166,出国以后，他再也没吃过这么好吃的中国菜。,出国以后他再也没吃过这么好吃的中国菜,国际中文教育中文水平等级标准·语法学习手册（中等）,中等,249,法 (1)“再也不”用在动词前，表示从说话时或某个时间点开始永远不会重复某动 作行为,来源字段完整但仍需正版逐页核验,,,,,,,,,,,,,,,,,,,,
span:AUTH-TAD-0032,CandidateSpan,AUTH-TAD-0032｜出国以后,,,,,,,,,,,,,,,,,,,,,,,,,,,,,,,,,,出国以后,,,,,,,AUTH-TAD-0032,出国以后,0.0,4.0,located,candidate_span,,,,,,,,,,,,,,
consensus:AUTH-TAD-0032,ConsensusLabel,AUTH-TAD-0032｜时间状语,,,,,,,,,,,,,,,,,,,,,,,,,,,,,,,,,,,,,,,,,,出国以后,,,,,consensus:AUTH-TAD-0032,TEMPORAL_ADVERBIAL,完全一致,完全一致,完全一致,,,,,,,,,
annotation:span:AUTH-TAD-0032:r1,AnnotationDecision,标注者1-AUTH-TAD-0032,,,,,,,,,,,,,,,,,,,,,,,,,,,,,,,,,,,,,,,,,,,,,,,,,,,,ANONYMIZED_RATER_1,,annotation:span:AUTH-TAD-0032:r1,正确,是时间状语,时间状语,,,
annotation:span:AUTH-TAD-0032:r2,AnnotationDecision,标注者2-AUTH-TAD-0032,,,,,,,,,,,,,,,,,,,,,,,,,,,,,,,,,,,,,,,,,,,,,,,,,,,,ANONYMIZED_RATER_2,,annotation:span:AUTH-TAD-0032:r2,正确,是时间状语,时间状语,,,
annotation:span:AUTH-TAD-0032:r3,AnnotationDecision,标注者3-AUTH-TAD-0032,,,,,,,,,,,,,,,,,,,,,,,,,,,,,,,,,,,,,,,,,,,,,,,,,,,,ANONYMIZED_RATER_3,,annotation:span:AUTH-TAD-0032:r3,正确,是时间状语,时间状语,,,
sentence:SENT-0215,Sentence,她每天都给家里打电话，好让父母放心。,,,,,,,,,,,,,,,,,,,,,,,,,,,,,,,,,SENT-0215,她每天都给家里打电话，好让父母放心。,她每天都给家里打电话好让父母放心,国际中文教育中文水平等级标准·语法学习手册（中等）,中等,113,句 老师布置了听写作业， 我们应该不断地引 我打算每天步行 好帮助我们练习汉字,来源字段完整但仍需正版逐页核验,,,,,,,,,,,,,,,,,,,,
span:AUTH-TAD-0033,CandidateSpan,AUTH-TAD-0033｜每天,,,,,,,,,,,,,,,,,,,,,,,,,,,,,,,,,,每天,,,,,,,AUTH-TAD-0033,每天,1.0,3.0,located,candidate_span,,,,,,,,,,,,,,
consensus:AUTH-TAD-0033,ConsensusLabel,AUTH-TAD-0033｜时间状语,,,,,,,,,,,,,,,,,,,,,,,,,,,,,,,,,,,,,,,,,,每天,,,,,consensus:AUTH-TAD-0033,TEMPORAL_ADVERBIAL,完全一致,完全一致,完全一致,,,,,,,,,
annotation:span:AUTH-TAD-0033:r1,AnnotationDecision,标注者1-AUTH-TAD-0033,,,,,,,,,,,,,,,,,,,,,,,,,,,,,,,,,,,,,,,,,,,,,,,,,,,,ANONYMIZED_RATER_1,,annotation:span:AUTH-TAD-0033:r1,正确,是时间状语,时间状语,,,
annotation:span:AUTH-TAD-0033:r2,AnnotationDecision,标注者2-AUTH-TAD-0033,,,,,,,,,,,,,,,,,,,,,,,,,,,,,,,,,,,,,,,,,,,,,,,,,,,,ANONYMIZED_RATER_2,,annotation:span:AUTH-TAD-0033:r2,正确,是时间状语,时间状语,,,
annotation:span:AUTH-TAD-0033:r3,AnnotationDecision,标注者3-AUTH-TAD-0033,,,,,,,,,,,,,,,,,,,,,,,,,,,,,,,,,,,,,,,,,,,,,,,,,,,,ANONYMIZED_RATER_3,,annotation:span:AUTH-TAD-0033:r3,正确,是时间状语,时间状语,,,
sentence:SENT-0396,Sentence,现在特别想睡觉。,,,,,,,,,,,,,,,,,,,,,,,,,,,,,,,,,SENT-0396,现在特别想睡觉。,现在特别想睡觉,国际中文教育中文水平等级标准·语法学习手册（初等）,初等,140,结构特点 “十分”一般用于形容词和心理动词前，作状语,来源字段完整但仍需正版逐页核验,,,,,,,,,,,,,,,,,,,,
span:AUTH-TAD-0034,CandidateSpan,AUTH-TAD-0034｜现在,,,,,,,,,,,,,,,,,,,,,,,,,,,,,,,,,,现在,,,,,,,AUTH-TAD-0034,现在,0.0,2.0,located,candidate_span,,,,,,,,,,,,,,
consensus:AUTH-TAD-0034,ConsensusLabel,AUTH-TAD-0034｜时间状语,,,,,,,,,,,,,,,,,,,,,,,,,,,,,,,,,,,,,,,,,,现在,,,,,consensus:AUTH-TAD-0034,TEMPORAL_ADVERBIAL,完全一致,完全一致,完全一致,,,,,,,,,
annotation:span:AUTH-TAD-0034:r1,AnnotationDecision,标注者1-AUTH-TAD-0034,,,,,,,,,,,,,,,,,,,,,,,,,,,,,,,,,,,,,,,,,,,,,,,,,,,,ANONYMIZED_RATER_1,,annotation:span:AUTH-TAD-0034:r1,正确,是时间状语,时间状语,,,
annotation:span:AUTH-TAD-0034:r2,AnnotationDecision,标注者2-AUTH-TAD-0034,,,,,,,,,,,,,,,,,,,,,,,,,,,,,,,,,,,,,,,,,,,,,,,,,,,,ANONYMIZED_RATER_2,,annotation:span:AUTH-TAD-0034:r2,正确,是时间状语,时间状语,,,
annotation:span:AUTH-TAD-0034:r3,AnnotationDecision,标注者3-AUTH-TAD-0034,,,,,,,,,,,,,,,,,,,,,,,,,,,,,,,,,,,,,,,,,,,,,,,,,,,,ANONYMIZED_RATER_3,,annotation:span:AUTH-TAD-0034:r3,正确,是时间状语,时间状语,,,
sentence:SENT-0325,Sentence,既然这事你已经决定了，我就不说什么了。,,,,,,,,,,,,,,,,,,,,,,,,,,,,,,,,,SENT-0325,既然这事你已经决定了，我就不说什么了。,既然这事你已经决定了我就不说什么了,国际中文教育中文水平等级标准·语法学习手册（中等）,中等,110,例如： *既然这事你已经决定了，就我不说什么了,来源字段完整但仍需正版逐页核验,,,,,,,,,,,,,,,,,,,,
span:AUTH-TAD-0035,CandidateSpan,AUTH-TAD-0035｜已经,,,,,,,,,,,,,,,,,,,,,,,,,,,,,,,,,,已经,,,,,,,AUTH-TAD-0035,已经,5.0,7.0,located,candidate_span,,,,,,,,,,,,,,
consensus:AUTH-TAD-0035,ConsensusLabel,AUTH-TAD-0035｜时间状语,,,,,,,,,,,,,,,,,,,,,,,,,,,,,,,,,,,,,,,,,,已经,,,,,consensus:AUTH-TAD-0035,TEMPORAL_ADVERBIAL,完全一致,完全一致,完全一致,,,,,,,,,
annotation:span:AUTH-TAD-0035:r1,AnnotationDecision,标注者1-AUTH-TAD-0035,,,,,,,,,,,,,,,,,,,,,,,,,,,,,,,,,,,,,,,,,,,,,,,,,,,,ANONYMIZED_RATER_1,,annotation:span:AUTH-TAD-0035:r1,正确,是时间状语,时间状语,,,
annotation:span:AUTH-TAD-0035:r2,AnnotationDecision,标注者2-AUTH-TAD-0035,,,,,,,,,,,,,,,,,,,,,,,,,,,,,,,,,,,,,,,,,,,,,,,,,,,,ANONYMIZED_RATER_2,,annotation:span:AUTH-TAD-0035:r2,正确,是时间状语,时间状语,,,
annotation:span:AUTH-TAD-0035:r3,AnnotationDecision,标注者3-AUTH-TAD-0035,,,,,,,,,,,,,,,,,,,,,,,,,,,,,,,,,,,,,,,,,,,,,,,,,,,,ANONYMIZED_RATER_3,,annotation:span:AUTH-TAD-0035:r3,正确,是时间状语,时间状语,,,
sentence:SENT-0351,Sentence,昨天我亲眼看见了又大又亮的月亮挂在天空中。,,,,,,,,,,,,,,,,,,,,,,,,,,,,,,,,,SENT-0351,昨天我亲眼看见了又大又亮的月亮挂在天空中。,昨天我亲眼看见了又大又亮的月亮挂在天空中,国际中文教育中文水平等级标准·语法学习手册（中等）,中等,283,,页面线索缺失,,,,,,,,,,,,,,,,,,,,
span:AUTH-TAD-0036,CandidateSpan,AUTH-TAD-0036｜昨天,,,,,,,,,,,,,,,,,,,,,,,,,,,,,,,,,,昨天,,,,,,,AUTH-TAD-0036,昨天,0.0,2.0,located,candidate_span,,,,,,,,,,,,,,
consensus:AUTH-TAD-0036,ConsensusLabel,AUTH-TAD-0036｜时间状语,,,,,,,,,,,,,,,,,,,,,,,,,,,,,,,,,,,,,,,,,,昨天,,,,,consensus:AUTH-TAD-0036,TEMPORAL_ADVERBIAL,完全一致,完全一致,完全一致,,,,,,,,,
annotation:span:AUTH-TAD-0036:r1,AnnotationDecision,标注者1-AUTH-TAD-0036,,,,,,,,,,,,,,,,,,,,,,,,,,,,,,,,,,,,,,,,,,,,,,,,,,,,ANONYMIZED_RATER_1,,annotation:span:AUTH-TAD-0036:r1,正确,是时间状语,时间状语,,,
annotation:span:AUTH-TAD-0036:r2,AnnotationDecision,标注者2-AUTH-TAD-0036,,,,,,,,,,,,,,,,,,,,,,,,,,,,,,,,,,,,,,,,,,,,,,,,,,,,ANONYMIZED_RATER_2,,annotation:span:AUTH-TAD-0036:r2,正确,是时间状语,时间状语,,,
annotation:span:AUTH-TAD-0036:r3,AnnotationDecision,标注者3-AUTH-TAD-0036,,,,,,,,,,,,,,,,,,,,,,,,,,,,,,,,,,,,,,,,,,,,,,,,,,,,ANONYMIZED_RATER_3,,annotation:span:AUTH-TAD-0036:r3,正确,是时间状语,时间状语,,,
sentence:SENT-0346,Sentence,昨天他不小心把玛丽的电脑弄坏了，幸好后来修好了，否则就得赔了。,,,,,,,,,,,,,,,,,,,,,,,,,,,,,,,,,SENT-0346,昨天他不小心把玛丽的电脑弄坏了，幸好后来修好了，否则就得赔了。,昨天他不小心把玛丽的电脑弄坏了幸好后来修好了否则就得赔了,国际中文教育中文水平等级标准·语法学习手册（高等）,高等,67,小提示 “幸好”在承接上文后，如果语义已经很明确时，后面的分句可以不出现,来源字段完整但仍需正版逐页核验,,,,,,,,,,,,,,,,,,,,
span:AUTH-TAD-0037,CandidateSpan,AUTH-TAD-0037｜后来,,,,,,,,,,,,,,,,,,,,,,,,,,,,,,,,,,后来,,,,,,,AUTH-TAD-0037,后来,18.0,20.0,located,candidate_span,,,,,,,,,,,,,,
consensus:AUTH-TAD-0037,ConsensusLabel,AUTH-TAD-0037｜时间状语,,,,,,,,,,,,,,,,,,,,,,,,,,,,,,,,,,,,,,,,,,后来,,,,,consensus:AUTH-TAD-0037,TEMPORAL_ADVERBIAL,完全一致,完全一致,完全一致,,,,,,,,,
annotation:span:AUTH-TAD-0037:r1,AnnotationDecision,标注者1-AUTH-TAD-0037,,,,,,,,,,,,,,,,,,,,,,,,,,,,,,,,,,,,,,,,,,,,,,,,,,,,ANONYMIZED_RATER_1,,annotation:span:AUTH-TAD-0037:r1,正确,是时间状语,时间状语,,,
annotation:span:AUTH-TAD-0037:r2,AnnotationDecision,标注者2-AUTH-TAD-0037,,,,,,,,,,,,,,,,,,,,,,,,,,,,,,,,,,,,,,,,,,,,,,,,,,,,ANONYMIZED_RATER_2,,annotation:span:AUTH-TAD-0037:r2,正确,是时间状语,时间状语,,,
annotation:span:AUTH-TAD-0037:r3,AnnotationDecision,标注者3-AUTH-TAD-0037,,,,,,,,,,,,,,,,,,,,,,,,,,,,,,,,,,,,,,,,,,,,,,,,,,,,ANONYMIZED_RATER_3,,annotation:span:AUTH-TAD-0037:r3,正确,是时间状语,时间状语,,,
sentence:SENT-0044,Sentence,今天就可以动手，何必明天呢?,,,,,,,,,,,,,,,,,,,,,,,,,,,,,,,,,SENT-0044,今天就可以动手，何必明天呢?,今天就可以动手何必明天呢,国际中文教育中文水平等级标准·语法学习手册（高等）,高等,190,,页面线索缺失,,,,,,,,,,,,,,,,,,,,
span:AUTH-TAD-0038,CandidateSpan,AUTH-TAD-0038｜明天,,,,,,,,,,,,,,,,,,,,,,,,,,,,,,,,,,明天,,,,,,,AUTH-TAD-0038,明天,10.0,12.0,located,candidate_span,,,,,,,,,,,,,,
consensus:AUTH-TAD-0038,ConsensusLabel,AUTH-TAD-0038｜时间状语,,,,,,,,,,,,,,,,,,,,,,,,,,,,,,,,,,,,,,,,,,明天,,,,,consensus:AUTH-TAD-0038,TEMPORAL_ADVERBIAL,多数一致,多数一致,平票,,,,,,,,,
annotation:span:AUTH-TAD-0038:r1,AnnotationDecision,标注者1-AUTH-TAD-0038,,,,,,,,,,,,,,,,,,,,,,,,,,,,,,,,,,,,,,,,,,,,,,,,,,,,ANONYMIZED_RATER_1,,annotation:span:AUTH-TAD-0038:r1,正确,不是时间状语,普通时间名词/词语引用,,,
annotation:span:AUTH-TAD-0038:r2,AnnotationDecision,标注者2-AUTH-TAD-0038,,,,,,,,,,,,,,,,,,,,,,,,,,,,,,,,,,,,,,,,,,,,,,,,,,,,ANONYMIZED_RATER_2,,annotation:span:AUTH-TAD-0038:r2,正确,是时间状语,时间状语,,,
annotation:span:AUTH-TAD-0038:r3,AnnotationDecision,标注者3-AUTH-TAD-0038,,,,,,,,,,,,,,,,,,,,,,,,,,,,,,,,,,,,,,,,,,,,,,,,,,,,ANONYMIZED_RATER_3,,annotation:span:AUTH-TAD-0038:r3,漏检：有目标时间状语,是时间状语,漏检,今天,,
sentence:SENT-0199,Sentence,在采访中，这位明星提到了小时候的经历。,,,,,,,,,,,,,,,,,,,,,,,,,,,,,,,,,SENT-0199,在采访中，这位明星提到了小时候的经历。,在采访中这位明星提到了小时候的经历,国际中文教育中文水平等级标准·语法学习手册（中等）,中等,72,在采访中，这位明星提到了小时候的经历,来源字段完整但仍需正版逐页核验,,,,,,,,,,,,,,,,,,,,
span:AUTH-TAD-0039,CandidateSpan,AUTH-TAD-0039｜小时候,,,,,,,,,,,,,,,,,,,,,,,,,,,,,,,,,,小时候,,,,,,,AUTH-TAD-0039,小时候,12.0,15.0,located,candidate_span,,,,,,,,,,,,,,
consensus:AUTH-TAD-0039,ConsensusLabel,AUTH-TAD-0039｜时间定语,,,,,,,,,,,,,,,,,,,,,,,,,,,,,,,,,,,,,,,,,,小时候,,,,,consensus:AUTH-TAD-0039,ATTRIBUTE,多数一致,多数一致,多数一致,,,,,,,,,
annotation:span:AUTH-TAD-0039:r1,AnnotationDecision,标注者1-AUTH-TAD-0039,,,,,,,,,,,,,,,,,,,,,,,,,,,,,,,,,,,,,,,,,,,,,,,,,,,,ANONYMIZED_RATER_1,,annotation:span:AUTH-TAD-0039:r1,正确,不是时间状语,时间定语,,,
annotation:span:AUTH-TAD-0039:r2,AnnotationDecision,标注者2-AUTH-TAD-0039,,,,,,,,,,,,,,,,,,,,,,,,,,,,,,,,,,,,,,,,,,,,,,,,,,,,ANONYMIZED_RATER_2,,annotation:span:AUTH-TAD-0039:r2,正确,不是时间状语,时间定语,,,
annotation:span:AUTH-TAD-0039:r3,AnnotationDecision,标注者3-AUTH-TAD-0039,,,,,,,,,,,,,,,,,,,,,,,,,,,,,,,,,,,,,,,,,,,,,,,,,,,,ANONYMIZED_RATER_3,,annotation:span:AUTH-TAD-0039:r3,漏检：有目标时间状语,是时间状语,漏检,在采访中,,
sentence:SENT-0258,Sentence,您先休息吧，我们明天再来。,,,,,,,,,,,,,,,,,,,,,,,,,,,,,,,,,SENT-0258,您先休息吧，我们明天再来。,您先休息吧我们明天再来,国际中文教育中文水平等级标准·语法学习手册（初等）,初等,55,级语法点 小提示 “马上”可以用于表达未发生的动作，也可以用于说,来源字段完整但仍需正版逐页核验,,,,,,,,,,,,,,,,,,,,
span:AUTH-TAD-0040,CandidateSpan,AUTH-TAD-0040｜明天,,,,,,,,,,,,,,,,,,,,,,,,,,,,,,,,,,明天,,,,,,,AUTH-TAD-0040,明天,8.0,10.0,located,candidate_span,,,,,,,,,,,,,,
consensus:AUTH-TAD-0040,ConsensusLabel,AUTH-TAD-0040｜时间状语,,,,,,,,,,,,,,,,,,,,,,,,,,,,,,,,,,,,,,,,,,明天,,,,,consensus:AUTH-TAD-0040,TEMPORAL_ADVERBIAL,完全一致,完全一致,完全一致,,,,,,,,,
annotation:span:AUTH-TAD-0040:r1,AnnotationDecision,标注者1-AUTH-TAD-0040,,,,,,,,,,,,,,,,,,,,,,,,,,,,,,,,,,,,,,,,,,,,,,,,,,,,ANONYMIZED_RATER_1,,annotation:span:AUTH-TAD-0040:r1,正确,是时间状语,时间状语,,,
annotation:span:AUTH-TAD-0040:r2,AnnotationDecision,标注者2-AUTH-TAD-0040,,,,,,,,,,,,,,,,,,,,,,,,,,,,,,,,,,,,,,,,,,,,,,,,,,,,ANONYMIZED_RATER_2,,annotation:span:AUTH-TAD-0040:r2,正确,是时间状语,时间状语,,,
annotation:span:AUTH-TAD-0040:r3,AnnotationDecision,标注者3-AUTH-TAD-0040,,,,,,,,,,,,,,,,,,,,,,,,,,,,,,,,,,,,,,,,,,,,,,,,,,,,ANONYMIZED_RATER_3,,annotation:span:AUTH-TAD-0040:r3,正确,是时间状语,时间状语,,,
sentence:SENT-0368,Sentence,有的学校下午三点放学。,,,,,,,,,,,,,,,,,,,,,,,,,,,,,,,,,SENT-0368,有的学校下午三点放学。,有的学校下午三点放学,国际中文教育中文水平等级标准·语法学习手册（初等）,初等,44,我太忙了，没时间做别的事,来源字段完整但仍需正版逐页核验,,,,,,,,,,,,,,,,,,,,
span:AUTH-TAD-0041,CandidateSpan,AUTH-TAD-0041｜三点,,,,,,,,,,,,,,,,,,,,,,,,,,,,,,,,,,三点,,,,,,,AUTH-TAD-0041,三点,6.0,8.0,located,candidate_span,,,,,,,,,,,,,,
consensus:AUTH-TAD-0041,ConsensusLabel,AUTH-TAD-0041｜时间状语,,,,,,,,,,,,,,,,,,,,,,,,,,,,,,,,,,,,,,,,,,三点,,,,,consensus:AUTH-TAD-0041,TEMPORAL_ADVERBIAL,多数一致,多数一致,多数一致,,,,,,,,,
annotation:span:AUTH-TAD-0041:r1,AnnotationDecision,标注者1-AUTH-TAD-0041,,,,,,,,,,,,,,,,,,,,,,,,,,,,,,,,,,,,,,,,,,,,,,,,,,,,ANONYMIZED_RATER_1,,annotation:span:AUTH-TAD-0041:r1,正确,是时间状语,时间状语,,,
annotation:span:AUTH-TAD-0041:r2,AnnotationDecision,标注者2-AUTH-TAD-0041,,,,,,,,,,,,,,,,,,,,,,,,,,,,,,,,,,,,,,,,,,,,,,,,,,,,ANONYMIZED_RATER_2,,annotation:span:AUTH-TAD-0041:r2,正确,是时间状语,时间状语,,,
annotation:span:AUTH-TAD-0041:r3,AnnotationDecision,标注者3-AUTH-TAD-0041,,,,,,,,,,,,,,,,,,,,,,,,,,,,,,,,,,,,,,,,,,,,,,,,,,,,ANONYMIZED_RATER_3,,annotation:span:AUTH-TAD-0041:r3,边界不完整,不是时间状语,提取错误：边界过长,下午三点,,
sentence:SENT-0295,Sentence,我已经跟他说了很多遍，他依旧不明白。,,,,,,,,,,,,,,,,,,,,,,,,,,,,,,,,,SENT-0295,我已经跟他说了很多遍，他依旧不明白。,我已经跟他说了很多遍他依旧不明白,国际中文教育中文水平等级标准·语法学习手册（中等）,中等,156,A:爷爷现在还住在 A:谁是公司本季度 记者：您已经离开家乡多 老房子里吗? 的金牌销售员?,来源字段完整但仍需正版逐页核验,,,,,,,,,,,,,,,,,,,,
span:AUTH-TAD-0042,CandidateSpan,AUTH-TAD-0042｜已经,,,,,,,,,,,,,,,,,,,,,,,,,,,,,,,,,,已经,,,,,,,AUTH-TAD-0042,已经,1.0,3.0,located,candidate_span,,,,,,,,,,,,,,
consensus:AUTH-TAD-0042,ConsensusLabel,AUTH-TAD-0042｜时间状语,,,,,,,,,,,,,,,,,,,,,,,,,,,,,,,,,,,,,,,,,,已经,,,,,consensus:AUTH-TAD-0042,TEMPORAL_ADVERBIAL,完全一致,完全一致,完全一致,,,,,,,,,
annotation:span:AUTH-TAD-0042:r1,AnnotationDecision,标注者1-AUTH-TAD-0042,,,,,,,,,,,,,,,,,,,,,,,,,,,,,,,,,,,,,,,,,,,,,,,,,,,,ANONYMIZED_RATER_1,,annotation:span:AUTH-TAD-0042:r1,正确,是时间状语,时间状语,,,
annotation:span:AUTH-TAD-0042:r2,AnnotationDecision,标注者2-AUTH-TAD-0042,,,,,,,,,,,,,,,,,,,,,,,,,,,,,,,,,,,,,,,,,,,,,,,,,,,,ANONYMIZED_RATER_2,,annotation:span:AUTH-TAD-0042:r2,正确,是时间状语,时间状语,,,
annotation:span:AUTH-TAD-0042:r3,AnnotationDecision,标注者3-AUTH-TAD-0042,,,,,,,,,,,,,,,,,,,,,,,,,,,,,,,,,,,,,,,,,,,,,,,,,,,,ANONYMIZED_RATER_3,,annotation:span:AUTH-TAD-0042:r3,正确,是时间状语,时间状语,,,
sentence:SENT-0242,Sentence,工作了一天，我又饿又渴。,,,,,,,,,,,,,,,,,,,,,,,,,,,,,,,,,SENT-0242,工作了一天，我又饿又渴。,工作了一天我又饿又渴,国际中文教育中文水平等级标准·语法学习手册（初等）,初等,194,,页面线索缺失,,,,,,,,,,,,,,,,,,,,
span:AUTH-TAD-0043,CandidateSpan,AUTH-TAD-0043｜一天,,,,,,,,,,,,,,,,,,,,,,,,,,,,,,,,,,一天,,,,,,,AUTH-TAD-0043,一天,3.0,5.0,located,candidate_span,,,,,,,,,,,,,,
consensus:AUTH-TAD-0043,ConsensusLabel,AUTH-TAD-0043｜时长/时间补语,,,,,,,,,,,,,,,,,,,,,,,,,,,,,,,,,,,,,,,,,,一天,,,,,consensus:AUTH-TAD-0043,COMPLEMENT,完全一致,完全一致,完全一致,,,,,,,,,
annotation:span:AUTH-TAD-0043:r1,AnnotationDecision,标注者1-AUTH-TAD-0043,,,,,,,,,,,,,,,,,,,,,,,,,,,,,,,,,,,,,,,,,,,,,,,,,,,,ANONYMIZED_RATER_1,,annotation:span:AUTH-TAD-0043:r1,正确,不是时间状语,时长补语,,,
annotation:span:AUTH-TAD-0043:r2,AnnotationDecision,标注者2-AUTH-TAD-0043,,,,,,,,,,,,,,,,,,,,,,,,,,,,,,,,,,,,,,,,,,,,,,,,,,,,ANONYMIZED_RATER_2,,annotation:span:AUTH-TAD-0043:r2,正确,不是时间状语,时长补语,,,
annotation:span:AUTH-TAD-0043:r3,AnnotationDecision,标注者3-AUTH-TAD-0043,,,,,,,,,,,,,,,,,,,,,,,,,,,,,,,,,,,,,,,,,,,,,,,,,,,,ANONYMIZED_RATER_3,,annotation:span:AUTH-TAD-0043:r3,正确,不是时间状语,时长补语,,,
sentence:SENT-0345,Sentence,昨天不如今天凉快。,,,,,,,,,,,,,,,,,,,,,,,,,,,,,,,,,SENT-0345,昨天不如今天凉快。,昨天不如今天凉快,国际中文教育中文水平等级标准·语法学习手册（初等）,初等,211,,页面线索缺失,,,,,,,,,,,,,,,,,,,,
span:AUTH-TAD-0044,CandidateSpan,AUTH-TAD-0044｜今天,,,,,,,,,,,,,,,,,,,,,,,,,,,,,,,,,,今天,,,,,,,AUTH-TAD-0044,今天,4.0,6.0,located,candidate_span,,,,,,,,,,,,,,
consensus:AUTH-TAD-0044,ConsensusLabel,AUTH-TAD-0044｜其他/非目标时间用法,,,,,,,,,,,,,,,,,,,,,,,,,,,,,,,,,,,,,,,,,,今天,,,,,consensus:AUTH-TAD-0044,OTHER,多数一致,完全一致,多数一致,,,,,,,,,
annotation:span:AUTH-TAD-0044:r1,AnnotationDecision,标注者1-AUTH-TAD-0044,,,,,,,,,,,,,,,,,,,,,,,,,,,,,,,,,,,,,,,,,,,,,,,,,,,,ANONYMIZED_RATER_1,,annotation:span:AUTH-TAD-0044:r1,正确,不是时间状语,普通时间名词/词语引用,,,
annotation:span:AUTH-TAD-0044:r2,AnnotationDecision,标注者2-AUTH-TAD-0044,,,,,,,,,,,,,,,,,,,,,,,,,,,,,,,,,,,,,,,,,,,,,,,,,,,,ANONYMIZED_RATER_2,,annotation:span:AUTH-TAD-0044:r2,不是时间表达,不是时间状语,提取错误：不是时间表达,无,,
annotation:span:AUTH-TAD-0044:r3,AnnotationDecision,标注者3-AUTH-TAD-0044,,,,,,,,,,,,,,,,,,,,,,,,,,,,,,,,,,,,,,,,,,,,,,,,,,,,ANONYMIZED_RATER_3,,annotation:span:AUTH-TAD-0044:r3,正确,不是时间状语,普通时间名词/词语引用,,,
sentence:SENT-0424,Sentence,觉，现在太累了。,,,,,,,,,,,,,,,,,,,,,,,,,,,,,,,,,SENT-0424,觉，现在太累了。,觉现在太累了,国际中文教育中文水平等级标准·语法学习手册（初等）,初等,235,,页面线索缺失,,,,,,,,,,,,,,,,,,,,
span:AUTH-TAD-0045,CandidateSpan,AUTH-TAD-0045｜现在,,,,,,,,,,,,,,,,,,,,,,,,,,,,,,,,,,现在,,,,,,,AUTH-TAD-0045,现在,2.0,4.0,located,candidate_span,,,,,,,,,,,,,,
consensus:AUTH-TAD-0045,ConsensusLabel,AUTH-TAD-0045｜其他/非目标时间用法,,,,,,,,,,,,,,,,,,,,,,,,,,,,,,,,,,,,,,,,,,现在,,,,,consensus:AUTH-TAD-0045,OTHER,完全一致,多数一致,平票,,,,,,,,,
annotation:span:AUTH-TAD-0045:r1,AnnotationDecision,标注者1-AUTH-TAD-0045,,,,,,,,,,,,,,,,,,,,,,,,,,,,,,,,,,,,,,,,,,,,,,,,,,,,ANONYMIZED_RATER_1,,annotation:span:AUTH-TAD-0045:r1,正确,不是时间状语,普通时间名词/词语引用,,,
annotation:span:AUTH-TAD-0045:r2,AnnotationDecision,标注者2-AUTH-TAD-0045,,,,,,,,,,,,,,,,,,,,,,,,,,,,,,,,,,,,,,,,,,,,,,,,,,,,ANONYMIZED_RATER_2,,annotation:span:AUTH-TAD-0045:r2,正确,不是时间状语,时长补语,,,
annotation:span:AUTH-TAD-0045:r3,AnnotationDecision,标注者3-AUTH-TAD-0045,,,,,,,,,,,,,,,,,,,,,,,,,,,,,,,,,,,,,,,,,,,,,,,,,,,,ANONYMIZED_RATER_3,,annotation:span:AUTH-TAD-0045:r3,正确,是时间状语,时间状语,,,
sentence:SENT-0099,Sentence,他放假了，这两天在上海玩儿呢。,,,,,,,,,,,,,,,,,,,,,,,,,,,,,,,,,SENT-0099,他放假了，这两天在上海玩儿呢。,他放假了这两天在上海玩儿呢,国际中文教育中文水平等级标准·语法学习手册（初等）,初等,105,):……呢 【一42】 ◎基本语义及用法 指事情正在发生或者动作正在进行,来源字段完整但仍需正版逐页核验,,,,,,,,,,,,,,,,,,,,
span:AUTH-TAD-0046,CandidateSpan,AUTH-TAD-0046｜两天,,,,,,,,,,,,,,,,,,,,,,,,,,,,,,,,,,两天,,,,,,,AUTH-TAD-0046,这两天,6.0,8.0,located,majority_fixed_span,,,,,,,,,,,,,,
consensus:AUTH-TAD-0046,ConsensusLabel,AUTH-TAD-0046｜其他/非目标时间用法,,,,,,,,,,,,,,,,,,,,,,,,,,,,,,,,,,,,,,,,,,这两天,,,,,consensus:AUTH-TAD-0046,OTHER,多数一致,多数一致,多数一致,,,,,,,,,
annotation:span:AUTH-TAD-0046:r1,AnnotationDecision,标注者1-AUTH-TAD-0046,,,,,,,,,,,,,,,,,,,,,,,,,,,,,,,,,,,,,,,,,,,,,,,,,,,,ANONYMIZED_RATER_1,,annotation:span:AUTH-TAD-0046:r1,边界不完整,不是时间状语,提取错误：边界不完整,这两天,,
annotation:span:AUTH-TAD-0046:r2,AnnotationDecision,标注者2-AUTH-TAD-0046,,,,,,,,,,,,,,,,,,,,,,,,,,,,,,,,,,,,,,,,,,,,,,,,,,,,ANONYMIZED_RATER_2,,annotation:span:AUTH-TAD-0046:r2,正确,是时间状语,时间状语,,,
annotation:span:AUTH-TAD-0046:r3,AnnotationDecision,标注者3-AUTH-TAD-0046,,,,,,,,,,,,,,,,,,,,,,,,,,,,,,,,,,,,,,,,,,,,,,,,,,,,ANONYMIZED_RATER_3,,annotation:span:AUTH-TAD-0046:r3,边界不完整,不是时间状语,提取错误：边界不完整,这两天,,
sentence:SENT-0139,Sentence,你怎么今天才来?,,,,,,,,,,,,,,,,,,,,,,,,,,,,,,,,,SENT-0139,你怎么今天才来?,你怎么今天才来,国际中文教育中文水平等级标准·语法学习手册（初等）,初等,164,示说话人认为事情发生得比预想的晚，也可表达数量少、时间早、程度低等， 具有较强的主观性,来源字段完整但仍需正版逐页核验,,,,,,,,,,,,,,,,,,,,
span:AUTH-TAD-0047,CandidateSpan,AUTH-TAD-0047｜今天,,,,,,,,,,,,,,,,,,,,,,,,,,,,,,,,,,今天,,,,,,,AUTH-TAD-0047,今天,3.0,5.0,located,candidate_span,,,,,,,,,,,,,,
consensus:AUTH-TAD-0047,ConsensusLabel,AUTH-TAD-0047｜时间状语,,,,,,,,,,,,,,,,,,,,,,,,,,,,,,,,,,,,,,,,,,今天,,,,,consensus:AUTH-TAD-0047,TEMPORAL_ADVERBIAL,完全一致,多数一致,多数一致,,,,,,,,,
annotation:span:AUTH-TAD-0047:r1,AnnotationDecision,标注者1-AUTH-TAD-0047,,,,,,,,,,,,,,,,,,,,,,,,,,,,,,,,,,,,,,,,,,,,,,,,,,,,ANONYMIZED_RATER_1,,annotation:span:AUTH-TAD-0047:r1,正确,不是时间状语,普通时间名词/词语引用,,,
annotation:span:AUTH-TAD-0047:r2,AnnotationDecision,标注者2-AUTH-TAD-0047,,,,,,,,,,,,,,,,,,,,,,,,,,,,,,,,,,,,,,,,,,,,,,,,,,,,ANONYMIZED_RATER_2,,annotation:span:AUTH-TAD-0047:r2,正确,是时间状语,时间状语,,,
annotation:span:AUTH-TAD-0047:r3,AnnotationDecision,标注者3-AUTH-TAD-0047,,,,,,,,,,,,,,,,,,,,,,,,,,,,,,,,,,,,,,,,,,,,,,,,,,,,ANONYMIZED_RATER_3,,annotation:span:AUTH-TAD-0047:r3,正确,是时间状语,时间状语,,,
sentence:SENT-0298,Sentence,我感冒了，幸好没发烧，不然今天就不能上班了。,,,,,,,,,,,,,,,,,,,,,,,,,,,,,,,,,SENT-0298,我感冒了，幸好没发烧，不然今天就不能上班了。,我感冒了幸好没发烧不然今天就不能上班了,国际中文教育中文水平等级标准·语法学习手册（高等）,高等,67,小提示 “幸好”在承接上文后，如果语义已经很明确时，后面的分句可以不出现,来源字段完整但仍需正版逐页核验,,,,,,,,,,,,,,,,,,,,
span:AUTH-TAD-0048,CandidateSpan,AUTH-TAD-0048｜今天,,,,,,,,,,,,,,,,,,,,,,,,,,,,,,,,,,今天,,,,,,,AUTH-TAD-0048,今天,13.0,15.0,located,candidate_span,,,,,,,,,,,,,,
consensus:AUTH-TAD-0048,ConsensusLabel,AUTH-TAD-0048｜时间状语,,,,,,,,,,,,,,,,,,,,,,,,,,,,,,,,,,,,,,,,,,今天,,,,,consensus:AUTH-TAD-0048,TEMPORAL_ADVERBIAL,完全一致,多数一致,多数一致,,,,,,,,,
annotation:span:AUTH-TAD-0048:r1,AnnotationDecision,标注者1-AUTH-TAD-0048,,,,,,,,,,,,,,,,,,,,,,,,,,,,,,,,,,,,,,,,,,,,,,,,,,,,ANONYMIZED_RATER_1,,annotation:span:AUTH-TAD-0048:r1,正确,不是时间状语,普通时间名词/词语引用,,,
annotation:span:AUTH-TAD-0048:r2,AnnotationDecision,标注者2-AUTH-TAD-0048,,,,,,,,,,,,,,,,,,,,,,,,,,,,,,,,,,,,,,,,,,,,,,,,,,,,ANONYMIZED_RATER_2,,annotation:span:AUTH-TAD-0048:r2,正确,是时间状语,时间状语,,,
annotation:span:AUTH-TAD-0048:r3,AnnotationDecision,标注者3-AUTH-TAD-0048,,,,,,,,,,,,,,,,,,,,,,,,,,,,,,,,,,,,,,,,,,,,,,,,,,,,ANONYMIZED_RATER_3,,annotation:span:AUTH-TAD-0048:r3,正确,是时间状语,时间状语,,,
sentence:SENT-0464,Sentence,除下大雨以外，他每天都坚持跑步。,,,,,,,,,,,,,,,,,,,,,,,,,,,,,,,,,SENT-0464,除下大雨以外，他每天都坚持跑步。,除下大雨以外他每天都坚持跑步,国际中文教育中文水平等级标准·语法学习手册（中等）,中等,300,(在公司) (在朋友家) (在机场) A:会议马上就要 A:房间里的东西我都 工作人员：你,来源字段完整但仍需正版逐页核验,,,,,,,,,,,,,,,,,,,,
span:AUTH-TAD-0049,CandidateSpan,AUTH-TAD-0049｜每天,,,,,,,,,,,,,,,,,,,,,,,,,,,,,,,,,,每天,,,,,,,AUTH-TAD-0049,每天,8.0,10.0,located,candidate_span,,,,,,,,,,,,,,
consensus:AUTH-TAD-0049,ConsensusLabel,AUTH-TAD-0049｜时间状语,,,,,,,,,,,,,,,,,,,,,,,,,,,,,,,,,,,,,,,,,,每天,,,,,consensus:AUTH-TAD-0049,TEMPORAL_ADVERBIAL,完全一致,完全一致,完全一致,,,,,,,,,
annotation:span:AUTH-TAD-0049:r1,AnnotationDecision,标注者1-AUTH-TAD-0049,,,,,,,,,,,,,,,,,,,,,,,,,,,,,,,,,,,,,,,,,,,,,,,,,,,,ANONYMIZED_RATER_1,,annotation:span:AUTH-TAD-0049:r1,正确,是时间状语,时间状语,,,
annotation:span:AUTH-TAD-0049:r2,AnnotationDecision,标注者2-AUTH-TAD-0049,,,,,,,,,,,,,,,,,,,,,,,,,,,,,,,,,,,,,,,,,,,,,,,,,,,,ANONYMIZED_RATER_2,,annotation:span:AUTH-TAD-0049:r2,正确,是时间状语,时间状语,,,
annotation:span:AUTH-TAD-0049:r3,AnnotationDecision,标注者3-AUTH-TAD-0049,,,,,,,,,,,,,,,,,,,,,,,,,,,,,,,,,,,,,,,,,,,,,,,,,,,,ANONYMIZED_RATER_3,,annotation:span:AUTH-TAD-0049:r3,正确,是时间状语,时间状语,,,
sentence:SENT-0381,Sentence,海浪已经平静下去了。,,,,,,,,,,,,,,,,,,,,,,,,,,,,,,,,,SENT-0381,海浪已经平静下去了。,海浪已经平静下去了,国际中文教育中文水平等级标准·语法学习手册（中等）,中等,335,海浪已经平静下去了,来源字段完整但仍需正版逐页核验,,,,,,,,,,,,,,,,,,,,
span:AUTH-TAD-0050,CandidateSpan,AUTH-TAD-0050｜已经,,,,,,,,,,,,,,,,,,,,,,,,,,,,,,,,,,已经,,,,,,,AUTH-TAD-0050,已经,2.0,4.0,located,candidate_span,,,,,,,,,,,,,,
consensus:AUTH-TAD-0050,ConsensusLabel,AUTH-TAD-0050｜时间状语,,,,,,,,,,,,,,,,,,,,,,,,,,,,,,,,,,,,,,,,,,已经,,,,,consensus:AUTH-TAD-0050,TEMPORAL_ADVERBIAL,完全一致,完全一致,完全一致,,,,,,,,,
annotation:span:AUTH-TAD-0050:r1,AnnotationDecision,标注者1-AUTH-TAD-0050,,,,,,,,,,,,,,,,,,,,,,,,,,,,,,,,,,,,,,,,,,,,,,,,,,,,ANONYMIZED_RATER_1,,annotation:span:AUTH-TAD-0050:r1,正确,是时间状语,时间状语,,,
annotation:span:AUTH-TAD-0050:r2,AnnotationDecision,标注者2-AUTH-TAD-0050,,,,,,,,,,,,,,,,,,,,,,,,,,,,,,,,,,,,,,,,,,,,,,,,,,,,ANONYMIZED_RATER_2,,annotation:span:AUTH-TAD-0050:r2,正确,是时间状语,时间状语,,,
annotation:span:AUTH-TAD-0050:r3,AnnotationDecision,标注者3-AUTH-TAD-0050,,,,,,,,,,,,,,,,,,,,,,,,,,,,,,,,,,,,,,,,,,,,,,,,,,,,ANONYMIZED_RATER_3,,annotation:span:AUTH-TAD-0050:r3,正确,是时间状语,时间状语,,,
sentence:SENT-0039,Sentence,今天到场的另一位嘉宾是北京大学中文系的王教授。,,,,,,,,,,,,,,,,,,,,,,,,,,,,,,,,,SENT-0039,今天到场的另一位嘉宾是北京大学中文系的王教授。,今天到场的另一位嘉宾是北京大学中文系的王教授,国际中文教育中文水平等级标准·语法学习手册（高等）,高等,12,◎结构特点 “另”一般用于数量短语前边作定语,来源字段完整但仍需正版逐页核验,,,,,,,,,,,,,,,,,,,,
span:AUTH-TAD-0051,CandidateSpan,AUTH-TAD-0051｜今天,,,,,,,,,,,,,,,,,,,,,,,,,,,,,,,,,,今天,,,,,,,AUTH-TAD-0051,今天,0.0,2.0,located,candidate_span,,,,,,,,,,,,,,
consensus:AUTH-TAD-0051,ConsensusLabel,AUTH-TAD-0051｜时间状语,,,,,,,,,,,,,,,,,,,,,,,,,,,,,,,,,,,,,,,,,,今天,,,,,consensus:AUTH-TAD-0051,TEMPORAL_ADVERBIAL,完全一致,完全一致,完全一致,,,,,,,,,
annotation:span:AUTH-TAD-0051:r1,AnnotationDecision,标注者1-AUTH-TAD-0051,,,,,,,,,,,,,,,,,,,,,,,,,,,,,,,,,,,,,,,,,,,,,,,,,,,,ANONYMIZED_RATER_1,,annotation:span:AUTH-TAD-0051:r1,正确,是时间状语,时间状语,,,
annotation:span:AUTH-TAD-0051:r2,AnnotationDecision,标注者2-AUTH-TAD-0051,,,,,,,,,,,,,,,,,,,,,,,,,,,,,,,,,,,,,,,,,,,,,,,,,,,,ANONYMIZED_RATER_2,,annotation:span:AUTH-TAD-0051:r2,正确,是时间状语,时间状语,,,
annotation:span:AUTH-TAD-0051:r3,AnnotationDecision,标注者3-AUTH-TAD-0051,,,,,,,,,,,,,,,,,,,,,,,,,,,,,,,,,,,,,,,,,,,,,,,,,,,,ANONYMIZED_RATER_3,,annotation:span:AUTH-TAD-0051:r3,正确,是时间状语,时间状语,,,
sentence:SENT-0196,Sentence,国现在还说不定。,,,,,,,,,,,,,,,,,,,,,,,,,,,,,,,,,SENT-0196,国现在还说不定。,国现在还说不定,国际中文教育中文水平等级标准·语法学习手册（中等）,中等,62,这个项目才刚刚开始，什么时候能出成果还说不定呢,来源字段完整但仍需正版逐页核验,,,,,,,,,,,,,,,,,,,,
span:AUTH-TAD-0052,CandidateSpan,AUTH-TAD-0052｜现在,,,,,,,,,,,,,,,,,,,,,,,,,,,,,,,,,,现在,,,,,,,AUTH-TAD-0052,现在,1.0,3.0,located,candidate_span,,,,,,,,,,,,,,
consensus:AUTH-TAD-0052,ConsensusLabel,AUTH-TAD-0052｜时间状语,,,,,,,,,,,,,,,,,,,,,,,,,,,,,,,,,,,,,,,,,,现在,,,,,consensus:AUTH-TAD-0052,TEMPORAL_ADVERBIAL,完全一致,完全一致,完全一致,,,,,,,,,
annotation:span:AUTH-TAD-0052:r1,AnnotationDecision,标注者1-AUTH-TAD-0052,,,,,,,,,,,,,,,,,,,,,,,,,,,,,,,,,,,,,,,,,,,,,,,,,,,,ANONYMIZED_RATER_1,,annotation:span:AUTH-TAD-0052:r1,正确,是时间状语,时间状语,,,
annotation:span:AUTH-TAD-0052:r2,AnnotationDecision,标注者2-AUTH-TAD-0052,,,,,,,,,,,,,,,,,,,,,,,,,,,,,,,,,,,,,,,,,,,,,,,,,,,,ANONYMIZED_RATER_2,,annotation:span:AUTH-TAD-0052:r2,正确,是时间状语,时间状语,,,
annotation:span:AUTH-TAD-0052:r3,AnnotationDecision,标注者3-AUTH-TAD-0052,,,,,,,,,,,,,,,,,,,,,,,,,,,,,,,,,,,,,,,,,,,,,,,,,,,,ANONYMIZED_RATER_3,,annotation:span:AUTH-TAD-0052:r3,正确,是时间状语,时间状语,,,
sentence:SENT-0038,Sentence,今天刚开完会，明天又要开会。,,,,,,,,,,,,,,,,,,,,,,,,,,,,,,,,,SENT-0038,今天刚开完会，明天又要开会。,今天刚开完会明天又要开会,国际中文教育中文水平等级标准·语法学习手册（初等）,初等,156,你怎么又不高兴了? 今天刚开完会，明天又要开会,来源字段完整但仍需正版逐页核验,,,,,,,,,,,,,,,,,,,,
span:AUTH-TAD-0053,CandidateSpan,AUTH-TAD-0053｜明天,,,,,,,,,,,,,,,,,,,,,,,,,,,,,,,,,,明天,,,,,,,AUTH-TAD-0053,明天,7.0,9.0,located,candidate_span,,,,,,,,,,,,,,
consensus:AUTH-TAD-0053,ConsensusLabel,AUTH-TAD-0053｜时间状语,,,,,,,,,,,,,,,,,,,,,,,,,,,,,,,,,,,,,,,,,,明天,,,,,consensus:AUTH-TAD-0053,TEMPORAL_ADVERBIAL,完全一致,多数一致,多数一致,,,,,,,,,
annotation:span:AUTH-TAD-0053:r1,AnnotationDecision,标注者1-AUTH-TAD-0053,,,,,,,,,,,,,,,,,,,,,,,,,,,,,,,,,,,,,,,,,,,,,,,,,,,,ANONYMIZED_RATER_1,,annotation:span:AUTH-TAD-0053:r1,正确,不是时间状语,普通时间名词/词语引用,,,
annotation:span:AUTH-TAD-0053:r2,AnnotationDecision,标注者2-AUTH-TAD-0053,,,,,,,,,,,,,,,,,,,,,,,,,,,,,,,,,,,,,,,,,,,,,,,,,,,,ANONYMIZED_RATER_2,,annotation:span:AUTH-TAD-0053:r2,正确,是时间状语,时间状语,,,
annotation:span:AUTH-TAD-0053:r3,AnnotationDecision,标注者3-AUTH-TAD-0053,,,,,,,,,,,,,,,,,,,,,,,,,,,,,,,,,,,,,,,,,,,,,,,,,,,,ANONYMIZED_RATER_3,,annotation:span:AUTH-TAD-0053:r3,正确,是时间状语,时间状语,,,
sentence:SENT-0412,Sentence,经过这场病，他的身体反倒比以前好了。,,,,,,,,,,,,,,,,,,,,,,,,,,,,,,,,,SENT-0412,经过这场病，他的身体反倒比以前好了。,经过这场病他的身体反倒比以前好了,国际中文教育中文水平等级标准·语法学习手册（高等）,高等,52,经过这场病，他的身体反倒比以前好了,来源字段完整但仍需正版逐页核验,,,,,,,,,,,,,,,,,,,,
span:AUTH-TAD-0054,CandidateSpan,AUTH-TAD-0054｜以前,,,,,,,,,,,,,,,,,,,,,,,,,,,,,,,,,,以前,,,,,,,AUTH-TAD-0054,以前,13.0,15.0,located,candidate_span,,,,,,,,,,,,,,
consensus:AUTH-TAD-0054,ConsensusLabel,AUTH-TAD-0054｜时长/时间补语,,,,,,,,,,,,,,,,,,,,,,,,,,,,,,,,,,,,,,,,,,以前,,,,,consensus:AUTH-TAD-0054,COMPLEMENT,多数一致,多数一致,平票,,,,,,,,,
annotation:span:AUTH-TAD-0054:r1,AnnotationDecision,标注者1-AUTH-TAD-0054,,,,,,,,,,,,,,,,,,,,,,,,,,,,,,,,,,,,,,,,,,,,,,,,,,,,ANONYMIZED_RATER_1,,annotation:span:AUTH-TAD-0054:r1,正确,不是时间状语,时长补语,,,
annotation:span:AUTH-TAD-0054:r2,AnnotationDecision,标注者2-AUTH-TAD-0054,,,,,,,,,,,,,,,,,,,,,,,,,,,,,,,,,,,,,,,,,,,,,,,,,,,,ANONYMIZED_RATER_2,,annotation:span:AUTH-TAD-0054:r2,不是时间表达,不是时间状语,提取错误：不是时间表达,无,,
annotation:span:AUTH-TAD-0054:r3,AnnotationDecision,标注者3-AUTH-TAD-0054,,,,,,,,,,,,,,,,,,,,,,,,,,,,,,,,,,,,,,,,,,,,,,,,,,,,ANONYMIZED_RATER_3,,annotation:span:AUTH-TAD-0054:r3,正确,是时间状语,时间状语,,,
sentence:SENT-0353,Sentence,昨天我又看了一遍。,,,,,,,,,,,,,,,,,,,,,,,,,,,,,,,,,SENT-0353,昨天我又看了一遍。,昨天我又看了一遍,国际中文教育中文水平等级标准·语法学习手册（初等）,初等,156,你怎么又不高兴了? 今天刚开完会，明天又要开会,来源字段完整但仍需正版逐页核验,,,,,,,,,,,,,,,,,,,,
span:AUTH-TAD-0055,CandidateSpan,AUTH-TAD-0055｜昨天,,,,,,,,,,,,,,,,,,,,,,,,,,,,,,,,,,昨天,,,,,,,AUTH-TAD-0055,昨天,0.0,2.0,located,candidate_span,,,,,,,,,,,,,,
consensus:AUTH-TAD-0055,ConsensusLabel,AUTH-TAD-0055｜时间状语,,,,,,,,,,,,,,,,,,,,,,,,,,,,,,,,,,,,,,,,,,昨天,,,,,consensus:AUTH-TAD-0055,TEMPORAL_ADVERBIAL,完全一致,完全一致,完全一致,,,,,,,,,
annotation:span:AUTH-TAD-0055:r1,AnnotationDecision,标注者1-AUTH-TAD-0055,,,,,,,,,,,,,,,,,,,,,,,,,,,,,,,,,,,,,,,,,,,,,,,,,,,,ANONYMIZED_RATER_1,,annotation:span:AUTH-TAD-0055:r1,正确,是时间状语,时间状语,,,
annotation:span:AUTH-TAD-0055:r2,AnnotationDecision,标注者2-AUTH-TAD-0055,,,,,,,,,,,,,,,,,,,,,,,,,,,,,,,,,,,,,,,,,,,,,,,,,,,,ANONYMIZED_RATER_2,,annotation:span:AUTH-TAD-0055:r2,正确,是时间状语,时间状语,,,
annotation:span:AUTH-TAD-0055:r3,AnnotationDecision,标注者3-AUTH-TAD-0055,,,,,,,,,,,,,,,,,,,,,,,,,,,,,,,,,,,,,,,,,,,,,,,,,,,,ANONYMIZED_RATER_3,,annotation:span:AUTH-TAD-0055:r3,正确,是时间状语,时间状语,,,
sentence:SENT-0144,Sentence,你明天早点儿来，可以吗?,,,,,,,,,,,,,,,,,,,,,,,,,,,,,,,,,SENT-0144,你明天早点儿来，可以吗?,你明天早点儿来可以吗,国际中文教育中文水平等级标准·语法学习手册（初等）,初等,246,示强调参见第200页“90.‘是……的’句1:强调时间、地点、 方式、动作者等”,来源字段完整但仍需正版逐页核验,,,,,,,,,,,,,,,,,,,,
span:AUTH-TAD-0056,CandidateSpan,AUTH-TAD-0056｜明天,,,,,,,,,,,,,,,,,,,,,,,,,,,,,,,,,,明天,,,,,,,AUTH-TAD-0056,明天,1.0,3.0,located,candidate_span,,,,,,,,,,,,,,
consensus:AUTH-TAD-0056,ConsensusLabel,AUTH-TAD-0056｜时间状语,,,,,,,,,,,,,,,,,,,,,,,,,,,,,,,,,,,,,,,,,,明天,,,,,consensus:AUTH-TAD-0056,TEMPORAL_ADVERBIAL,完全一致,完全一致,完全一致,,,,,,,,,
annotation:span:AUTH-TAD-0056:r1,AnnotationDecision,标注者1-AUTH-TAD-0056,,,,,,,,,,,,,,,,,,,,,,,,,,,,,,,,,,,,,,,,,,,,,,,,,,,,ANONYMIZED_RATER_1,,annotation:span:AUTH-TAD-0056:r1,正确,是时间状语,时间状语,,,
annotation:span:AUTH-TAD-0056:r2,AnnotationDecision,标注者2-AUTH-TAD-0056,,,,,,,,,,,,,,,,,,,,,,,,,,,,,,,,,,,,,,,,,,,,,,,,,,,,ANONYMIZED_RATER_2,,annotation:span:AUTH-TAD-0056:r2,正确,是时间状语,时间状语,,,
annotation:span:AUTH-TAD-0056:r3,AnnotationDecision,标注者3-AUTH-TAD-0056,,,,,,,,,,,,,,,,,,,,,,,,,,,,,,,,,,,,,,,,,,,,,,,,,,,,ANONYMIZED_RATER_3,,annotation:span:AUTH-TAD-0056:r3,正确,是时间状语,时间状语,,,
sentence:SENT-0115,Sentence,他的工作有时非常忙。,,,,,,,,,,,,,,,,,,,,,,,,,,,,,,,,,SENT-0115,他的工作有时非常忙。,他的工作有时非常忙,国际中文教育中文水平等级标准·语法学习手册（初等）,初等,56,32 时间副词(3):有时 【一11】 ○ 基本语,来源字段完整但仍需正版逐页核验,,,,,,,,,,,,,,,,,,,,
span:AUTH-TAD-0057,CandidateSpan,AUTH-TAD-0057｜有时,,,,,,,,,,,,,,,,,,,,,,,,,,,,,,,,,,有时,,,,,,,AUTH-TAD-0057,有时,4.0,6.0,located,candidate_span,,,,,,,,,,,,,,
consensus:AUTH-TAD-0057,ConsensusLabel,AUTH-TAD-0057｜时间状语,,,,,,,,,,,,,,,,,,,,,,,,,,,,,,,,,,,,,,,,,,有时,,,,,consensus:AUTH-TAD-0057,TEMPORAL_ADVERBIAL,完全一致,完全一致,完全一致,,,,,,,,,
annotation:span:AUTH-TAD-0057:r1,AnnotationDecision,标注者1-AUTH-TAD-0057,,,,,,,,,,,,,,,,,,,,,,,,,,,,,,,,,,,,,,,,,,,,,,,,,,,,ANONYMIZED_RATER_1,,annotation:span:AUTH-TAD-0057:r1,正确,是时间状语,时间状语,,,
annotation:span:AUTH-TAD-0057:r2,AnnotationDecision,标注者2-AUTH-TAD-0057,,,,,,,,,,,,,,,,,,,,,,,,,,,,,,,,,,,,,,,,,,,,,,,,,,,,ANONYMIZED_RATER_2,,annotation:span:AUTH-TAD-0057:r2,正确,是时间状语,时间状语,,,
annotation:span:AUTH-TAD-0057:r3,AnnotationDecision,标注者3-AUTH-TAD-0057,,,,,,,,,,,,,,,,,,,,,,,,,,,,,,,,,,,,,,,,,,,,,,,,,,,,ANONYMIZED_RATER_3,,annotation:span:AUTH-TAD-0057:r3,正确,是时间状语,时间状语,,,
sentence:SENT-0308,Sentence,我的朋友马上就到。,,,,,,,,,,,,,,,,,,,,,,,,,,,,,,,,,SENT-0308,我的朋友马上就到。,我的朋友马上就到,国际中文教育中文水平等级标准·语法学习手册（初等）,初等,54,30 时间副词(1):马上 【一11】 ◎基本语义及用法 表示动作,来源字段完整但仍需正版逐页核验,,,,,,,,,,,,,,,,,,,,
span:AUTH-TAD-0058,CandidateSpan,AUTH-TAD-0058｜马上,,,,,,,,,,,,,,,,,,,,,,,,,,,,,,,,,,马上,,,,,,,AUTH-TAD-0058,马上,4.0,6.0,located,candidate_span,,,,,,,,,,,,,,
consensus:AUTH-TAD-0058,ConsensusLabel,AUTH-TAD-0058｜时间状语,,,,,,,,,,,,,,,,,,,,,,,,,,,,,,,,,,,,,,,,,,马上,,,,,consensus:AUTH-TAD-0058,TEMPORAL_ADVERBIAL,完全一致,完全一致,完全一致,,,,,,,,,
annotation:span:AUTH-TAD-0058:r1,AnnotationDecision,标注者1-AUTH-TAD-0058,,,,,,,,,,,,,,,,,,,,,,,,,,,,,,,,,,,,,,,,,,,,,,,,,,,,ANONYMIZED_RATER_1,,annotation:span:AUTH-TAD-0058:r1,正确,是时间状语,时间状语,,,
annotation:span:AUTH-TAD-0058:r2,AnnotationDecision,标注者2-AUTH-TAD-0058,,,,,,,,,,,,,,,,,,,,,,,,,,,,,,,,,,,,,,,,,,,,,,,,,,,,ANONYMIZED_RATER_2,,annotation:span:AUTH-TAD-0058:r2,正确,是时间状语,时间状语,,,
annotation:span:AUTH-TAD-0058:r3,AnnotationDecision,标注者3-AUTH-TAD-0058,,,,,,,,,,,,,,,,,,,,,,,,,,,,,,,,,,,,,,,,,,,,,,,,,,,,ANONYMIZED_RATER_3,,annotation:span:AUTH-TAD-0058:r3,正确,是时间状语,时间状语,,,
sentence:SENT-0081,Sentence,他刚才已经来过了。,,,,,,,,,,,,,,,,,,,,,,,,,,,,,,,,,SENT-0081,他刚才已经来过了。,他刚才已经来过了,国际中文教育中文水平等级标准·语法学习手册（初等）,初等,152,级语法点 例句 校长已经下班了,来源字段完整但仍需正版逐页核验,,,,,,,,,,,,,,,,,,,,
span:AUTH-TAD-0059,CandidateSpan,AUTH-TAD-0059｜已经,,,,,,,,,,,,,,,,,,,,,,,,,,,,,,,,,,已经,,,,,,,AUTH-TAD-0059,已经,3.0,5.0,located,candidate_span,,,,,,,,,,,,,,
consensus:AUTH-TAD-0059,ConsensusLabel,AUTH-TAD-0059｜时间状语,,,,,,,,,,,,,,,,,,,,,,,,,,,,,,,,,,,,,,,,,,已经,,,,,consensus:AUTH-TAD-0059,TEMPORAL_ADVERBIAL,多数一致,多数一致,多数一致,,,,,,,,,
annotation:span:AUTH-TAD-0059:r1,AnnotationDecision,标注者1-AUTH-TAD-0059,,,,,,,,,,,,,,,,,,,,,,,,,,,,,,,,,,,,,,,,,,,,,,,,,,,,ANONYMIZED_RATER_1,,annotation:span:AUTH-TAD-0059:r1,正确,是时间状语,时间状语,,,
annotation:span:AUTH-TAD-0059:r2,AnnotationDecision,标注者2-AUTH-TAD-0059,,,,,,,,,,,,,,,,,,,,,,,,,,,,,,,,,,,,,,,,,,,,,,,,,,,,ANONYMIZED_RATER_2,,annotation:span:AUTH-TAD-0059:r2,正确,是时间状语,时间状语,,,
annotation:span:AUTH-TAD-0059:r3,AnnotationDecision,标注者3-AUTH-TAD-0059,,,,,,,,,,,,,,,,,,,,,,,,,,,,,,,,,,,,,,,,,,,,,,,,,,,,ANONYMIZED_RATER_3,,annotation:span:AUTH-TAD-0059:r3,边界不完整,不是时间状语,提取错误：边界不完整,刚才已经,,
sentence:SENT-0287,Sentence,我去了医院，医生已经下班了。,,,,,,,,,,,,,,,,,,,,,,,,,,,,,,,,,SENT-0287,我去了医院，医生已经下班了。,我去了医院医生已经下班了,国际中文教育中文水平等级标准·语法学习手册（初等）,初等,228,我去了医院，医生已经下班了,来源字段完整但仍需正版逐页核验,,,,,,,,,,,,,,,,,,,,
span:AUTH-TAD-0060,CandidateSpan,AUTH-TAD-0060｜已经,,,,,,,,,,,,,,,,,,,,,,,,,,,,,,,,,,已经,,,,,,,AUTH-TAD-0060,已经,8.0,10.0,located,candidate_span,,,,,,,,,,,,,,
consensus:AUTH-TAD-0060,ConsensusLabel,AUTH-TAD-0060｜时间状语,,,,,,,,,,,,,,,,,,,,,,,,,,,,,,,,,,,,,,,,,,已经,,,,,consensus:AUTH-TAD-0060,TEMPORAL_ADVERBIAL,完全一致,完全一致,完全一致,,,,,,,,,
annotation:span:AUTH-TAD-0060:r1,AnnotationDecision,标注者1-AUTH-TAD-0060,,,,,,,,,,,,,,,,,,,,,,,,,,,,,,,,,,,,,,,,,,,,,,,,,,,,ANONYMIZED_RATER_1,,annotation:span:AUTH-TAD-0060:r1,正确,是时间状语,时间状语,,,
annotation:span:AUTH-TAD-0060:r2,AnnotationDecision,标注者2-AUTH-TAD-0060,,,,,,,,,,,,,,,,,,,,,,,,,,,,,,,,,,,,,,,,,,,,,,,,,,,,ANONYMIZED_RATER_2,,annotation:span:AUTH-TAD-0060:r2,正确,是时间状语,时间状语,,,
annotation:span:AUTH-TAD-0060:r3,AnnotationDecision,标注者3-AUTH-TAD-0060,,,,,,,,,,,,,,,,,,,,,,,,,,,,,,,,,,,,,,,,,,,,,,,,,,,,ANONYMIZED_RATER_3,,annotation:span:AUTH-TAD-0060:r3,正确,是时间状语,时间状语,,,
sentence:SENT-0323,Sentence,旅行要去多长时间不确定，或两三天，或一两周。,,,,,,,,,,,,,,,,,,,,,,,,,,,,,,,,,SENT-0323,旅行要去多长时间不确定，或两三天，或一两周。,旅行要去多长时间不确定或两三天或一两周,国际中文教育中文水平等级标准·语法学习手册（高等）,高等,151,旅行要去多长时间 (在学校，讨论旅行的时间) 不确定，或两三天， A:听说你放假以,来源字段完整但仍需正版逐页核验,,,,,,,,,,,,,,,,,,,,
span:AUTH-TAD-0061,CandidateSpan,AUTH-TAD-0061｜两三天,,,,,,,,,,,,,,,,,,,,,,,,,,,,,,,,,,两三天,,,,,,,AUTH-TAD-0061,两三天,13.0,16.0,located,candidate_span,,,,,,,,,,,,,,
consensus:AUTH-TAD-0061,ConsensusLabel,AUTH-TAD-0061｜其他/非目标时间用法,,,,,,,,,,,,,,,,,,,,,,,,,,,,,,,,,,,,,,,,,,两三天,,,,,consensus:AUTH-TAD-0061,OTHER,完全一致,完全一致,多数一致,,,,,,,,,
annotation:span:AUTH-TAD-0061:r1,AnnotationDecision,标注者1-AUTH-TAD-0061,,,,,,,,,,,,,,,,,,,,,,,,,,,,,,,,,,,,,,,,,,,,,,,,,,,,ANONYMIZED_RATER_1,,annotation:span:AUTH-TAD-0061:r1,正确,不是时间状语,普通时间名词/词语引用,,,
annotation:span:AUTH-TAD-0061:r2,AnnotationDecision,标注者2-AUTH-TAD-0061,,,,,,,,,,,,,,,,,,,,,,,,,,,,,,,,,,,,,,,,,,,,,,,,,,,,ANONYMIZED_RATER_2,,annotation:span:AUTH-TAD-0061:r2,正确,不是时间状语,时长补语,,,
annotation:span:AUTH-TAD-0061:r3,AnnotationDecision,标注者3-AUTH-TAD-0061,,,,,,,,,,,,,,,,,,,,,,,,,,,,,,,,,,,,,,,,,,,,,,,,,,,,ANONYMIZED_RATER_3,,annotation:span:AUTH-TAD-0061:r3,正确,不是时间状语,普通时间名词/词语引用,,,
sentence:SENT-0158,Sentence,依照医生的要求，他每天按时吃药。,,,,,,,,,,,,,,,,,,,,,,,,,,,,,,,,,SENT-0158,依照医生的要求，他每天按时吃药。,依照医生的要求他每天按时吃药,国际中文教育中文水平等级标准·语法学习手册（中等）,中等,182,依照医生的要求，他每天按时吃药,来源字段完整但仍需正版逐页核验,,,,,,,,,,,,,,,,,,,,
span:AUTH-TAD-0062,CandidateSpan,AUTH-TAD-0062｜每天,,,,,,,,,,,,,,,,,,,,,,,,,,,,,,,,,,每天,,,,,,,AUTH-TAD-0062,每天,9.0,11.0,located,candidate_span,,,,,,,,,,,,,,
consensus:AUTH-TAD-0062,ConsensusLabel,AUTH-TAD-0062｜时间状语,,,,,,,,,,,,,,,,,,,,,,,,,,,,,,,,,,,,,,,,,,每天,,,,,consensus:AUTH-TAD-0062,TEMPORAL_ADVERBIAL,完全一致,完全一致,完全一致,,,,,,,,,
annotation:span:AUTH-TAD-0062:r1,AnnotationDecision,标注者1-AUTH-TAD-0062,,,,,,,,,,,,,,,,,,,,,,,,,,,,,,,,,,,,,,,,,,,,,,,,,,,,ANONYMIZED_RATER_1,,annotation:span:AUTH-TAD-0062:r1,正确,是时间状语,时间状语,,,
annotation:span:AUTH-TAD-0062:r2,AnnotationDecision,标注者2-AUTH-TAD-0062,,,,,,,,,,,,,,,,,,,,,,,,,,,,,,,,,,,,,,,,,,,,,,,,,,,,ANONYMIZED_RATER_2,,annotation:span:AUTH-TAD-0062:r2,正确,是时间状语,时间状语,,,
annotation:span:AUTH-TAD-0062:r3,AnnotationDecision,标注者3-AUTH-TAD-0062,,,,,,,,,,,,,,,,,,,,,,,,,,,,,,,,,,,,,,,,,,,,,,,,,,,,ANONYMIZED_RATER_3,,annotation:span:AUTH-TAD-0062:r3,正确,是时间状语,时间状语,,,
sentence:SENT-0026,Sentence,了，正在看书呢。,,,,,,,,,,,,,,,,,,,,,,,,,,,,,,,,,SENT-0026,了，正在看书呢。,了正在看书呢,国际中文教育中文水平等级标准·语法学习手册（初等）,初等,253,提示 “该……了”只能用于尚未发生的事情，不能用于已经发生的事情,来源字段完整但仍需正版逐页核验,,,,,,,,,,,,,,,,,,,,
span:AUTH-TAD-0063,CandidateSpan,AUTH-TAD-0063｜正在,,,,,,,,,,,,,,,,,,,,,,,,,,,,,,,,,,正在,,,,,,,AUTH-TAD-0063,正在,2.0,4.0,located,candidate_span,,,,,,,,,,,,,,
consensus:AUTH-TAD-0063,ConsensusLabel,AUTH-TAD-0063｜时间状语,,,,,,,,,,,,,,,,,,,,,,,,,,,,,,,,,,,,,,,,,,正在,,,,,consensus:AUTH-TAD-0063,TEMPORAL_ADVERBIAL,完全一致,完全一致,完全一致,,,,,,,,,
annotation:span:AUTH-TAD-0063:r1,AnnotationDecision,标注者1-AUTH-TAD-0063,,,,,,,,,,,,,,,,,,,,,,,,,,,,,,,,,,,,,,,,,,,,,,,,,,,,ANONYMIZED_RATER_1,,annotation:span:AUTH-TAD-0063:r1,正确,是时间状语,时间状语,,,
annotation:span:AUTH-TAD-0063:r2,AnnotationDecision,标注者2-AUTH-TAD-0063,,,,,,,,,,,,,,,,,,,,,,,,,,,,,,,,,,,,,,,,,,,,,,,,,,,,ANONYMIZED_RATER_2,,annotation:span:AUTH-TAD-0063:r2,正确,是时间状语,时间状语,,,
annotation:span:AUTH-TAD-0063:r3,AnnotationDecision,标注者3-AUTH-TAD-0063,,,,,,,,,,,,,,,,,,,,,,,,,,,,,,,,,,,,,,,,,,,,,,,,,,,,ANONYMIZED_RATER_3,,annotation:span:AUTH-TAD-0063:r3,正确,是时间状语,时间状语,,,
sentence:SENT-0304,Sentence,我每年生日都收到很多礼物。,,,,,,,,,,,,,,,,,,,,,,,,,,,,,,,,,SENT-0304,我每年生日都收到很多礼物。,我每年生日都收到很多礼物,国际中文教育中文水平等级标准·语法学习手册（初等）,初等,267,每(+一)+量词”作“人、月、星期、小时”等名词的定语时，“一”和量 词都可以省略，如“每一个,来源字段完整但仍需正版逐页核验,,,,,,,,,,,,,,,,,,,,
span:AUTH-TAD-0064,CandidateSpan,AUTH-TAD-0064｜每年,,,,,,,,,,,,,,,,,,,,,,,,,,,,,,,,,,每年,,,,,,,AUTH-TAD-0064,每年,1.0,3.0,located,candidate_span,,,,,,,,,,,,,,
consensus:AUTH-TAD-0064,ConsensusLabel,AUTH-TAD-0064｜时间定语,,,,,,,,,,,,,,,,,,,,,,,,,,,,,,,,,,,,,,,,,,每年,,,,,consensus:AUTH-TAD-0064,ATTRIBUTE,多数一致,多数一致,平票,,,,,,,,,
annotation:span:AUTH-TAD-0064:r1,AnnotationDecision,标注者1-AUTH-TAD-0064,,,,,,,,,,,,,,,,,,,,,,,,,,,,,,,,,,,,,,,,,,,,,,,,,,,,ANONYMIZED_RATER_1,,annotation:span:AUTH-TAD-0064:r1,正确,不是时间状语,时间定语,,,
annotation:span:AUTH-TAD-0064:r2,AnnotationDecision,标注者2-AUTH-TAD-0064,,,,,,,,,,,,,,,,,,,,,,,,,,,,,,,,,,,,,,,,,,,,,,,,,,,,ANONYMIZED_RATER_2,,annotation:span:AUTH-TAD-0064:r2,正确,是时间状语,时间状语,,,
annotation:span:AUTH-TAD-0064:r3,AnnotationDecision,标注者3-AUTH-TAD-0064,,,,,,,,,,,,,,,,,,,,,,,,,,,,,,,,,,,,,,,,,,,,,,,,,,,,ANONYMIZED_RATER_3,,annotation:span:AUTH-TAD-0064:r3,边界不完整,不是时间状语,提取错误：边界不完整,每年生日,,
sentence:SENT-0071,Sentence,他不是偶尔才这样，这种失误已经很多次了。,,,,,,,,,,,,,,,,,,,,,,,,,,,,,,,,,SENT-0071,他不是偶尔才这样，这种失误已经很多次了。,他不是偶尔才这样这种失误已经很多次了,国际中文教育中文水平等级标准·语法学习手册（中等）,中等,158,一向”表示长期稳定、具有规律的状态，不能和表示具体时间的词同时出现,来源字段完整但仍需正版逐页核验,,,,,,,,,,,,,,,,,,,,
span:AUTH-TAD-0065,CandidateSpan,AUTH-TAD-0065｜已经,,,,,,,,,,,,,,,,,,,,,,,,,,,,,,,,,,已经,,,,,,,AUTH-TAD-0065,已经,13.0,15.0,located,candidate_span,,,,,,,,,,,,,,
consensus:AUTH-TAD-0065,ConsensusLabel,AUTH-TAD-0065｜时间状语,,,,,,,,,,,,,,,,,,,,,,,,,,,,,,,,,,,,,,,,,,已经,,,,,consensus:AUTH-TAD-0065,TEMPORAL_ADVERBIAL,完全一致,完全一致,完全一致,,,,,,,,,
annotation:span:AUTH-TAD-0065:r1,AnnotationDecision,标注者1-AUTH-TAD-0065,,,,,,,,,,,,,,,,,,,,,,,,,,,,,,,,,,,,,,,,,,,,,,,,,,,,ANONYMIZED_RATER_1,,annotation:span:AUTH-TAD-0065:r1,正确,是时间状语,时间状语,,,
annotation:span:AUTH-TAD-0065:r2,AnnotationDecision,标注者2-AUTH-TAD-0065,,,,,,,,,,,,,,,,,,,,,,,,,,,,,,,,,,,,,,,,,,,,,,,,,,,,ANONYMIZED_RATER_2,,annotation:span:AUTH-TAD-0065:r2,正确,是时间状语,时间状语,,,
annotation:span:AUTH-TAD-0065:r3,AnnotationDecision,标注者3-AUTH-TAD-0065,,,,,,,,,,,,,,,,,,,,,,,,,,,,,,,,,,,,,,,,,,,,,,,,,,,,ANONYMIZED_RATER_3,,annotation:span:AUTH-TAD-0065:r3,正确,是时间状语,时间状语,,,
sentence:SENT-0244,Sentence,已经三天了，老板还没有答复我们。,,,,,,,,,,,,,,,,,,,,,,,,,,,,,,,,,SENT-0244,已经三天了，老板还没有答复我们。,已经三天了老板还没有答复我们,国际中文教育中文水平等级标准·语法学习手册（高等）,高等,192,七一九级语法点 经常加班确实很累，可是话又说回来，公司给的薪,来源字段完整但仍需正版逐页核验,,,,,,,,,,,,,,,,,,,,
span:AUTH-TAD-0066,CandidateSpan,AUTH-TAD-0066｜三天,,,,,,,,,,,,,,,,,,,,,,,,,,,,,,,,,,三天,,,,,,,AUTH-TAD-0066,三天,2.0,4.0,located,candidate_span,,,,,,,,,,,,,,
consensus:AUTH-TAD-0066,ConsensusLabel,AUTH-TAD-0066｜其他/非目标时间用法,,,,,,,,,,,,,,,,,,,,,,,,,,,,,,,,,,,,,,,,,,三天,,,,,consensus:AUTH-TAD-0066,OTHER,多数一致,完全一致,多数一致,,,,,,,,,
annotation:span:AUTH-TAD-0066:r1,AnnotationDecision,标注者1-AUTH-TAD-0066,,,,,,,,,,,,,,,,,,,,,,,,,,,,,,,,,,,,,,,,,,,,,,,,,,,,ANONYMIZED_RATER_1,,annotation:span:AUTH-TAD-0066:r1,正确,不是时间状语,时长补语,,,
annotation:span:AUTH-TAD-0066:r2,AnnotationDecision,标注者2-AUTH-TAD-0066,,,,,,,,,,,,,,,,,,,,,,,,,,,,,,,,,,,,,,,,,,,,,,,,,,,,ANONYMIZED_RATER_2,,annotation:span:AUTH-TAD-0066:r2,边界不完整,不是时间状语,提取错误：边界不完整,已经三天了,,
annotation:span:AUTH-TAD-0066:r3,AnnotationDecision,标注者3-AUTH-TAD-0066,,,,,,,,,,,,,,,,,,,,,,,,,,,,,,,,,,,,,,,,,,,,,,,,,,,,ANONYMIZED_RATER_3,,annotation:span:AUTH-TAD-0066:r3,边界不完整,不是时间状语,提取错误：边界不完整,已经三天,,
sentence:SENT-0195,Sentence,因为钱的事情，他们经常吵架。,,,,,,,,,,,,,,,,,,,,,,,,,,,,,,,,,SENT-0195,因为钱的事情，他们经常吵架。,因为钱的事情他们经常吵架,国际中文教育中文水平等级标准·语法学习手册（初等）,初等,327,因为钱的事情，他们经常吵架,来源字段完整但仍需正版逐页核验,,,,,,,,,,,,,,,,,,,,
span:AUTH-TAD-0067,CandidateSpan,AUTH-TAD-0067｜经常,,,,,,,,,,,,,,,,,,,,,,,,,,,,,,,,,,经常,,,,,,,AUTH-TAD-0067,经常,9.0,11.0,located,candidate_span,,,,,,,,,,,,,,
consensus:AUTH-TAD-0067,ConsensusLabel,AUTH-TAD-0067｜时间状语,,,,,,,,,,,,,,,,,,,,,,,,,,,,,,,,,,,,,,,,,,经常,,,,,consensus:AUTH-TAD-0067,TEMPORAL_ADVERBIAL,完全一致,完全一致,完全一致,,,,,,,,,
annotation:span:AUTH-TAD-0067:r1,AnnotationDecision,标注者1-AUTH-TAD-0067,,,,,,,,,,,,,,,,,,,,,,,,,,,,,,,,,,,,,,,,,,,,,,,,,,,,ANONYMIZED_RATER_1,,annotation:span:AUTH-TAD-0067:r1,正确,是时间状语,时间状语,,,
annotation:span:AUTH-TAD-0067:r2,AnnotationDecision,标注者2-AUTH-TAD-0067,,,,,,,,,,,,,,,,,,,,,,,,,,,,,,,,,,,,,,,,,,,,,,,,,,,,ANONYMIZED_RATER_2,,annotation:span:AUTH-TAD-0067:r2,正确,是时间状语,时间状语,,,
annotation:span:AUTH-TAD-0067:r3,AnnotationDecision,标注者3-AUTH-TAD-0067,,,,,,,,,,,,,,,,,,,,,,,,,,,,,,,,,,,,,,,,,,,,,,,,,,,,ANONYMIZED_RATER_3,,annotation:span:AUTH-TAD-0067:r3,正确,是时间状语,时间状语,,,
sentence:SENT-0362,Sentence,晚上九点才能到家。,,,,,,,,,,,,,,,,,,,,,,,,,,,,,,,,,SENT-0362,晚上九点才能到家。,晚上九点才能到家,国际中文教育中文水平等级标准·语法学习手册（高等）,高等,104,◎ 典型例句和对话 例句 交际实践 可不是，警察都已经 (在小区门口，询问出了什么事) 来了,来源字段完整但仍需正版逐页核验,,,,,,,,,,,,,,,,,,,,
span:AUTH-TAD-0068,CandidateSpan,AUTH-TAD-0068｜九点,,,,,,,,,,,,,,,,,,,,,,,,,,,,,,,,,,九点,,,,,,,AUTH-TAD-0068,晚上九点,2.0,4.0,located,majority_fixed_span,,,,,,,,,,,,,,
consensus:AUTH-TAD-0068,ConsensusLabel,AUTH-TAD-0068｜其他/非目标时间用法,,,,,,,,,,,,,,,,,,,,,,,,,,,,,,,,,,,,,,,,,,晚上九点,,,,,consensus:AUTH-TAD-0068,OTHER,多数一致,多数一致,多数一致,,,,,,,,,
annotation:span:AUTH-TAD-0068:r1,AnnotationDecision,标注者1-AUTH-TAD-0068,,,,,,,,,,,,,,,,,,,,,,,,,,,,,,,,,,,,,,,,,,,,,,,,,,,,ANONYMIZED_RATER_1,,annotation:span:AUTH-TAD-0068:r1,正确,是时间状语,时间状语,,,
annotation:span:AUTH-TAD-0068:r2,AnnotationDecision,标注者2-AUTH-TAD-0068,,,,,,,,,,,,,,,,,,,,,,,,,,,,,,,,,,,,,,,,,,,,,,,,,,,,ANONYMIZED_RATER_2,,annotation:span:AUTH-TAD-0068:r2,边界不完整,不是时间状语,提取错误：边界不完整,晚上九点,,
annotation:span:AUTH-TAD-0068:r3,AnnotationDecision,标注者3-AUTH-TAD-0068,,,,,,,,,,,,,,,,,,,,,,,,,,,,,,,,,,,,,,,,,,,,,,,,,,,,ANONYMIZED_RATER_3,,annotation:span:AUTH-TAD-0068:r3,边界不完整,不是时间状语,提取错误：边界不完整,晚上九点,,
sentence:SENT-0240,Sentence,就是想马上瘦下来你也不能每天不吃饭。,,,,,,,,,,,,,,,,,,,,,,,,,,,,,,,,,SENT-0240,就是想马上瘦下来你也不能每天不吃饭。,就是想马上瘦下来你也不能每天不吃饭,国际中文教育中文水平等级标准·语法学习手册（中等）,中等,357,例如： 她就算再忙也会抽时间锻炼身体,来源字段完整但仍需正版逐页核验,,,,,,,,,,,,,,,,,,,,
span:AUTH-TAD-0069,CandidateSpan,AUTH-TAD-0069｜每天,,,,,,,,,,,,,,,,,,,,,,,,,,,,,,,,,,每天,,,,,,,AUTH-TAD-0069,每天,12.0,14.0,located,candidate_span,,,,,,,,,,,,,,
consensus:AUTH-TAD-0069,ConsensusLabel,AUTH-TAD-0069｜时间状语,,,,,,,,,,,,,,,,,,,,,,,,,,,,,,,,,,,,,,,,,,每天,,,,,consensus:AUTH-TAD-0069,TEMPORAL_ADVERBIAL,完全一致,完全一致,完全一致,,,,,,,,,
annotation:span:AUTH-TAD-0069:r1,AnnotationDecision,标注者1-AUTH-TAD-0069,,,,,,,,,,,,,,,,,,,,,,,,,,,,,,,,,,,,,,,,,,,,,,,,,,,,ANONYMIZED_RATER_1,,annotation:span:AUTH-TAD-0069:r1,正确,是时间状语,时间状语,,,
annotation:span:AUTH-TAD-0069:r2,AnnotationDecision,标注者2-AUTH-TAD-0069,,,,,,,,,,,,,,,,,,,,,,,,,,,,,,,,,,,,,,,,,,,,,,,,,,,,ANONYMIZED_RATER_2,,annotation:span:AUTH-TAD-0069:r2,正确,是时间状语,时间状语,,,
annotation:span:AUTH-TAD-0069:r3,AnnotationDecision,标注者3-AUTH-TAD-0069,,,,,,,,,,,,,,,,,,,,,,,,,,,,,,,,,,,,,,,,,,,,,,,,,,,,ANONYMIZED_RATER_3,,annotation:span:AUTH-TAD-0069:r3,正确,是时间状语,时间状语,,,
sentence:SENT-0439,Sentence,这个演员曾经很有名。,,,,,,,,,,,,,,,,,,,,,,,,,,,,,,,,,SENT-0439,这个演员曾经很有名。,这个演员曾经很有名,国际中文教育中文水平等级标准·语法学习手册（初等）,初等,280,级语法点 20 时间副词(3):曾经 【三14】 ◎基本语义及用法 表示某种,来源字段完整但仍需正版逐页核验,,,,,,,,,,,,,,,,,,,,
span:AUTH-TAD-0070,CandidateSpan,AUTH-TAD-0070｜曾经,,,,,,,,,,,,,,,,,,,,,,,,,,,,,,,,,,曾经,,,,,,,AUTH-TAD-0070,曾经,4.0,6.0,located,candidate_span,,,,,,,,,,,,,,
consensus:AUTH-TAD-0070,ConsensusLabel,AUTH-TAD-0070｜时间状语,,,,,,,,,,,,,,,,,,,,,,,,,,,,,,,,,,,,,,,,,,曾经,,,,,consensus:AUTH-TAD-0070,TEMPORAL_ADVERBIAL,完全一致,完全一致,完全一致,,,,,,,,,
annotation:span:AUTH-TAD-0070:r1,AnnotationDecision,标注者1-AUTH-TAD-0070,,,,,,,,,,,,,,,,,,,,,,,,,,,,,,,,,,,,,,,,,,,,,,,,,,,,ANONYMIZED_RATER_1,,annotation:span:AUTH-TAD-0070:r1,正确,是时间状语,时间状语,,,
annotation:span:AUTH-TAD-0070:r2,AnnotationDecision,标注者2-AUTH-TAD-0070,,,,,,,,,,,,,,,,,,,,,,,,,,,,,,,,,,,,,,,,,,,,,,,,,,,,ANONYMIZED_RATER_2,,annotation:span:AUTH-TAD-0070:r2,正确,是时间状语,时间状语,,,
annotation:span:AUTH-TAD-0070:r3,AnnotationDecision,标注者3-AUTH-TAD-0070,,,,,,,,,,,,,,,,,,,,,,,,,,,,,,,,,,,,,,,,,,,,,,,,,,,,ANONYMIZED_RATER_3,,annotation:span:AUTH-TAD-0070:r3,正确,是时间状语,时间状语,,,
sentence:SENT-0062,Sentence,今年他再度获得演讲比赛的冠军。,,,,,,,,,,,,,,,,,,,,,,,,,,,,,,,,,SENT-0062,今年他再度获得演讲比赛的冠军。,今年他再度获得演讲比赛的冠军,国际中文教育中文水平等级标准·语法学习手册（高等）,高等,34,,页面线索缺失,,,,,,,,,,,,,,,,,,,,
span:AUTH-TAD-0071,CandidateSpan,AUTH-TAD-0071｜今年,,,,,,,,,,,,,,,,,,,,,,,,,,,,,,,,,,今年,,,,,,,AUTH-TAD-0071,今年,0.0,2.0,located,candidate_span,,,,,,,,,,,,,,
consensus:AUTH-TAD-0071,ConsensusLabel,AUTH-TAD-0071｜时间状语,,,,,,,,,,,,,,,,,,,,,,,,,,,,,,,,,,,,,,,,,,今年,,,,,consensus:AUTH-TAD-0071,TEMPORAL_ADVERBIAL,完全一致,完全一致,完全一致,,,,,,,,,
annotation:span:AUTH-TAD-0071:r1,AnnotationDecision,标注者1-AUTH-TAD-0071,,,,,,,,,,,,,,,,,,,,,,,,,,,,,,,,,,,,,,,,,,,,,,,,,,,,ANONYMIZED_RATER_1,,annotation:span:AUTH-TAD-0071:r1,正确,是时间状语,时间状语,,,
annotation:span:AUTH-TAD-0071:r2,AnnotationDecision,标注者2-AUTH-TAD-0071,,,,,,,,,,,,,,,,,,,,,,,,,,,,,,,,,,,,,,,,,,,,,,,,,,,,ANONYMIZED_RATER_2,,annotation:span:AUTH-TAD-0071:r2,正确,是时间状语,时间状语,,,
annotation:span:AUTH-TAD-0071:r3,AnnotationDecision,标注者3-AUTH-TAD-0071,,,,,,,,,,,,,,,,,,,,,,,,,,,,,,,,,,,,,,,,,,,,,,,,,,,,ANONYMIZED_RATER_3,,annotation:span:AUTH-TAD-0071:r3,正确,是时间状语,时间状语,,,
sentence:SENT-0291,Sentence,我太思念女朋友了，以至于晚上做梦总梦到她。,,,,,,,,,,,,,,,,,,,,,,,,,,,,,,,,,SENT-0291,我太思念女朋友了，以至于晚上做梦总梦到她。,我太思念女朋友了以至于晚上做梦总梦到她,国际中文教育中文水平等级标准·语法学习手册（高等）,高等,172,该做决定的时候他犹 (在公司，谈论项目失败的原因) 豫,来源字段完整但仍需正版逐页核验,,,,,,,,,,,,,,,,,,,,
span:AUTH-TAD-0072,CandidateSpan,AUTH-TAD-0072｜晚上,,,,,,,,,,,,,,,,,,,,,,,,,,,,,,,,,,晚上,,,,,,,AUTH-TAD-0072,晚上,12.0,14.0,located,candidate_span,,,,,,,,,,,,,,
consensus:AUTH-TAD-0072,ConsensusLabel,AUTH-TAD-0072｜时间状语,,,,,,,,,,,,,,,,,,,,,,,,,,,,,,,,,,,,,,,,,,晚上,,,,,consensus:AUTH-TAD-0072,TEMPORAL_ADVERBIAL,完全一致,完全一致,完全一致,,,,,,,,,
annotation:span:AUTH-TAD-0072:r1,AnnotationDecision,标注者1-AUTH-TAD-0072,,,,,,,,,,,,,,,,,,,,,,,,,,,,,,,,,,,,,,,,,,,,,,,,,,,,ANONYMIZED_RATER_1,,annotation:span:AUTH-TAD-0072:r1,正确,是时间状语,时间状语,,,
annotation:span:AUTH-TAD-0072:r2,AnnotationDecision,标注者2-AUTH-TAD-0072,,,,,,,,,,,,,,,,,,,,,,,,,,,,,,,,,,,,,,,,,,,,,,,,,,,,ANONYMIZED_RATER_2,,annotation:span:AUTH-TAD-0072:r2,正确,是时间状语,时间状语,,,
annotation:span:AUTH-TAD-0072:r3,AnnotationDecision,标注者3-AUTH-TAD-0072,,,,,,,,,,,,,,,,,,,,,,,,,,,,,,,,,,,,,,,,,,,,,,,,,,,,ANONYMIZED_RATER_3,,annotation:span:AUTH-TAD-0072:r3,正确,是时间状语,时间状语,,,
sentence:SENT-0423,Sentence,观众今天被他的演技所征服，报以热烈的掌声。,,,,,,,,,,,,,,,,,,,,,,,,,,,,,,,,,SENT-0423,观众今天被他的演技所征服，报以热烈的掌声。,观众今天被他的演技所征服报以热烈的掌声,国际中文教育中文水平等级标准·语法学习手册（高等）,高等,126,,页面线索缺失,,,,,,,,,,,,,,,,,,,,
span:AUTH-TAD-0073,CandidateSpan,AUTH-TAD-0073｜今天,,,,,,,,,,,,,,,,,,,,,,,,,,,,,,,,,,今天,,,,,,,AUTH-TAD-0073,今天,2.0,4.0,located,candidate_span,,,,,,,,,,,,,,
consensus:AUTH-TAD-0073,ConsensusLabel,AUTH-TAD-0073｜时间状语,,,,,,,,,,,,,,,,,,,,,,,,,,,,,,,,,,,,,,,,,,今天,,,,,consensus:AUTH-TAD-0073,TEMPORAL_ADVERBIAL,完全一致,完全一致,完全一致,,,,,,,,,
annotation:span:AUTH-TAD-0073:r1,AnnotationDecision,标注者1-AUTH-TAD-0073,,,,,,,,,,,,,,,,,,,,,,,,,,,,,,,,,,,,,,,,,,,,,,,,,,,,ANONYMIZED_RATER_1,,annotation:span:AUTH-TAD-0073:r1,正确,是时间状语,时间状语,,,
annotation:span:AUTH-TAD-0073:r2,AnnotationDecision,标注者2-AUTH-TAD-0073,,,,,,,,,,,,,,,,,,,,,,,,,,,,,,,,,,,,,,,,,,,,,,,,,,,,ANONYMIZED_RATER_2,,annotation:span:AUTH-TAD-0073:r2,正确,是时间状语,时间状语,,,
annotation:span:AUTH-TAD-0073:r3,AnnotationDecision,标注者3-AUTH-TAD-0073,,,,,,,,,,,,,,,,,,,,,,,,,,,,,,,,,,,,,,,,,,,,,,,,,,,,ANONYMIZED_RATER_3,,annotation:span:AUTH-TAD-0073:r3,正确,是时间状语,时间状语,,,
sentence:SENT-0019,Sentence,不管明天是否下雨，我都要去看他。,,,,,,,,,,,,,,,,,,,,,,,,,,,,,,,,,SENT-0019,不管明天是否下雨，我都要去看他。,不管明天是否下雨我都要去看他,国际中文教育中文水平等级标准·语法学习手册（中等）,中等,107,小提示 (1)前一分句中的时间副词或者主语既可以放在“不管”前面，也可,来源字段完整但仍需正版逐页核验,,,,,,,,,,,,,,,,,,,,
span:AUTH-TAD-0074,CandidateSpan,AUTH-TAD-0074｜明天,,,,,,,,,,,,,,,,,,,,,,,,,,,,,,,,,,明天,,,,,,,AUTH-TAD-0074,明天,2.0,4.0,located,candidate_span,,,,,,,,,,,,,,
consensus:AUTH-TAD-0074,ConsensusLabel,AUTH-TAD-0074｜时间状语,,,,,,,,,,,,,,,,,,,,,,,,,,,,,,,,,,,,,,,,,,明天,,,,,consensus:AUTH-TAD-0074,TEMPORAL_ADVERBIAL,完全一致,完全一致,完全一致,,,,,,,,,
annotation:span:AUTH-TAD-0074:r1,AnnotationDecision,标注者1-AUTH-TAD-0074,,,,,,,,,,,,,,,,,,,,,,,,,,,,,,,,,,,,,,,,,,,,,,,,,,,,ANONYMIZED_RATER_1,,annotation:span:AUTH-TAD-0074:r1,正确,是时间状语,时间状语,,,
annotation:span:AUTH-TAD-0074:r2,AnnotationDecision,标注者2-AUTH-TAD-0074,,,,,,,,,,,,,,,,,,,,,,,,,,,,,,,,,,,,,,,,,,,,,,,,,,,,ANONYMIZED_RATER_2,,annotation:span:AUTH-TAD-0074:r2,正确,是时间状语,时间状语,,,
annotation:span:AUTH-TAD-0074:r3,AnnotationDecision,标注者3-AUTH-TAD-0074,,,,,,,,,,,,,,,,,,,,,,,,,,,,,,,,,,,,,,,,,,,,,,,,,,,,ANONYMIZED_RATER_3,,annotation:span:AUTH-TAD-0074:r3,正确,是时间状语,时间状语,,,
sentence:SENT-0197,Sentence,在别人不注意的时候，他偷偷走了。,,,,,,,,,,,,,,,,,,,,,,,,,,,,,,,,,SENT-0197,在别人不注意的时候，他偷偷走了。,在别人不注意的时候他偷偷走了,国际中文教育中文水平等级标准·语法学习手册（中等）,中等,161,在别人不注意的时候，他偷偷走了,来源字段完整但仍需正版逐页核验,,,,,,,,,,,,,,,,,,,,
span:AUTH-TAD-0075,CandidateSpan,AUTH-TAD-0075｜在别人不注意的时候,,,,,,,,,,,,,,,,,,,,,,,,,,,,,,,,,,在别人不注意的时候,,,,,,,AUTH-TAD-0075,在别人不注意的时候,0.0,9.0,located,candidate_span,,,,,,,,,,,,,,
consensus:AUTH-TAD-0075,ConsensusLabel,AUTH-TAD-0075｜时间状语,,,,,,,,,,,,,,,,,,,,,,,,,,,,,,,,,,,,,,,,,,在别人不注意的时候,,,,,consensus:AUTH-TAD-0075,TEMPORAL_ADVERBIAL,完全一致,完全一致,完全一致,,,,,,,,,
annotation:span:AUTH-TAD-0075:r1,AnnotationDecision,标注者1-AUTH-TAD-0075,,,,,,,,,,,,,,,,,,,,,,,,,,,,,,,,,,,,,,,,,,,,,,,,,,,,ANONYMIZED_RATER_1,,annotation:span:AUTH-TAD-0075:r1,正确,是时间状语,时间状语,,,
annotation:span:AUTH-TAD-0075:r2,AnnotationDecision,标注者2-AUTH-TAD-0075,,,,,,,,,,,,,,,,,,,,,,,,,,,,,,,,,,,,,,,,,,,,,,,,,,,,ANONYMIZED_RATER_2,,annotation:span:AUTH-TAD-0075:r2,正确,是时间状语,时间状语,,,
annotation:span:AUTH-TAD-0075:r3,AnnotationDecision,标注者3-AUTH-TAD-0075,,,,,,,,,,,,,,,,,,,,,,,,,,,,,,,,,,,,,,,,,,,,,,,,,,,,ANONYMIZED_RATER_3,,annotation:span:AUTH-TAD-0075:r3,正确,是时间状语,时间状语,,,
sentence:SENT-0320,Sentence,据估计，今年的出口量将超过去年。,,,,,,,,,,,,,,,,,,,,,,,,,,,,,,,,,SENT-0320,据估计，今年的出口量将超过去年。,据估计今年的出口量将超过去年,国际中文教育中文水平等级标准·语法学习手册（中等）,中等,301,据最新资料，这种疾病的治疗已经有了突破,来源字段完整但仍需正版逐页核验,,,,,,,,,,,,,,,,,,,,
span:AUTH-TAD-0076,CandidateSpan,AUTH-TAD-0076｜过去,,,,,,,,,,,,,,,,,,,,,,,,,,,,,,,,,,过去,,,,,,,AUTH-TAD-0076,过去,12.0,14.0,located,candidate_span,,,,,,,,,,,,,,
consensus:AUTH-TAD-0076,ConsensusLabel,AUTH-TAD-0076｜其他/非目标时间用法,,,,,,,,,,,,,,,,,,,,,,,,,,,,,,,,,,,,,,,,,,过去,,,,,consensus:AUTH-TAD-0076,OTHER,多数一致,多数一致,多数一致,,,,,,,,,
annotation:span:AUTH-TAD-0076:r1,AnnotationDecision,标注者1-AUTH-TAD-0076,,,,,,,,,,,,,,,,,,,,,,,,,,,,,,,,,,,,,,,,,,,,,,,,,,,,ANONYMIZED_RATER_1,,annotation:span:AUTH-TAD-0076:r1,不是时间表达,不是时间状语,提取错误：不是时间表达,今年；去年,,
annotation:span:AUTH-TAD-0076:r2,AnnotationDecision,标注者2-AUTH-TAD-0076,,,,,,,,,,,,,,,,,,,,,,,,,,,,,,,,,,,,,,,,,,,,,,,,,,,,ANONYMIZED_RATER_2,,annotation:span:AUTH-TAD-0076:r2,不确定,不确定,其他/不确定,,,
annotation:span:AUTH-TAD-0076:r3,AnnotationDecision,标注者3-AUTH-TAD-0076,,,,,,,,,,,,,,,,,,,,,,,,,,,,,,,,,,,,,,,,,,,,,,,,,,,,ANONYMIZED_RATER_3,,annotation:span:AUTH-TAD-0076:r3,不是时间表达,不是时间状语,提取错误：不是时间表达,无,,
sentence:SENT-0236,Sentence,对不起，我马上走。,,,,,,,,,,,,,,,,,,,,,,,,,,,,,,,,,SENT-0236,对不起，我马上走。,对不起我马上走,国际中文教育中文水平等级标准·语法学习手册（初等）,初等,54,30 时间副词(1):马上 【一11】 ◎基本语义及用法 表示动作,来源字段完整但仍需正版逐页核验,,,,,,,,,,,,,,,,,,,,
span:AUTH-TAD-0077,CandidateSpan,AUTH-TAD-0077｜马上,,,,,,,,,,,,,,,,,,,,,,,,,,,,,,,,,,马上,,,,,,,AUTH-TAD-0077,马上,5.0,7.0,located,candidate_span,,,,,,,,,,,,,,
consensus:AUTH-TAD-0077,ConsensusLabel,AUTH-TAD-0077｜时间状语,,,,,,,,,,,,,,,,,,,,,,,,,,,,,,,,,,,,,,,,,,马上,,,,,consensus:AUTH-TAD-0077,TEMPORAL_ADVERBIAL,完全一致,完全一致,完全一致,,,,,,,,,
annotation:span:AUTH-TAD-0077:r1,AnnotationDecision,标注者1-AUTH-TAD-0077,,,,,,,,,,,,,,,,,,,,,,,,,,,,,,,,,,,,,,,,,,,,,,,,,,,,ANONYMIZED_RATER_1,,annotation:span:AUTH-TAD-0077:r1,正确,是时间状语,时间状语,,,
annotation:span:AUTH-TAD-0077:r2,AnnotationDecision,标注者2-AUTH-TAD-0077,,,,,,,,,,,,,,,,,,,,,,,,,,,,,,,,,,,,,,,,,,,,,,,,,,,,ANONYMIZED_RATER_2,,annotation:span:AUTH-TAD-0077:r2,正确,是时间状语,时间状语,,,
annotation:span:AUTH-TAD-0077:r3,AnnotationDecision,标注者3-AUTH-TAD-0077,,,,,,,,,,,,,,,,,,,,,,,,,,,,,,,,,,,,,,,,,,,,,,,,,,,,ANONYMIZED_RATER_3,,annotation:span:AUTH-TAD-0077:r3,正确,是时间状语,时间状语,,,
sentence:SENT-0097,Sentence,他当过五年医生。,,,,,,,,,,,,,,,,,,,,,,,,,,,,,,,,,SENT-0097,他当过五年医生。,他当过五年医生,国际中文教育中文水平等级标准·语法学习手册（初等）,初等,352,81数量补语4(动词+时量补语):表示动作持续的 时间 【三51】 ◎,来源字段完整但仍需正版逐页核验,,,,,,,,,,,,,,,,,,,,
span:AUTH-TAD-0078,CandidateSpan,AUTH-TAD-0078｜五年,,,,,,,,,,,,,,,,,,,,,,,,,,,,,,,,,,五年,,,,,,,AUTH-TAD-0078,五年,3.0,5.0,located,candidate_span,,,,,,,,,,,,,,
consensus:AUTH-TAD-0078,ConsensusLabel,AUTH-TAD-0078｜时长/时间补语,,,,,,,,,,,,,,,,,,,,,,,,,,,,,,,,,,,,,,,,,,五年,,,,,consensus:AUTH-TAD-0078,COMPLEMENT,完全一致,完全一致,完全一致,,,,,,,,,
annotation:span:AUTH-TAD-0078:r1,AnnotationDecision,标注者1-AUTH-TAD-0078,,,,,,,,,,,,,,,,,,,,,,,,,,,,,,,,,,,,,,,,,,,,,,,,,,,,ANONYMIZED_RATER_1,,annotation:span:AUTH-TAD-0078:r1,正确,不是时间状语,时长补语,,,
annotation:span:AUTH-TAD-0078:r2,AnnotationDecision,标注者2-AUTH-TAD-0078,,,,,,,,,,,,,,,,,,,,,,,,,,,,,,,,,,,,,,,,,,,,,,,,,,,,ANONYMIZED_RATER_2,,annotation:span:AUTH-TAD-0078:r2,正确,不是时间状语,时长补语,,,
annotation:span:AUTH-TAD-0078:r3,AnnotationDecision,标注者3-AUTH-TAD-0078,,,,,,,,,,,,,,,,,,,,,,,,,,,,,,,,,,,,,,,,,,,,,,,,,,,,ANONYMIZED_RATER_3,,annotation:span:AUTH-TAD-0078:r3,正确,不是时间状语,时长补语,,,
sentence:SENT-0001,Sentence,X经常是形容词，也可以是动词性成分。,,,,,,,,,,,,,,,,,,,,,,,,,,,,,,,,,SENT-0001,X经常是形容词，也可以是动词性成分。,X经常是形容词也可以是动词性成分,国际中文教育中文水平等级标准·语法学习手册（高等）,高等,198,她男朋友每天接送她上班，别提有多关心她了,来源字段完整但仍需正版逐页核验,,,,,,,,,,,,,,,,,,,,
span:AUTH-TAD-0079,CandidateSpan,AUTH-TAD-0079｜经常,,,,,,,,,,,,,,,,,,,,,,,,,,,,,,,,,,经常,,,,,,,AUTH-TAD-0079,经常,1.0,3.0,located,candidate_span,,,,,,,,,,,,,,
consensus:AUTH-TAD-0079,ConsensusLabel,AUTH-TAD-0079｜时间状语,,,,,,,,,,,,,,,,,,,,,,,,,,,,,,,,,,,,,,,,,,经常,,,,,consensus:AUTH-TAD-0079,TEMPORAL_ADVERBIAL,完全一致,完全一致,完全一致,,,,,,,,,
annotation:span:AUTH-TAD-0079:r1,AnnotationDecision,标注者1-AUTH-TAD-0079,,,,,,,,,,,,,,,,,,,,,,,,,,,,,,,,,,,,,,,,,,,,,,,,,,,,ANONYMIZED_RATER_1,,annotation:span:AUTH-TAD-0079:r1,正确,是时间状语,时间状语,,,
annotation:span:AUTH-TAD-0079:r2,AnnotationDecision,标注者2-AUTH-TAD-0079,,,,,,,,,,,,,,,,,,,,,,,,,,,,,,,,,,,,,,,,,,,,,,,,,,,,ANONYMIZED_RATER_2,,annotation:span:AUTH-TAD-0079:r2,正确,是时间状语,时间状语,,,
annotation:span:AUTH-TAD-0079:r3,AnnotationDecision,标注者3-AUTH-TAD-0079,,,,,,,,,,,,,,,,,,,,,,,,,,,,,,,,,,,,,,,,,,,,,,,,,,,,ANONYMIZED_RATER_3,,annotation:span:AUTH-TAD-0079:r3,正确,是时间状语,时间状语,,,
sentence:SENT-0321,Sentence,据最新资料，这种疾病的治疗已经有了突破。,,,,,,,,,,,,,,,,,,,,,,,,,,,,,,,,,SENT-0321,据最新资料，这种疾病的治疗已经有了突破。,据最新资料这种疾病的治疗已经有了突破,国际中文教育中文水平等级标准·语法学习手册（中等）,中等,301,据最新资料，这种疾病的治疗已经有了突破,来源字段完整但仍需正版逐页核验,,,,,,,,,,,,,,,,,,,,
span:AUTH-TAD-0080,CandidateSpan,AUTH-TAD-0080｜已经,,,,,,,,,,,,,,,,,,,,,,,,,,,,,,,,,,已经,,,,,,,AUTH-TAD-0080,已经,13.0,15.0,located,candidate_span,,,,,,,,,,,,,,
consensus:AUTH-TAD-0080,ConsensusLabel,AUTH-TAD-0080｜时间状语,,,,,,,,,,,,,,,,,,,,,,,,,,,,,,,,,,,,,,,,,,已经,,,,,consensus:AUTH-TAD-0080,TEMPORAL_ADVERBIAL,完全一致,完全一致,完全一致,,,,,,,,,
annotation:span:AUTH-TAD-0080:r1,AnnotationDecision,标注者1-AUTH-TAD-0080,,,,,,,,,,,,,,,,,,,,,,,,,,,,,,,,,,,,,,,,,,,,,,,,,,,,ANONYMIZED_RATER_1,,annotation:span:AUTH-TAD-0080:r1,正确,是时间状语,时间状语,,,
annotation:span:AUTH-TAD-0080:r2,AnnotationDecision,标注者2-AUTH-TAD-0080,,,,,,,,,,,,,,,,,,,,,,,,,,,,,,,,,,,,,,,,,,,,,,,,,,,,ANONYMIZED_RATER_2,,annotation:span:AUTH-TAD-0080:r2,正确,是时间状语,时间状语,,,
annotation:span:AUTH-TAD-0080:r3,AnnotationDecision,标注者3-AUTH-TAD-0080,,,,,,,,,,,,,,,,,,,,,,,,,,,,,,,,,,,,,,,,,,,,,,,,,,,,ANONYMIZED_RATER_3,,annotation:span:AUTH-TAD-0080:r3,正确,是时间状语,时间状语,,,
sentence:SENT-0066,Sentence,从三年前起，他就开始学习中文了。,,,,,,,,,,,,,,,,,,,,,,,,,,,,,,,,,SENT-0066,从三年前起，他就开始学习中文了。,从三年前起他就开始学习中文了,国际中文教育中文水平等级标准·语法学习手册（初等）,初等,341,小提示 “从+时间+起”格式中，时间一般要明确到某个时间点,来源字段完整但仍需正版逐页核验,,,,,,,,,,,,,,,,,,,,
span:AUTH-TAD-0081,CandidateSpan,AUTH-TAD-0081｜三年,,,,,,,,,,,,,,,,,,,,,,,,,,,,,,,,,,三年,,,,,,,AUTH-TAD-0081,从三年前起,1.0,3.0,located,majority_fixed_span,,,,,,,,,,,,,,
consensus:AUTH-TAD-0081,ConsensusLabel,AUTH-TAD-0081｜其他/非目标时间用法,,,,,,,,,,,,,,,,,,,,,,,,,,,,,,,,,,,,,,,,,,从三年前起,,,,,consensus:AUTH-TAD-0081,OTHER,多数一致,多数一致,多数一致,,,,,,,,,
annotation:span:AUTH-TAD-0081:r1,AnnotationDecision,标注者1-AUTH-TAD-0081,,,,,,,,,,,,,,,,,,,,,,,,,,,,,,,,,,,,,,,,,,,,,,,,,,,,ANONYMIZED_RATER_1,,annotation:span:AUTH-TAD-0081:r1,正确,是时间状语,时间状语,,,
annotation:span:AUTH-TAD-0081:r2,AnnotationDecision,标注者2-AUTH-TAD-0081,,,,,,,,,,,,,,,,,,,,,,,,,,,,,,,,,,,,,,,,,,,,,,,,,,,,ANONYMIZED_RATER_2,,annotation:span:AUTH-TAD-0081:r2,边界不完整,不是时间状语,提取错误：边界不完整,从三年前起,,
annotation:span:AUTH-TAD-0081:r3,AnnotationDecision,标注者3-AUTH-TAD-0081,,,,,,,,,,,,,,,,,,,,,,,,,,,,,,,,,,,,,,,,,,,,,,,,,,,,ANONYMIZED_RATER_3,,annotation:span:AUTH-TAD-0081:r3,边界不完整,不是时间状语,提取错误：边界不完整,从三年前起,,
sentence:SENT-0397,Sentence,现在终究是冬天了，就是不刮风也很冷。,,,,,,,,,,,,,,,,,,,,,,,,,,,,,,,,,SENT-0397,现在终究是冬天了，就是不刮风也很冷。,现在终究是冬天了就是不刮风也很冷,国际中文教育中文水平等级标准·语法学习手册（高等）,高等,70,(1)语气副词“终究”表示事物的本质不会改变时，经常修饰动词、形容词或小 句，动词一般为“是,来源字段完整但仍需正版逐页核验,,,,,,,,,,,,,,,,,,,,
span:AUTH-TAD-0082,CandidateSpan,AUTH-TAD-0082｜现在,,,,,,,,,,,,,,,,,,,,,,,,,,,,,,,,,,现在,,,,,,,AUTH-TAD-0082,现在,0.0,2.0,located,candidate_span,,,,,,,,,,,,,,
consensus:AUTH-TAD-0082,ConsensusLabel,AUTH-TAD-0082｜时间状语,,,,,,,,,,,,,,,,,,,,,,,,,,,,,,,,,,,,,,,,,,现在,,,,,consensus:AUTH-TAD-0082,TEMPORAL_ADVERBIAL,完全一致,完全一致,完全一致,,,,,,,,,
annotation:span:AUTH-TAD-0082:r1,AnnotationDecision,标注者1-AUTH-TAD-0082,,,,,,,,,,,,,,,,,,,,,,,,,,,,,,,,,,,,,,,,,,,,,,,,,,,,ANONYMIZED_RATER_1,,annotation:span:AUTH-TAD-0082:r1,正确,是时间状语,时间状语,,,
annotation:span:AUTH-TAD-0082:r2,AnnotationDecision,标注者2-AUTH-TAD-0082,,,,,,,,,,,,,,,,,,,,,,,,,,,,,,,,,,,,,,,,,,,,,,,,,,,,ANONYMIZED_RATER_2,,annotation:span:AUTH-TAD-0082:r2,正确,是时间状语,时间状语,,,
annotation:span:AUTH-TAD-0082:r3,AnnotationDecision,标注者3-AUTH-TAD-0082,,,,,,,,,,,,,,,,,,,,,,,,,,,,,,,,,,,,,,,,,,,,,,,,,,,,ANONYMIZED_RATER_3,,annotation:span:AUTH-TAD-0082:r3,正确,是时间状语,时间状语,,,
sentence:SENT-0170,Sentence,别提了，我昨天怎么也睡不着，看了一晚上的电视。,,,,,,,,,,,,,,,,,,,,,,,,,,,,,,,,,SENT-0170,别提了，我昨天怎么也睡不着，看了一晚上的电视。,别提了我昨天怎么也睡不着看了一晚上的电视,国际中文教育中文水平等级标准·语法学习手册（高等）,高等,100,饭还没开始吃他就 (在公司，讨论合同没签的原因) 已经醉了，后来就更 A:昨天你和张经理签好合,来源字段完整但仍需正版逐页核验,,,,,,,,,,,,,,,,,,,,
span:AUTH-TAD-0083,CandidateSpan,AUTH-TAD-0083｜昨天,,,,,,,,,,,,,,,,,,,,,,,,,,,,,,,,,,昨天,,,,,,,AUTH-TAD-0083,昨天,5.0,7.0,located,candidate_span,,,,,,,,,,,,,,
consensus:AUTH-TAD-0083,ConsensusLabel,AUTH-TAD-0083｜时间状语,,,,,,,,,,,,,,,,,,,,,,,,,,,,,,,,,,,,,,,,,,昨天,,,,,consensus:AUTH-TAD-0083,TEMPORAL_ADVERBIAL,完全一致,完全一致,完全一致,,,,,,,,,
annotation:span:AUTH-TAD-0083:r1,AnnotationDecision,标注者1-AUTH-TAD-0083,,,,,,,,,,,,,,,,,,,,,,,,,,,,,,,,,,,,,,,,,,,,,,,,,,,,ANONYMIZED_RATER_1,,annotation:span:AUTH-TAD-0083:r1,正确,是时间状语,时间状语,,,
annotation:span:AUTH-TAD-0083:r2,AnnotationDecision,标注者2-AUTH-TAD-0083,,,,,,,,,,,,,,,,,,,,,,,,,,,,,,,,,,,,,,,,,,,,,,,,,,,,ANONYMIZED_RATER_2,,annotation:span:AUTH-TAD-0083:r2,正确,是时间状语,时间状语,,,
annotation:span:AUTH-TAD-0083:r3,AnnotationDecision,标注者3-AUTH-TAD-0083,,,,,,,,,,,,,,,,,,,,,,,,,,,,,,,,,,,,,,,,,,,,,,,,,,,,ANONYMIZED_RATER_3,,annotation:span:AUTH-TAD-0083:r3,正确,是时间状语,时间状语,,,
sentence:SENT-0153,Sentence,你现在感觉怎么样?,,,,,,,,,,,,,,,,,,,,,,,,,,,,,,,,,SENT-0153,你现在感觉怎么样?,你现在感觉怎么样,国际中文教育中文水平等级标准·语法学习手册（初等）,初等,123,? 样?满意吗? 妈妈：很不错，你也要 B:谢谢，已经办好了,来源字段完整但仍需正版逐页核验,,,,,,,,,,,,,,,,,,,,
span:AUTH-TAD-0084,CandidateSpan,AUTH-TAD-0084｜现在,,,,,,,,,,,,,,,,,,,,,,,,,,,,,,,,,,现在,,,,,,,AUTH-TAD-0084,现在,1.0,3.0,located,candidate_span,,,,,,,,,,,,,,
consensus:AUTH-TAD-0084,ConsensusLabel,AUTH-TAD-0084｜时间状语,,,,,,,,,,,,,,,,,,,,,,,,,,,,,,,,,,,,,,,,,,现在,,,,,consensus:AUTH-TAD-0084,TEMPORAL_ADVERBIAL,完全一致,完全一致,完全一致,,,,,,,,,
annotation:span:AUTH-TAD-0084:r1,AnnotationDecision,标注者1-AUTH-TAD-0084,,,,,,,,,,,,,,,,,,,,,,,,,,,,,,,,,,,,,,,,,,,,,,,,,,,,ANONYMIZED_RATER_1,,annotation:span:AUTH-TAD-0084:r1,正确,是时间状语,时间状语,,,
annotation:span:AUTH-TAD-0084:r2,AnnotationDecision,标注者2-AUTH-TAD-0084,,,,,,,,,,,,,,,,,,,,,,,,,,,,,,,,,,,,,,,,,,,,,,,,,,,,ANONYMIZED_RATER_2,,annotation:span:AUTH-TAD-0084:r2,正确,是时间状语,时间状语,,,
annotation:span:AUTH-TAD-0084:r3,AnnotationDecision,标注者3-AUTH-TAD-0084,,,,,,,,,,,,,,,,,,,,,,,,,,,,,,,,,,,,,,,,,,,,,,,,,,,,ANONYMIZED_RATER_3,,annotation:span:AUTH-TAD-0084:r3,正确,是时间状语,时间状语,,,
sentence:SENT-0366,Sentence,最近太累了，今天我得早点儿睡觉。,,,,,,,,,,,,,,,,,,,,,,,,,,,,,,,,,SENT-0366,最近太累了，今天我得早点儿睡觉。,最近太累了今天我得早点儿睡觉,国际中文教育中文水平等级标准·语法学习手册（中等）,中等,12,spoken Chinese. ◎典型例句和对话 时间不早了，我得例句 我还得考虑考虑,来源字段完整但仍需正版逐页核验,,,,,,,,,,,,,,,,,,,,
span:AUTH-TAD-0085,CandidateSpan,AUTH-TAD-0085｜今天,,,,,,,,,,,,,,,,,,,,,,,,,,,,,,,,,,今天,,,,,,,AUTH-TAD-0085,今天,6.0,8.0,located,candidate_span,,,,,,,,,,,,,,
consensus:AUTH-TAD-0085,ConsensusLabel,AUTH-TAD-0085｜时间状语,,,,,,,,,,,,,,,,,,,,,,,,,,,,,,,,,,,,,,,,,,今天,,,,,consensus:AUTH-TAD-0085,TEMPORAL_ADVERBIAL,完全一致,完全一致,完全一致,,,,,,,,,
annotation:span:AUTH-TAD-0085:r1,AnnotationDecision,标注者1-AUTH-TAD-0085,,,,,,,,,,,,,,,,,,,,,,,,,,,,,,,,,,,,,,,,,,,,,,,,,,,,ANONYMIZED_RATER_1,,annotation:span:AUTH-TAD-0085:r1,正确,是时间状语,时间状语,,,
annotation:span:AUTH-TAD-0085:r2,AnnotationDecision,标注者2-AUTH-TAD-0085,,,,,,,,,,,,,,,,,,,,,,,,,,,,,,,,,,,,,,,,,,,,,,,,,,,,ANONYMIZED_RATER_2,,annotation:span:AUTH-TAD-0085:r2,正确,是时间状语,时间状语,,,
annotation:span:AUTH-TAD-0085:r3,AnnotationDecision,标注者3-AUTH-TAD-0085,,,,,,,,,,,,,,,,,,,,,,,,,,,,,,,,,,,,,,,,,,,,,,,,,,,,ANONYMIZED_RATER_3,,annotation:span:AUTH-TAD-0085:r3,正确,是时间状语,时间状语,,,
sentence:SENT-0267,Sentence,我们7月1号放假。,,,,,,,,,,,,,,,,,,,,,,,,,,,,,,,,,SENT-0267,我们7月1号放假。,我们7月1号放假,国际中文教育中文水平等级标准·语法学习手册（初等）,初等,108,,页面线索缺失,,,,,,,,,,,,,,,,,,,,
span:AUTH-TAD-0086,CandidateSpan,AUTH-TAD-0086｜7月,,,,,,,,,,,,,,,,,,,,,,,,,,,,,,,,,,7月,,,,,,,AUTH-TAD-0086,7月1号,2.0,4.0,located,majority_fixed_span,,,,,,,,,,,,,,
consensus:AUTH-TAD-0086,ConsensusLabel,AUTH-TAD-0086｜其他/非目标时间用法,,,,,,,,,,,,,,,,,,,,,,,,,,,,,,,,,,,,,,,,,,7月1号,,,,,consensus:AUTH-TAD-0086,OTHER,多数一致,多数一致,多数一致,,,,,,,,,
annotation:span:AUTH-TAD-0086:r1,AnnotationDecision,标注者1-AUTH-TAD-0086,,,,,,,,,,,,,,,,,,,,,,,,,,,,,,,,,,,,,,,,,,,,,,,,,,,,ANONYMIZED_RATER_1,,annotation:span:AUTH-TAD-0086:r1,边界不完整,不是时间状语,提取错误：边界不完整,7月1号,,
annotation:span:AUTH-TAD-0086:r2,AnnotationDecision,标注者2-AUTH-TAD-0086,,,,,,,,,,,,,,,,,,,,,,,,,,,,,,,,,,,,,,,,,,,,,,,,,,,,ANONYMIZED_RATER_2,,annotation:span:AUTH-TAD-0086:r2,正确,是时间状语,时间状语,,,
annotation:span:AUTH-TAD-0086:r3,AnnotationDecision,标注者3-AUTH-TAD-0086,,,,,,,,,,,,,,,,,,,,,,,,,,,,,,,,,,,,,,,,,,,,,,,,,,,,ANONYMIZED_RATER_3,,annotation:span:AUTH-TAD-0086:r3,边界不完整,不是时间状语,提取错误：边界不完整,7月1号,,
sentence:SENT-0053,Sentence,今天的会议很重要，我非参加不可。,,,,,,,,,,,,,,,,,,,,,,,,,,,,,,,,,SENT-0053,今天的会议很重要，我非参加不可。,今天的会议很重要我非参加不可,国际中文教育中文水平等级标准·语法学习手册（中等）,中等,361,例句 不管天气怎么样， 这次演出非他指挥 我们这时候出门， 我们非去不可,来源字段完整但仍需正版逐页核验,,,,,,,,,,,,,,,,,,,,
span:AUTH-TAD-0087,CandidateSpan,AUTH-TAD-0087｜今天,,,,,,,,,,,,,,,,,,,,,,,,,,,,,,,,,,今天,,,,,,,AUTH-TAD-0087,今天,0.0,2.0,located,candidate_span,,,,,,,,,,,,,,
consensus:AUTH-TAD-0087,ConsensusLabel,AUTH-TAD-0087｜时间定语,,,,,,,,,,,,,,,,,,,,,,,,,,,,,,,,,,,,,,,,,,今天,,,,,consensus:AUTH-TAD-0087,ATTRIBUTE,完全一致,完全一致,完全一致,,,,,,,,,
annotation:span:AUTH-TAD-0087:r1,AnnotationDecision,标注者1-AUTH-TAD-0087,,,,,,,,,,,,,,,,,,,,,,,,,,,,,,,,,,,,,,,,,,,,,,,,,,,,ANONYMIZED_RATER_1,,annotation:span:AUTH-TAD-0087:r1,正确,不是时间状语,时间定语,,,
annotation:span:AUTH-TAD-0087:r2,AnnotationDecision,标注者2-AUTH-TAD-0087,,,,,,,,,,,,,,,,,,,,,,,,,,,,,,,,,,,,,,,,,,,,,,,,,,,,ANONYMIZED_RATER_2,,annotation:span:AUTH-TAD-0087:r2,正确,不是时间状语,时间定语,,,
annotation:span:AUTH-TAD-0087:r3,AnnotationDecision,标注者3-AUTH-TAD-0087,,,,,,,,,,,,,,,,,,,,,,,,,,,,,,,,,,,,,,,,,,,,,,,,,,,,ANONYMIZED_RATER_3,,annotation:span:AUTH-TAD-0087:r3,正确,不是时间状语,时间定语,,,
sentence:SENT-0334,Sentence,明天大概七点起床吧?,,,,,,,,,,,,,,,,,,,,,,,,,,,,,,,,,SENT-0334,明天大概七点起床吧?,明天大概七点起床吧,国际中文教育中文水平等级标准·语法学习手册（初等）,初等,185,(初等) 小提示 “吧2”具有揣测的语气，所以句中经常有表示揣测、估计的副词，如“也许、大 概,来源字段完整但仍需正版逐页核验,,,,,,,,,,,,,,,,,,,,
span:AUTH-TAD-0088,CandidateSpan,AUTH-TAD-0088｜七点,,,,,,,,,,,,,,,,,,,,,,,,,,,,,,,,,,七点,,,,,,,AUTH-TAD-0088,七点,4.0,6.0,located,candidate_span,,,,,,,,,,,,,,
consensus:AUTH-TAD-0088,ConsensusLabel,AUTH-TAD-0088｜时间状语,,,,,,,,,,,,,,,,,,,,,,,,,,,,,,,,,,,,,,,,,,七点,,,,,consensus:AUTH-TAD-0088,TEMPORAL_ADVERBIAL,多数一致,多数一致,多数一致,,,,,,,,,
annotation:span:AUTH-TAD-0088:r1,AnnotationDecision,标注者1-AUTH-TAD-0088,,,,,,,,,,,,,,,,,,,,,,,,,,,,,,,,,,,,,,,,,,,,,,,,,,,,ANONYMIZED_RATER_1,,annotation:span:AUTH-TAD-0088:r1,正确,是时间状语,时间状语,,,
annotation:span:AUTH-TAD-0088:r2,AnnotationDecision,标注者2-AUTH-TAD-0088,,,,,,,,,,,,,,,,,,,,,,,,,,,,,,,,,,,,,,,,,,,,,,,,,,,,ANONYMIZED_RATER_2,,annotation:span:AUTH-TAD-0088:r2,正确,是时间状语,时间状语,,,
annotation:span:AUTH-TAD-0088:r3,AnnotationDecision,标注者3-AUTH-TAD-0088,,,,,,,,,,,,,,,,,,,,,,,,,,,,,,,,,,,,,,,,,,,,,,,,,,,,ANONYMIZED_RATER_3,,annotation:span:AUTH-TAD-0088:r3,边界不完整,不是时间状语,提取错误：边界不完整,明天大概七点,,
sentence:SENT-0350,Sentence,昨天很冷，今天更冷了。,,,,,,,,,,,,,,,,,,,,,,,,,,,,,,,,,SENT-0350,昨天很冷，今天更冷了。,昨天很冷今天更冷了,国际中文教育中文水平等级标准·语法学习手册（初等）,初等,224,,页面线索缺失,,,,,,,,,,,,,,,,,,,,
span:AUTH-TAD-0089,CandidateSpan,AUTH-TAD-0089｜今天,,,,,,,,,,,,,,,,,,,,,,,,,,,,,,,,,,今天,,,,,,,AUTH-TAD-0089,今天,5.0,7.0,located,candidate_span,,,,,,,,,,,,,,
consensus:AUTH-TAD-0089,ConsensusLabel,AUTH-TAD-0089｜其他/非目标时间用法,,,,,,,,,,,,,,,,,,,,,,,,,,,,,,,,,,,,,,,,,,今天,,,,,consensus:AUTH-TAD-0089,OTHER,多数一致,完全一致,多数一致,,,,,,,,,
annotation:span:AUTH-TAD-0089:r1,AnnotationDecision,标注者1-AUTH-TAD-0089,,,,,,,,,,,,,,,,,,,,,,,,,,,,,,,,,,,,,,,,,,,,,,,,,,,,ANONYMIZED_RATER_1,,annotation:span:AUTH-TAD-0089:r1,正确,不是时间状语,普通时间名词/词语引用,,,
annotation:span:AUTH-TAD-0089:r2,AnnotationDecision,标注者2-AUTH-TAD-0089,,,,,,,,,,,,,,,,,,,,,,,,,,,,,,,,,,,,,,,,,,,,,,,,,,,,ANONYMIZED_RATER_2,,annotation:span:AUTH-TAD-0089:r2,不是时间表达,不是时间状语,提取错误：不是时间表达,无,,
annotation:span:AUTH-TAD-0089:r3,AnnotationDecision,标注者3-AUTH-TAD-0089,,,,,,,,,,,,,,,,,,,,,,,,,,,,,,,,,,,,,,,,,,,,,,,,,,,,ANONYMIZED_RATER_3,,annotation:span:AUTH-TAD-0089:r3,正确,不是时间状语,普通时间名词/词语引用,,,
sentence:SENT-0394,Sentence,现在时间很紧张，我们的计划肯定来不及完成了。,,,,,,,,,,,,,,,,,,,,,,,,,,,,,,,,,SENT-0394,现在时间很紧张，我们的计划肯定来不及完成了。,现在时间很紧张我们的计划肯定来不及完成了,国际中文教育中文水平等级标准·语法学习手册（中等）,中等,61,现在时间很紧张，我们的计划肯定来不及完成了,来源字段完整但仍需正版逐页核验,,,,,,,,,,,,,,,,,,,,
span:AUTH-TAD-0090,CandidateSpan,AUTH-TAD-0090｜现在,,,,,,,,,,,,,,,,,,,,,,,,,,,,,,,,,,现在,,,,,,,AUTH-TAD-0090,现在,0.0,2.0,located,candidate_span,,,,,,,,,,,,,,
consensus:AUTH-TAD-0090,ConsensusLabel,AUTH-TAD-0090｜时间状语,,,,,,,,,,,,,,,,,,,,,,,,,,,,,,,,,,,,,,,,,,现在,,,,,consensus:AUTH-TAD-0090,TEMPORAL_ADVERBIAL,完全一致,完全一致,完全一致,,,,,,,,,
annotation:span:AUTH-TAD-0090:r1,AnnotationDecision,标注者1-AUTH-TAD-0090,,,,,,,,,,,,,,,,,,,,,,,,,,,,,,,,,,,,,,,,,,,,,,,,,,,,ANONYMIZED_RATER_1,,annotation:span:AUTH-TAD-0090:r1,正确,是时间状语,时间状语,,,
annotation:span:AUTH-TAD-0090:r2,AnnotationDecision,标注者2-AUTH-TAD-0090,,,,,,,,,,,,,,,,,,,,,,,,,,,,,,,,,,,,,,,,,,,,,,,,,,,,ANONYMIZED_RATER_2,,annotation:span:AUTH-TAD-0090:r2,正确,是时间状语,时间状语,,,
annotation:span:AUTH-TAD-0090:r3,AnnotationDecision,标注者3-AUTH-TAD-0090,,,,,,,,,,,,,,,,,,,,,,,,,,,,,,,,,,,,,,,,,,,,,,,,,,,,ANONYMIZED_RATER_3,,annotation:span:AUTH-TAD-0090:r3,正确,是时间状语,时间状语,,,
sentence:SENT-0273,Sentence,我们工厂自开展创新活动以来，取得了一系列成果。,,,,,,,,,,,,,,,,,,,,,,,,,,,,,,,,,SENT-0273,我们工厂自开展创新活动以来，取得了一系列成果。,我们工厂自开展创新活动以来取得了一系列成果,国际中文教育中文水平等级标准·语法学习手册（中等）,中等,66,自开业以来，这个饭馆的生意每天都很好,来源字段完整但仍需正版逐页核验,,,,,,,,,,,,,,,,,,,,
span:AUTH-TAD-0091,CandidateSpan,AUTH-TAD-0091｜厂自开展创新活动以来,,,,,,,,,,,,,,,,,,,,,,,,,,,,,,,,,,厂自开展创新活动以来,,,,,,,AUTH-TAD-0091,自开展创新活动以来,3.0,13.0,located,majority_fixed_span,,,,,,,,,,,,,,
consensus:AUTH-TAD-0091,ConsensusLabel,AUTH-TAD-0091｜其他/非目标时间用法,,,,,,,,,,,,,,,,,,,,,,,,,,,,,,,,,,,,,,,,,,自开展创新活动以来,,,,,consensus:AUTH-TAD-0091,OTHER,多数一致,完全一致,多数一致,,,,,,,,,
annotation:span:AUTH-TAD-0091:r1,AnnotationDecision,标注者1-AUTH-TAD-0091,,,,,,,,,,,,,,,,,,,,,,,,,,,,,,,,,,,,,,,,,,,,,,,,,,,,ANONYMIZED_RATER_1,,annotation:span:AUTH-TAD-0091:r1,边界过长,不是时间状语,提取错误：边界过长,自开展创新活动以来,,
annotation:span:AUTH-TAD-0091:r2,AnnotationDecision,标注者2-AUTH-TAD-0091,,,,,,,,,,,,,,,,,,,,,,,,,,,,,,,,,,,,,,,,,,,,,,,,,,,,ANONYMIZED_RATER_2,,annotation:span:AUTH-TAD-0091:r2,边界不完整,不是时间状语,提取错误：边界不完整,自开展创新活动以来,,
annotation:span:AUTH-TAD-0091:r3,AnnotationDecision,标注者3-AUTH-TAD-0091,,,,,,,,,,,,,,,,,,,,,,,,,,,,,,,,,,,,,,,,,,,,,,,,,,,,ANONYMIZED_RATER_3,,annotation:span:AUTH-TAD-0091:r3,边界过长,不是时间状语,提取错误：边界过长,无,,
sentence:SENT-0404,Sentence,目前的情况与去年完全不同。,,,,,,,,,,,,,,,,,,,,,,,,,,,,,,,,,SENT-0404,目前的情况与去年完全不同。,目前的情况与去年完全不同,国际中文教育中文水平等级标准·语法学习手册（中等）,中等,296,的时候，我们要敢 于与困难做斗争,来源字段完整但仍需正版逐页核验,,,,,,,,,,,,,,,,,,,,
span:AUTH-TAD-0092,CandidateSpan,AUTH-TAD-0092｜去年,,,,,,,,,,,,,,,,,,,,,,,,,,,,,,,,,,去年,,,,,,,AUTH-TAD-0092,去年,6.0,8.0,located,candidate_span,,,,,,,,,,,,,,
consensus:AUTH-TAD-0092,ConsensusLabel,AUTH-TAD-0092｜其他/非目标时间用法,,,,,,,,,,,,,,,,,,,,,,,,,,,,,,,,,,,,,,,,,,去年,,,,,consensus:AUTH-TAD-0092,OTHER,平票,多数一致,平票,,,,,,,,,
annotation:span:AUTH-TAD-0092:r1,AnnotationDecision,标注者1-AUTH-TAD-0092,,,,,,,,,,,,,,,,,,,,,,,,,,,,,,,,,,,,,,,,,,,,,,,,,,,,ANONYMIZED_RATER_1,,annotation:span:AUTH-TAD-0092:r1,不确定,不确定,其他/不确定,,,
annotation:span:AUTH-TAD-0092:r2,AnnotationDecision,标注者2-AUTH-TAD-0092,,,,,,,,,,,,,,,,,,,,,,,,,,,,,,,,,,,,,,,,,,,,,,,,,,,,ANONYMIZED_RATER_2,,annotation:span:AUTH-TAD-0092:r2,不是时间表达,不是时间状语,提取错误：不是时间表达,无,,
annotation:span:AUTH-TAD-0092:r3,AnnotationDecision,标注者3-AUTH-TAD-0092,,,,,,,,,,,,,,,,,,,,,,,,,,,,,,,,,,,,,,,,,,,,,,,,,,,,ANONYMIZED_RATER_3,,annotation:span:AUTH-TAD-0092:r3,正确,不是时间状语,普通时间名词/词语引用,,,
sentence:SENT-0275,Sentence,我们平时不能吃得太多、太好。,,,,,,,,,,,,,,,,,,,,,,,,,,,,,,,,,SENT-0275,我们平时不能吃得太多、太好。,我们平时不能吃得太多太好,国际中文教育中文水平等级标准·语法学习手册（高等）,高等,104,◎ 典型例句和对话 例句 交际实践 可不是，警察都已经 (在小区门口，询问出了什么事) 来了,来源字段完整但仍需正版逐页核验,,,,,,,,,,,,,,,,,,,,
span:AUTH-TAD-0093,CandidateSpan,AUTH-TAD-0093｜平时,,,,,,,,,,,,,,,,,,,,,,,,,,,,,,,,,,平时,,,,,,,AUTH-TAD-0093,平时,2.0,4.0,located,candidate_span,,,,,,,,,,,,,,
consensus:AUTH-TAD-0093,ConsensusLabel,AUTH-TAD-0093｜时间状语,,,,,,,,,,,,,,,,,,,,,,,,,,,,,,,,,,,,,,,,,,平时,,,,,consensus:AUTH-TAD-0093,TEMPORAL_ADVERBIAL,完全一致,完全一致,完全一致,,,,,,,,,
annotation:span:AUTH-TAD-0093:r1,AnnotationDecision,标注者1-AUTH-TAD-0093,,,,,,,,,,,,,,,,,,,,,,,,,,,,,,,,,,,,,,,,,,,,,,,,,,,,ANONYMIZED_RATER_1,,annotation:span:AUTH-TAD-0093:r1,正确,是时间状语,时间状语,,,
annotation:span:AUTH-TAD-0093:r2,AnnotationDecision,标注者2-AUTH-TAD-0093,,,,,,,,,,,,,,,,,,,,,,,,,,,,,,,,,,,,,,,,,,,,,,,,,,,,ANONYMIZED_RATER_2,,annotation:span:AUTH-TAD-0093:r2,正确,是时间状语,时间状语,,,
annotation:span:AUTH-TAD-0093:r3,AnnotationDecision,标注者3-AUTH-TAD-0093,,,,,,,,,,,,,,,,,,,,,,,,,,,,,,,,,,,,,,,,,,,,,,,,,,,,ANONYMIZED_RATER_3,,annotation:span:AUTH-TAD-0093:r3,正确,是时间状语,时间状语,,,
sentence:SENT-0064,Sentence,今年年初以来，我已经回过五次老家了。,,,,,,,,,,,,,,,,,,,,,,,,,,,,,,,,,SENT-0064,今年年初以来，我已经回过五次老家了。,今年年初以来我已经回过五次老家了,国际中文教育中文水平等级标准·语法学习手册（中等）,中等,66,自开业以来，这个饭馆的生意每天都很好,来源字段完整但仍需正版逐页核验,,,,,,,,,,,,,,,,,,,,
span:AUTH-TAD-0094,CandidateSpan,AUTH-TAD-0094｜今年,,,,,,,,,,,,,,,,,,,,,,,,,,,,,,,,,,今年,,,,,,,AUTH-TAD-0094,今年年初以来,0.0,2.0,located,majority_fixed_span,,,,,,,,,,,,,,
consensus:AUTH-TAD-0094,ConsensusLabel,AUTH-TAD-0094｜其他/非目标时间用法,,,,,,,,,,,,,,,,,,,,,,,,,,,,,,,,,,,,,,,,,,今年年初以来,,,,,consensus:AUTH-TAD-0094,OTHER,完全一致,完全一致,完全一致,,,,,,,,,
annotation:span:AUTH-TAD-0094:r1,AnnotationDecision,标注者1-AUTH-TAD-0094,,,,,,,,,,,,,,,,,,,,,,,,,,,,,,,,,,,,,,,,,,,,,,,,,,,,ANONYMIZED_RATER_1,,annotation:span:AUTH-TAD-0094:r1,边界不完整,不是时间状语,提取错误：边界不完整,今年年初,,
annotation:span:AUTH-TAD-0094:r2,AnnotationDecision,标注者2-AUTH-TAD-0094,,,,,,,,,,,,,,,,,,,,,,,,,,,,,,,,,,,,,,,,,,,,,,,,,,,,ANONYMIZED_RATER_2,,annotation:span:AUTH-TAD-0094:r2,边界不完整,不是时间状语,提取错误：边界不完整,今年年初以来,,
annotation:span:AUTH-TAD-0094:r3,AnnotationDecision,标注者3-AUTH-TAD-0094,,,,,,,,,,,,,,,,,,,,,,,,,,,,,,,,,,,,,,,,,,,,,,,,,,,,ANONYMIZED_RATER_3,,annotation:span:AUTH-TAD-0094:r3,边界不完整,不是时间状语,提取错误：边界不完整,今年年初以来,,
sentence:SENT-0303,Sentence,我每天都会去健身房进行一个小时的力量训练，以保持健康的体质。,,,,,,,,,,,,,,,,,,,,,,,,,,,,,,,,,SENT-0303,我每天都会去健身房进行一个小时的力量训练，以保持健康的体质。,我每天都会去健身房进行一个小时的力量训练以保持健康的体质,国际中文教育中文水平等级标准·语法学习手册（高等）,高等,183,(在公司，谈论员工的服务水平) 客户：仅半年时间，我深切地感受到你们员工的服 务水平有了,来源字段完整但仍需正版逐页核验,,,,,,,,,,,,,,,,,,,,
span:AUTH-TAD-0095,CandidateSpan,AUTH-TAD-0095｜每天,,,,,,,,,,,,,,,,,,,,,,,,,,,,,,,,,,每天,,,,,,,AUTH-TAD-0095,每天,1.0,3.0,located,candidate_span,,,,,,,,,,,,,,
consensus:AUTH-TAD-0095,ConsensusLabel,AUTH-TAD-0095｜时间状语,,,,,,,,,,,,,,,,,,,,,,,,,,,,,,,,,,,,,,,,,,每天,,,,,consensus:AUTH-TAD-0095,TEMPORAL_ADVERBIAL,完全一致,完全一致,完全一致,,,,,,,,,
annotation:span:AUTH-TAD-0095:r1,AnnotationDecision,标注者1-AUTH-TAD-0095,,,,,,,,,,,,,,,,,,,,,,,,,,,,,,,,,,,,,,,,,,,,,,,,,,,,ANONYMIZED_RATER_1,,annotation:span:AUTH-TAD-0095:r1,正确,是时间状语,时间状语,,,
annotation:span:AUTH-TAD-0095:r2,AnnotationDecision,标注者2-AUTH-TAD-0095,,,,,,,,,,,,,,,,,,,,,,,,,,,,,,,,,,,,,,,,,,,,,,,,,,,,ANONYMIZED_RATER_2,,annotation:span:AUTH-TAD-0095:r2,正确,是时间状语,时间状语,,,
annotation:span:AUTH-TAD-0095:r3,AnnotationDecision,标注者3-AUTH-TAD-0095,,,,,,,,,,,,,,,,,,,,,,,,,,,,,,,,,,,,,,,,,,,,,,,,,,,,ANONYMIZED_RATER_3,,annotation:span:AUTH-TAD-0095:r3,正确,是时间状语,时间状语,,,
sentence:SENT-0369,Sentence,木村于三年前结束了在中国的生活。,,,,,,,,,,,,,,,,,,,,,,,,,,,,,,,,,SENT-0369,木村于三年前结束了在中国的生活。,木村于三年前结束了在中国的生活,国际中文教育中文水平等级标准·语法学习手册（中等）,中等,293,结构特点 “于”常与时间名词或处所名词组合，可位于动词性成分前作,来源字段完整但仍需正版逐页核验,,,,,,,,,,,,,,,,,,,,
span:AUTH-TAD-0096,CandidateSpan,AUTH-TAD-0096｜三年,,,,,,,,,,,,,,,,,,,,,,,,,,,,,,,,,,三年,,,,,,,AUTH-TAD-0096,三年,3.0,5.0,located,candidate_span,,,,,,,,,,,,,,
consensus:AUTH-TAD-0096,ConsensusLabel,AUTH-TAD-0096｜时间状语,,,,,,,,,,,,,,,,,,,,,,,,,,,,,,,,,,,,,,,,,,三年,,,,,consensus:AUTH-TAD-0096,TEMPORAL_ADVERBIAL,完全一致,多数一致,多数一致,,,,,,,,,
annotation:span:AUTH-TAD-0096:r1,AnnotationDecision,标注者1-AUTH-TAD-0096,,,,,,,,,,,,,,,,,,,,,,,,,,,,,,,,,,,,,,,,,,,,,,,,,,,,ANONYMIZED_RATER_1,,annotation:span:AUTH-TAD-0096:r1,正确,是时间状语,时间状语,,,
annotation:span:AUTH-TAD-0096:r2,AnnotationDecision,标注者2-AUTH-TAD-0096,,,,,,,,,,,,,,,,,,,,,,,,,,,,,,,,,,,,,,,,,,,,,,,,,,,,ANONYMIZED_RATER_2,,annotation:span:AUTH-TAD-0096:r2,正确,是时间状语,时间状语,,,
annotation:span:AUTH-TAD-0096:r3,AnnotationDecision,标注者3-AUTH-TAD-0096,,,,,,,,,,,,,,,,,,,,,,,,,,,,,,,,,,,,,,,,,,,,,,,,,,,,ANONYMIZED_RATER_3,,annotation:span:AUTH-TAD-0096:r3,正确,不是时间状语,时长补语,,,
sentence:SENT-0029,Sentence,二十分钟的表演转眼结束，观众皆感意犹未尽。,,,,,,,,,,,,,,,,,,,,,,,,,,,,,,,,,SENT-0029,二十分钟的表演转眼结束，观众皆感意犹未尽。,二十分钟的表演转眼结束观众皆感意犹未尽,国际中文教育中文水平等级标准·语法学习手册（高等）,高等,24,特点 “皆”一般用在形容词性成分或动词性成分前，作状语,来源字段完整但仍需正版逐页核验,,,,,,,,,,,,,,,,,,,,
span:AUTH-TAD-0097,CandidateSpan,AUTH-TAD-0097｜二十分钟,,,,,,,,,,,,,,,,,,,,,,,,,,,,,,,,,,二十分钟,,,,,,,AUTH-TAD-0097,二十分钟,0.0,4.0,located,candidate_span,,,,,,,,,,,,,,
consensus:AUTH-TAD-0097,ConsensusLabel,AUTH-TAD-0097｜时间定语,,,,,,,,,,,,,,,,,,,,,,,,,,,,,,,,,,,,,,,,,,二十分钟,,,,,consensus:AUTH-TAD-0097,ATTRIBUTE,完全一致,完全一致,完全一致,,,,,,,,,
annotation:span:AUTH-TAD-0097:r1,AnnotationDecision,标注者1-AUTH-TAD-0097,,,,,,,,,,,,,,,,,,,,,,,,,,,,,,,,,,,,,,,,,,,,,,,,,,,,ANONYMIZED_RATER_1,,annotation:span:AUTH-TAD-0097:r1,正确,不是时间状语,时间定语,,,
annotation:span:AUTH-TAD-0097:r2,AnnotationDecision,标注者2-AUTH-TAD-0097,,,,,,,,,,,,,,,,,,,,,,,,,,,,,,,,,,,,,,,,,,,,,,,,,,,,ANONYMIZED_RATER_2,,annotation:span:AUTH-TAD-0097:r2,正确,不是时间状语,时间定语,,,
annotation:span:AUTH-TAD-0097:r3,AnnotationDecision,标注者3-AUTH-TAD-0097,,,,,,,,,,,,,,,,,,,,,,,,,,,,,,,,,,,,,,,,,,,,,,,,,,,,ANONYMIZED_RATER_3,,annotation:span:AUTH-TAD-0097:r3,正确,不是时间状语,时间定语,,,
sentence:SENT-0395,Sentence,现在爸爸的精力比过去越发充沛了。,,,,,,,,,,,,,,,,,,,,,,,,,,,,,,,,,SENT-0395,现在爸爸的精力比过去越发充沛了。,现在爸爸的精力比过去越发充沛了,国际中文教育中文水平等级标准·语法学习手册（高等）,高等,21,特点 “越发”用于比较句，句中一般要出现两个不同的时间，有时表示两个时间的成 分在上下文中可以,来源字段完整但仍需正版逐页核验,,,,,,,,,,,,,,,,,,,,
span:AUTH-TAD-0098,CandidateSpan,AUTH-TAD-0098｜现在,,,,,,,,,,,,,,,,,,,,,,,,,,,,,,,,,,现在,,,,,,,AUTH-TAD-0098,现在,0.0,2.0,located,candidate_span,,,,,,,,,,,,,,
consensus:AUTH-TAD-0098,ConsensusLabel,AUTH-TAD-0098｜时间状语,,,,,,,,,,,,,,,,,,,,,,,,,,,,,,,,,,,,,,,,,,现在,,,,,consensus:AUTH-TAD-0098,TEMPORAL_ADVERBIAL,完全一致,完全一致,完全一致,,,,,,,,,
annotation:span:AUTH-TAD-0098:r1,AnnotationDecision,标注者1-AUTH-TAD-0098,,,,,,,,,,,,,,,,,,,,,,,,,,,,,,,,,,,,,,,,,,,,,,,,,,,,ANONYMIZED_RATER_1,,annotation:span:AUTH-TAD-0098:r1,正确,是时间状语,时间状语,,,
annotation:span:AUTH-TAD-0098:r2,AnnotationDecision,标注者2-AUTH-TAD-0098,,,,,,,,,,,,,,,,,,,,,,,,,,,,,,,,,,,,,,,,,,,,,,,,,,,,ANONYMIZED_RATER_2,,annotation:span:AUTH-TAD-0098:r2,正确,是时间状语,时间状语,,,
annotation:span:AUTH-TAD-0098:r3,AnnotationDecision,标注者3-AUTH-TAD-0098,,,,,,,,,,,,,,,,,,,,,,,,,,,,,,,,,,,,,,,,,,,,,,,,,,,,ANONYMIZED_RATER_3,,annotation:span:AUTH-TAD-0098:r3,正确,是时间状语,时间状语,,,
sentence:SENT-0048,Sentence,今天我没/没有写汉字。,,,,,,,,,,,,,,,,,,,,,,,,,,,,,,,,,SENT-0048,今天我没/没有写汉字。,今天我没/没有写汉字,国际中文教育中文水平等级标准·语法学习手册（初等）,初等,65,◎结构特点 “没、没有”在动词性成分前，表示对已经发生或曾经发生的动作行为的否定； 在形容,来源字段完整但仍需正版逐页核验,,,,,,,,,,,,,,,,,,,,
span:AUTH-TAD-0099,CandidateSpan,AUTH-TAD-0099｜今天,,,,,,,,,,,,,,,,,,,,,,,,,,,,,,,,,,今天,,,,,,,AUTH-TAD-0099,今天,0.0,2.0,located,candidate_span,,,,,,,,,,,,,,
consensus:AUTH-TAD-0099,ConsensusLabel,AUTH-TAD-0099｜时间状语,,,,,,,,,,,,,,,,,,,,,,,,,,,,,,,,,,,,,,,,,,今天,,,,,consensus:AUTH-TAD-0099,TEMPORAL_ADVERBIAL,完全一致,完全一致,完全一致,,,,,,,,,
annotation:span:AUTH-TAD-0099:r1,AnnotationDecision,标注者1-AUTH-TAD-0099,,,,,,,,,,,,,,,,,,,,,,,,,,,,,,,,,,,,,,,,,,,,,,,,,,,,ANONYMIZED_RATER_1,,annotation:span:AUTH-TAD-0099:r1,正确,是时间状语,时间状语,,,
annotation:span:AUTH-TAD-0099:r2,AnnotationDecision,标注者2-AUTH-TAD-0099,,,,,,,,,,,,,,,,,,,,,,,,,,,,,,,,,,,,,,,,,,,,,,,,,,,,ANONYMIZED_RATER_2,,annotation:span:AUTH-TAD-0099:r2,正确,是时间状语,时间状语,,,
annotation:span:AUTH-TAD-0099:r3,AnnotationDecision,标注者3-AUTH-TAD-0099,,,,,,,,,,,,,,,,,,,,,,,,,,,,,,,,,,,,,,,,,,,,,,,,,,,,ANONYMIZED_RATER_3,,annotation:span:AUTH-TAD-0099:r3,正确,是时间状语,时间状语,,,
sentence:SENT-0218,Sentence,她白白地忙活了一天。,,,,,,,,,,,,,,,,,,,,,,,,,,,,,,,,,SENT-0218,她白白地忙活了一天。,她白白地忙活了一天,国际中文教育中文水平等级标准·语法学习手册（高等）,高等,51,,页面线索缺失,,,,,,,,,,,,,,,,,,,,
span:AUTH-TAD-0100,CandidateSpan,AUTH-TAD-0100｜一天,,,,,,,,,,,,,,,,,,,,,,,,,,,,,,,,,,一天,,,,,,,AUTH-TAD-0100,一天,7.0,9.0,located,candidate_span,,,,,,,,,,,,,,
consensus:AUTH-TAD-0100,ConsensusLabel,AUTH-TAD-0100｜时长/时间补语,,,,,,,,,,,,,,,,,,,,,,,,,,,,,,,,,,,,,,,,,,一天,,,,,consensus:AUTH-TAD-0100,COMPLEMENT,完全一致,完全一致,完全一致,,,,,,,,,
annotation:span:AUTH-TAD-0100:r1,AnnotationDecision,标注者1-AUTH-TAD-0100,,,,,,,,,,,,,,,,,,,,,,,,,,,,,,,,,,,,,,,,,,,,,,,,,,,,ANONYMIZED_RATER_1,,annotation:span:AUTH-TAD-0100:r1,正确,不是时间状语,时长补语,,,
annotation:span:AUTH-TAD-0100:r2,AnnotationDecision,标注者2-AUTH-TAD-0100,,,,,,,,,,,,,,,,,,,,,,,,,,,,,,,,,,,,,,,,,,,,,,,,,,,,ANONYMIZED_RATER_2,,annotation:span:AUTH-TAD-0100:r2,正确,不是时间状语,时长补语,,,
annotation:span:AUTH-TAD-0100:r3,AnnotationDecision,标注者3-AUTH-TAD-0100,,,,,,,,,,,,,,,,,,,,,,,,,,,,,,,,,,,,,,,,,,,,,,,,,,,,ANONYMIZED_RATER_3,,annotation:span:AUTH-TAD-0100:r3,正确,不是时间状语,时长补语,,,
sentence:SENT-0151,Sentence,你现在又没事，去见见他也不妨。,,,,,,,,,,,,,,,,,,,,,,,,,,,,,,,,,SENT-0151,你现在又没事，去见见他也不妨。,你现在又没事去见见他也不妨,国际中文教育中文水平等级标准·语法学习手册（高等）,高等,46,七一九级语法点 例句 交际实践 你的病已经好多了，下 床走走也不妨,来源字段完整但仍需正版逐页核验,,,,,,,,,,,,,,,,,,,,
span:AUTH-TAD-0101,CandidateSpan,AUTH-TAD-0101｜现在,,,,,,,,,,,,,,,,,,,,,,,,,,,,,,,,,,现在,,,,,,,AUTH-TAD-0101,现在,1.0,3.0,located,candidate_span,,,,,,,,,,,,,,
consensus:AUTH-TAD-0101,ConsensusLabel,AUTH-TAD-0101｜时间状语,,,,,,,,,,,,,,,,,,,,,,,,,,,,,,,,,,,,,,,,,,现在,,,,,consensus:AUTH-TAD-0101,TEMPORAL_ADVERBIAL,完全一致,完全一致,完全一致,,,,,,,,,
annotation:span:AUTH-TAD-0101:r1,AnnotationDecision,标注者1-AUTH-TAD-0101,,,,,,,,,,,,,,,,,,,,,,,,,,,,,,,,,,,,,,,,,,,,,,,,,,,,ANONYMIZED_RATER_1,,annotation:span:AUTH-TAD-0101:r1,正确,是时间状语,时间状语,,,
annotation:span:AUTH-TAD-0101:r2,AnnotationDecision,标注者2-AUTH-TAD-0101,,,,,,,,,,,,,,,,,,,,,,,,,,,,,,,,,,,,,,,,,,,,,,,,,,,,ANONYMIZED_RATER_2,,annotation:span:AUTH-TAD-0101:r2,正确,是时间状语,时间状语,,,
annotation:span:AUTH-TAD-0101:r3,AnnotationDecision,标注者3-AUTH-TAD-0101,,,,,,,,,,,,,,,,,,,,,,,,,,,,,,,,,,,,,,,,,,,,,,,,,,,,ANONYMIZED_RATER_3,,annotation:span:AUTH-TAD-0101:r3,正确,是时间状语,时间状语,,,
sentence:SENT-0463,Sentence,长大以后，我时常怀念我的故乡。,,,,,,,,,,,,,,,,,,,,,,,,,,,,,,,,,SENT-0463,长大以后，我时常怀念我的故乡。,长大以后我时常怀念我的故乡,国际中文教育中文水平等级标准·语法学习手册（中等）,中等,154,五级语法点 结构特点 “时常”作状语，用在主语之后、动词性成分之前,来源字段完整但仍需正版逐页核验,,,,,,,,,,,,,,,,,,,,
span:AUTH-TAD-0102,CandidateSpan,AUTH-TAD-0102｜长大以后,,,,,,,,,,,,,,,,,,,,,,,,,,,,,,,,,,长大以后,,,,,,,AUTH-TAD-0102,长大以后,0.0,4.0,located,candidate_span,,,,,,,,,,,,,,
consensus:AUTH-TAD-0102,ConsensusLabel,AUTH-TAD-0102｜时间状语,,,,,,,,,,,,,,,,,,,,,,,,,,,,,,,,,,,,,,,,,,长大以后,,,,,consensus:AUTH-TAD-0102,TEMPORAL_ADVERBIAL,完全一致,完全一致,完全一致,,,,,,,,,
annotation:span:AUTH-TAD-0102:r1,AnnotationDecision,标注者1-AUTH-TAD-0102,,,,,,,,,,,,,,,,,,,,,,,,,,,,,,,,,,,,,,,,,,,,,,,,,,,,ANONYMIZED_RATER_1,,annotation:span:AUTH-TAD-0102:r1,正确,是时间状语,时间状语,,,
annotation:span:AUTH-TAD-0102:r2,AnnotationDecision,标注者2-AUTH-TAD-0102,,,,,,,,,,,,,,,,,,,,,,,,,,,,,,,,,,,,,,,,,,,,,,,,,,,,ANONYMIZED_RATER_2,,annotation:span:AUTH-TAD-0102:r2,正确,是时间状语,时间状语,,,
annotation:span:AUTH-TAD-0102:r3,AnnotationDecision,标注者3-AUTH-TAD-0102,,,,,,,,,,,,,,,,,,,,,,,,,,,,,,,,,,,,,,,,,,,,,,,,,,,,ANONYMIZED_RATER_3,,annotation:span:AUTH-TAD-0102:r3,正确,是时间状语,时间状语,,,
sentence:SENT-0316,Sentence,我马上从食堂出来。,,,,,,,,,,,,,,,,,,,,,,,,,,,,,,,,,SENT-0316,我马上从食堂出来。,我马上从食堂出来,国际中文教育中文水平等级标准·语法学习手册（初等）,初等,66,41介词(引出时间、处所):从1 【一15】 ◎ 基本语义,来源字段完整但仍需正版逐页核验,,,,,,,,,,,,,,,,,,,,
span:AUTH-TAD-0103,CandidateSpan,AUTH-TAD-0103｜马上,,,,,,,,,,,,,,,,,,,,,,,,,,,,,,,,,,马上,,,,,,,AUTH-TAD-0103,马上,1.0,3.0,located,candidate_span,,,,,,,,,,,,,,
consensus:AUTH-TAD-0103,ConsensusLabel,AUTH-TAD-0103｜时间状语,,,,,,,,,,,,,,,,,,,,,,,,,,,,,,,,,,,,,,,,,,马上,,,,,consensus:AUTH-TAD-0103,TEMPORAL_ADVERBIAL,完全一致,完全一致,完全一致,,,,,,,,,
annotation:span:AUTH-TAD-0103:r1,AnnotationDecision,标注者1-AUTH-TAD-0103,,,,,,,,,,,,,,,,,,,,,,,,,,,,,,,,,,,,,,,,,,,,,,,,,,,,ANONYMIZED_RATER_1,,annotation:span:AUTH-TAD-0103:r1,正确,是时间状语,时间状语,,,
annotation:span:AUTH-TAD-0103:r2,AnnotationDecision,标注者2-AUTH-TAD-0103,,,,,,,,,,,,,,,,,,,,,,,,,,,,,,,,,,,,,,,,,,,,,,,,,,,,ANONYMIZED_RATER_2,,annotation:span:AUTH-TAD-0103:r2,正确,是时间状语,时间状语,,,
annotation:span:AUTH-TAD-0103:r3,AnnotationDecision,标注者3-AUTH-TAD-0103,,,,,,,,,,,,,,,,,,,,,,,,,,,,,,,,,,,,,,,,,,,,,,,,,,,,ANONYMIZED_RATER_3,,annotation:span:AUTH-TAD-0103:r3,正确,是时间状语,时间状语,,,
sentence:SENT-0265,Sentence,我从2018年到现在，都没回家。,,,,,,,,,,,,,,,,,,,,,,,,,,,,,,,,,SENT-0265,我从2018年到现在，都没回家。,我从2018年到现在都没回家,国际中文教育中文水平等级标准·语法学习手册（初等）,初等,66,41介词(引出时间、处所):从1 【一15】 ◎ 基本语义,来源字段完整但仍需正版逐页核验,,,,,,,,,,,,,,,,,,,,
span:AUTH-TAD-0104,CandidateSpan,AUTH-TAD-0104｜现在,,,,,,,,,,,,,,,,,,,,,,,,,,,,,,,,,,现在,,,,,,,AUTH-TAD-0104,从2018年到现在,8.0,10.0,located,majority_fixed_span,,,,,,,,,,,,,,
consensus:AUTH-TAD-0104,ConsensusLabel,AUTH-TAD-0104｜其他/非目标时间用法,,,,,,,,,,,,,,,,,,,,,,,,,,,,,,,,,,,,,,,,,,从2018年到现在,,,,,consensus:AUTH-TAD-0104,OTHER,多数一致,完全一致,多数一致,,,,,,,,,
annotation:span:AUTH-TAD-0104:r1,AnnotationDecision,标注者1-AUTH-TAD-0104,,,,,,,,,,,,,,,,,,,,,,,,,,,,,,,,,,,,,,,,,,,,,,,,,,,,ANONYMIZED_RATER_1,,annotation:span:AUTH-TAD-0104:r1,边界不完整,不是时间状语,提取错误：边界不完整,从2018年到现在,,
annotation:span:AUTH-TAD-0104:r2,AnnotationDecision,标注者2-AUTH-TAD-0104,,,,,,,,,,,,,,,,,,,,,,,,,,,,,,,,,,,,,,,,,,,,,,,,,,,,ANONYMIZED_RATER_2,,annotation:span:AUTH-TAD-0104:r2,边界不完整,不是时间状语,提取错误：边界不完整,从2018年到现在,,
annotation:span:AUTH-TAD-0104:r3,AnnotationDecision,标注者3-AUTH-TAD-0104,,,,,,,,,,,,,,,,,,,,,,,,,,,,,,,,,,,,,,,,,,,,,,,,,,,,ANONYMIZED_RATER_3,,annotation:span:AUTH-TAD-0104:r3,正确,不是时间状语,普通时间名词/词语引用,,,
sentence:SENT-0365,Sentence,最多两天而已，很快就回来了。,,,,,,,,,,,,,,,,,,,,,,,,,,,,,,,,,SENT-0365,最多两天而已，很快就回来了。,最多两天而已很快就回来了,国际中文教育中文水平等级标准·语法学习手册（高等）,高等,85,◎结构特点 结构助词“之”经常用在修饰语和中心语之间,来源字段完整但仍需正版逐页核验,,,,,,,,,,,,,,,,,,,,
span:AUTH-TAD-0105,CandidateSpan,AUTH-TAD-0105｜两天,,,,,,,,,,,,,,,,,,,,,,,,,,,,,,,,,,两天,,,,,,,AUTH-TAD-0105,两天,2.0,4.0,located,candidate_span,,,,,,,,,,,,,,
consensus:AUTH-TAD-0105,ConsensusLabel,AUTH-TAD-0105｜其他/非目标时间用法,,,,,,,,,,,,,,,,,,,,,,,,,,,,,,,,,,,,,,,,,,两天,,,,,consensus:AUTH-TAD-0105,OTHER,完全一致,完全一致,多数一致,,,,,,,,,
annotation:span:AUTH-TAD-0105:r1,AnnotationDecision,标注者1-AUTH-TAD-0105,,,,,,,,,,,,,,,,,,,,,,,,,,,,,,,,,,,,,,,,,,,,,,,,,,,,ANONYMIZED_RATER_1,,annotation:span:AUTH-TAD-0105:r1,正确,不是时间状语,普通时间名词/词语引用,,,
annotation:span:AUTH-TAD-0105:r2,AnnotationDecision,标注者2-AUTH-TAD-0105,,,,,,,,,,,,,,,,,,,,,,,,,,,,,,,,,,,,,,,,,,,,,,,,,,,,ANONYMIZED_RATER_2,,annotation:span:AUTH-TAD-0105:r2,正确,不是时间状语,时长补语,,,
annotation:span:AUTH-TAD-0105:r3,AnnotationDecision,标注者3-AUTH-TAD-0105,,,,,,,,,,,,,,,,,,,,,,,,,,,,,,,,,,,,,,,,,,,,,,,,,,,,ANONYMIZED_RATER_3,,annotation:span:AUTH-TAD-0105:r3,正确,不是时间状语,普通时间名词/词语引用,,,
sentence:SENT-0203,Sentence,天气预报说这两天都有雨。,,,,,,,,,,,,,,,,,,,,,,,,,,,,,,,,,SENT-0203,天气预报说这两天都有雨。,天气预报说这两天都有雨,国际中文教育中文水平等级标准·语法学习手册（高等）,高等,99,,页面线索缺失,,,,,,,,,,,,,,,,,,,,
span:AUTH-TAD-0106,CandidateSpan,AUTH-TAD-0106｜两天,,,,,,,,,,,,,,,,,,,,,,,,,,,,,,,,,,两天,,,,,,,AUTH-TAD-0106,两天,6.0,8.0,located,candidate_span,,,,,,,,,,,,,,
consensus:AUTH-TAD-0106,ConsensusLabel,AUTH-TAD-0106｜时间状语,,,,,,,,,,,,,,,,,,,,,,,,,,,,,,,,,,,,,,,,,,两天,,,,,consensus:AUTH-TAD-0106,TEMPORAL_ADVERBIAL,多数一致,多数一致,多数一致,,,,,,,,,
annotation:span:AUTH-TAD-0106:r1,AnnotationDecision,标注者1-AUTH-TAD-0106,,,,,,,,,,,,,,,,,,,,,,,,,,,,,,,,,,,,,,,,,,,,,,,,,,,,ANONYMIZED_RATER_1,,annotation:span:AUTH-TAD-0106:r1,正确,是时间状语,时间状语,,,
annotation:span:AUTH-TAD-0106:r2,AnnotationDecision,标注者2-AUTH-TAD-0106,,,,,,,,,,,,,,,,,,,,,,,,,,,,,,,,,,,,,,,,,,,,,,,,,,,,ANONYMIZED_RATER_2,,annotation:span:AUTH-TAD-0106:r2,正确,是时间状语,时间状语,,,
annotation:span:AUTH-TAD-0106:r3,AnnotationDecision,标注者3-AUTH-TAD-0106,,,,,,,,,,,,,,,,,,,,,,,,,,,,,,,,,,,,,,,,,,,,,,,,,,,,ANONYMIZED_RATER_3,,annotation:span:AUTH-TAD-0106:r3,边界不完整,不是时间状语,提取错误：边界不完整,这两天,,
sentence:SENT-0437,Sentence,这个地方很受欢迎，今年的游客人数比去年增加了两倍。,,,,,,,,,,,,,,,,,,,,,,,,,,,,,,,,,SENT-0437,这个地方很受欢迎，今年的游客人数比去年增加了两倍。,这个地方很受欢迎今年的游客人数比去年增加了两倍,国际中文教育中文水平等级标准·语法学习手册（中等）,中等,118,,页面线索缺失,,,,,,,,,,,,,,,,,,,,
span:AUTH-TAD-0107,CandidateSpan,AUTH-TAD-0107｜今年,,,,,,,,,,,,,,,,,,,,,,,,,,,,,,,,,,今年,,,,,,,AUTH-TAD-0107,今年,9.0,11.0,located,candidate_span,,,,,,,,,,,,,,
consensus:AUTH-TAD-0107,ConsensusLabel,AUTH-TAD-0107｜时间定语,,,,,,,,,,,,,,,,,,,,,,,,,,,,,,,,,,,,,,,,,,今年,,,,,consensus:AUTH-TAD-0107,ATTRIBUTE,完全一致,完全一致,完全一致,,,,,,,,,
annotation:span:AUTH-TAD-0107:r1,AnnotationDecision,标注者1-AUTH-TAD-0107,,,,,,,,,,,,,,,,,,,,,,,,,,,,,,,,,,,,,,,,,,,,,,,,,,,,ANONYMIZED_RATER_1,,annotation:span:AUTH-TAD-0107:r1,正确,不是时间状语,时间定语,,,
annotation:span:AUTH-TAD-0107:r2,AnnotationDecision,标注者2-AUTH-TAD-0107,,,,,,,,,,,,,,,,,,,,,,,,,,,,,,,,,,,,,,,,,,,,,,,,,,,,ANONYMIZED_RATER_2,,annotation:span:AUTH-TAD-0107:r2,正确,不是时间状语,时间定语,,,
annotation:span:AUTH-TAD-0107:r3,AnnotationDecision,标注者3-AUTH-TAD-0107,,,,,,,,,,,,,,,,,,,,,,,,,,,,,,,,,,,,,,,,,,,,,,,,,,,,ANONYMIZED_RATER_3,,annotation:span:AUTH-TAD-0107:r3,正确,不是时间状语,时间定语,,,
sentence:SENT-0090,Sentence,他已经决定了，你就算再劝也没用。,,,,,,,,,,,,,,,,,,,,,,,,,,,,,,,,,SENT-0090,他已经决定了，你就算再劝也没用。,他已经决定了你就算再劝也没用,国际中文教育中文水平等级标准·语法学习手册（中等）,中等,356,话 就算成绩最好的 例句 同学也无法回答 就是你想马上瘦下来 就算他做错了你也要 这个问题,来源字段完整但仍需正版逐页核验,,,,,,,,,,,,,,,,,,,,
span:AUTH-TAD-0108,CandidateSpan,AUTH-TAD-0108｜已经,,,,,,,,,,,,,,,,,,,,,,,,,,,,,,,,,,已经,,,,,,,AUTH-TAD-0108,已经,1.0,3.0,located,candidate_span,,,,,,,,,,,,,,
consensus:AUTH-TAD-0108,ConsensusLabel,AUTH-TAD-0108｜时间状语,,,,,,,,,,,,,,,,,,,,,,,,,,,,,,,,,,,,,,,,,,已经,,,,,consensus:AUTH-TAD-0108,TEMPORAL_ADVERBIAL,完全一致,完全一致,完全一致,,,,,,,,,
annotation:span:AUTH-TAD-0108:r1,AnnotationDecision,标注者1-AUTH-TAD-0108,,,,,,,,,,,,,,,,,,,,,,,,,,,,,,,,,,,,,,,,,,,,,,,,,,,,ANONYMIZED_RATER_1,,annotation:span:AUTH-TAD-0108:r1,正确,是时间状语,时间状语,,,
annotation:span:AUTH-TAD-0108:r2,AnnotationDecision,标注者2-AUTH-TAD-0108,,,,,,,,,,,,,,,,,,,,,,,,,,,,,,,,,,,,,,,,,,,,,,,,,,,,ANONYMIZED_RATER_2,,annotation:span:AUTH-TAD-0108:r2,正确,是时间状语,时间状语,,,
annotation:span:AUTH-TAD-0108:r3,AnnotationDecision,标注者3-AUTH-TAD-0108,,,,,,,,,,,,,,,,,,,,,,,,,,,,,,,,,,,,,,,,,,,,,,,,,,,,ANONYMIZED_RATER_3,,annotation:span:AUTH-TAD-0108:r3,正确,是时间状语,时间状语,,,
sentence:SENT-0092,Sentence,他已经适应了国外的生活，故不打算回来了。,,,,,,,,,,,,,,,,,,,,,,,,,,,,,,,,,SENT-0092,他已经适应了国外的生活，故不打算回来了。,他已经适应了国外的生活故不打算回来了,国际中文教育中文水平等级标准·语法学习手册（高等）,高等,168,七一九级语法点 例句 交际实践 他已经适应了国外的生 (在饭店，聊起儿子) 活,来源字段完整但仍需正版逐页核验,,,,,,,,,,,,,,,,,,,,
span:AUTH-TAD-0109,CandidateSpan,AUTH-TAD-0109｜已经,,,,,,,,,,,,,,,,,,,,,,,,,,,,,,,,,,已经,,,,,,,AUTH-TAD-0109,已经,1.0,3.0,located,candidate_span,,,,,,,,,,,,,,
consensus:AUTH-TAD-0109,ConsensusLabel,AUTH-TAD-0109｜时间状语,,,,,,,,,,,,,,,,,,,,,,,,,,,,,,,,,,,,,,,,,,已经,,,,,consensus:AUTH-TAD-0109,TEMPORAL_ADVERBIAL,完全一致,完全一致,完全一致,,,,,,,,,
annotation:span:AUTH-TAD-0109:r1,AnnotationDecision,标注者1-AUTH-TAD-0109,,,,,,,,,,,,,,,,,,,,,,,,,,,,,,,,,,,,,,,,,,,,,,,,,,,,ANONYMIZED_RATER_1,,annotation:span:AUTH-TAD-0109:r1,正确,是时间状语,时间状语,,,
annotation:span:AUTH-TAD-0109:r2,AnnotationDecision,标注者2-AUTH-TAD-0109,,,,,,,,,,,,,,,,,,,,,,,,,,,,,,,,,,,,,,,,,,,,,,,,,,,,ANONYMIZED_RATER_2,,annotation:span:AUTH-TAD-0109:r2,正确,是时间状语,时间状语,,,
annotation:span:AUTH-TAD-0109:r3,AnnotationDecision,标注者3-AUTH-TAD-0109,,,,,,,,,,,,,,,,,,,,,,,,,,,,,,,,,,,,,,,,,,,,,,,,,,,,ANONYMIZED_RATER_3,,annotation:span:AUTH-TAD-0109:r3,正确,是时间状语,时间状语,,,
sentence:SENT-0161,Sentence,公司下周派我去北京出差，我可以顺便去看看奶奶了。,,,,,,,,,,,,,,,,,,,,,,,,,,,,,,,,,SENT-0161,公司下周派我去北京出差，我可以顺便去看看奶奶了。,公司下周派我去北京出差我可以顺便去看看奶奶了,国际中文教育中文水平等级标准·语法学习手册（高等）,高等,40,◎ 补充例句 你下楼的时候，顺便把垃圾带下去吧,来源字段完整但仍需正版逐页核验,,,,,,,,,,,,,,,,,,,,
span:AUTH-TAD-0110,CandidateSpan,AUTH-TAD-0110｜下周,,,,,,,,,,,,,,,,,,,,,,,,,,,,,,,,,,下周,,,,,,,AUTH-TAD-0110,下周,2.0,4.0,located,candidate_span,,,,,,,,,,,,,,
consensus:AUTH-TAD-0110,ConsensusLabel,AUTH-TAD-0110｜时间状语,,,,,,,,,,,,,,,,,,,,,,,,,,,,,,,,,,,,,,,,,,下周,,,,,consensus:AUTH-TAD-0110,TEMPORAL_ADVERBIAL,完全一致,完全一致,完全一致,,,,,,,,,
annotation:span:AUTH-TAD-0110:r1,AnnotationDecision,标注者1-AUTH-TAD-0110,,,,,,,,,,,,,,,,,,,,,,,,,,,,,,,,,,,,,,,,,,,,,,,,,,,,ANONYMIZED_RATER_1,,annotation:span:AUTH-TAD-0110:r1,正确,是时间状语,时间状语,,,
annotation:span:AUTH-TAD-0110:r2,AnnotationDecision,标注者2-AUTH-TAD-0110,,,,,,,,,,,,,,,,,,,,,,,,,,,,,,,,,,,,,,,,,,,,,,,,,,,,ANONYMIZED_RATER_2,,annotation:span:AUTH-TAD-0110:r2,正确,是时间状语,时间状语,,,
annotation:span:AUTH-TAD-0110:r3,AnnotationDecision,标注者3-AUTH-TAD-0110,,,,,,,,,,,,,,,,,,,,,,,,,,,,,,,,,,,,,,,,,,,,,,,,,,,,ANONYMIZED_RATER_3,,annotation:span:AUTH-TAD-0110:r3,正确,是时间状语,时间状语,,,
sentence:SENT-0264,Sentence,我今年都七十了。,,,,,,,,,,,,,,,,,,,,,,,,,,,,,,,,,SENT-0264,我今年都七十了。,我今年都七十了,国际中文教育中文水平等级标准·语法学习手册（初等）,初等,165,NumP/NP+才1+VP”表示说话人认为数量多或时间晚,来源字段完整但仍需正版逐页核验,,,,,,,,,,,,,,,,,,,,
span:AUTH-TAD-0111,CandidateSpan,AUTH-TAD-0111｜今年,,,,,,,,,,,,,,,,,,,,,,,,,,,,,,,,,,今年,,,,,,,AUTH-TAD-0111,今年,1.0,3.0,located,candidate_span,,,,,,,,,,,,,,
consensus:AUTH-TAD-0111,ConsensusLabel,AUTH-TAD-0111｜时间状语,,,,,,,,,,,,,,,,,,,,,,,,,,,,,,,,,,,,,,,,,,今年,,,,,consensus:AUTH-TAD-0111,TEMPORAL_ADVERBIAL,完全一致,完全一致,完全一致,,,,,,,,,
annotation:span:AUTH-TAD-0111:r1,AnnotationDecision,标注者1-AUTH-TAD-0111,,,,,,,,,,,,,,,,,,,,,,,,,,,,,,,,,,,,,,,,,,,,,,,,,,,,ANONYMIZED_RATER_1,,annotation:span:AUTH-TAD-0111:r1,正确,是时间状语,时间状语,,,
annotation:span:AUTH-TAD-0111:r2,AnnotationDecision,标注者2-AUTH-TAD-0111,,,,,,,,,,,,,,,,,,,,,,,,,,,,,,,,,,,,,,,,,,,,,,,,,,,,ANONYMIZED_RATER_2,,annotation:span:AUTH-TAD-0111:r2,正确,是时间状语,时间状语,,,
annotation:span:AUTH-TAD-0111:r3,AnnotationDecision,标注者3-AUTH-TAD-0111,,,,,,,,,,,,,,,,,,,,,,,,,,,,,,,,,,,,,,,,,,,,,,,,,,,,ANONYMIZED_RATER_3,,annotation:span:AUTH-TAD-0111:r3,正确,是时间状语,时间状语,,,
sentence:SENT-0070,Sentence,他一再向女朋友保证以后再也不抽烟了。,,,,,,,,,,,,,,,,,,,,,,,,,,,,,,,,,SENT-0070,他一再向女朋友保证以后再也不抽烟了。,他一再向女朋友保证以后再也不抽烟了,国际中文教育中文水平等级标准·语法学习手册（中等）,中等,25,你怎么一再迟到呢? 他一再向女朋友保证以后再也不抽烟了,来源字段完整但仍需正版逐页核验,,,,,,,,,,,,,,,,,,,,
span:AUTH-TAD-0112,CandidateSpan,AUTH-TAD-0112｜一再向女朋友保证以后,,,,,,,,,,,,,,,,,,,,,,,,,,,,,,,,,,一再向女朋友保证以后,,,,,,,AUTH-TAD-0112,以后,1.0,11.0,located,majority_fixed_span,,,,,,,,,,,,,,
consensus:AUTH-TAD-0112,ConsensusLabel,AUTH-TAD-0112｜其他/非目标时间用法,,,,,,,,,,,,,,,,,,,,,,,,,,,,,,,,,,,,,,,,,,以后,,,,,consensus:AUTH-TAD-0112,OTHER,多数一致,完全一致,多数一致,,,,,,,,,
annotation:span:AUTH-TAD-0112:r1,AnnotationDecision,标注者1-AUTH-TAD-0112,,,,,,,,,,,,,,,,,,,,,,,,,,,,,,,,,,,,,,,,,,,,,,,,,,,,ANONYMIZED_RATER_1,,annotation:span:AUTH-TAD-0112:r1,边界过长,不是时间状语,提取错误：边界过长,以后,,
annotation:span:AUTH-TAD-0112:r2,AnnotationDecision,标注者2-AUTH-TAD-0112,,,,,,,,,,,,,,,,,,,,,,,,,,,,,,,,,,,,,,,,,,,,,,,,,,,,ANONYMIZED_RATER_2,,annotation:span:AUTH-TAD-0112:r2,边界不完整,不是时间状语,提取错误：边界不完整,以后,,
annotation:span:AUTH-TAD-0112:r3,AnnotationDecision,标注者3-AUTH-TAD-0112,,,,,,,,,,,,,,,,,,,,,,,,,,,,,,,,,,,,,,,,,,,,,,,,,,,,ANONYMIZED_RATER_3,,annotation:span:AUTH-TAD-0112:r3,边界过长,不是时间状语,提取错误：边界过长,一再 以后,,
sentence:SENT-0204,Sentence,太好了，以后就按照这个方案做就行了。,,,,,,,,,,,,,,,,,,,,,,,,,,,,,,,,,SENT-0204,太好了，以后就按照这个方案做就行了。,太好了以后就按照这个方案做就行了,国际中文教育中文水平等级标准·语法学习手册（高等）,高等,41,B:别提了，上课的时候，老师一连问了好几个问题， 我都不知道怎,来源字段完整但仍需正版逐页核验,,,,,,,,,,,,,,,,,,,,
span:AUTH-TAD-0113,CandidateSpan,AUTH-TAD-0113｜以后,,,,,,,,,,,,,,,,,,,,,,,,,,,,,,,,,,以后,,,,,,,AUTH-TAD-0113,以后,4.0,6.0,located,candidate_span,,,,,,,,,,,,,,
consensus:AUTH-TAD-0113,ConsensusLabel,AUTH-TAD-0113｜时间状语,,,,,,,,,,,,,,,,,,,,,,,,,,,,,,,,,,,,,,,,,,以后,,,,,consensus:AUTH-TAD-0113,TEMPORAL_ADVERBIAL,完全一致,完全一致,完全一致,,,,,,,,,
annotation:span:AUTH-TAD-0113:r1,AnnotationDecision,标注者1-AUTH-TAD-0113,,,,,,,,,,,,,,,,,,,,,,,,,,,,,,,,,,,,,,,,,,,,,,,,,,,,ANONYMIZED_RATER_1,,annotation:span:AUTH-TAD-0113:r1,正确,是时间状语,时间状语,,,
annotation:span:AUTH-TAD-0113:r2,AnnotationDecision,标注者2-AUTH-TAD-0113,,,,,,,,,,,,,,,,,,,,,,,,,,,,,,,,,,,,,,,,,,,,,,,,,,,,ANONYMIZED_RATER_2,,annotation:span:AUTH-TAD-0113:r2,正确,是时间状语,时间状语,,,
annotation:span:AUTH-TAD-0113:r3,AnnotationDecision,标注者3-AUTH-TAD-0113,,,,,,,,,,,,,,,,,,,,,,,,,,,,,,,,,,,,,,,,,,,,,,,,,,,,ANONYMIZED_RATER_3,,annotation:span:AUTH-TAD-0113:r3,正确,是时间状语,时间状语,,,
sentence:SENT-0441,Sentence,这个调查到现在为止尚无进展。,,,,,,,,,,,,,,,,,,,,,,,,,,,,,,,,,SENT-0441,这个调查到现在为止尚无进展。,这个调查到现在为止尚无进展,国际中文教育中文水平等级标准·语法学习手册（高等）,高等,28,◎结构特点 时间副词“历来”一般用在主语后、动词性成分前,来源字段完整但仍需正版逐页核验,,,,,,,,,,,,,,,,,,,,
span:AUTH-TAD-0114,CandidateSpan,AUTH-TAD-0114｜现在,,,,,,,,,,,,,,,,,,,,,,,,,,,,,,,,,,现在,,,,,,,AUTH-TAD-0114,到现在为止,5.0,7.0,located,majority_fixed_span,,,,,,,,,,,,,,
consensus:AUTH-TAD-0114,ConsensusLabel,AUTH-TAD-0114｜其他/非目标时间用法,,,,,,,,,,,,,,,,,,,,,,,,,,,,,,,,,,,,,,,,,,到现在为止,,,,,consensus:AUTH-TAD-0114,OTHER,多数一致,多数一致,多数一致,,,,,,,,,
annotation:span:AUTH-TAD-0114:r1,AnnotationDecision,标注者1-AUTH-TAD-0114,,,,,,,,,,,,,,,,,,,,,,,,,,,,,,,,,,,,,,,,,,,,,,,,,,,,ANONYMIZED_RATER_1,,annotation:span:AUTH-TAD-0114:r1,边界不完整,不是时间状语,提取错误：边界不完整,到现在为止,,
annotation:span:AUTH-TAD-0114:r2,AnnotationDecision,标注者2-AUTH-TAD-0114,,,,,,,,,,,,,,,,,,,,,,,,,,,,,,,,,,,,,,,,,,,,,,,,,,,,ANONYMIZED_RATER_2,,annotation:span:AUTH-TAD-0114:r2,正确,是时间状语,时间状语,,,
annotation:span:AUTH-TAD-0114:r3,AnnotationDecision,标注者3-AUTH-TAD-0114,,,,,,,,,,,,,,,,,,,,,,,,,,,,,,,,,,,,,,,,,,,,,,,,,,,,ANONYMIZED_RATER_3,,annotation:span:AUTH-TAD-0114:r3,边界不完整,不是时间状语,提取错误：边界不完整,到现在为止,,
sentence:SENT-0317,Sentence,或是你过来找我，或是我过去找你，反正我们必须见一面。,,,,,,,,,,,,,,,,,,,,,,,,,,,,,,,,,SENT-0317,或是你过来找我，或是我过去找你，反正我们必须见一面。,或是你过来找我或是我过去找你反正我们必须见一面,国际中文教育中文水平等级标准·语法学习手册（中等）,中等,231,例句 这件事或是哥哥做 你或是参加这次考 休息的时候，我或 的，或是弟弟做的,来源字段完整但仍需正版逐页核验,,,,,,,,,,,,,,,,,,,,
span:AUTH-TAD-0115,CandidateSpan,AUTH-TAD-0115｜过去,,,,,,,,,,,,,,,,,,,,,,,,,,,,,,,,,,过去,,,,,,,AUTH-TAD-0115,过去,11.0,13.0,located,candidate_span,,,,,,,,,,,,,,
consensus:AUTH-TAD-0115,ConsensusLabel,AUTH-TAD-0115｜其他/非目标时间用法,,,,,,,,,,,,,,,,,,,,,,,,,,,,,,,,,,,,,,,,,,过去,,,,,consensus:AUTH-TAD-0115,OTHER,完全一致,完全一致,完全一致,,,,,,,,,
annotation:span:AUTH-TAD-0115:r1,AnnotationDecision,标注者1-AUTH-TAD-0115,,,,,,,,,,,,,,,,,,,,,,,,,,,,,,,,,,,,,,,,,,,,,,,,,,,,ANONYMIZED_RATER_1,,annotation:span:AUTH-TAD-0115:r1,不是时间表达,不是时间状语,提取错误：不是时间表达,,,
annotation:span:AUTH-TAD-0115:r2,AnnotationDecision,标注者2-AUTH-TAD-0115,,,,,,,,,,,,,,,,,,,,,,,,,,,,,,,,,,,,,,,,,,,,,,,,,,,,ANONYMIZED_RATER_2,,annotation:span:AUTH-TAD-0115:r2,不是时间表达,不是时间状语,提取错误：不是时间表达,无,,
annotation:span:AUTH-TAD-0115:r3,AnnotationDecision,标注者3-AUTH-TAD-0115,,,,,,,,,,,,,,,,,,,,,,,,,,,,,,,,,,,,,,,,,,,,,,,,,,,,ANONYMIZED_RATER_3,,annotation:span:AUTH-TAD-0115:r3,不是时间表达,不是时间状语,提取错误：不是时间表达,无,,
sentence:SENT-0154,Sentence,你男朋友找了你一天。,,,,,,,,,,,,,,,,,,,,,,,,,,,,,,,,,SENT-0154,你男朋友找了你一天。,你男朋友找了你一天,国际中文教育中文水平等级标准·语法学习手册（初等）,初等,352,81数量补语4(动词+时量补语):表示动作持续的 时间 【三51】 ◎,来源字段完整但仍需正版逐页核验,,,,,,,,,,,,,,,,,,,,
span:AUTH-TAD-0116,CandidateSpan,AUTH-TAD-0116｜一天,,,,,,,,,,,,,,,,,,,,,,,,,,,,,,,,,,一天,,,,,,,AUTH-TAD-0116,一天,7.0,9.0,located,candidate_span,,,,,,,,,,,,,,
consensus:AUTH-TAD-0116,ConsensusLabel,AUTH-TAD-0116｜时长/时间补语,,,,,,,,,,,,,,,,,,,,,,,,,,,,,,,,,,,,,,,,,,一天,,,,,consensus:AUTH-TAD-0116,COMPLEMENT,完全一致,完全一致,完全一致,,,,,,,,,
annotation:span:AUTH-TAD-0116:r1,AnnotationDecision,标注者1-AUTH-TAD-0116,,,,,,,,,,,,,,,,,,,,,,,,,,,,,,,,,,,,,,,,,,,,,,,,,,,,ANONYMIZED_RATER_1,,annotation:span:AUTH-TAD-0116:r1,正确,不是时间状语,时长补语,,,
annotation:span:AUTH-TAD-0116:r2,AnnotationDecision,标注者2-AUTH-TAD-0116,,,,,,,,,,,,,,,,,,,,,,,,,,,,,,,,,,,,,,,,,,,,,,,,,,,,ANONYMIZED_RATER_2,,annotation:span:AUTH-TAD-0116:r2,正确,不是时间状语,时长补语,,,
annotation:span:AUTH-TAD-0116:r3,AnnotationDecision,标注者3-AUTH-TAD-0116,,,,,,,,,,,,,,,,,,,,,,,,,,,,,,,,,,,,,,,,,,,,,,,,,,,,ANONYMIZED_RATER_3,,annotation:span:AUTH-TAD-0116:r3,正确,不是时间状语,时长补语,,,
sentence:SENT-0079,Sentence,他们曾经在这里工作了一年。,,,,,,,,,,,,,,,,,,,,,,,,,,,,,,,,,SENT-0079,他们曾经在这里工作了一年。,他们曾经在这里工作了一年,国际中文教育中文水平等级标准·语法学习手册（初等）,初等,280,级语法点 20 时间副词(3):曾经 【三14】 ◎基本语义及用法 表示某种,来源字段完整但仍需正版逐页核验,,,,,,,,,,,,,,,,,,,,
span:AUTH-TAD-0117,CandidateSpan,AUTH-TAD-0117｜一年,,,,,,,,,,,,,,,,,,,,,,,,,,,,,,,,,,一年,,,,,,,AUTH-TAD-0117,一年,10.0,12.0,located,candidate_span,,,,,,,,,,,,,,
consensus:AUTH-TAD-0117,ConsensusLabel,AUTH-TAD-0117｜时长/时间补语,,,,,,,,,,,,,,,,,,,,,,,,,,,,,,,,,,,,,,,,,,一年,,,,,consensus:AUTH-TAD-0117,COMPLEMENT,多数一致,完全一致,完全一致,,,,,,,,,
annotation:span:AUTH-TAD-0117:r1,AnnotationDecision,标注者1-AUTH-TAD-0117,,,,,,,,,,,,,,,,,,,,,,,,,,,,,,,,,,,,,,,,,,,,,,,,,,,,ANONYMIZED_RATER_1,,annotation:span:AUTH-TAD-0117:r1,正确,不是时间状语,时长补语,,,
annotation:span:AUTH-TAD-0117:r2,AnnotationDecision,标注者2-AUTH-TAD-0117,,,,,,,,,,,,,,,,,,,,,,,,,,,,,,,,,,,,,,,,,,,,,,,,,,,,ANONYMIZED_RATER_2,,annotation:span:AUTH-TAD-0117:r2,正确,不是时间状语,时长补语,,,
annotation:span:AUTH-TAD-0117:r3,AnnotationDecision,标注者3-AUTH-TAD-0117,,,,,,,,,,,,,,,,,,,,,,,,,,,,,,,,,,,,,,,,,,,,,,,,,,,,ANONYMIZED_RATER_3,,annotation:span:AUTH-TAD-0117:r3,漏检：有目标时间状语,不是时间状语,时长补语,曾经,,
sentence:SENT-0270,Sentence,我们两位好友三十年后再度相遇，心情都很激动。,,,,,,,,,,,,,,,,,,,,,,,,,,,,,,,,,SENT-0270,我们两位好友三十年后再度相遇，心情都很激动。,我们两位好友三十年后再度相遇心情都很激动,国际中文教育中文水平等级标准·语法学习手册（高等）,高等,33,重复副词“再度”一般用在主语后、动词性成分前，作状语,来源字段完整但仍需正版逐页核验,,,,,,,,,,,,,,,,,,,,
span:AUTH-TAD-0118,CandidateSpan,AUTH-TAD-0118｜三十年,,,,,,,,,,,,,,,,,,,,,,,,,,,,,,,,,,三十年,,,,,,,AUTH-TAD-0118,三十年,6.0,9.0,located,candidate_span,,,,,,,,,,,,,,
consensus:AUTH-TAD-0118,ConsensusLabel,AUTH-TAD-0118｜时间状语,,,,,,,,,,,,,,,,,,,,,,,,,,,,,,,,,,,,,,,,,,三十年,,,,,consensus:AUTH-TAD-0118,TEMPORAL_ADVERBIAL,多数一致,多数一致,多数一致,,,,,,,,,
annotation:span:AUTH-TAD-0118:r1,AnnotationDecision,标注者1-AUTH-TAD-0118,,,,,,,,,,,,,,,,,,,,,,,,,,,,,,,,,,,,,,,,,,,,,,,,,,,,ANONYMIZED_RATER_1,,annotation:span:AUTH-TAD-0118:r1,正确,是时间状语,时间状语,,,
annotation:span:AUTH-TAD-0118:r2,AnnotationDecision,标注者2-AUTH-TAD-0118,,,,,,,,,,,,,,,,,,,,,,,,,,,,,,,,,,,,,,,,,,,,,,,,,,,,ANONYMIZED_RATER_2,,annotation:span:AUTH-TAD-0118:r2,正确,是时间状语,时间状语,,,
annotation:span:AUTH-TAD-0118:r3,AnnotationDecision,标注者3-AUTH-TAD-0118,,,,,,,,,,,,,,,,,,,,,,,,,,,,,,,,,,,,,,,,,,,,,,,,,,,,ANONYMIZED_RATER_3,,annotation:span:AUTH-TAD-0118:r3,边界不完整,不是时间状语,提取错误：边界不完整,三十年后,,
sentence:SENT-0259,Sentence,我不时想起过去的事情。,,,,,,,,,,,,,,,,,,,,,,,,,,,,,,,,,SENT-0259,我不时想起过去的事情。,我不时想起过去的事情,国际中文教育中文水平等级标准·语法学习手册（中等）,中等,149,出国以后，我不时会给父母打电话,来源字段完整但仍需正版逐页核验,,,,,,,,,,,,,,,,,,,,
span:AUTH-TAD-0119,CandidateSpan,AUTH-TAD-0119｜过去,,,,,,,,,,,,,,,,,,,,,,,,,,,,,,,,,,过去,,,,,,,AUTH-TAD-0119,过去,5.0,7.0,located,candidate_span,,,,,,,,,,,,,,
consensus:AUTH-TAD-0119,ConsensusLabel,AUTH-TAD-0119｜时间定语,,,,,,,,,,,,,,,,,,,,,,,,,,,,,,,,,,,,,,,,,,过去,,,,,consensus:AUTH-TAD-0119,ATTRIBUTE,完全一致,完全一致,完全一致,,,,,,,,,
annotation:span:AUTH-TAD-0119:r1,AnnotationDecision,标注者1-AUTH-TAD-0119,,,,,,,,,,,,,,,,,,,,,,,,,,,,,,,,,,,,,,,,,,,,,,,,,,,,ANONYMIZED_RATER_1,,annotation:span:AUTH-TAD-0119:r1,正确,不是时间状语,时间定语,,,
annotation:span:AUTH-TAD-0119:r2,AnnotationDecision,标注者2-AUTH-TAD-0119,,,,,,,,,,,,,,,,,,,,,,,,,,,,,,,,,,,,,,,,,,,,,,,,,,,,ANONYMIZED_RATER_2,,annotation:span:AUTH-TAD-0119:r2,正确,不是时间状语,时间定语,,,
annotation:span:AUTH-TAD-0119:r3,AnnotationDecision,标注者3-AUTH-TAD-0119,,,,,,,,,,,,,,,,,,,,,,,,,,,,,,,,,,,,,,,,,,,,,,,,,,,,ANONYMIZED_RATER_3,,annotation:span:AUTH-TAD-0119:r3,正确,不是时间状语,时间定语,,,
sentence:SENT-0385,Sentence,王一正忙着呢，人家没有时间陪你出去。,,,,,,,,,,,,,,,,,,,,,,,,,,,,,,,,,SENT-0385,王一正忙着呢，人家没有时间陪你出去。,王一正忙着呢人家没有时间陪你出去,国际中文教育中文水平等级标准·语法学习手册（中等）,中等,13,◎典型例句和对话 例句 小声一点儿，不要 你看人家经常锻 影响人家休息,来源字段完整但仍需正版逐页核验,,,,,,,,,,,,,,,,,,,,
span:AUTH-TAD-0120,CandidateSpan,AUTH-TAD-0120｜有时,,,,,,,,,,,,,,,,,,,,,,,,,,,,,,,,,,有时,,,,,,,AUTH-TAD-0120,有时,10.0,12.0,located,candidate_span,,,,,,,,,,,,,,
consensus:AUTH-TAD-0120,ConsensusLabel,AUTH-TAD-0120｜其他/非目标时间用法,,,,,,,,,,,,,,,,,,,,,,,,,,,,,,,,,,,,,,,,,,有时,,,,,consensus:AUTH-TAD-0120,OTHER,多数一致,多数一致,多数一致,,,,,,,,,
annotation:span:AUTH-TAD-0120:r1,AnnotationDecision,标注者1-AUTH-TAD-0120,,,,,,,,,,,,,,,,,,,,,,,,,,,,,,,,,,,,,,,,,,,,,,,,,,,,ANONYMIZED_RATER_1,,annotation:span:AUTH-TAD-0120:r1,不是时间表达,不是时间状语,提取错误：不是时间表达,,,
annotation:span:AUTH-TAD-0120:r2,AnnotationDecision,标注者2-AUTH-TAD-0120,,,,,,,,,,,,,,,,,,,,,,,,,,,,,,,,,,,,,,,,,,,,,,,,,,,,ANONYMIZED_RATER_2,,annotation:span:AUTH-TAD-0120:r2,不确定,不确定,其他/不确定,,,
annotation:span:AUTH-TAD-0120:r3,AnnotationDecision,标注者3-AUTH-TAD-0120,,,,,,,,,,,,,,,,,,,,,,,,,,,,,,,,,,,,,,,,,,,,,,,,,,,,ANONYMIZED_RATER_3,,annotation:span:AUTH-TAD-0120:r3,不是时间表达,不是时间状语,提取错误：不是时间表达,正,,
sentence:SENT-0138,Sentence,你忙了一上午了，快休息休息吧。,,,,,,,,,,,,,,,,,,,,,,,,,,,,,,,,,SENT-0138,你忙了一上午了，快休息休息吧。,你忙了一上午了快休息休息吧,国际中文教育中文水平等级标准·语法学习手册（初等）,初等,119,义及用法 有些动词可以重叠，表示动作次数少、持续的时间短或尝试的意思,来源字段完整但仍需正版逐页核验,,,,,,,,,,,,,,,,,,,,
span:AUTH-TAD-0121,CandidateSpan,AUTH-TAD-0121｜上午,,,,,,,,,,,,,,,,,,,,,,,,,,,,,,,,,,上午,,,,,,,AUTH-TAD-0121,上午,4.0,6.0,located,candidate_span,,,,,,,,,,,,,,
consensus:AUTH-TAD-0121,ConsensusLabel,AUTH-TAD-0121｜时长/时间补语,,,,,,,,,,,,,,,,,,,,,,,,,,,,,,,,,,,,,,,,,,上午,,,,,consensus:AUTH-TAD-0121,COMPLEMENT,完全一致,完全一致,完全一致,,,,,,,,,
annotation:span:AUTH-TAD-0121:r1,AnnotationDecision,标注者1-AUTH-TAD-0121,,,,,,,,,,,,,,,,,,,,,,,,,,,,,,,,,,,,,,,,,,,,,,,,,,,,ANONYMIZED_RATER_1,,annotation:span:AUTH-TAD-0121:r1,正确,不是时间状语,时长补语,,,
annotation:span:AUTH-TAD-0121:r2,AnnotationDecision,标注者2-AUTH-TAD-0121,,,,,,,,,,,,,,,,,,,,,,,,,,,,,,,,,,,,,,,,,,,,,,,,,,,,ANONYMIZED_RATER_2,,annotation:span:AUTH-TAD-0121:r2,正确,不是时间状语,时长补语,,,
annotation:span:AUTH-TAD-0121:r3,AnnotationDecision,标注者3-AUTH-TAD-0121,,,,,,,,,,,,,,,,,,,,,,,,,,,,,,,,,,,,,,,,,,,,,,,,,,,,ANONYMIZED_RATER_3,,annotation:span:AUTH-TAD-0121:r3,正确,不是时间状语,时长补语,,,
sentence:SENT-0105,Sentence,他未免过分自信了，平时考试他都在第十名以后。,,,,,,,,,,,,,,,,,,,,,,,,,,,,,,,,,SENT-0105,他未免过分自信了，平时考试他都在第十名以后。,他未免过分自信了平时考试他都在第十名以后,国际中文教育中文水平等级标准·语法学习手册（高等）,高等,64,B:他未免过分自信了，平时考试他都在第十名以后,来源字段完整但仍需正版逐页核验,,,,,,,,,,,,,,,,,,,,
span:AUTH-TAD-0122,CandidateSpan,AUTH-TAD-0122｜考试他都在第十名以后,,,,,,,,,,,,,,,,,,,,,,,,,,,,,,,,,,考试他都在第十名以后,,,,,,,AUTH-TAD-0122,考试他都在第十名以后,11.0,21.0,located,candidate_span,,,,,,,,,,,,,,
consensus:AUTH-TAD-0122,ConsensusLabel,AUTH-TAD-0122｜其他/非目标时间用法,,,,,,,,,,,,,,,,,,,,,,,,,,,,,,,,,,,,,,,,,,考试他都在第十名以后,,,,,consensus:AUTH-TAD-0122,OTHER,多数一致,多数一致,多数一致,,,,,,,,,
annotation:span:AUTH-TAD-0122:r1,AnnotationDecision,标注者1-AUTH-TAD-0122,,,,,,,,,,,,,,,,,,,,,,,,,,,,,,,,,,,,,,,,,,,,,,,,,,,,ANONYMIZED_RATER_1,,annotation:span:AUTH-TAD-0122:r1,不是时间表达,不是时间状语,提取错误：不是时间表达,,,
annotation:span:AUTH-TAD-0122:r2,AnnotationDecision,标注者2-AUTH-TAD-0122,,,,,,,,,,,,,,,,,,,,,,,,,,,,,,,,,,,,,,,,,,,,,,,,,,,,ANONYMIZED_RATER_2,,annotation:span:AUTH-TAD-0122:r2,不确定,不确定,其他/不确定,,,
annotation:span:AUTH-TAD-0122:r3,AnnotationDecision,标注者3-AUTH-TAD-0122,,,,,,,,,,,,,,,,,,,,,,,,,,,,,,,,,,,,,,,,,,,,,,,,,,,,ANONYMIZED_RATER_3,,annotation:span:AUTH-TAD-0122:r3,不是时间表达,不是时间状语,提取错误：不是时间表达,平时,,
sentence:SENT-0329,Sentence,早上六点也准醒。,,,,,,,,,,,,,,,,,,,,,,,,,,,,,,,,,SENT-0329,早上六点也准醒。,早上六点也准醒,国际中文教育中文水平等级标准·语法学习手册（中等）,中等,241,这次他即使赢得了比赛，以后也不能再打球了,来源字段完整但仍需正版逐页核验,,,,,,,,,,,,,,,,,,,,
span:AUTH-TAD-0123,CandidateSpan,AUTH-TAD-0123｜早上,,,,,,,,,,,,,,,,,,,,,,,,,,,,,,,,,,早上,,,,,,,AUTH-TAD-0123,早上六点,0.0,2.0,located,majority_fixed_span,,,,,,,,,,,,,,
consensus:AUTH-TAD-0123,ConsensusLabel,AUTH-TAD-0123｜其他/非目标时间用法,,,,,,,,,,,,,,,,,,,,,,,,,,,,,,,,,,,,,,,,,,早上六点,,,,,consensus:AUTH-TAD-0123,OTHER,多数一致,完全一致,多数一致,,,,,,,,,
annotation:span:AUTH-TAD-0123:r1,AnnotationDecision,标注者1-AUTH-TAD-0123,,,,,,,,,,,,,,,,,,,,,,,,,,,,,,,,,,,,,,,,,,,,,,,,,,,,ANONYMIZED_RATER_1,,annotation:span:AUTH-TAD-0123:r1,边界不完整,不是时间状语,提取错误：边界不完整,早上六点,,
annotation:span:AUTH-TAD-0123:r2,AnnotationDecision,标注者2-AUTH-TAD-0123,,,,,,,,,,,,,,,,,,,,,,,,,,,,,,,,,,,,,,,,,,,,,,,,,,,,ANONYMIZED_RATER_2,,annotation:span:AUTH-TAD-0123:r2,边界不完整,不是时间状语,提取错误：边界不完整,早上六点,,
annotation:span:AUTH-TAD-0123:r3,AnnotationDecision,标注者3-AUTH-TAD-0123,,,,,,,,,,,,,,,,,,,,,,,,,,,,,,,,,,,,,,,,,,,,,,,,,,,,ANONYMIZED_RATER_3,,annotation:span:AUTH-TAD-0123:r3,正确,不是时间状语,普通时间名词/词语引用,,,
sentence:SENT-0134,Sentence,你别老想这想那，小心晚上睡不着。,,,,,,,,,,,,,,,,,,,,,,,,,,,,,,,,,SENT-0134,你别老想这想那，小心晚上睡不着。,你别老想这想那小心晚上睡不着,国际中文教育中文水平等级标准·语法学习手册（中等）,中等,319,她是个好女儿，经常给父母买这买那,来源字段完整但仍需正版逐页核验,,,,,,,,,,,,,,,,,,,,
span:AUTH-TAD-0124,CandidateSpan,AUTH-TAD-0124｜晚上,,,,,,,,,,,,,,,,,,,,,,,,,,,,,,,,,,晚上,,,,,,,AUTH-TAD-0124,晚上,10.0,12.0,located,candidate_span,,,,,,,,,,,,,,
consensus:AUTH-TAD-0124,ConsensusLabel,AUTH-TAD-0124｜时间状语,,,,,,,,,,,,,,,,,,,,,,,,,,,,,,,,,,,,,,,,,,晚上,,,,,consensus:AUTH-TAD-0124,TEMPORAL_ADVERBIAL,完全一致,完全一致,完全一致,,,,,,,,,
annotation:span:AUTH-TAD-0124:r1,AnnotationDecision,标注者1-AUTH-TAD-0124,,,,,,,,,,,,,,,,,,,,,,,,,,,,,,,,,,,,,,,,,,,,,,,,,,,,ANONYMIZED_RATER_1,,annotation:span:AUTH-TAD-0124:r1,正确,是时间状语,时间状语,,,
annotation:span:AUTH-TAD-0124:r2,AnnotationDecision,标注者2-AUTH-TAD-0124,,,,,,,,,,,,,,,,,,,,,,,,,,,,,,,,,,,,,,,,,,,,,,,,,,,,ANONYMIZED_RATER_2,,annotation:span:AUTH-TAD-0124:r2,正确,是时间状语,时间状语,,,
annotation:span:AUTH-TAD-0124:r3,AnnotationDecision,标注者3-AUTH-TAD-0124,,,,,,,,,,,,,,,,,,,,,,,,,,,,,,,,,,,,,,,,,,,,,,,,,,,,ANONYMIZED_RATER_3,,annotation:span:AUTH-TAD-0124:r3,正确,是时间状语,时间状语,,,
sentence:SENT-0337,Sentence,明天您来学校吗?,,,,,,,,,,,,,,,,,,,,,,,,,,,,,,,,,SENT-0337,明天您来学校吗?,明天您来学校吗,国际中文教育中文水平等级标准·语法学习手册（初等）,初等,78,,页面线索缺失,,,,,,,,,,,,,,,,,,,,
span:AUTH-TAD-0125,CandidateSpan,AUTH-TAD-0125｜明天,,,,,,,,,,,,,,,,,,,,,,,,,,,,,,,,,,明天,,,,,,,AUTH-TAD-0125,明天,0.0,2.0,located,candidate_span,,,,,,,,,,,,,,
consensus:AUTH-TAD-0125,ConsensusLabel,AUTH-TAD-0125｜时间状语,,,,,,,,,,,,,,,,,,,,,,,,,,,,,,,,,,,,,,,,,,明天,,,,,consensus:AUTH-TAD-0125,TEMPORAL_ADVERBIAL,完全一致,完全一致,完全一致,,,,,,,,,
annotation:span:AUTH-TAD-0125:r1,AnnotationDecision,标注者1-AUTH-TAD-0125,,,,,,,,,,,,,,,,,,,,,,,,,,,,,,,,,,,,,,,,,,,,,,,,,,,,ANONYMIZED_RATER_1,,annotation:span:AUTH-TAD-0125:r1,正确,是时间状语,时间状语,,,
annotation:span:AUTH-TAD-0125:r2,AnnotationDecision,标注者2-AUTH-TAD-0125,,,,,,,,,,,,,,,,,,,,,,,,,,,,,,,,,,,,,,,,,,,,,,,,,,,,ANONYMIZED_RATER_2,,annotation:span:AUTH-TAD-0125:r2,正确,是时间状语,时间状语,,,
annotation:span:AUTH-TAD-0125:r3,AnnotationDecision,标注者3-AUTH-TAD-0125,,,,,,,,,,,,,,,,,,,,,,,,,,,,,,,,,,,,,,,,,,,,,,,,,,,,ANONYMIZED_RATER_3,,annotation:span:AUTH-TAD-0125:r3,正确,是时间状语,时间状语,,,
sentence:SENT-0228,Sentence,妈妈为了工作，经常睡得很晚。,,,,,,,,,,,,,,,,,,,,,,,,,,,,,,,,,SENT-0228,妈妈为了工作，经常睡得很晚。,妈妈为了工作经常睡得很晚,国际中文教育中文水平等级标准·语法学习手册（初等）,初等,328,妈妈为了工作，经常睡得很晚,来源字段完整但仍需正版逐页核验,,,,,,,,,,,,,,,,,,,,
span:AUTH-TAD-0126,CandidateSpan,AUTH-TAD-0126｜经常,,,,,,,,,,,,,,,,,,,,,,,,,,,,,,,,,,经常,,,,,,,AUTH-TAD-0126,经常,7.0,9.0,located,candidate_span,,,,,,,,,,,,,,
consensus:AUTH-TAD-0126,ConsensusLabel,AUTH-TAD-0126｜时间状语,,,,,,,,,,,,,,,,,,,,,,,,,,,,,,,,,,,,,,,,,,经常,,,,,consensus:AUTH-TAD-0126,TEMPORAL_ADVERBIAL,完全一致,完全一致,完全一致,,,,,,,,,
annotation:span:AUTH-TAD-0126:r1,AnnotationDecision,标注者1-AUTH-TAD-0126,,,,,,,,,,,,,,,,,,,,,,,,,,,,,,,,,,,,,,,,,,,,,,,,,,,,ANONYMIZED_RATER_1,,annotation:span:AUTH-TAD-0126:r1,正确,是时间状语,时间状语,,,
annotation:span:AUTH-TAD-0126:r2,AnnotationDecision,标注者2-AUTH-TAD-0126,,,,,,,,,,,,,,,,,,,,,,,,,,,,,,,,,,,,,,,,,,,,,,,,,,,,ANONYMIZED_RATER_2,,annotation:span:AUTH-TAD-0126:r2,正确,是时间状语,时间状语,,,
annotation:span:AUTH-TAD-0126:r3,AnnotationDecision,标注者3-AUTH-TAD-0126,,,,,,,,,,,,,,,,,,,,,,,,,,,,,,,,,,,,,,,,,,,,,,,,,,,,ANONYMIZED_RATER_3,,annotation:span:AUTH-TAD-0126:r3,正确,是时间状语,时间状语,,,
sentence:SENT-0415,Sentence,老师经常和我们一起讨论问题。,,,,,,,,,,,,,,,,,,,,,,,,,,,,,,,,,SENT-0415,老师经常和我们一起讨论问题。,老师经常和我们一起讨论问题,国际中文教育中文水平等级标准·语法学习手册（初等）,初等,154,级语法点 34频率、重复副词(2):经常 【二16】 ◎基本语义及用法 表示某动,来源字段完整但仍需正版逐页核验,,,,,,,,,,,,,,,,,,,,
span:AUTH-TAD-0127,CandidateSpan,AUTH-TAD-0127｜经常,,,,,,,,,,,,,,,,,,,,,,,,,,,,,,,,,,经常,,,,,,,AUTH-TAD-0127,经常,2.0,4.0,located,candidate_span,,,,,,,,,,,,,,
consensus:AUTH-TAD-0127,ConsensusLabel,AUTH-TAD-0127｜时间状语,,,,,,,,,,,,,,,,,,,,,,,,,,,,,,,,,,,,,,,,,,经常,,,,,consensus:AUTH-TAD-0127,TEMPORAL_ADVERBIAL,完全一致,完全一致,完全一致,,,,,,,,,
annotation:span:AUTH-TAD-0127:r1,AnnotationDecision,标注者1-AUTH-TAD-0127,,,,,,,,,,,,,,,,,,,,,,,,,,,,,,,,,,,,,,,,,,,,,,,,,,,,ANONYMIZED_RATER_1,,annotation:span:AUTH-TAD-0127:r1,正确,是时间状语,时间状语,,,
annotation:span:AUTH-TAD-0127:r2,AnnotationDecision,标注者2-AUTH-TAD-0127,,,,,,,,,,,,,,,,,,,,,,,,,,,,,,,,,,,,,,,,,,,,,,,,,,,,ANONYMIZED_RATER_2,,annotation:span:AUTH-TAD-0127:r2,正确,是时间状语,时间状语,,,
annotation:span:AUTH-TAD-0127:r3,AnnotationDecision,标注者3-AUTH-TAD-0127,,,,,,,,,,,,,,,,,,,,,,,,,,,,,,,,,,,,,,,,,,,,,,,,,,,,ANONYMIZED_RATER_3,,annotation:span:AUTH-TAD-0127:r3,正确,是时间状语,时间状语,,,
sentence:SENT-0152,Sentence,你现在和张莉还有联系吗?,,,,,,,,,,,,,,,,,,,,,,,,,,,,,,,,,SENT-0152,你现在和张莉还有联系吗?,你现在和张莉还有联系吗,国际中文教育中文水平等级标准·语法学习手册（高等）,高等,134,】( ◎ 基本语义及用法 “此后”表示在某时或某事以后，用在两个分句间表示承接关系，前后分句表,来源字段完整但仍需正版逐页核验,,,,,,,,,,,,,,,,,,,,
span:AUTH-TAD-0128,CandidateSpan,AUTH-TAD-0128｜现在,,,,,,,,,,,,,,,,,,,,,,,,,,,,,,,,,,现在,,,,,,,AUTH-TAD-0128,现在,1.0,3.0,located,candidate_span,,,,,,,,,,,,,,
consensus:AUTH-TAD-0128,ConsensusLabel,AUTH-TAD-0128｜时间状语,,,,,,,,,,,,,,,,,,,,,,,,,,,,,,,,,,,,,,,,,,现在,,,,,consensus:AUTH-TAD-0128,TEMPORAL_ADVERBIAL,完全一致,完全一致,完全一致,,,,,,,,,
annotation:span:AUTH-TAD-0128:r1,AnnotationDecision,标注者1-AUTH-TAD-0128,,,,,,,,,,,,,,,,,,,,,,,,,,,,,,,,,,,,,,,,,,,,,,,,,,,,ANONYMIZED_RATER_1,,annotation:span:AUTH-TAD-0128:r1,正确,是时间状语,时间状语,,,
annotation:span:AUTH-TAD-0128:r2,AnnotationDecision,标注者2-AUTH-TAD-0128,,,,,,,,,,,,,,,,,,,,,,,,,,,,,,,,,,,,,,,,,,,,,,,,,,,,ANONYMIZED_RATER_2,,annotation:span:AUTH-TAD-0128:r2,正确,是时间状语,时间状语,,,
annotation:span:AUTH-TAD-0128:r3,AnnotationDecision,标注者3-AUTH-TAD-0128,,,,,,,,,,,,,,,,,,,,,,,,,,,,,,,,,,,,,,,,,,,,,,,,,,,,ANONYMIZED_RATER_3,,annotation:span:AUTH-TAD-0128:r3,正确,是时间状语,时间状语,,,
sentence:SENT-0206,Sentence,她今天心情很好，甚至给自己放了一天假。,,,,,,,,,,,,,,,,,,,,,,,,,,,,,,,,,SENT-0206,她今天心情很好，甚至给自己放了一天假。,她今天心情很好甚至给自己放了一天假,国际中文教育中文水平等级标准·语法学习手册（中等）,中等,98,交际实践 补充例句 他学习的时候非常专心，甚至忘了吃饭,来源字段完整但仍需正版逐页核验,,,,,,,,,,,,,,,,,,,,
span:AUTH-TAD-0129,CandidateSpan,AUTH-TAD-0129｜一天,,,,,,,,,,,,,,,,,,,,,,,,,,,,,,,,,,一天,,,,,,,AUTH-TAD-0129,一天,15.0,17.0,located,candidate_span,,,,,,,,,,,,,,
consensus:AUTH-TAD-0129,ConsensusLabel,AUTH-TAD-0129｜时长/时间补语,,,,,,,,,,,,,,,,,,,,,,,,,,,,,,,,,,,,,,,,,,一天,,,,,consensus:AUTH-TAD-0129,COMPLEMENT,多数一致,完全一致,多数一致,,,,,,,,,
annotation:span:AUTH-TAD-0129:r1,AnnotationDecision,标注者1-AUTH-TAD-0129,,,,,,,,,,,,,,,,,,,,,,,,,,,,,,,,,,,,,,,,,,,,,,,,,,,,ANONYMIZED_RATER_1,,annotation:span:AUTH-TAD-0129:r1,正确,不是时间状语,时间定语,,,
annotation:span:AUTH-TAD-0129:r2,AnnotationDecision,标注者2-AUTH-TAD-0129,,,,,,,,,,,,,,,,,,,,,,,,,,,,,,,,,,,,,,,,,,,,,,,,,,,,ANONYMIZED_RATER_2,,annotation:span:AUTH-TAD-0129:r2,正确,不是时间状语,时长补语,,,
annotation:span:AUTH-TAD-0129:r3,AnnotationDecision,标注者3-AUTH-TAD-0129,,,,,,,,,,,,,,,,,,,,,,,,,,,,,,,,,,,,,,,,,,,,,,,,,,,,ANONYMIZED_RATER_3,,annotation:span:AUTH-TAD-0129:r3,漏检：有目标时间状语,不是时间状语,时长补语,今天,,
sentence:SENT-0328,Sentence,早上他们还是朋友，晚上就吵架了，这转变得未免也太快了。,,,,,,,,,,,,,,,,,,,,,,,,,,,,,,,,,SENT-0328,早上他们还是朋友，晚上就吵架了，这转变得未免也太快了。,早上他们还是朋友晚上就吵架了这转变得未免也太快了,国际中文教育中文水平等级标准·语法学习手册（高等）,高等,64,B:他未免过分自信了，平时考试他都在第十名以后,来源字段完整但仍需正版逐页核验,,,,,,,,,,,,,,,,,,,,
span:AUTH-TAD-0130,CandidateSpan,AUTH-TAD-0130｜早上,,,,,,,,,,,,,,,,,,,,,,,,,,,,,,,,,,早上,,,,,,,AUTH-TAD-0130,早上,0.0,2.0,located,candidate_span,,,,,,,,,,,,,,
consensus:AUTH-TAD-0130,ConsensusLabel,AUTH-TAD-0130｜时间状语,,,,,,,,,,,,,,,,,,,,,,,,,,,,,,,,,,,,,,,,,,早上,,,,,consensus:AUTH-TAD-0130,TEMPORAL_ADVERBIAL,完全一致,完全一致,完全一致,,,,,,,,,
annotation:span:AUTH-TAD-0130:r1,AnnotationDecision,标注者1-AUTH-TAD-0130,,,,,,,,,,,,,,,,,,,,,,,,,,,,,,,,,,,,,,,,,,,,,,,,,,,,ANONYMIZED_RATER_1,,annotation:span:AUTH-TAD-0130:r1,正确,是时间状语,时间状语,,,
annotation:span:AUTH-TAD-0130:r2,AnnotationDecision,标注者2-AUTH-TAD-0130,,,,,,,,,,,,,,,,,,,,,,,,,,,,,,,,,,,,,,,,,,,,,,,,,,,,ANONYMIZED_RATER_2,,annotation:span:AUTH-TAD-0130:r2,正确,是时间状语,时间状语,,,
annotation:span:AUTH-TAD-0130:r3,AnnotationDecision,标注者3-AUTH-TAD-0130,,,,,,,,,,,,,,,,,,,,,,,,,,,,,,,,,,,,,,,,,,,,,,,,,,,,ANONYMIZED_RATER_3,,annotation:span:AUTH-TAD-0130:r3,正确,是时间状语,时间状语,,,
sentence:SENT-0212,Sentence,她提前给相机充好电，为的是出去玩儿的时候能多拍点儿照片。,,,,,,,,,,,,,,,,,,,,,,,,,,,,,,,,,SENT-0212,她提前给相机充好电，为的是出去玩儿的时候能多拍点儿照片。,她提前给相机充好电为的是出去玩儿的时候能多拍点儿照片,国际中文教育中文水平等级标准·语法学习手册（中等）,中等,242,给你发这个信 老师这节课什么也没 例句 为的是走的时候 息，为的是提醒 讲，为的是让我们有时,来源字段完整但仍需正版逐页核验,,,,,,,,,,,,,,,,,,,,
span:AUTH-TAD-0131,CandidateSpan,AUTH-TAD-0131｜为的是出去玩儿的时候,,,,,,,,,,,,,,,,,,,,,,,,,,,,,,,,,,为的是出去玩儿的时候,,,,,,,AUTH-TAD-0131,出去玩儿的时候,10.0,20.0,located,majority_fixed_span,,,,,,,,,,,,,,
consensus:AUTH-TAD-0131,ConsensusLabel,AUTH-TAD-0131｜其他/非目标时间用法,,,,,,,,,,,,,,,,,,,,,,,,,,,,,,,,,,,,,,,,,,出去玩儿的时候,,,,,consensus:AUTH-TAD-0131,OTHER,多数一致,完全一致,多数一致,,,,,,,,,
annotation:span:AUTH-TAD-0131:r1,AnnotationDecision,标注者1-AUTH-TAD-0131,,,,,,,,,,,,,,,,,,,,,,,,,,,,,,,,,,,,,,,,,,,,,,,,,,,,ANONYMIZED_RATER_1,,annotation:span:AUTH-TAD-0131:r1,边界过长,不是时间状语,提取错误：边界过长,出去玩儿的时候,,
annotation:span:AUTH-TAD-0131:r2,AnnotationDecision,标注者2-AUTH-TAD-0131,,,,,,,,,,,,,,,,,,,,,,,,,,,,,,,,,,,,,,,,,,,,,,,,,,,,ANONYMIZED_RATER_2,,annotation:span:AUTH-TAD-0131:r2,边界不完整,不是时间状语,提取错误：边界不完整,出去玩儿的时候,,
annotation:span:AUTH-TAD-0131:r3,AnnotationDecision,标注者3-AUTH-TAD-0131,,,,,,,,,,,,,,,,,,,,,,,,,,,,,,,,,,,,,,,,,,,,,,,,,,,,ANONYMIZED_RATER_3,,annotation:span:AUTH-TAD-0131:r3,边界过长,不是时间状语,提取错误：边界过长,出去玩儿的时候,,
sentence:SENT-0443,Sentence,这么晚了，他今天不会来了吧?,,,,,,,,,,,,,,,,,,,,,,,,,,,,,,,,,SENT-0443,这么晚了，他今天不会来了吧?,这么晚了他今天不会来了吧,国际中文教育中文水平等级标准·语法学习手册（初等）,初等,251,ion. ◎典型例句和对话 例句 您是经理吧? 你以前学过中文吧? 这是他的书吧? (在饭店),来源字段完整但仍需正版逐页核验,,,,,,,,,,,,,,,,,,,,
span:AUTH-TAD-0132,CandidateSpan,AUTH-TAD-0132｜今天,,,,,,,,,,,,,,,,,,,,,,,,,,,,,,,,,,今天,,,,,,,AUTH-TAD-0132,今天,6.0,8.0,located,candidate_span,,,,,,,,,,,,,,
consensus:AUTH-TAD-0132,ConsensusLabel,AUTH-TAD-0132｜时间状语,,,,,,,,,,,,,,,,,,,,,,,,,,,,,,,,,,,,,,,,,,今天,,,,,consensus:AUTH-TAD-0132,TEMPORAL_ADVERBIAL,完全一致,完全一致,完全一致,,,,,,,,,
annotation:span:AUTH-TAD-0132:r1,AnnotationDecision,标注者1-AUTH-TAD-0132,,,,,,,,,,,,,,,,,,,,,,,,,,,,,,,,,,,,,,,,,,,,,,,,,,,,ANONYMIZED_RATER_1,,annotation:span:AUTH-TAD-0132:r1,正确,是时间状语,时间状语,,,
annotation:span:AUTH-TAD-0132:r2,AnnotationDecision,标注者2-AUTH-TAD-0132,,,,,,,,,,,,,,,,,,,,,,,,,,,,,,,,,,,,,,,,,,,,,,,,,,,,ANONYMIZED_RATER_2,,annotation:span:AUTH-TAD-0132:r2,正确,是时间状语,时间状语,,,
annotation:span:AUTH-TAD-0132:r3,AnnotationDecision,标注者3-AUTH-TAD-0132,,,,,,,,,,,,,,,,,,,,,,,,,,,,,,,,,,,,,,,,,,,,,,,,,,,,ANONYMIZED_RATER_3,,annotation:span:AUTH-TAD-0132:r3,正确,是时间状语,时间状语,,,
sentence:SENT-0040,Sentence,今天和昨天都很热。,,,,,,,,,,,,,,,,,,,,,,,,,,,,,,,,,SENT-0040,今天和昨天都很热。,今天和昨天都很热,国际中文教育中文水平等级标准·语法学习手册（初等）,初等,70,他知道考试的时间和地点,来源字段完整但仍需正版逐页核验,,,,,,,,,,,,,,,,,,,,
span:AUTH-TAD-0133,CandidateSpan,AUTH-TAD-0133｜今天,,,,,,,,,,,,,,,,,,,,,,,,,,,,,,,,,,今天,,,,,,,AUTH-TAD-0133,今天,0.0,2.0,located,candidate_span,,,,,,,,,,,,,,
consensus:AUTH-TAD-0133,ConsensusLabel,AUTH-TAD-0133｜其他/非目标时间用法,,,,,,,,,,,,,,,,,,,,,,,,,,,,,,,,,,,,,,,,,,今天,,,,,consensus:AUTH-TAD-0133,OTHER,多数一致,完全一致,多数一致,,,,,,,,,
annotation:span:AUTH-TAD-0133:r1,AnnotationDecision,标注者1-AUTH-TAD-0133,,,,,,,,,,,,,,,,,,,,,,,,,,,,,,,,,,,,,,,,,,,,,,,,,,,,ANONYMIZED_RATER_1,,annotation:span:AUTH-TAD-0133:r1,正确,不是时间状语,普通时间名词/词语引用,,,
annotation:span:AUTH-TAD-0133:r2,AnnotationDecision,标注者2-AUTH-TAD-0133,,,,,,,,,,,,,,,,,,,,,,,,,,,,,,,,,,,,,,,,,,,,,,,,,,,,ANONYMIZED_RATER_2,,annotation:span:AUTH-TAD-0133:r2,不是时间表达,不是时间状语,提取错误：不是时间表达,无,,
annotation:span:AUTH-TAD-0133:r3,AnnotationDecision,标注者3-AUTH-TAD-0133,,,,,,,,,,,,,,,,,,,,,,,,,,,,,,,,,,,,,,,,,,,,,,,,,,,,ANONYMIZED_RATER_3,,annotation:span:AUTH-TAD-0133:r3,正确,不是时间状语,普通时间名词/词语引用,,,
sentence:SENT-0141,Sentence,你无须/不必打电话，马上会有人来接你。,,,,,,,,,,,,,,,,,,,,,,,,,,,,,,,,,SENT-0141,你无须/不必打电话，马上会有人来接你。,你无须/不必打电话马上会有人来接你,国际中文教育中文水平等级标准·语法学习手册（初等）,初等,159,(在班级) (在公司) (商量事情) A:马上期末考试了， A:经理，明天我可 A:请,来源字段完整但仍需正版逐页核验,,,,,,,,,,,,,,,,,,,,
span:AUTH-TAD-0134,CandidateSpan,AUTH-TAD-0134｜马上,,,,,,,,,,,,,,,,,,,,,,,,,,,,,,,,,,马上,,,,,,,AUTH-TAD-0134,马上,10.0,12.0,located,candidate_span,,,,,,,,,,,,,,
consensus:AUTH-TAD-0134,ConsensusLabel,AUTH-TAD-0134｜时间状语,,,,,,,,,,,,,,,,,,,,,,,,,,,,,,,,,,,,,,,,,,马上,,,,,consensus:AUTH-TAD-0134,TEMPORAL_ADVERBIAL,完全一致,完全一致,完全一致,,,,,,,,,
annotation:span:AUTH-TAD-0134:r1,AnnotationDecision,标注者1-AUTH-TAD-0134,,,,,,,,,,,,,,,,,,,,,,,,,,,,,,,,,,,,,,,,,,,,,,,,,,,,ANONYMIZED_RATER_1,,annotation:span:AUTH-TAD-0134:r1,正确,是时间状语,时间状语,,,
annotation:span:AUTH-TAD-0134:r2,AnnotationDecision,标注者2-AUTH-TAD-0134,,,,,,,,,,,,,,,,,,,,,,,,,,,,,,,,,,,,,,,,,,,,,,,,,,,,ANONYMIZED_RATER_2,,annotation:span:AUTH-TAD-0134:r2,正确,是时间状语,时间状语,,,
annotation:span:AUTH-TAD-0134:r3,AnnotationDecision,标注者3-AUTH-TAD-0134,,,,,,,,,,,,,,,,,,,,,,,,,,,,,,,,,,,,,,,,,,,,,,,,,,,,ANONYMIZED_RATER_3,,annotation:span:AUTH-TAD-0134:r3,正确,是时间状语,时间状语,,,
sentence:SENT-0358,Sentence,是啊，今天零下三十度，是今年最冷的一天了。,,,,,,,,,,,,,,,,,,,,,,,,,,,,,,,,,SENT-0358,是啊，今天零下三十度，是今年最冷的一天了。,是啊今天零下三十度是今年最冷的一天了,国际中文教育中文水平等级标准·语法学习手册（高等）,高等,67,小提示 “幸好”在承接上文后，如果语义已经很明确时，后面的分句可以不出现,来源字段完整但仍需正版逐页核验,,,,,,,,,,,,,,,,,,,,
span:AUTH-TAD-0135,CandidateSpan,AUTH-TAD-0135｜今年,,,,,,,,,,,,,,,,,,,,,,,,,,,,,,,,,,今年,,,,,,,AUTH-TAD-0135,今年,12.0,14.0,located,candidate_span,,,,,,,,,,,,,,
consensus:AUTH-TAD-0135,ConsensusLabel,AUTH-TAD-0135｜时间状语,,,,,,,,,,,,,,,,,,,,,,,,,,,,,,,,,,,,,,,,,,今年,,,,,consensus:AUTH-TAD-0135,TEMPORAL_ADVERBIAL,完全一致,多数一致,多数一致,,,,,,,,,
annotation:span:AUTH-TAD-0135:r1,AnnotationDecision,标注者1-AUTH-TAD-0135,,,,,,,,,,,,,,,,,,,,,,,,,,,,,,,,,,,,,,,,,,,,,,,,,,,,ANONYMIZED_RATER_1,,annotation:span:AUTH-TAD-0135:r1,正确,不是时间状语,普通时间名词/词语引用,,,
annotation:span:AUTH-TAD-0135:r2,AnnotationDecision,标注者2-AUTH-TAD-0135,,,,,,,,,,,,,,,,,,,,,,,,,,,,,,,,,,,,,,,,,,,,,,,,,,,,ANONYMIZED_RATER_2,,annotation:span:AUTH-TAD-0135:r2,正确,是时间状语,时间状语,,,
annotation:span:AUTH-TAD-0135:r3,AnnotationDecision,标注者3-AUTH-TAD-0135,,,,,,,,,,,,,,,,,,,,,,,,,,,,,,,,,,,,,,,,,,,,,,,,,,,,ANONYMIZED_RATER_3,,annotation:span:AUTH-TAD-0135:r3,正确,是时间状语,时间状语,,,
sentence:SENT-0073,Sentence,他也像我似的经常生气。,,,,,,,,,,,,,,,,,,,,,,,,,,,,,,,,,SENT-0073,他也像我似的经常生气。,他也像我似的经常生气,国际中文教育中文水平等级标准·语法学习手册（中等）,中等,54,树叶很绿，像刚用水洗过似的,来源字段完整但仍需正版逐页核验,,,,,,,,,,,,,,,,,,,,
span:AUTH-TAD-0136,CandidateSpan,AUTH-TAD-0136｜经常,,,,,,,,,,,,,,,,,,,,,,,,,,,,,,,,,,经常,,,,,,,AUTH-TAD-0136,经常,6.0,8.0,located,candidate_span,,,,,,,,,,,,,,
consensus:AUTH-TAD-0136,ConsensusLabel,AUTH-TAD-0136｜时间状语,,,,,,,,,,,,,,,,,,,,,,,,,,,,,,,,,,,,,,,,,,经常,,,,,consensus:AUTH-TAD-0136,TEMPORAL_ADVERBIAL,完全一致,完全一致,完全一致,,,,,,,,,
annotation:span:AUTH-TAD-0136:r1,AnnotationDecision,标注者1-AUTH-TAD-0136,,,,,,,,,,,,,,,,,,,,,,,,,,,,,,,,,,,,,,,,,,,,,,,,,,,,ANONYMIZED_RATER_1,,annotation:span:AUTH-TAD-0136:r1,正确,是时间状语,时间状语,,,
annotation:span:AUTH-TAD-0136:r2,AnnotationDecision,标注者2-AUTH-TAD-0136,,,,,,,,,,,,,,,,,,,,,,,,,,,,,,,,,,,,,,,,,,,,,,,,,,,,ANONYMIZED_RATER_2,,annotation:span:AUTH-TAD-0136:r2,正确,是时间状语,时间状语,,,
annotation:span:AUTH-TAD-0136:r3,AnnotationDecision,标注者3-AUTH-TAD-0136,,,,,,,,,,,,,,,,,,,,,,,,,,,,,,,,,,,,,,,,,,,,,,,,,,,,ANONYMIZED_RATER_3,,annotation:span:AUTH-TAD-0136:r3,正确,是时间状语,时间状语,,,
sentence:SENT-0382,Sentence,爷爷比去年更加精神一些。,,,,,,,,,,,,,,,,,,,,,,,,,,,,,,,,,SENT-0382,爷爷比去年更加精神一些。,爷爷比去年更加精神一些,国际中文教育中文水平等级标准·语法学习手册（初等）,初等,269,tten Chinese. ◎ 典型例句和对话 她以前学习就很 例句 努力，现在更加努 我的身,来源字段完整但仍需正版逐页核验,,,,,,,,,,,,,,,,,,,,
span:AUTH-TAD-0137,CandidateSpan,AUTH-TAD-0137｜去年,,,,,,,,,,,,,,,,,,,,,,,,,,,,,,,,,,去年,,,,,,,AUTH-TAD-0137,去年,3.0,5.0,located,candidate_span,,,,,,,,,,,,,,
consensus:AUTH-TAD-0137,ConsensusLabel,AUTH-TAD-0137｜其他/非目标时间用法,,,,,,,,,,,,,,,,,,,,,,,,,,,,,,,,,,,,,,,,,,去年,,,,,consensus:AUTH-TAD-0137,OTHER,多数一致,完全一致,多数一致,,,,,,,,,
annotation:span:AUTH-TAD-0137:r1,AnnotationDecision,标注者1-AUTH-TAD-0137,,,,,,,,,,,,,,,,,,,,,,,,,,,,,,,,,,,,,,,,,,,,,,,,,,,,ANONYMIZED_RATER_1,,annotation:span:AUTH-TAD-0137:r1,正确,不是时间状语,普通时间名词/词语引用,,,
annotation:span:AUTH-TAD-0137:r2,AnnotationDecision,标注者2-AUTH-TAD-0137,,,,,,,,,,,,,,,,,,,,,,,,,,,,,,,,,,,,,,,,,,,,,,,,,,,,ANONYMIZED_RATER_2,,annotation:span:AUTH-TAD-0137:r2,不是时间表达,不是时间状语,提取错误：不是时间表达,无,,
annotation:span:AUTH-TAD-0137:r3,AnnotationDecision,标注者3-AUTH-TAD-0137,,,,,,,,,,,,,,,,,,,,,,,,,,,,,,,,,,,,,,,,,,,,,,,,,,,,ANONYMIZED_RATER_3,,annotation:span:AUTH-TAD-0137:r3,正确,不是时间状语,普通时间名词/词语引用,,,
sentence:SENT-0037,Sentence,今天刚好有空儿，咱们去爬山吧。,,,,,,,,,,,,,,,,,,,,,,,,,,,,,,,,,SENT-0037,今天刚好有空儿，咱们去爬山吧。,今天刚好有空儿咱们去爬山吧,国际中文教育中文水平等级标准·语法学习手册（中等）,中等,289,◎典型例句和对话 ◎补充例句 例句 我要出门找他的时候 他刚好回来了,来源字段完整但仍需正版逐页核验,,,,,,,,,,,,,,,,,,,,
span:AUTH-TAD-0138,CandidateSpan,AUTH-TAD-0138｜今天,,,,,,,,,,,,,,,,,,,,,,,,,,,,,,,,,,今天,,,,,,,AUTH-TAD-0138,今天,0.0,2.0,located,candidate_span,,,,,,,,,,,,,,
consensus:AUTH-TAD-0138,ConsensusLabel,AUTH-TAD-0138｜时间状语,,,,,,,,,,,,,,,,,,,,,,,,,,,,,,,,,,,,,,,,,,今天,,,,,consensus:AUTH-TAD-0138,TEMPORAL_ADVERBIAL,完全一致,完全一致,完全一致,,,,,,,,,
annotation:span:AUTH-TAD-0138:r1,AnnotationDecision,标注者1-AUTH-TAD-0138,,,,,,,,,,,,,,,,,,,,,,,,,,,,,,,,,,,,,,,,,,,,,,,,,,,,ANONYMIZED_RATER_1,,annotation:span:AUTH-TAD-0138:r1,正确,是时间状语,时间状语,,,
annotation:span:AUTH-TAD-0138:r2,AnnotationDecision,标注者2-AUTH-TAD-0138,,,,,,,,,,,,,,,,,,,,,,,,,,,,,,,,,,,,,,,,,,,,,,,,,,,,ANONYMIZED_RATER_2,,annotation:span:AUTH-TAD-0138:r2,正确,是时间状语,时间状语,,,
annotation:span:AUTH-TAD-0138:r3,AnnotationDecision,标注者3-AUTH-TAD-0138,,,,,,,,,,,,,,,,,,,,,,,,,,,,,,,,,,,,,,,,,,,,,,,,,,,,ANONYMIZED_RATER_3,,annotation:span:AUTH-TAD-0138:r3,正确,是时间状语,时间状语,,,
sentence:SENT-0435,Sentence,这个假期他没有出去玩儿，反而在公司加了三天班。,,,,,,,,,,,,,,,,,,,,,,,,,,,,,,,,,SENT-0435,这个假期他没有出去玩儿，反而在公司加了三天班。,这个假期他没有出去玩儿反而在公司加了三天班,国际中文教育中文水平等级标准·语法学习手册（中等）,中等,34,特点 “反而”主要在动词性成分或形容词性成分前，作状语,来源字段完整但仍需正版逐页核验,,,,,,,,,,,,,,,,,,,,
span:AUTH-TAD-0139,CandidateSpan,AUTH-TAD-0139｜三天,,,,,,,,,,,,,,,,,,,,,,,,,,,,,,,,,,三天,,,,,,,AUTH-TAD-0139,三天,19.0,21.0,located,candidate_span,,,,,,,,,,,,,,
consensus:AUTH-TAD-0139,ConsensusLabel,AUTH-TAD-0139｜时间定语,,,,,,,,,,,,,,,,,,,,,,,,,,,,,,,,,,,,,,,,,,三天,,,,,consensus:AUTH-TAD-0139,ATTRIBUTE,多数一致,多数一致,平票,,,,,,,,,
annotation:span:AUTH-TAD-0139:r1,AnnotationDecision,标注者1-AUTH-TAD-0139,,,,,,,,,,,,,,,,,,,,,,,,,,,,,,,,,,,,,,,,,,,,,,,,,,,,ANONYMIZED_RATER_1,,annotation:span:AUTH-TAD-0139:r1,正确,不是时间状语,时间定语,,,
annotation:span:AUTH-TAD-0139:r2,AnnotationDecision,标注者2-AUTH-TAD-0139,,,,,,,,,,,,,,,,,,,,,,,,,,,,,,,,,,,,,,,,,,,,,,,,,,,,ANONYMIZED_RATER_2,,annotation:span:AUTH-TAD-0139:r2,正确,不是时间状语,时长补语,,,
annotation:span:AUTH-TAD-0139:r3,AnnotationDecision,标注者3-AUTH-TAD-0139,,,,,,,,,,,,,,,,,,,,,,,,,,,,,,,,,,,,,,,,,,,,,,,,,,,,ANONYMIZED_RATER_3,,annotation:span:AUTH-TAD-0139:r3,漏检：有目标时间状语,是时间状语,漏检,这个假期,,
sentence:SENT-0276,Sentence,我们明天八点考试，是不是?,,,,,,,,,,,,,,,,,,,,,,,,,,,,,,,,,SENT-0276,我们明天八点考试，是不是?,我们明天八点考试是不是,国际中文教育中文水平等级标准·语法学习手册（初等）,初等,250,A:你要去体育馆打 了很多水果? B:我没拿，我刚刚看见 球，是不是? B:不是我买的，是,来源字段完整但仍需正版逐页核验,,,,,,,,,,,,,,,,,,,,
span:AUTH-TAD-0140,CandidateSpan,AUTH-TAD-0140｜八点,,,,,,,,,,,,,,,,,,,,,,,,,,,,,,,,,,八点,,,,,,,AUTH-TAD-0140,八点,4.0,6.0,located,candidate_span,,,,,,,,,,,,,,
consensus:AUTH-TAD-0140,ConsensusLabel,AUTH-TAD-0140｜时间状语,,,,,,,,,,,,,,,,,,,,,,,,,,,,,,,,,,,,,,,,,,八点,,,,,consensus:AUTH-TAD-0140,TEMPORAL_ADVERBIAL,多数一致,多数一致,多数一致,,,,,,,,,
annotation:span:AUTH-TAD-0140:r1,AnnotationDecision,标注者1-AUTH-TAD-0140,,,,,,,,,,,,,,,,,,,,,,,,,,,,,,,,,,,,,,,,,,,,,,,,,,,,ANONYMIZED_RATER_1,,annotation:span:AUTH-TAD-0140:r1,正确,是时间状语,时间状语,,,
annotation:span:AUTH-TAD-0140:r2,AnnotationDecision,标注者2-AUTH-TAD-0140,,,,,,,,,,,,,,,,,,,,,,,,,,,,,,,,,,,,,,,,,,,,,,,,,,,,ANONYMIZED_RATER_2,,annotation:span:AUTH-TAD-0140:r2,正确,是时间状语,时间状语,,,
annotation:span:AUTH-TAD-0140:r3,AnnotationDecision,标注者3-AUTH-TAD-0140,,,,,,,,,,,,,,,,,,,,,,,,,,,,,,,,,,,,,,,,,,,,,,,,,,,,ANONYMIZED_RATER_3,,annotation:span:AUTH-TAD-0140:r3,边界不完整,不是时间状语,提取错误：边界不完整,明天八点,,
sentence:SENT-0438,Sentence,这个工作得三天才能做完。,,,,,,,,,,,,,,,,,,,,,,,,,,,,,,,,,SENT-0438,这个工作得三天才能做完。,这个工作得三天才能做完,国际中文教育中文水平等级标准·语法学习手册（中等）,中等,12,spoken Chinese. ◎典型例句和对话 时间不早了，我得例句 我还得考虑考虑,来源字段完整但仍需正版逐页核验,,,,,,,,,,,,,,,,,,,,
span:AUTH-TAD-0141,CandidateSpan,AUTH-TAD-0141｜三天,,,,,,,,,,,,,,,,,,,,,,,,,,,,,,,,,,三天,,,,,,,AUTH-TAD-0141,三天,5.0,7.0,located,candidate_span,,,,,,,,,,,,,,
consensus:AUTH-TAD-0141,ConsensusLabel,AUTH-TAD-0141｜时长/时间补语,,,,,,,,,,,,,,,,,,,,,,,,,,,,,,,,,,,,,,,,,,三天,,,,,consensus:AUTH-TAD-0141,COMPLEMENT,完全一致,多数一致,多数一致,,,,,,,,,
annotation:span:AUTH-TAD-0141:r1,AnnotationDecision,标注者1-AUTH-TAD-0141,,,,,,,,,,,,,,,,,,,,,,,,,,,,,,,,,,,,,,,,,,,,,,,,,,,,ANONYMIZED_RATER_1,,annotation:span:AUTH-TAD-0141:r1,正确,是时间状语,时间状语,,,
annotation:span:AUTH-TAD-0141:r2,AnnotationDecision,标注者2-AUTH-TAD-0141,,,,,,,,,,,,,,,,,,,,,,,,,,,,,,,,,,,,,,,,,,,,,,,,,,,,ANONYMIZED_RATER_2,,annotation:span:AUTH-TAD-0141:r2,正确,不是时间状语,时长补语,,,
annotation:span:AUTH-TAD-0141:r3,AnnotationDecision,标注者3-AUTH-TAD-0141,,,,,,,,,,,,,,,,,,,,,,,,,,,,,,,,,,,,,,,,,,,,,,,,,,,,ANONYMIZED_RATER_3,,annotation:span:AUTH-TAD-0141:r3,正确,不是时间状语,时长补语,,,
sentence:SENT-0056,Sentence,今天的活动，难道我不去不行吗?,,,,,,,,,,,,,,,,,,,,,,,,,,,,,,,,,SENT-0056,今天的活动，难道我不去不行吗?,今天的活动难道我不去不行吗,国际中文教育中文水平等级标准·语法学习手册（高等）,高等,88,,页面线索缺失,,,,,,,,,,,,,,,,,,,,
span:AUTH-TAD-0142,CandidateSpan,AUTH-TAD-0142｜今天,,,,,,,,,,,,,,,,,,,,,,,,,,,,,,,,,,今天,,,,,,,AUTH-TAD-0142,今天,0.0,2.0,located,candidate_span,,,,,,,,,,,,,,
consensus:AUTH-TAD-0142,ConsensusLabel,AUTH-TAD-0142｜时间定语,,,,,,,,,,,,,,,,,,,,,,,,,,,,,,,,,,,,,,,,,,今天,,,,,consensus:AUTH-TAD-0142,ATTRIBUTE,完全一致,完全一致,完全一致,,,,,,,,,
annotation:span:AUTH-TAD-0142:r1,AnnotationDecision,标注者1-AUTH-TAD-0142,,,,,,,,,,,,,,,,,,,,,,,,,,,,,,,,,,,,,,,,,,,,,,,,,,,,ANONYMIZED_RATER_1,,annotation:span:AUTH-TAD-0142:r1,正确,不是时间状语,时间定语,,,
annotation:span:AUTH-TAD-0142:r2,AnnotationDecision,标注者2-AUTH-TAD-0142,,,,,,,,,,,,,,,,,,,,,,,,,,,,,,,,,,,,,,,,,,,,,,,,,,,,ANONYMIZED_RATER_2,,annotation:span:AUTH-TAD-0142:r2,正确,不是时间状语,时间定语,,,
annotation:span:AUTH-TAD-0142:r3,AnnotationDecision,标注者3-AUTH-TAD-0142,,,,,,,,,,,,,,,,,,,,,,,,,,,,,,,,,,,,,,,,,,,,,,,,,,,,ANONYMIZED_RATER_3,,annotation:span:AUTH-TAD-0142:r3,正确,不是时间状语,时间定语,,,
sentence:SENT-0380,Sentence,没有今天的劳动就没有明天的收获。,,,,,,,,,,,,,,,,,,,,,,,,,,,,,,,,,SENT-0380,没有今天的劳动就没有明天的收获。,没有今天的劳动就没有明天的收获,国际中文教育中文水平等级标准·语法学习手册（中等）,中等,245,,页面线索缺失,,,,,,,,,,,,,,,,,,,,
span:AUTH-TAD-0143,CandidateSpan,AUTH-TAD-0143｜今天,,,,,,,,,,,,,,,,,,,,,,,,,,,,,,,,,,今天,,,,,,,AUTH-TAD-0143,今天,2.0,4.0,located,candidate_span,,,,,,,,,,,,,,
consensus:AUTH-TAD-0143,ConsensusLabel,AUTH-TAD-0143｜时间定语,,,,,,,,,,,,,,,,,,,,,,,,,,,,,,,,,,,,,,,,,,今天,,,,,consensus:AUTH-TAD-0143,ATTRIBUTE,完全一致,完全一致,完全一致,,,,,,,,,
annotation:span:AUTH-TAD-0143:r1,AnnotationDecision,标注者1-AUTH-TAD-0143,,,,,,,,,,,,,,,,,,,,,,,,,,,,,,,,,,,,,,,,,,,,,,,,,,,,ANONYMIZED_RATER_1,,annotation:span:AUTH-TAD-0143:r1,正确,不是时间状语,时间定语,,,
annotation:span:AUTH-TAD-0143:r2,AnnotationDecision,标注者2-AUTH-TAD-0143,,,,,,,,,,,,,,,,,,,,,,,,,,,,,,,,,,,,,,,,,,,,,,,,,,,,ANONYMIZED_RATER_2,,annotation:span:AUTH-TAD-0143:r2,正确,不是时间状语,时间定语,,,
annotation:span:AUTH-TAD-0143:r3,AnnotationDecision,标注者3-AUTH-TAD-0143,,,,,,,,,,,,,,,,,,,,,,,,,,,,,,,,,,,,,,,,,,,,,,,,,,,,ANONYMIZED_RATER_3,,annotation:span:AUTH-TAD-0143:r3,正确,不是时间状语,时间定语,,,
span:AUTH-TAD-0144,CandidateSpan,AUTH-TAD-0144｜2018年,,,,,,,,,,,,,,,,,,,,,,,,,,,,,,,,,,2018年,,,,,,,AUTH-TAD-0144,从2018年到现在,2.0,7.0,located,majority_fixed_span,,,,,,,,,,,,,,
consensus:AUTH-TAD-0144,ConsensusLabel,AUTH-TAD-0144｜其他/非目标时间用法,,,,,,,,,,,,,,,,,,,,,,,,,,,,,,,,,,,,,,,,,,从2018年到现在,,,,,consensus:AUTH-TAD-0144,OTHER,完全一致,完全一致,完全一致,,,,,,,,,
annotation:span:AUTH-TAD-0144:r1,AnnotationDecision,标注者1-AUTH-TAD-0144,,,,,,,,,,,,,,,,,,,,,,,,,,,,,,,,,,,,,,,,,,,,,,,,,,,,ANONYMIZED_RATER_1,,annotation:span:AUTH-TAD-0144:r1,边界不完整,不是时间状语,提取错误：边界不完整,从2018年到现在,,
annotation:span:AUTH-TAD-0144:r2,AnnotationDecision,标注者2-AUTH-TAD-0144,,,,,,,,,,,,,,,,,,,,,,,,,,,,,,,,,,,,,,,,,,,,,,,,,,,,ANONYMIZED_RATER_2,,annotation:span:AUTH-TAD-0144:r2,边界不完整,不是时间状语,提取错误：边界不完整,从2018年到现在,,
annotation:span:AUTH-TAD-0144:r3,AnnotationDecision,标注者3-AUTH-TAD-0144,,,,,,,,,,,,,,,,,,,,,,,,,,,,,,,,,,,,,,,,,,,,,,,,,,,,ANONYMIZED_RATER_3,,annotation:span:AUTH-TAD-0144:r3,边界不完整,不是时间状语,提取错误：边界不完整,2018年到现在,,
sentence:SENT-0442,Sentence,这么多任务他三天就完成了，可见他的工作效率很高。,,,,,,,,,,,,,,,,,,,,,,,,,,,,,,,,,SENT-0442,这么多任务他三天就完成了，可见他的工作效率很高。,这么多任务他三天就完成了可见他的工作效率很高,国际中文教育中文水平等级标准·语法学习手册（中等）,中等,110,例如： *既然这事你已经决定了，就我不说什么了,来源字段完整但仍需正版逐页核验,,,,,,,,,,,,,,,,,,,,
span:AUTH-TAD-0145,CandidateSpan,AUTH-TAD-0145｜三天,,,,,,,,,,,,,,,,,,,,,,,,,,,,,,,,,,三天,,,,,,,AUTH-TAD-0145,三天,6.0,8.0,located,candidate_span,,,,,,,,,,,,,,
consensus:AUTH-TAD-0145,ConsensusLabel,AUTH-TAD-0145｜时间状语,,,,,,,,,,,,,,,,,,,,,,,,,,,,,,,,,,,,,,,,,,三天,,,,,consensus:AUTH-TAD-0145,TEMPORAL_ADVERBIAL,完全一致,多数一致,多数一致,,,,,,,,,
annotation:span:AUTH-TAD-0145:r1,AnnotationDecision,标注者1-AUTH-TAD-0145,,,,,,,,,,,,,,,,,,,,,,,,,,,,,,,,,,,,,,,,,,,,,,,,,,,,ANONYMIZED_RATER_1,,annotation:span:AUTH-TAD-0145:r1,正确,是时间状语,时间状语,,,
annotation:span:AUTH-TAD-0145:r2,AnnotationDecision,标注者2-AUTH-TAD-0145,,,,,,,,,,,,,,,,,,,,,,,,,,,,,,,,,,,,,,,,,,,,,,,,,,,,ANONYMIZED_RATER_2,,annotation:span:AUTH-TAD-0145:r2,正确,不是时间状语,时长补语,,,
annotation:span:AUTH-TAD-0145:r3,AnnotationDecision,标注者3-AUTH-TAD-0145,,,,,,,,,,,,,,,,,,,,,,,,,,,,,,,,,,,,,,,,,,,,,,,,,,,,ANONYMIZED_RATER_3,,annotation:span:AUTH-TAD-0145:r3,正确,是时间状语,时间状语,,,
sentence:SENT-0411,Sentence,经理把这个会议延长了四十分钟。,,,,,,,,,,,,,,,,,,,,,,,,,,,,,,,,,SENT-0411,经理把这个会议延长了四十分钟。,经理把这个会议延长了四十分钟,国际中文教育中文水平等级标准·语法学习手册（中等）,中等,82,计划 提前 了 一周 吗? 小提示 (1)带“动量补语/时量补语”的“把”字句中，“把”前不能,来源字段完整但仍需正版逐页核验,,,,,,,,,,,,,,,,,,,,
span:AUTH-TAD-0146,CandidateSpan,AUTH-TAD-0146｜四十分钟,,,,,,,,,,,,,,,,,,,,,,,,,,,,,,,,,,四十分钟,,,,,,,AUTH-TAD-0146,四十分钟,10.0,14.0,located,candidate_span,,,,,,,,,,,,,,
consensus:AUTH-TAD-0146,ConsensusLabel,AUTH-TAD-0146｜时长/时间补语,,,,,,,,,,,,,,,,,,,,,,,,,,,,,,,,,,,,,,,,,,四十分钟,,,,,consensus:AUTH-TAD-0146,COMPLEMENT,完全一致,完全一致,完全一致,,,,,,,,,
annotation:span:AUTH-TAD-0146:r1,AnnotationDecision,标注者1-AUTH-TAD-0146,,,,,,,,,,,,,,,,,,,,,,,,,,,,,,,,,,,,,,,,,,,,,,,,,,,,ANONYMIZED_RATER_1,,annotation:span:AUTH-TAD-0146:r1,正确,不是时间状语,时长补语,,,
annotation:span:AUTH-TAD-0146:r2,AnnotationDecision,标注者2-AUTH-TAD-0146,,,,,,,,,,,,,,,,,,,,,,,,,,,,,,,,,,,,,,,,,,,,,,,,,,,,ANONYMIZED_RATER_2,,annotation:span:AUTH-TAD-0146:r2,正确,不是时间状语,时长补语,,,
annotation:span:AUTH-TAD-0146:r3,AnnotationDecision,标注者3-AUTH-TAD-0146,,,,,,,,,,,,,,,,,,,,,,,,,,,,,,,,,,,,,,,,,,,,,,,,,,,,ANONYMIZED_RATER_3,,annotation:span:AUTH-TAD-0146:r3,正确,不是时间状语,时长补语,,,
sentence:SENT-0150,Sentence,你现在不要过早下结论，况且谁输谁赢还不一定呢。,,,,,,,,,,,,,,,,,,,,,,,,,,,,,,,,,SENT-0150,你现在不要过早下结论，况且谁输谁赢还不一定呢。,你现在不要过早下结论况且谁输谁赢还不一定呢,国际中文教育中文水平等级标准·语法学习手册（高等）,高等,144,B:是啊，我看玛丽累得九点刚过就倒在床上睡 着了,来源字段完整但仍需正版逐页核验,,,,,,,,,,,,,,,,,,,,
span:AUTH-TAD-0147,CandidateSpan,AUTH-TAD-0147｜现在,,,,,,,,,,,,,,,,,,,,,,,,,,,,,,,,,,现在,,,,,,,AUTH-TAD-0147,现在,1.0,3.0,located,candidate_span,,,,,,,,,,,,,,
consensus:AUTH-TAD-0147,ConsensusLabel,AUTH-TAD-0147｜时间状语,,,,,,,,,,,,,,,,,,,,,,,,,,,,,,,,,,,,,,,,,,现在,,,,,consensus:AUTH-TAD-0147,TEMPORAL_ADVERBIAL,完全一致,完全一致,完全一致,,,,,,,,,
annotation:span:AUTH-TAD-0147:r1,AnnotationDecision,标注者1-AUTH-TAD-0147,,,,,,,,,,,,,,,,,,,,,,,,,,,,,,,,,,,,,,,,,,,,,,,,,,,,ANONYMIZED_RATER_1,,annotation:span:AUTH-TAD-0147:r1,正确,是时间状语,时间状语,,,
annotation:span:AUTH-TAD-0147:r2,AnnotationDecision,标注者2-AUTH-TAD-0147,,,,,,,,,,,,,,,,,,,,,,,,,,,,,,,,,,,,,,,,,,,,,,,,,,,,ANONYMIZED_RATER_2,,annotation:span:AUTH-TAD-0147:r2,正确,是时间状语,时间状语,,,
annotation:span:AUTH-TAD-0147:r3,AnnotationDecision,标注者3-AUTH-TAD-0147,,,,,,,,,,,,,,,,,,,,,,,,,,,,,,,,,,,,,,,,,,,,,,,,,,,,ANONYMIZED_RATER_3,,annotation:span:AUTH-TAD-0147:r3,正确,是时间状语,时间状语,,,
sentence:SENT-0393,Sentence,现在才八点，别急。,,,,,,,,,,,,,,,,,,,,,,,,,,,,,,,,,SENT-0393,现在才八点，别急。,现在才八点别急,国际中文教育中文水平等级标准·语法学习手册（初等）,初等,164,示说话人认为事情发生得比预想的晚，也可表达数量少、时间早、程度低等， 具有较强的主观性,来源字段完整但仍需正版逐页核验,,,,,,,,,,,,,,,,,,,,
span:AUTH-TAD-0148,CandidateSpan,AUTH-TAD-0148｜现在,,,,,,,,,,,,,,,,,,,,,,,,,,,,,,,,,,现在,,,,,,,AUTH-TAD-0148,现在,0.0,2.0,located,candidate_span,,,,,,,,,,,,,,
consensus:AUTH-TAD-0148,ConsensusLabel,AUTH-TAD-0148｜时间状语,,,,,,,,,,,,,,,,,,,,,,,,,,,,,,,,,,,,,,,,,,现在,,,,,consensus:AUTH-TAD-0148,TEMPORAL_ADVERBIAL,完全一致,完全一致,完全一致,,,,,,,,,
annotation:span:AUTH-TAD-0148:r1,AnnotationDecision,标注者1-AUTH-TAD-0148,,,,,,,,,,,,,,,,,,,,,,,,,,,,,,,,,,,,,,,,,,,,,,,,,,,,ANONYMIZED_RATER_1,,annotation:span:AUTH-TAD-0148:r1,正确,是时间状语,时间状语,,,
annotation:span:AUTH-TAD-0148:r2,AnnotationDecision,标注者2-AUTH-TAD-0148,,,,,,,,,,,,,,,,,,,,,,,,,,,,,,,,,,,,,,,,,,,,,,,,,,,,ANONYMIZED_RATER_2,,annotation:span:AUTH-TAD-0148:r2,正确,是时间状语,时间状语,,,
annotation:span:AUTH-TAD-0148:r3,AnnotationDecision,标注者3-AUTH-TAD-0148,,,,,,,,,,,,,,,,,,,,,,,,,,,,,,,,,,,,,,,,,,,,,,,,,,,,ANONYMIZED_RATER_3,,annotation:span:AUTH-TAD-0148:r3,正确,是时间状语,时间状语,,,
sentence:SENT-0248,Sentence,已经离开美国了。,,,,,,,,,,,,,,,,,,,,,,,,,,,,,,,,,SENT-0248,已经离开美国了。,已经离开美国了,国际中文教育中文水平等级标准·语法学习手册（中等）,中等,176,"语法点- 随着+N+的+V,S+VP/AP 随着 时间 的 推进，我 慢慢理解了他的做法",来源字段完整但仍需正版逐页核验,,,,,,,,,,,,,,,,,,,,
span:AUTH-TAD-0149,CandidateSpan,AUTH-TAD-0149｜已经,,,,,,,,,,,,,,,,,,,,,,,,,,,,,,,,,,已经,,,,,,,AUTH-TAD-0149,已经,0.0,2.0,located,candidate_span,,,,,,,,,,,,,,
consensus:AUTH-TAD-0149,ConsensusLabel,AUTH-TAD-0149｜时间状语,,,,,,,,,,,,,,,,,,,,,,,,,,,,,,,,,,,,,,,,,,已经,,,,,consensus:AUTH-TAD-0149,TEMPORAL_ADVERBIAL,完全一致,完全一致,完全一致,,,,,,,,,
annotation:span:AUTH-TAD-0149:r1,AnnotationDecision,标注者1-AUTH-TAD-0149,,,,,,,,,,,,,,,,,,,,,,,,,,,,,,,,,,,,,,,,,,,,,,,,,,,,ANONYMIZED_RATER_1,,annotation:span:AUTH-TAD-0149:r1,正确,是时间状语,时间状语,,,
annotation:span:AUTH-TAD-0149:r2,AnnotationDecision,标注者2-AUTH-TAD-0149,,,,,,,,,,,,,,,,,,,,,,,,,,,,,,,,,,,,,,,,,,,,,,,,,,,,ANONYMIZED_RATER_2,,annotation:span:AUTH-TAD-0149:r2,正确,是时间状语,时间状语,,,
annotation:span:AUTH-TAD-0149:r3,AnnotationDecision,标注者3-AUTH-TAD-0149,,,,,,,,,,,,,,,,,,,,,,,,,,,,,,,,,,,,,,,,,,,,,,,,,,,,ANONYMIZED_RATER_3,,annotation:span:AUTH-TAD-0149:r3,正确,是时间状语,时间状语,,,
sentence:SENT-0172,Sentence,十年过去了，周围的环境仍旧没变。,,,,,,,,,,,,,,,,,,,,,,,,,,,,,,,,,SENT-0172,十年过去了，周围的环境仍旧没变。,十年过去了周围的环境仍旧没变,国际中文教育中文水平等级标准·语法学习手册（中等）,中等,152,五级语法点 道 小提示 “将要”表示对马上要发生的事情进行推测，因而一般不用于否定,来源字段完整但仍需正版逐页核验,,,,,,,,,,,,,,,,,,,,
span:AUTH-TAD-0150,CandidateSpan,AUTH-TAD-0150｜十年,,,,,,,,,,,,,,,,,,,,,,,,,,,,,,,,,,十年,,,,,,,AUTH-TAD-0150,十年,0.0,2.0,located,candidate_span,,,,,,,,,,,,,,
consensus:AUTH-TAD-0150,ConsensusLabel,AUTH-TAD-0150｜其他/非目标时间用法,,,,,,,,,,,,,,,,,,,,,,,,,,,,,,,,,,,,,,,,,,十年,,,,,consensus:AUTH-TAD-0150,OTHER,完全一致,完全一致,多数一致,,,,,,,,,
annotation:span:AUTH-TAD-0150:r1,AnnotationDecision,标注者1-AUTH-TAD-0150,,,,,,,,,,,,,,,,,,,,,,,,,,,,,,,,,,,,,,,,,,,,,,,,,,,,ANONYMIZED_RATER_1,,annotation:span:AUTH-TAD-0150:r1,正确,不是时间状语,普通时间名词/词语引用,,,
annotation:span:AUTH-TAD-0150:r2,AnnotationDecision,标注者2-AUTH-TAD-0150,,,,,,,,,,,,,,,,,,,,,,,,,,,,,,,,,,,,,,,,,,,,,,,,,,,,ANONYMIZED_RATER_2,,annotation:span:AUTH-TAD-0150:r2,正确,不是时间状语,时长补语,,,
annotation:span:AUTH-TAD-0150:r3,AnnotationDecision,标注者3-AUTH-TAD-0150,,,,,,,,,,,,,,,,,,,,,,,,,,,,,,,,,,,,,,,,,,,,,,,,,,,,ANONYMIZED_RATER_3,,annotation:span:AUTH-TAD-0150:r3,正确,不是时间状语,普通时间名词/词语引用,,,
sentence:SENT-0241,Sentence,就是说，你得从现在起重新规划了。,,,,,,,,,,,,,,,,,,,,,,,,,,,,,,,,,SENT-0241,就是说，你得从现在起重新规划了。,就是说你得从现在起重新规划了,国际中文教育中文水平等级标准·语法学习手册（中等）,中等,328,B:他已经道歉了，我也 不参加呢? B:算了，你说,来源字段完整但仍需正版逐页核验,,,,,,,,,,,,,,,,,,,,
span:AUTH-TAD-0151,CandidateSpan,AUTH-TAD-0151｜现在,,,,,,,,,,,,,,,,,,,,,,,,,,,,,,,,,,现在,,,,,,,AUTH-TAD-0151,现在,7.0,9.0,located,candidate_span,,,,,,,,,,,,,,
consensus:AUTH-TAD-0151,ConsensusLabel,AUTH-TAD-0151｜时间状语,,,,,,,,,,,,,,,,,,,,,,,,,,,,,,,,,,,,,,,,,,现在,,,,,consensus:AUTH-TAD-0151,TEMPORAL_ADVERBIAL,多数一致,多数一致,多数一致,,,,,,,,,
annotation:span:AUTH-TAD-0151:r1,AnnotationDecision,标注者1-AUTH-TAD-0151,,,,,,,,,,,,,,,,,,,,,,,,,,,,,,,,,,,,,,,,,,,,,,,,,,,,ANONYMIZED_RATER_1,,annotation:span:AUTH-TAD-0151:r1,正确,是时间状语,时间状语,,,
annotation:span:AUTH-TAD-0151:r2,AnnotationDecision,标注者2-AUTH-TAD-0151,,,,,,,,,,,,,,,,,,,,,,,,,,,,,,,,,,,,,,,,,,,,,,,,,,,,ANONYMIZED_RATER_2,,annotation:span:AUTH-TAD-0151:r2,正确,是时间状语,时间状语,,,
annotation:span:AUTH-TAD-0151:r3,AnnotationDecision,标注者3-AUTH-TAD-0151,,,,,,,,,,,,,,,,,,,,,,,,,,,,,,,,,,,,,,,,,,,,,,,,,,,,ANONYMIZED_RATER_3,,annotation:span:AUTH-TAD-0151:r3,边界不完整,不是时间状语,提取错误：边界不完整,从现在起,,
sentence:SENT-0022,Sentence,与其考试前开夜车，不如平时努力学习。,,,,,,,,,,,,,,,,,,,,,,,,,,,,,,,,,SENT-0022,与其考试前开夜车，不如平时努力学习。,与其考试前开夜车不如平时努力学习,国际中文教育中文水平等级标准·语法学习手册（高等）,高等,154,B:别找了，与其在这里浪费时间，我们不如认真复习,来源字段完整但仍需正版逐页核验,,,,,,,,,,,,,,,,,,,,
span:AUTH-TAD-0152,CandidateSpan,AUTH-TAD-0152｜平时,,,,,,,,,,,,,,,,,,,,,,,,,,,,,,,,,,平时,,,,,,,AUTH-TAD-0152,平时,11.0,13.0,located,candidate_span,,,,,,,,,,,,,,
consensus:AUTH-TAD-0152,ConsensusLabel,AUTH-TAD-0152｜时间状语,,,,,,,,,,,,,,,,,,,,,,,,,,,,,,,,,,,,,,,,,,平时,,,,,consensus:AUTH-TAD-0152,TEMPORAL_ADVERBIAL,完全一致,完全一致,完全一致,,,,,,,,,
annotation:span:AUTH-TAD-0152:r1,AnnotationDecision,标注者1-AUTH-TAD-0152,,,,,,,,,,,,,,,,,,,,,,,,,,,,,,,,,,,,,,,,,,,,,,,,,,,,ANONYMIZED_RATER_1,,annotation:span:AUTH-TAD-0152:r1,正确,是时间状语,时间状语,,,
annotation:span:AUTH-TAD-0152:r2,AnnotationDecision,标注者2-AUTH-TAD-0152,,,,,,,,,,,,,,,,,,,,,,,,,,,,,,,,,,,,,,,,,,,,,,,,,,,,ANONYMIZED_RATER_2,,annotation:span:AUTH-TAD-0152:r2,正确,是时间状语,时间状语,,,
annotation:span:AUTH-TAD-0152:r3,AnnotationDecision,标注者3-AUTH-TAD-0152,,,,,,,,,,,,,,,,,,,,,,,,,,,,,,,,,,,,,,,,,,,,,,,,,,,,ANONYMIZED_RATER_3,,annotation:span:AUTH-TAD-0152:r3,正确,是时间状语,时间状语,,,
sentence:SENT-0174,Sentence,取得成功以后，他不但没有骄傲，反而更加努力了。,,,,,,,,,,,,,,,,,,,,,,,,,,,,,,,,,SENT-0174,取得成功以后，他不但没有骄傲，反而更加努力了。,取得成功以后他不但没有骄傲反而更加努力了,国际中文教育中文水平等级标准·语法学习手册（中等）,中等,346,B:看来空调还要再 有鼓励我，反而还 开一段时间,来源字段完整但仍需正版逐页核验,,,,,,,,,,,,,,,,,,,,
span:AUTH-TAD-0153,CandidateSpan,AUTH-TAD-0153｜取得成功以后,,,,,,,,,,,,,,,,,,,,,,,,,,,,,,,,,,取得成功以后,,,,,,,AUTH-TAD-0153,取得成功以后,0.0,6.0,located,candidate_span,,,,,,,,,,,,,,
consensus:AUTH-TAD-0153,ConsensusLabel,AUTH-TAD-0153｜时间状语,,,,,,,,,,,,,,,,,,,,,,,,,,,,,,,,,,,,,,,,,,取得成功以后,,,,,consensus:AUTH-TAD-0153,TEMPORAL_ADVERBIAL,完全一致,完全一致,完全一致,,,,,,,,,
annotation:span:AUTH-TAD-0153:r1,AnnotationDecision,标注者1-AUTH-TAD-0153,,,,,,,,,,,,,,,,,,,,,,,,,,,,,,,,,,,,,,,,,,,,,,,,,,,,ANONYMIZED_RATER_1,,annotation:span:AUTH-TAD-0153:r1,正确,是时间状语,时间状语,,,
annotation:span:AUTH-TAD-0153:r2,AnnotationDecision,标注者2-AUTH-TAD-0153,,,,,,,,,,,,,,,,,,,,,,,,,,,,,,,,,,,,,,,,,,,,,,,,,,,,ANONYMIZED_RATER_2,,annotation:span:AUTH-TAD-0153:r2,正确,是时间状语,时间状语,,,
annotation:span:AUTH-TAD-0153:r3,AnnotationDecision,标注者3-AUTH-TAD-0153,,,,,,,,,,,,,,,,,,,,,,,,,,,,,,,,,,,,,,,,,,,,,,,,,,,,ANONYMIZED_RATER_3,,annotation:span:AUTH-TAD-0153:r3,正确,是时间状语,时间状语,,,
sentence:SENT-0060,Sentence,今天的练习比考试更难。,,,,,,,,,,,,,,,,,,,,,,,,,,,,,,,,,SENT-0060,今天的练习比考试更难。,今天的练习比考试更难,国际中文教育中文水平等级标准·语法学习手册（初等）,初等,210,,页面线索缺失,,,,,,,,,,,,,,,,,,,,
span:AUTH-TAD-0154,CandidateSpan,AUTH-TAD-0154｜今天,,,,,,,,,,,,,,,,,,,,,,,,,,,,,,,,,,今天,,,,,,,AUTH-TAD-0154,今天,0.0,2.0,located,candidate_span,,,,,,,,,,,,,,
consensus:AUTH-TAD-0154,ConsensusLabel,AUTH-TAD-0154｜时间定语,,,,,,,,,,,,,,,,,,,,,,,,,,,,,,,,,,,,,,,,,,今天,,,,,consensus:AUTH-TAD-0154,ATTRIBUTE,完全一致,完全一致,完全一致,,,,,,,,,
annotation:span:AUTH-TAD-0154:r1,AnnotationDecision,标注者1-AUTH-TAD-0154,,,,,,,,,,,,,,,,,,,,,,,,,,,,,,,,,,,,,,,,,,,,,,,,,,,,ANONYMIZED_RATER_1,,annotation:span:AUTH-TAD-0154:r1,正确,不是时间状语,时间定语,,,
annotation:span:AUTH-TAD-0154:r2,AnnotationDecision,标注者2-AUTH-TAD-0154,,,,,,,,,,,,,,,,,,,,,,,,,,,,,,,,,,,,,,,,,,,,,,,,,,,,ANONYMIZED_RATER_2,,annotation:span:AUTH-TAD-0154:r2,正确,不是时间状语,时间定语,,,
annotation:span:AUTH-TAD-0154:r3,AnnotationDecision,标注者3-AUTH-TAD-0154,,,,,,,,,,,,,,,,,,,,,,,,,,,,,,,,,,,,,,,,,,,,,,,,,,,,ANONYMIZED_RATER_3,,annotation:span:AUTH-TAD-0154:r3,正确,不是时间状语,时间定语,,,
sentence:SENT-0111,Sentence,他洗了十分钟的澡。,,,,,,,,,,,,,,,,,,,,,,,,,,,,,,,,,SENT-0111,他洗了十分钟的澡。,他洗了十分钟的澡,国际中文教育中文水平等级标准·语法学习手册（初等）,初等,352,81数量补语4(动词+时量补语):表示动作持续的 时间 【三51】 ◎,来源字段完整但仍需正版逐页核验,,,,,,,,,,,,,,,,,,,,
span:AUTH-TAD-0155,CandidateSpan,AUTH-TAD-0155｜十分钟,,,,,,,,,,,,,,,,,,,,,,,,,,,,,,,,,,十分钟,,,,,,,AUTH-TAD-0155,十分钟,3.0,6.0,located,candidate_span,,,,,,,,,,,,,,
consensus:AUTH-TAD-0155,ConsensusLabel,AUTH-TAD-0155｜时间定语,,,,,,,,,,,,,,,,,,,,,,,,,,,,,,,,,,,,,,,,,,十分钟,,,,,consensus:AUTH-TAD-0155,ATTRIBUTE,完全一致,完全一致,多数一致,,,,,,,,,
annotation:span:AUTH-TAD-0155:r1,AnnotationDecision,标注者1-AUTH-TAD-0155,,,,,,,,,,,,,,,,,,,,,,,,,,,,,,,,,,,,,,,,,,,,,,,,,,,,ANONYMIZED_RATER_1,,annotation:span:AUTH-TAD-0155:r1,正确,不是时间状语,时长补语,,,
annotation:span:AUTH-TAD-0155:r2,AnnotationDecision,标注者2-AUTH-TAD-0155,,,,,,,,,,,,,,,,,,,,,,,,,,,,,,,,,,,,,,,,,,,,,,,,,,,,ANONYMIZED_RATER_2,,annotation:span:AUTH-TAD-0155:r2,正确,不是时间状语,时间定语,,,
annotation:span:AUTH-TAD-0155:r3,AnnotationDecision,标注者3-AUTH-TAD-0155,,,,,,,,,,,,,,,,,,,,,,,,,,,,,,,,,,,,,,,,,,,,,,,,,,,,ANONYMIZED_RATER_3,,annotation:span:AUTH-TAD-0155:r3,正确,不是时间状语,时间定语,,,
sentence:SENT-0183,Sentence,听说，你们俩今天上学迟到了?,,,,,,,,,,,,,,,,,,,,,,,,,,,,,,,,,SENT-0183,听说，你们俩今天上学迟到了?,听说你们俩今天上学迟到了,国际中文教育中文水平等级标准·语法学习手册（高等）,高等,83,,页面线索缺失,,,,,,,,,,,,,,,,,,,,
span:AUTH-TAD-0156,CandidateSpan,AUTH-TAD-0156｜今天,,,,,,,,,,,,,,,,,,,,,,,,,,,,,,,,,,今天,,,,,,,AUTH-TAD-0156,今天,6.0,8.0,located,candidate_span,,,,,,,,,,,,,,
consensus:AUTH-TAD-0156,ConsensusLabel,AUTH-TAD-0156｜时间状语,,,,,,,,,,,,,,,,,,,,,,,,,,,,,,,,,,,,,,,,,,今天,,,,,consensus:AUTH-TAD-0156,TEMPORAL_ADVERBIAL,完全一致,完全一致,完全一致,,,,,,,,,
annotation:span:AUTH-TAD-0156:r1,AnnotationDecision,标注者1-AUTH-TAD-0156,,,,,,,,,,,,,,,,,,,,,,,,,,,,,,,,,,,,,,,,,,,,,,,,,,,,ANONYMIZED_RATER_1,,annotation:span:AUTH-TAD-0156:r1,正确,是时间状语,时间状语,,,
annotation:span:AUTH-TAD-0156:r2,AnnotationDecision,标注者2-AUTH-TAD-0156,,,,,,,,,,,,,,,,,,,,,,,,,,,,,,,,,,,,,,,,,,,,,,,,,,,,ANONYMIZED_RATER_2,,annotation:span:AUTH-TAD-0156:r2,正确,是时间状语,时间状语,,,
annotation:span:AUTH-TAD-0156:r3,AnnotationDecision,标注者3-AUTH-TAD-0156,,,,,,,,,,,,,,,,,,,,,,,,,,,,,,,,,,,,,,,,,,,,,,,,,,,,ANONYMIZED_RATER_3,,annotation:span:AUTH-TAD-0156:r3,正确,是时间状语,时间状语,,,
sentence:SENT-0159,Sentence,依照医院的规定，下午六点以后家属不能来看望病人。,,,,,,,,,,,,,,,,,,,,,,,,,,,,,,,,,SENT-0159,依照医院的规定，下午六点以后家属不能来看望病人。,依照医院的规定下午六点以后家属不能来看望病人,国际中文教育中文水平等级标准·语法学习手册（中等）,中等,182,依照医生的要求，他每天按时吃药,来源字段完整但仍需正版逐页核验,,,,,,,,,,,,,,,,,,,,
span:AUTH-TAD-0157,CandidateSpan,AUTH-TAD-0157｜六点,,,,,,,,,,,,,,,,,,,,,,,,,,,,,,,,,,六点,,,,,,,AUTH-TAD-0157,下午六点以后,10.0,12.0,located,majority_fixed_span,,,,,,,,,,,,,,
consensus:AUTH-TAD-0157,ConsensusLabel,AUTH-TAD-0157｜其他/非目标时间用法,,,,,,,,,,,,,,,,,,,,,,,,,,,,,,,,,,,,,,,,,,下午六点以后,,,,,consensus:AUTH-TAD-0157,OTHER,完全一致,完全一致,完全一致,,,,,,,,,
annotation:span:AUTH-TAD-0157:r1,AnnotationDecision,标注者1-AUTH-TAD-0157,,,,,,,,,,,,,,,,,,,,,,,,,,,,,,,,,,,,,,,,,,,,,,,,,,,,ANONYMIZED_RATER_1,,annotation:span:AUTH-TAD-0157:r1,边界不完整,不是时间状语,提取错误：边界不完整,下午六点以后,,
annotation:span:AUTH-TAD-0157:r2,AnnotationDecision,标注者2-AUTH-TAD-0157,,,,,,,,,,,,,,,,,,,,,,,,,,,,,,,,,,,,,,,,,,,,,,,,,,,,ANONYMIZED_RATER_2,,annotation:span:AUTH-TAD-0157:r2,边界不完整,不是时间状语,提取错误：边界不完整,下午六点以后,,
annotation:span:AUTH-TAD-0157:r3,AnnotationDecision,标注者3-AUTH-TAD-0157,,,,,,,,,,,,,,,,,,,,,,,,,,,,,,,,,,,,,,,,,,,,,,,,,,,,ANONYMIZED_RATER_3,,annotation:span:AUTH-TAD-0157:r3,边界不完整,不是时间状语,提取错误：边界不完整,下午六点以后,,
sentence:SENT-0108,Sentence,他每天出门散两次步，此外，就在家看书。,,,,,,,,,,,,,,,,,,,,,,,,,,,,,,,,,SENT-0108,他每天出门散两次步，此外，就在家看书。,他每天出门散两次步此外就在家看书,国际中文教育中文水平等级标准·语法学习手册（中等）,中等,50,四级语法点 ◎典型例句和对话 我每天要上四个小时 我们要认真听讲， 我在北京,来源字段完整但仍需正版逐页核验,,,,,,,,,,,,,,,,,,,,
span:AUTH-TAD-0158,CandidateSpan,AUTH-TAD-0158｜每天,,,,,,,,,,,,,,,,,,,,,,,,,,,,,,,,,,每天,,,,,,,AUTH-TAD-0158,每天,1.0,3.0,located,candidate_span,,,,,,,,,,,,,,
consensus:AUTH-TAD-0158,ConsensusLabel,AUTH-TAD-0158｜时间状语,,,,,,,,,,,,,,,,,,,,,,,,,,,,,,,,,,,,,,,,,,每天,,,,,consensus:AUTH-TAD-0158,TEMPORAL_ADVERBIAL,完全一致,完全一致,完全一致,,,,,,,,,
annotation:span:AUTH-TAD-0158:r1,AnnotationDecision,标注者1-AUTH-TAD-0158,,,,,,,,,,,,,,,,,,,,,,,,,,,,,,,,,,,,,,,,,,,,,,,,,,,,ANONYMIZED_RATER_1,,annotation:span:AUTH-TAD-0158:r1,正确,是时间状语,时间状语,,,
annotation:span:AUTH-TAD-0158:r2,AnnotationDecision,标注者2-AUTH-TAD-0158,,,,,,,,,,,,,,,,,,,,,,,,,,,,,,,,,,,,,,,,,,,,,,,,,,,,ANONYMIZED_RATER_2,,annotation:span:AUTH-TAD-0158:r2,正确,是时间状语,时间状语,,,
annotation:span:AUTH-TAD-0158:r3,AnnotationDecision,标注者3-AUTH-TAD-0158,,,,,,,,,,,,,,,,,,,,,,,,,,,,,,,,,,,,,,,,,,,,,,,,,,,,ANONYMIZED_RATER_3,,annotation:span:AUTH-TAD-0158:r3,正确,是时间状语,时间状语,,,
sentence:SENT-0069,Sentence,从销售量来看，这个公司已经成为国内最大的手机制造商。,,,,,,,,,,,,,,,,,,,,,,,,,,,,,,,,,SENT-0069,从销售量来看，这个公司已经成为国内最大的手机制造商。,从销售量来看这个公司已经成为国内最大的手机制造商,国际中文教育中文水平等级标准·语法学习手册（中等）,中等,202,从销售量来看，这个公司已经成为国内最大的手机制造商,来源字段完整但仍需正版逐页核验,,,,,,,,,,,,,,,,,,,,
span:AUTH-TAD-0159,CandidateSpan,AUTH-TAD-0159｜已经,,,,,,,,,,,,,,,,,,,,,,,,,,,,,,,,,,已经,,,,,,,AUTH-TAD-0159,已经,11.0,13.0,located,candidate_span,,,,,,,,,,,,,,
consensus:AUTH-TAD-0159,ConsensusLabel,AUTH-TAD-0159｜时间状语,,,,,,,,,,,,,,,,,,,,,,,,,,,,,,,,,,,,,,,,,,已经,,,,,consensus:AUTH-TAD-0159,TEMPORAL_ADVERBIAL,完全一致,完全一致,完全一致,,,,,,,,,
annotation:span:AUTH-TAD-0159:r1,AnnotationDecision,标注者1-AUTH-TAD-0159,,,,,,,,,,,,,,,,,,,,,,,,,,,,,,,,,,,,,,,,,,,,,,,,,,,,ANONYMIZED_RATER_1,,annotation:span:AUTH-TAD-0159:r1,正确,是时间状语,时间状语,,,
annotation:span:AUTH-TAD-0159:r2,AnnotationDecision,标注者2-AUTH-TAD-0159,,,,,,,,,,,,,,,,,,,,,,,,,,,,,,,,,,,,,,,,,,,,,,,,,,,,ANONYMIZED_RATER_2,,annotation:span:AUTH-TAD-0159:r2,正确,是时间状语,时间状语,,,
annotation:span:AUTH-TAD-0159:r3,AnnotationDecision,标注者3-AUTH-TAD-0159,,,,,,,,,,,,,,,,,,,,,,,,,,,,,,,,,,,,,,,,,,,,,,,,,,,,ANONYMIZED_RATER_3,,annotation:span:AUTH-TAD-0159:r3,正确,是时间状语,时间状语,,,
sentence:SENT-0450,Sentence,这是我们对于明年工作的计划和安排，请多提意见。,,,,,,,,,,,,,,,,,,,,,,,,,,,,,,,,,SENT-0450,这是我们对于明年工作的计划和安排，请多提意见。,这是我们对于明年工作的计划和安排请多提意见,国际中文教育中文水平等级标准·语法学习手册（中等）,中等,40,,页面线索缺失,,,,,,,,,,,,,,,,,,,,
span:AUTH-TAD-0160,CandidateSpan,AUTH-TAD-0160｜明年,,,,,,,,,,,,,,,,,,,,,,,,,,,,,,,,,,明年,,,,,,,AUTH-TAD-0160,明年,6.0,8.0,located,candidate_span,,,,,,,,,,,,,,
consensus:AUTH-TAD-0160,ConsensusLabel,AUTH-TAD-0160｜时间状语,,,,,,,,,,,,,,,,,,,,,,,,,,,,,,,,,,,,,,,,,,明年,,,,,consensus:AUTH-TAD-0160,TEMPORAL_ADVERBIAL,完全一致,多数一致,多数一致,,,,,,,,,
annotation:span:AUTH-TAD-0160:r1,AnnotationDecision,标注者1-AUTH-TAD-0160,,,,,,,,,,,,,,,,,,,,,,,,,,,,,,,,,,,,,,,,,,,,,,,,,,,,ANONYMIZED_RATER_1,,annotation:span:AUTH-TAD-0160:r1,正确,不是时间状语,时间定语,,,
annotation:span:AUTH-TAD-0160:r2,AnnotationDecision,标注者2-AUTH-TAD-0160,,,,,,,,,,,,,,,,,,,,,,,,,,,,,,,,,,,,,,,,,,,,,,,,,,,,ANONYMIZED_RATER_2,,annotation:span:AUTH-TAD-0160:r2,正确,是时间状语,时间状语,,,
annotation:span:AUTH-TAD-0160:r3,AnnotationDecision,标注者3-AUTH-TAD-0160,,,,,,,,,,,,,,,,,,,,,,,,,,,,,,,,,,,,,,,,,,,,,,,,,,,,ANONYMIZED_RATER_3,,annotation:span:AUTH-TAD-0160:r3,正确,是时间状语,时间状语,,,
sentence:SENT-0180,Sentence,同学们上课的时候不要左瞧右看，注意力要集中。,,,,,,,,,,,,,,,,,,,,,,,,,,,,,,,,,SENT-0180,同学们上课的时候不要左瞧右看，注意力要集中。,同学们上课的时候不要左瞧右看注意力要集中,国际中文教育中文水平等级标准·语法学习手册（中等）,中等,321,同学们上课的时候不要左瞧右看，注意力要集中,来源字段完整但仍需正版逐页核验,,,,,,,,,,,,,,,,,,,,
span:AUTH-TAD-0161,CandidateSpan,AUTH-TAD-0161｜同学们上课的时候,,,,,,,,,,,,,,,,,,,,,,,,,,,,,,,,,,同学们上课的时候,,,,,,,AUTH-TAD-0161,同学们上课的时候,0.0,8.0,located,candidate_span,,,,,,,,,,,,,,
consensus:AUTH-TAD-0161,ConsensusLabel,AUTH-TAD-0161｜时间状语,,,,,,,,,,,,,,,,,,,,,,,,,,,,,,,,,,,,,,,,,,同学们上课的时候,,,,,consensus:AUTH-TAD-0161,TEMPORAL_ADVERBIAL,平票,多数一致,平票,,,,,,,,,
annotation:span:AUTH-TAD-0161:r1,AnnotationDecision,标注者1-AUTH-TAD-0161,,,,,,,,,,,,,,,,,,,,,,,,,,,,,,,,,,,,,,,,,,,,,,,,,,,,ANONYMIZED_RATER_1,,annotation:span:AUTH-TAD-0161:r1,正确,是时间状语,时间状语,,,
annotation:span:AUTH-TAD-0161:r2,AnnotationDecision,标注者2-AUTH-TAD-0161,,,,,,,,,,,,,,,,,,,,,,,,,,,,,,,,,,,,,,,,,,,,,,,,,,,,ANONYMIZED_RATER_2,,annotation:span:AUTH-TAD-0161:r2,边界不完整,不是时间状语,提取错误：边界不完整,上课的时候,,
annotation:span:AUTH-TAD-0161:r3,AnnotationDecision,标注者3-AUTH-TAD-0161,,,,,,,,,,,,,,,,,,,,,,,,,,,,,,,,,,,,,,,,,,,,,,,,,,,,ANONYMIZED_RATER_3,,annotation:span:AUTH-TAD-0161:r3,边界过长,不是时间状语,提取错误：边界过长,上课的时候,,
sentence:SENT-0045,Sentence,今天心情很好，走在路上，我不由得哼起了歌。,,,,,,,,,,,,,,,,,,,,,,,,,,,,,,,,,SENT-0045,今天心情很好，走在路上，我不由得哼起了歌。,今天心情很好走在路上我不由得哼起了歌,国际中文教育中文水平等级标准·语法学习手册（高等）,高等,38,儿子：奶奶怎么哭了? 妈妈：刚才奶奶翻出了一堆旧照片，看着照片，不由,来源字段完整但仍需正版逐页核验,,,,,,,,,,,,,,,,,,,,
span:AUTH-TAD-0162,CandidateSpan,AUTH-TAD-0162｜今天,,,,,,,,,,,,,,,,,,,,,,,,,,,,,,,,,,今天,,,,,,,AUTH-TAD-0162,今天,0.0,2.0,located,candidate_span,,,,,,,,,,,,,,
consensus:AUTH-TAD-0162,ConsensusLabel,AUTH-TAD-0162｜时间状语,,,,,,,,,,,,,,,,,,,,,,,,,,,,,,,,,,,,,,,,,,今天,,,,,consensus:AUTH-TAD-0162,TEMPORAL_ADVERBIAL,完全一致,多数一致,多数一致,,,,,,,,,
annotation:span:AUTH-TAD-0162:r1,AnnotationDecision,标注者1-AUTH-TAD-0162,,,,,,,,,,,,,,,,,,,,,,,,,,,,,,,,,,,,,,,,,,,,,,,,,,,,ANONYMIZED_RATER_1,,annotation:span:AUTH-TAD-0162:r1,正确,不是时间状语,时间定语,,,
annotation:span:AUTH-TAD-0162:r2,AnnotationDecision,标注者2-AUTH-TAD-0162,,,,,,,,,,,,,,,,,,,,,,,,,,,,,,,,,,,,,,,,,,,,,,,,,,,,ANONYMIZED_RATER_2,,annotation:span:AUTH-TAD-0162:r2,正确,是时间状语,时间状语,,,
annotation:span:AUTH-TAD-0162:r3,AnnotationDecision,标注者3-AUTH-TAD-0162,,,,,,,,,,,,,,,,,,,,,,,,,,,,,,,,,,,,,,,,,,,,,,,,,,,,ANONYMIZED_RATER_3,,annotation:span:AUTH-TAD-0162:r3,正确,是时间状语,时间状语,,,
sentence:SENT-0165,Sentence,凡以前做错的题，你们全要认真复习。,,,,,,,,,,,,,,,,,,,,,,,,,,,,,,,,,SENT-0165,凡以前做错的题，你们全要认真复习。,凡以前做错的题你们全要认真复习,国际中文教育中文水平等级标准·语法学习手册（高等）,高等,22,凡以前做错的题，你们全要认真复习,来源字段完整但仍需正版逐页核验,,,,,,,,,,,,,,,,,,,,
span:AUTH-TAD-0163,CandidateSpan,AUTH-TAD-0163｜以前,,,,,,,,,,,,,,,,,,,,,,,,,,,,,,,,,,以前,,,,,,,AUTH-TAD-0163,以前,1.0,3.0,located,candidate_span,,,,,,,,,,,,,,
consensus:AUTH-TAD-0163,ConsensusLabel,AUTH-TAD-0163｜时间状语,,,,,,,,,,,,,,,,,,,,,,,,,,,,,,,,,,,,,,,,,,以前,,,,,consensus:AUTH-TAD-0163,TEMPORAL_ADVERBIAL,完全一致,多数一致,完全一致,,,,,,,,,
annotation:span:AUTH-TAD-0163:r1,AnnotationDecision,标注者1-AUTH-TAD-0163,,,,,,,,,,,,,,,,,,,,,,,,,,,,,,,,,,,,,,,,,,,,,,,,,,,,ANONYMIZED_RATER_1,,annotation:span:AUTH-TAD-0163:r1,正确,是时间状语,时间状语,,,
annotation:span:AUTH-TAD-0163:r2,AnnotationDecision,标注者2-AUTH-TAD-0163,,,,,,,,,,,,,,,,,,,,,,,,,,,,,,,,,,,,,,,,,,,,,,,,,,,,ANONYMIZED_RATER_2,,annotation:span:AUTH-TAD-0163:r2,正确,是时间状语,时间状语,,,
annotation:span:AUTH-TAD-0163:r3,AnnotationDecision,标注者3-AUTH-TAD-0163,,,,,,,,,,,,,,,,,,,,,,,,,,,,,,,,,,,,,,,,,,,,,,,,,,,,ANONYMIZED_RATER_3,,annotation:span:AUTH-TAD-0163:r3,正确,不是时间状语,时间状语,,,
sentence:SENT-0091,Sentence,他已经知道自己错了。,,,,,,,,,,,,,,,,,,,,,,,,,,,,,,,,,SENT-0091,他已经知道自己错了。,他已经知道自己错了,国际中文教育中文水平等级标准·语法学习手册（初等）,初等,152,级语法点 例句 校长已经下班了,来源字段完整但仍需正版逐页核验,,,,,,,,,,,,,,,,,,,,
span:AUTH-TAD-0164,CandidateSpan,AUTH-TAD-0164｜已经,,,,,,,,,,,,,,,,,,,,,,,,,,,,,,,,,,已经,,,,,,,AUTH-TAD-0164,已经,1.0,3.0,located,candidate_span,,,,,,,,,,,,,,
consensus:AUTH-TAD-0164,ConsensusLabel,AUTH-TAD-0164｜时间状语,,,,,,,,,,,,,,,,,,,,,,,,,,,,,,,,,,,,,,,,,,已经,,,,,consensus:AUTH-TAD-0164,TEMPORAL_ADVERBIAL,完全一致,完全一致,完全一致,,,,,,,,,
annotation:span:AUTH-TAD-0164:r1,AnnotationDecision,标注者1-AUTH-TAD-0164,,,,,,,,,,,,,,,,,,,,,,,,,,,,,,,,,,,,,,,,,,,,,,,,,,,,ANONYMIZED_RATER_1,,annotation:span:AUTH-TAD-0164:r1,正确,是时间状语,时间状语,,,
annotation:span:AUTH-TAD-0164:r2,AnnotationDecision,标注者2-AUTH-TAD-0164,,,,,,,,,,,,,,,,,,,,,,,,,,,,,,,,,,,,,,,,,,,,,,,,,,,,ANONYMIZED_RATER_2,,annotation:span:AUTH-TAD-0164:r2,正确,是时间状语,时间状语,,,
annotation:span:AUTH-TAD-0164:r3,AnnotationDecision,标注者3-AUTH-TAD-0164,,,,,,,,,,,,,,,,,,,,,,,,,,,,,,,,,,,,,,,,,,,,,,,,,,,,ANONYMIZED_RATER_3,,annotation:span:AUTH-TAD-0164:r3,正确,是时间状语,时间状语,,,
sentence:SENT-0055,Sentence,今天的气温有十五六度。,,,,,,,,,,,,,,,,,,,,,,,,,,,,,,,,,SENT-0055,今天的气温有十五六度。,今天的气温有十五六度,国际中文教育中文水平等级标准·语法学习手册（初等）,初等,386,,页面线索缺失,,,,,,,,,,,,,,,,,,,,
span:AUTH-TAD-0165,CandidateSpan,AUTH-TAD-0165｜今天,,,,,,,,,,,,,,,,,,,,,,,,,,,,,,,,,,今天,,,,,,,AUTH-TAD-0165,今天,0.0,2.0,located,candidate_span,,,,,,,,,,,,,,
consensus:AUTH-TAD-0165,ConsensusLabel,AUTH-TAD-0165｜时间定语,,,,,,,,,,,,,,,,,,,,,,,,,,,,,,,,,,,,,,,,,,今天,,,,,consensus:AUTH-TAD-0165,ATTRIBUTE,完全一致,完全一致,完全一致,,,,,,,,,
annotation:span:AUTH-TAD-0165:r1,AnnotationDecision,标注者1-AUTH-TAD-0165,,,,,,,,,,,,,,,,,,,,,,,,,,,,,,,,,,,,,,,,,,,,,,,,,,,,ANONYMIZED_RATER_1,,annotation:span:AUTH-TAD-0165:r1,正确,不是时间状语,时间定语,,,
annotation:span:AUTH-TAD-0165:r2,AnnotationDecision,标注者2-AUTH-TAD-0165,,,,,,,,,,,,,,,,,,,,,,,,,,,,,,,,,,,,,,,,,,,,,,,,,,,,ANONYMIZED_RATER_2,,annotation:span:AUTH-TAD-0165:r2,正确,不是时间状语,时间定语,,,
annotation:span:AUTH-TAD-0165:r3,AnnotationDecision,标注者3-AUTH-TAD-0165,,,,,,,,,,,,,,,,,,,,,,,,,,,,,,,,,,,,,,,,,,,,,,,,,,,,ANONYMIZED_RATER_3,,annotation:span:AUTH-TAD-0165:r3,正确,不是时间状语,时间定语,,,
sentence:SENT-0122,Sentence,他起初没明白，后来才理解了游戏的规则。,,,,,,,,,,,,,,,,,,,,,,,,,,,,,,,,,SENT-0122,他起初没明白，后来才理解了游戏的规则。,他起初没明白后来才理解了游戏的规则,国际中文教育中文水平等级标准·语法学习手册（高等）,高等,135,分句间是承接关系，前后分句说出两种情况，后一情况因时间推移或某种原 因而与前一情况相反,来源字段完整但仍需正版逐页核验,,,,,,,,,,,,,,,,,,,,
span:AUTH-TAD-0166,CandidateSpan,AUTH-TAD-0166｜后来,,,,,,,,,,,,,,,,,,,,,,,,,,,,,,,,,,后来,,,,,,,AUTH-TAD-0166,后来,7.0,9.0,located,candidate_span,,,,,,,,,,,,,,
consensus:AUTH-TAD-0166,ConsensusLabel,AUTH-TAD-0166｜时间状语,,,,,,,,,,,,,,,,,,,,,,,,,,,,,,,,,,,,,,,,,,后来,,,,,consensus:AUTH-TAD-0166,TEMPORAL_ADVERBIAL,多数一致,完全一致,多数一致,,,,,,,,,
annotation:span:AUTH-TAD-0166:r1,AnnotationDecision,标注者1-AUTH-TAD-0166,,,,,,,,,,,,,,,,,,,,,,,,,,,,,,,,,,,,,,,,,,,,,,,,,,,,ANONYMIZED_RATER_1,,annotation:span:AUTH-TAD-0166:r1,正确,是时间状语,时间状语,,,
annotation:span:AUTH-TAD-0166:r2,AnnotationDecision,标注者2-AUTH-TAD-0166,,,,,,,,,,,,,,,,,,,,,,,,,,,,,,,,,,,,,,,,,,,,,,,,,,,,ANONYMIZED_RATER_2,,annotation:span:AUTH-TAD-0166:r2,正确,是时间状语,时间状语,,,
annotation:span:AUTH-TAD-0166:r3,AnnotationDecision,标注者3-AUTH-TAD-0166,,,,,,,,,,,,,,,,,,,,,,,,,,,,,,,,,,,,,,,,,,,,,,,,,,,,ANONYMIZED_RATER_3,,annotation:span:AUTH-TAD-0166:r3,漏检：有目标时间状语,是时间状语,漏检,起初,,
sentence:SENT-0217,Sentence,她男朋友每天接送她上班，别提有多关心她了。,,,,,,,,,,,,,,,,,,,,,,,,,,,,,,,,,SENT-0217,她男朋友每天接送她上班，别提有多关心她了。,她男朋友每天接送她上班别提有多关心她了,国际中文教育中文水平等级标准·语法学习手册（高等）,高等,198,她男朋友每天接送她上班，别提有多关心她了,来源字段完整但仍需正版逐页核验,,,,,,,,,,,,,,,,,,,,
span:AUTH-TAD-0167,CandidateSpan,AUTH-TAD-0167｜每天,,,,,,,,,,,,,,,,,,,,,,,,,,,,,,,,,,每天,,,,,,,AUTH-TAD-0167,每天,4.0,6.0,located,candidate_span,,,,,,,,,,,,,,
consensus:AUTH-TAD-0167,ConsensusLabel,AUTH-TAD-0167｜时间状语,,,,,,,,,,,,,,,,,,,,,,,,,,,,,,,,,,,,,,,,,,每天,,,,,consensus:AUTH-TAD-0167,TEMPORAL_ADVERBIAL,完全一致,完全一致,完全一致,,,,,,,,,
annotation:span:AUTH-TAD-0167:r1,AnnotationDecision,标注者1-AUTH-TAD-0167,,,,,,,,,,,,,,,,,,,,,,,,,,,,,,,,,,,,,,,,,,,,,,,,,,,,ANONYMIZED_RATER_1,,annotation:span:AUTH-TAD-0167:r1,正确,是时间状语,时间状语,,,
annotation:span:AUTH-TAD-0167:r2,AnnotationDecision,标注者2-AUTH-TAD-0167,,,,,,,,,,,,,,,,,,,,,,,,,,,,,,,,,,,,,,,,,,,,,,,,,,,,ANONYMIZED_RATER_2,,annotation:span:AUTH-TAD-0167:r2,正确,是时间状语,时间状语,,,
annotation:span:AUTH-TAD-0167:r3,AnnotationDecision,标注者3-AUTH-TAD-0167,,,,,,,,,,,,,,,,,,,,,,,,,,,,,,,,,,,,,,,,,,,,,,,,,,,,ANONYMIZED_RATER_3,,annotation:span:AUTH-TAD-0167:r3,正确,是时间状语,时间状语,,,
sentence:SENT-0292,Sentence,我学了两年中文。,,,,,,,,,,,,,,,,,,,,,,,,,,,,,,,,,SENT-0292,我学了两年中文。,我学了两年中文,国际中文教育中文水平等级标准·语法学习手册（初等）,初等,352,81数量补语4(动词+时量补语):表示动作持续的 时间 【三51】 ◎,来源字段完整但仍需正版逐页核验,,,,,,,,,,,,,,,,,,,,
span:AUTH-TAD-0168,CandidateSpan,AUTH-TAD-0168｜两年,,,,,,,,,,,,,,,,,,,,,,,,,,,,,,,,,,两年,,,,,,,AUTH-TAD-0168,两年,3.0,5.0,located,candidate_span,,,,,,,,,,,,,,
consensus:AUTH-TAD-0168,ConsensusLabel,AUTH-TAD-0168｜时长/时间补语,,,,,,,,,,,,,,,,,,,,,,,,,,,,,,,,,,,,,,,,,,两年,,,,,consensus:AUTH-TAD-0168,COMPLEMENT,完全一致,完全一致,完全一致,,,,,,,,,
annotation:span:AUTH-TAD-0168:r1,AnnotationDecision,标注者1-AUTH-TAD-0168,,,,,,,,,,,,,,,,,,,,,,,,,,,,,,,,,,,,,,,,,,,,,,,,,,,,ANONYMIZED_RATER_1,,annotation:span:AUTH-TAD-0168:r1,正确,不是时间状语,时长补语,,,
annotation:span:AUTH-TAD-0168:r2,AnnotationDecision,标注者2-AUTH-TAD-0168,,,,,,,,,,,,,,,,,,,,,,,,,,,,,,,,,,,,,,,,,,,,,,,,,,,,ANONYMIZED_RATER_2,,annotation:span:AUTH-TAD-0168:r2,正确,不是时间状语,时长补语,,,
annotation:span:AUTH-TAD-0168:r3,AnnotationDecision,标注者3-AUTH-TAD-0168,,,,,,,,,,,,,,,,,,,,,,,,,,,,,,,,,,,,,,,,,,,,,,,,,,,,ANONYMIZED_RATER_3,,annotation:span:AUTH-TAD-0168:r3,正确,不是时间状语,时长补语,,,
sentence:SENT-0033,Sentence,今天人怎么这么多?,,,,,,,,,,,,,,,,,,,,,,,,,,,,,,,,,SENT-0033,今天人怎么这么多?,今天人怎么这么多,国际中文教育中文水平等级标准·语法学习手册（初等）,初等,244,整个结构可以 作定语、谓语,来源字段完整但仍需正版逐页核验,,,,,,,,,,,,,,,,,,,,
span:AUTH-TAD-0169,CandidateSpan,AUTH-TAD-0169｜今天,,,,,,,,,,,,,,,,,,,,,,,,,,,,,,,,,,今天,,,,,,,AUTH-TAD-0169,今天,0.0,2.0,located,candidate_span,,,,,,,,,,,,,,
consensus:AUTH-TAD-0169,ConsensusLabel,AUTH-TAD-0169｜时间状语,,,,,,,,,,,,,,,,,,,,,,,,,,,,,,,,,,,,,,,,,,今天,,,,,consensus:AUTH-TAD-0169,TEMPORAL_ADVERBIAL,完全一致,完全一致,完全一致,,,,,,,,,
annotation:span:AUTH-TAD-0169:r1,AnnotationDecision,标注者1-AUTH-TAD-0169,,,,,,,,,,,,,,,,,,,,,,,,,,,,,,,,,,,,,,,,,,,,,,,,,,,,ANONYMIZED_RATER_1,,annotation:span:AUTH-TAD-0169:r1,正确,是时间状语,时间状语,,,
annotation:span:AUTH-TAD-0169:r2,AnnotationDecision,标注者2-AUTH-TAD-0169,,,,,,,,,,,,,,,,,,,,,,,,,,,,,,,,,,,,,,,,,,,,,,,,,,,,ANONYMIZED_RATER_2,,annotation:span:AUTH-TAD-0169:r2,正确,是时间状语,时间状语,,,
annotation:span:AUTH-TAD-0169:r3,AnnotationDecision,标注者3-AUTH-TAD-0169,,,,,,,,,,,,,,,,,,,,,,,,,,,,,,,,,,,,,,,,,,,,,,,,,,,,ANONYMIZED_RATER_3,,annotation:span:AUTH-TAD-0169:r3,正确,是时间状语,时间状语,,,
sentence:SENT-0104,Sentence,他曾经学过游泳。,,,,,,,,,,,,,,,,,,,,,,,,,,,,,,,,,SENT-0104,他曾经学过游泳。,他曾经学过游泳,国际中文教育中文水平等级标准·语法学习手册（初等）,初等,280,级语法点 20 时间副词(3):曾经 【三14】 ◎基本语义及用法 表示某种,来源字段完整但仍需正版逐页核验,,,,,,,,,,,,,,,,,,,,
span:AUTH-TAD-0170,CandidateSpan,AUTH-TAD-0170｜曾经,,,,,,,,,,,,,,,,,,,,,,,,,,,,,,,,,,曾经,,,,,,,AUTH-TAD-0170,曾经,1.0,3.0,located,candidate_span,,,,,,,,,,,,,,
consensus:AUTH-TAD-0170,ConsensusLabel,AUTH-TAD-0170｜时间状语,,,,,,,,,,,,,,,,,,,,,,,,,,,,,,,,,,,,,,,,,,曾经,,,,,consensus:AUTH-TAD-0170,TEMPORAL_ADVERBIAL,完全一致,完全一致,完全一致,,,,,,,,,
annotation:span:AUTH-TAD-0170:r1,AnnotationDecision,标注者1-AUTH-TAD-0170,,,,,,,,,,,,,,,,,,,,,,,,,,,,,,,,,,,,,,,,,,,,,,,,,,,,ANONYMIZED_RATER_1,,annotation:span:AUTH-TAD-0170:r1,正确,是时间状语,时间状语,,,
annotation:span:AUTH-TAD-0170:r2,AnnotationDecision,标注者2-AUTH-TAD-0170,,,,,,,,,,,,,,,,,,,,,,,,,,,,,,,,,,,,,,,,,,,,,,,,,,,,ANONYMIZED_RATER_2,,annotation:span:AUTH-TAD-0170:r2,正确,是时间状语,时间状语,,,
annotation:span:AUTH-TAD-0170:r3,AnnotationDecision,标注者3-AUTH-TAD-0170,,,,,,,,,,,,,,,,,,,,,,,,,,,,,,,,,,,,,,,,,,,,,,,,,,,,ANONYMIZED_RATER_3,,annotation:span:AUTH-TAD-0170:r3,正确,是时间状语,时间状语,,,
sentence:SENT-0319,Sentence,所谓自私就是遇到事情的时候只想着自己。,,,,,,,,,,,,,,,,,,,,,,,,,,,,,,,,,SENT-0319,所谓自私就是遇到事情的时候只想着自己。,所谓自私就是遇到事情的时候只想着自己,国际中文教育中文水平等级标准·语法学习手册（高等）,高等,116,七一九级语法点 例句 交际实践 所谓没有时间，就 (在咖啡厅，聊时间) 是因为我们没,来源字段完整但仍需正版逐页核验,,,,,,,,,,,,,,,,,,,,
span:AUTH-TAD-0171,CandidateSpan,AUTH-TAD-0171｜自私就是遇到事情的时候,,,,,,,,,,,,,,,,,,,,,,,,,,,,,,,,,,自私就是遇到事情的时候,,,,,,,AUTH-TAD-0171,遇到事情的时候,2.0,13.0,located,majority_fixed_span,,,,,,,,,,,,,,
consensus:AUTH-TAD-0171,ConsensusLabel,AUTH-TAD-0171｜其他/非目标时间用法,,,,,,,,,,,,,,,,,,,,,,,,,,,,,,,,,,,,,,,,,,遇到事情的时候,,,,,consensus:AUTH-TAD-0171,OTHER,多数一致,完全一致,多数一致,,,,,,,,,
annotation:span:AUTH-TAD-0171:r1,AnnotationDecision,标注者1-AUTH-TAD-0171,,,,,,,,,,,,,,,,,,,,,,,,,,,,,,,,,,,,,,,,,,,,,,,,,,,,ANONYMIZED_RATER_1,,annotation:span:AUTH-TAD-0171:r1,边界过长,不是时间状语,提取错误：边界过长,遇到事情的时候,,
annotation:span:AUTH-TAD-0171:r2,AnnotationDecision,标注者2-AUTH-TAD-0171,,,,,,,,,,,,,,,,,,,,,,,,,,,,,,,,,,,,,,,,,,,,,,,,,,,,ANONYMIZED_RATER_2,,annotation:span:AUTH-TAD-0171:r2,边界不完整,不是时间状语,提取错误：边界不完整,遇到事情的时候,,
annotation:span:AUTH-TAD-0171:r3,AnnotationDecision,标注者3-AUTH-TAD-0171,,,,,,,,,,,,,,,,,,,,,,,,,,,,,,,,,,,,,,,,,,,,,,,,,,,,ANONYMIZED_RATER_3,,annotation:span:AUTH-TAD-0171:r3,边界过长,不是时间状语,提取错误：边界过长,遇到事情的时候,,
sentence:SENT-0140,Sentence,你怎么现在才来?,,,,,,,,,,,,,,,,,,,,,,,,,,,,,,,,,SENT-0140,你怎么现在才来?,你怎么现在才来,国际中文教育中文水平等级标准·语法学习手册（中等）,中等,282,课本，刚才赶忙回宿 舍拿了一下儿,来源字段完整但仍需正版逐页核验,,,,,,,,,,,,,,,,,,,,
span:AUTH-TAD-0172,CandidateSpan,AUTH-TAD-0172｜现在,,,,,,,,,,,,,,,,,,,,,,,,,,,,,,,,,,现在,,,,,,,AUTH-TAD-0172,现在,3.0,5.0,located,candidate_span,,,,,,,,,,,,,,
consensus:AUTH-TAD-0172,ConsensusLabel,AUTH-TAD-0172｜时间状语,,,,,,,,,,,,,,,,,,,,,,,,,,,,,,,,,,,,,,,,,,现在,,,,,consensus:AUTH-TAD-0172,TEMPORAL_ADVERBIAL,完全一致,完全一致,完全一致,,,,,,,,,
annotation:span:AUTH-TAD-0172:r1,AnnotationDecision,标注者1-AUTH-TAD-0172,,,,,,,,,,,,,,,,,,,,,,,,,,,,,,,,,,,,,,,,,,,,,,,,,,,,ANONYMIZED_RATER_1,,annotation:span:AUTH-TAD-0172:r1,正确,是时间状语,时间状语,,,
annotation:span:AUTH-TAD-0172:r2,AnnotationDecision,标注者2-AUTH-TAD-0172,,,,,,,,,,,,,,,,,,,,,,,,,,,,,,,,,,,,,,,,,,,,,,,,,,,,ANONYMIZED_RATER_2,,annotation:span:AUTH-TAD-0172:r2,正确,是时间状语,时间状语,,,
annotation:span:AUTH-TAD-0172:r3,AnnotationDecision,标注者3-AUTH-TAD-0172,,,,,,,,,,,,,,,,,,,,,,,,,,,,,,,,,,,,,,,,,,,,,,,,,,,,ANONYMIZED_RATER_3,,annotation:span:AUTH-TAD-0172:r3,正确,是时间状语,时间状语,,,
sentence:SENT-0049,Sentence,今天来了七八十个观众。,,,,,,,,,,,,,,,,,,,,,,,,,,,,,,,,,SENT-0049,今天来了七八十个观众。,今天来了七八十个观众,国际中文教育中文水平等级标准·语法学习手册（初等）,初等,386,,页面线索缺失,,,,,,,,,,,,,,,,,,,,
span:AUTH-TAD-0173,CandidateSpan,AUTH-TAD-0173｜今天,,,,,,,,,,,,,,,,,,,,,,,,,,,,,,,,,,今天,,,,,,,AUTH-TAD-0173,今天,0.0,2.0,located,candidate_span,,,,,,,,,,,,,,
consensus:AUTH-TAD-0173,ConsensusLabel,AUTH-TAD-0173｜时间状语,,,,,,,,,,,,,,,,,,,,,,,,,,,,,,,,,,,,,,,,,,今天,,,,,consensus:AUTH-TAD-0173,TEMPORAL_ADVERBIAL,完全一致,完全一致,完全一致,,,,,,,,,
annotation:span:AUTH-TAD-0173:r1,AnnotationDecision,标注者1-AUTH-TAD-0173,,,,,,,,,,,,,,,,,,,,,,,,,,,,,,,,,,,,,,,,,,,,,,,,,,,,ANONYMIZED_RATER_1,,annotation:span:AUTH-TAD-0173:r1,正确,是时间状语,时间状语,,,
annotation:span:AUTH-TAD-0173:r2,AnnotationDecision,标注者2-AUTH-TAD-0173,,,,,,,,,,,,,,,,,,,,,,,,,,,,,,,,,,,,,,,,,,,,,,,,,,,,ANONYMIZED_RATER_2,,annotation:span:AUTH-TAD-0173:r2,正确,是时间状语,时间状语,,,
annotation:span:AUTH-TAD-0173:r3,AnnotationDecision,标注者3-AUTH-TAD-0173,,,,,,,,,,,,,,,,,,,,,,,,,,,,,,,,,,,,,,,,,,,,,,,,,,,,ANONYMIZED_RATER_3,,annotation:span:AUTH-TAD-0173:r3,正确,是时间状语,时间状语,,,
sentence:SENT-0088,Sentence,他工作了七八天了，该休息了。,,,,,,,,,,,,,,,,,,,,,,,,,,,,,,,,,SENT-0088,他工作了七八天了，该休息了。,他工作了七八天了该休息了,国际中文教育中文水平等级标准·语法学习手册（初等）,初等,386,,页面线索缺失,,,,,,,,,,,,,,,,,,,,
span:AUTH-TAD-0174,CandidateSpan,AUTH-TAD-0174｜七八天,,,,,,,,,,,,,,,,,,,,,,,,,,,,,,,,,,七八天,,,,,,,AUTH-TAD-0174,七八天,4.0,7.0,located,candidate_span,,,,,,,,,,,,,,
consensus:AUTH-TAD-0174,ConsensusLabel,AUTH-TAD-0174｜时长/时间补语,,,,,,,,,,,,,,,,,,,,,,,,,,,,,,,,,,,,,,,,,,七八天,,,,,consensus:AUTH-TAD-0174,COMPLEMENT,完全一致,完全一致,完全一致,,,,,,,,,
annotation:span:AUTH-TAD-0174:r1,AnnotationDecision,标注者1-AUTH-TAD-0174,,,,,,,,,,,,,,,,,,,,,,,,,,,,,,,,,,,,,,,,,,,,,,,,,,,,ANONYMIZED_RATER_1,,annotation:span:AUTH-TAD-0174:r1,正确,不是时间状语,时长补语,,,
annotation:span:AUTH-TAD-0174:r2,AnnotationDecision,标注者2-AUTH-TAD-0174,,,,,,,,,,,,,,,,,,,,,,,,,,,,,,,,,,,,,,,,,,,,,,,,,,,,ANONYMIZED_RATER_2,,annotation:span:AUTH-TAD-0174:r2,正确,不是时间状语,时长补语,,,
annotation:span:AUTH-TAD-0174:r3,AnnotationDecision,标注者3-AUTH-TAD-0174,,,,,,,,,,,,,,,,,,,,,,,,,,,,,,,,,,,,,,,,,,,,,,,,,,,,ANONYMIZED_RATER_3,,annotation:span:AUTH-TAD-0174:r3,正确,不是时间状语,时长补语,,,
sentence:SENT-0130,Sentence,你先坐会儿，我马上回来。,,,,,,,,,,,,,,,,,,,,,,,,,,,,,,,,,SENT-0130,你先坐会儿，我马上回来。,你先坐会儿我马上回来,国际中文教育中文水平等级标准·语法学习手册（初等）,初等,55,级语法点 小提示 “马上”可以用于表达未发生的动作，也可以用于说,来源字段完整但仍需正版逐页核验,,,,,,,,,,,,,,,,,,,,
span:AUTH-TAD-0175,CandidateSpan,AUTH-TAD-0175｜马上,,,,,,,,,,,,,,,,,,,,,,,,,,,,,,,,,,马上,,,,,,,AUTH-TAD-0175,马上,7.0,9.0,located,candidate_span,,,,,,,,,,,,,,
consensus:AUTH-TAD-0175,ConsensusLabel,AUTH-TAD-0175｜时间状语,,,,,,,,,,,,,,,,,,,,,,,,,,,,,,,,,,,,,,,,,,马上,,,,,consensus:AUTH-TAD-0175,TEMPORAL_ADVERBIAL,完全一致,完全一致,完全一致,,,,,,,,,
annotation:span:AUTH-TAD-0175:r1,AnnotationDecision,标注者1-AUTH-TAD-0175,,,,,,,,,,,,,,,,,,,,,,,,,,,,,,,,,,,,,,,,,,,,,,,,,,,,ANONYMIZED_RATER_1,,annotation:span:AUTH-TAD-0175:r1,正确,是时间状语,时间状语,,,
annotation:span:AUTH-TAD-0175:r2,AnnotationDecision,标注者2-AUTH-TAD-0175,,,,,,,,,,,,,,,,,,,,,,,,,,,,,,,,,,,,,,,,,,,,,,,,,,,,ANONYMIZED_RATER_2,,annotation:span:AUTH-TAD-0175:r2,正确,是时间状语,时间状语,,,
annotation:span:AUTH-TAD-0175:r3,AnnotationDecision,标注者3-AUTH-TAD-0175,,,,,,,,,,,,,,,,,,,,,,,,,,,,,,,,,,,,,,,,,,,,,,,,,,,,ANONYMIZED_RATER_3,,annotation:span:AUTH-TAD-0175:r3,正确,是时间状语,时间状语,,,
sentence:SENT-0083,Sentence,他去年来到中国，并考上了北京语言大学。,,,,,,,,,,,,,,,,,,,,,,,,,,,,,,,,,SENT-0083,他去年来到中国，并考上了北京语言大学。,他去年来到中国并考上了北京语言大学,国际中文教育中文水平等级标准·语法学习手册（中等）,中等,47,,页面线索缺失,,,,,,,,,,,,,,,,,,,,
span:AUTH-TAD-0176,CandidateSpan,AUTH-TAD-0176｜去年,,,,,,,,,,,,,,,,,,,,,,,,,,,,,,,,,,去年,,,,,,,AUTH-TAD-0176,去年,1.0,3.0,located,candidate_span,,,,,,,,,,,,,,
consensus:AUTH-TAD-0176,ConsensusLabel,AUTH-TAD-0176｜时间状语,,,,,,,,,,,,,,,,,,,,,,,,,,,,,,,,,,,,,,,,,,去年,,,,,consensus:AUTH-TAD-0176,TEMPORAL_ADVERBIAL,完全一致,完全一致,完全一致,,,,,,,,,
annotation:span:AUTH-TAD-0176:r1,AnnotationDecision,标注者1-AUTH-TAD-0176,,,,,,,,,,,,,,,,,,,,,,,,,,,,,,,,,,,,,,,,,,,,,,,,,,,,ANONYMIZED_RATER_1,,annotation:span:AUTH-TAD-0176:r1,正确,是时间状语,时间状语,,,
annotation:span:AUTH-TAD-0176:r2,AnnotationDecision,标注者2-AUTH-TAD-0176,,,,,,,,,,,,,,,,,,,,,,,,,,,,,,,,,,,,,,,,,,,,,,,,,,,,ANONYMIZED_RATER_2,,annotation:span:AUTH-TAD-0176:r2,正确,是时间状语,时间状语,,,
annotation:span:AUTH-TAD-0176:r3,AnnotationDecision,标注者3-AUTH-TAD-0176,,,,,,,,,,,,,,,,,,,,,,,,,,,,,,,,,,,,,,,,,,,,,,,,,,,,ANONYMIZED_RATER_3,,annotation:span:AUTH-TAD-0176:r3,正确,是时间状语,时间状语,,,
sentence:SENT-0185,Sentence,周末我一连写了三篇作文。,,,,,,,,,,,,,,,,,,,,,,,,,,,,,,,,,SENT-0185,周末我一连写了三篇作文。,周末我一连写了三篇作文,国际中文教育中文水平等级标准·语法学习手册（高等）,高等,41,B:别提了，上课的时候，老师一连问了好几个问题， 我都不知道怎,来源字段完整但仍需正版逐页核验,,,,,,,,,,,,,,,,,,,,
span:AUTH-TAD-0177,CandidateSpan,AUTH-TAD-0177｜周末,,,,,,,,,,,,,,,,,,,,,,,,,,,,,,,,,,周末,,,,,,,AUTH-TAD-0177,周末,0.0,2.0,located,candidate_span,,,,,,,,,,,,,,
consensus:AUTH-TAD-0177,ConsensusLabel,AUTH-TAD-0177｜时间状语,,,,,,,,,,,,,,,,,,,,,,,,,,,,,,,,,,,,,,,,,,周末,,,,,consensus:AUTH-TAD-0177,TEMPORAL_ADVERBIAL,完全一致,完全一致,完全一致,,,,,,,,,
annotation:span:AUTH-TAD-0177:r1,AnnotationDecision,标注者1-AUTH-TAD-0177,,,,,,,,,,,,,,,,,,,,,,,,,,,,,,,,,,,,,,,,,,,,,,,,,,,,ANONYMIZED_RATER_1,,annotation:span:AUTH-TAD-0177:r1,正确,是时间状语,时间状语,,,
annotation:span:AUTH-TAD-0177:r2,AnnotationDecision,标注者2-AUTH-TAD-0177,,,,,,,,,,,,,,,,,,,,,,,,,,,,,,,,,,,,,,,,,,,,,,,,,,,,ANONYMIZED_RATER_2,,annotation:span:AUTH-TAD-0177:r2,正确,是时间状语,时间状语,,,
annotation:span:AUTH-TAD-0177:r3,AnnotationDecision,标注者3-AUTH-TAD-0177,,,,,,,,,,,,,,,,,,,,,,,,,,,,,,,,,,,,,,,,,,,,,,,,,,,,ANONYMIZED_RATER_3,,annotation:span:AUTH-TAD-0177:r3,正确,是时间状语,时间状语,,,
sentence:SENT-0461,Sentence,钱没挣着，去年却把老公跑了。,,,,,,,,,,,,,,,,,,,,,,,,,,,,,,,,,SENT-0461,钱没挣着，去年却把老公跑了。,钱没挣着去年却把老公跑了,国际中文教育中文水平等级标准·语法学习手册（高等）,高等,125,小提示 时间副词放在“把”字前面，不能放在谓语动词前,来源字段完整但仍需正版逐页核验,,,,,,,,,,,,,,,,,,,,
span:AUTH-TAD-0178,CandidateSpan,AUTH-TAD-0178｜去年,,,,,,,,,,,,,,,,,,,,,,,,,,,,,,,,,,去年,,,,,,,AUTH-TAD-0178,去年,5.0,7.0,located,candidate_span,,,,,,,,,,,,,,
consensus:AUTH-TAD-0178,ConsensusLabel,AUTH-TAD-0178｜时间状语,,,,,,,,,,,,,,,,,,,,,,,,,,,,,,,,,,,,,,,,,,去年,,,,,consensus:AUTH-TAD-0178,TEMPORAL_ADVERBIAL,完全一致,多数一致,多数一致,,,,,,,,,
annotation:span:AUTH-TAD-0178:r1,AnnotationDecision,标注者1-AUTH-TAD-0178,,,,,,,,,,,,,,,,,,,,,,,,,,,,,,,,,,,,,,,,,,,,,,,,,,,,ANONYMIZED_RATER_1,,annotation:span:AUTH-TAD-0178:r1,正确,是时间状语,时间状语,,,
annotation:span:AUTH-TAD-0178:r2,AnnotationDecision,标注者2-AUTH-TAD-0178,,,,,,,,,,,,,,,,,,,,,,,,,,,,,,,,,,,,,,,,,,,,,,,,,,,,ANONYMIZED_RATER_2,,annotation:span:AUTH-TAD-0178:r2,正确,是时间状语,时间状语,,,
annotation:span:AUTH-TAD-0178:r3,AnnotationDecision,标注者3-AUTH-TAD-0178,,,,,,,,,,,,,,,,,,,,,,,,,,,,,,,,,,,,,,,,,,,,,,,,,,,,ANONYMIZED_RATER_3,,annotation:span:AUTH-TAD-0178:r3,正确,不是时间状语,普通时间名词/词语引用,,,
sentence:SENT-0306,Sentence,我现在忙得连吃饭的空儿都没有，别说去运动了。,,,,,,,,,,,,,,,,,,,,,,,,,,,,,,,,,SENT-0306,我现在忙得连吃饭的空儿都没有，别说去运动了。,我现在忙得连吃饭的空儿都没有别说去运动了,国际中文教育中文水平等级标准·语法学习手册（高等）,高等,137,,页面线索缺失,,,,,,,,,,,,,,,,,,,,
span:AUTH-TAD-0179,CandidateSpan,AUTH-TAD-0179｜现在,,,,,,,,,,,,,,,,,,,,,,,,,,,,,,,,,,现在,,,,,,,AUTH-TAD-0179,现在,1.0,3.0,located,candidate_span,,,,,,,,,,,,,,
consensus:AUTH-TAD-0179,ConsensusLabel,AUTH-TAD-0179｜时间状语,,,,,,,,,,,,,,,,,,,,,,,,,,,,,,,,,,,,,,,,,,现在,,,,,consensus:AUTH-TAD-0179,TEMPORAL_ADVERBIAL,完全一致,完全一致,完全一致,,,,,,,,,
annotation:span:AUTH-TAD-0179:r1,AnnotationDecision,标注者1-AUTH-TAD-0179,,,,,,,,,,,,,,,,,,,,,,,,,,,,,,,,,,,,,,,,,,,,,,,,,,,,ANONYMIZED_RATER_1,,annotation:span:AUTH-TAD-0179:r1,正确,是时间状语,时间状语,,,
annotation:span:AUTH-TAD-0179:r2,AnnotationDecision,标注者2-AUTH-TAD-0179,,,,,,,,,,,,,,,,,,,,,,,,,,,,,,,,,,,,,,,,,,,,,,,,,,,,ANONYMIZED_RATER_2,,annotation:span:AUTH-TAD-0179:r2,正确,是时间状语,时间状语,,,
annotation:span:AUTH-TAD-0179:r3,AnnotationDecision,标注者3-AUTH-TAD-0179,,,,,,,,,,,,,,,,,,,,,,,,,,,,,,,,,,,,,,,,,,,,,,,,,,,,ANONYMIZED_RATER_3,,annotation:span:AUTH-TAD-0179:r3,正确,是时间状语,时间状语,,,
sentence:SENT-0462,Sentence,银行这么多人，我们明天再来吧。,,,,,,,,,,,,,,,,,,,,,,,,,,,,,,,,,SENT-0462,银行这么多人，我们明天再来吧。,银行这么多人我们明天再来吧,国际中文教育中文水平等级标准·语法学习手册（初等）,初等,131,点 (1)“那么、这么”一般放在动词、形容词前，作状语,来源字段完整但仍需正版逐页核验,,,,,,,,,,,,,,,,,,,,
span:AUTH-TAD-0180,CandidateSpan,AUTH-TAD-0180｜明天,,,,,,,,,,,,,,,,,,,,,,,,,,,,,,,,,,明天,,,,,,,AUTH-TAD-0180,明天,9.0,11.0,located,candidate_span,,,,,,,,,,,,,,
consensus:AUTH-TAD-0180,ConsensusLabel,AUTH-TAD-0180｜时间状语,,,,,,,,,,,,,,,,,,,,,,,,,,,,,,,,,,,,,,,,,,明天,,,,,consensus:AUTH-TAD-0180,TEMPORAL_ADVERBIAL,完全一致,完全一致,完全一致,,,,,,,,,
annotation:span:AUTH-TAD-0180:r1,AnnotationDecision,标注者1-AUTH-TAD-0180,,,,,,,,,,,,,,,,,,,,,,,,,,,,,,,,,,,,,,,,,,,,,,,,,,,,ANONYMIZED_RATER_1,,annotation:span:AUTH-TAD-0180:r1,正确,是时间状语,时间状语,,,
annotation:span:AUTH-TAD-0180:r2,AnnotationDecision,标注者2-AUTH-TAD-0180,,,,,,,,,,,,,,,,,,,,,,,,,,,,,,,,,,,,,,,,,,,,,,,,,,,,ANONYMIZED_RATER_2,,annotation:span:AUTH-TAD-0180:r2,正确,是时间状语,时间状语,,,
annotation:span:AUTH-TAD-0180:r3,AnnotationDecision,标注者3-AUTH-TAD-0180,,,,,,,,,,,,,,,,,,,,,,,,,,,,,,,,,,,,,,,,,,,,,,,,,,,,ANONYMIZED_RATER_3,,annotation:span:AUTH-TAD-0180:r3,正确,是时间状语,时间状语,,,
sentence:SENT-0233,Sentence,学校到底哪一天放假?,,,,,,,,,,,,,,,,,,,,,,,,,,,,,,,,,SENT-0233,学校到底哪一天放假?,学校到底哪一天放假,国际中文教育中文水平等级标准·语法学习手册（初等）,初等,306,,页面线索缺失,,,,,,,,,,,,,,,,,,,,
span:AUTH-TAD-0181,CandidateSpan,AUTH-TAD-0181｜一天,,,,,,,,,,,,,,,,,,,,,,,,,,,,,,,,,,一天,,,,,,,AUTH-TAD-0181,一天,5.0,7.0,located,candidate_span,,,,,,,,,,,,,,
consensus:AUTH-TAD-0181,ConsensusLabel,AUTH-TAD-0181｜其他/非目标时间用法,,,,,,,,,,,,,,,,,,,,,,,,,,,,,,,,,,,,,,,,,,一天,,,,,consensus:AUTH-TAD-0181,OTHER,多数一致,完全一致,多数一致,,,,,,,,,
annotation:span:AUTH-TAD-0181:r1,AnnotationDecision,标注者1-AUTH-TAD-0181,,,,,,,,,,,,,,,,,,,,,,,,,,,,,,,,,,,,,,,,,,,,,,,,,,,,ANONYMIZED_RATER_1,,annotation:span:AUTH-TAD-0181:r1,不是时间表达,不是时间状语,提取错误：不是时间表达,,,
annotation:span:AUTH-TAD-0181:r2,AnnotationDecision,标注者2-AUTH-TAD-0181,,,,,,,,,,,,,,,,,,,,,,,,,,,,,,,,,,,,,,,,,,,,,,,,,,,,ANONYMIZED_RATER_2,,annotation:span:AUTH-TAD-0181:r2,正确,不是时间状语,时长补语,,,
annotation:span:AUTH-TAD-0181:r3,AnnotationDecision,标注者3-AUTH-TAD-0181,,,,,,,,,,,,,,,,,,,,,,,,,,,,,,,,,,,,,,,,,,,,,,,,,,,,ANONYMIZED_RATER_3,,annotation:span:AUTH-TAD-0181:r3,不是时间表达,不是时间状语,提取错误：不是时间表达,无,,
sentence:SENT-0425,Sentence,认真的学生每天都写作业。,,,,,,,,,,,,,,,,,,,,,,,,,,,,,,,,,SENT-0425,认真的学生每天都写作业。,认真的学生每天都写作业,国际中文教育中文水平等级标准·语法学习手册（初等）,初等,73,这是你的衣服吗? 认真的学生每天都写作业,来源字段完整但仍需正版逐页核验,,,,,,,,,,,,,,,,,,,,
span:AUTH-TAD-0182,CandidateSpan,AUTH-TAD-0182｜每天,,,,,,,,,,,,,,,,,,,,,,,,,,,,,,,,,,每天,,,,,,,AUTH-TAD-0182,每天,5.0,7.0,located,candidate_span,,,,,,,,,,,,,,
consensus:AUTH-TAD-0182,ConsensusLabel,AUTH-TAD-0182｜时间状语,,,,,,,,,,,,,,,,,,,,,,,,,,,,,,,,,,,,,,,,,,每天,,,,,consensus:AUTH-TAD-0182,TEMPORAL_ADVERBIAL,完全一致,完全一致,完全一致,,,,,,,,,
annotation:span:AUTH-TAD-0182:r1,AnnotationDecision,标注者1-AUTH-TAD-0182,,,,,,,,,,,,,,,,,,,,,,,,,,,,,,,,,,,,,,,,,,,,,,,,,,,,ANONYMIZED_RATER_1,,annotation:span:AUTH-TAD-0182:r1,正确,是时间状语,时间状语,,,
annotation:span:AUTH-TAD-0182:r2,AnnotationDecision,标注者2-AUTH-TAD-0182,,,,,,,,,,,,,,,,,,,,,,,,,,,,,,,,,,,,,,,,,,,,,,,,,,,,ANONYMIZED_RATER_2,,annotation:span:AUTH-TAD-0182:r2,正确,是时间状语,时间状语,,,
annotation:span:AUTH-TAD-0182:r3,AnnotationDecision,标注者3-AUTH-TAD-0182,,,,,,,,,,,,,,,,,,,,,,,,,,,,,,,,,,,,,,,,,,,,,,,,,,,,ANONYMIZED_RATER_3,,annotation:span:AUTH-TAD-0182:r3,正确,是时间状语,时间状语,,,
sentence:SENT-0405,Sentence,目前资金尚缺五十万。,,,,,,,,,,,,,,,,,,,,,,,,,,,,,,,,,SENT-0405,目前资金尚缺五十万。,目前资金尚缺五十万,国际中文教育中文水平等级标准·语法学习手册（高等）,高等,29,,页面线索缺失,,,,,,,,,,,,,,,,,,,,
span:AUTH-TAD-0183,CandidateSpan,AUTH-TAD-0183｜目前,,,,,,,,,,,,,,,,,,,,,,,,,,,,,,,,,,目前,,,,,,,AUTH-TAD-0183,目前,0.0,2.0,located,candidate_span,,,,,,,,,,,,,,
consensus:AUTH-TAD-0183,ConsensusLabel,AUTH-TAD-0183｜时间状语,,,,,,,,,,,,,,,,,,,,,,,,,,,,,,,,,,,,,,,,,,目前,,,,,consensus:AUTH-TAD-0183,TEMPORAL_ADVERBIAL,完全一致,完全一致,完全一致,,,,,,,,,
annotation:span:AUTH-TAD-0183:r1,AnnotationDecision,标注者1-AUTH-TAD-0183,,,,,,,,,,,,,,,,,,,,,,,,,,,,,,,,,,,,,,,,,,,,,,,,,,,,ANONYMIZED_RATER_1,,annotation:span:AUTH-TAD-0183:r1,正确,是时间状语,时间状语,,,
annotation:span:AUTH-TAD-0183:r2,AnnotationDecision,标注者2-AUTH-TAD-0183,,,,,,,,,,,,,,,,,,,,,,,,,,,,,,,,,,,,,,,,,,,,,,,,,,,,ANONYMIZED_RATER_2,,annotation:span:AUTH-TAD-0183:r2,正确,是时间状语,时间状语,,,
annotation:span:AUTH-TAD-0183:r3,AnnotationDecision,标注者3-AUTH-TAD-0183,,,,,,,,,,,,,,,,,,,,,,,,,,,,,,,,,,,,,,,,,,,,,,,,,,,,ANONYMIZED_RATER_3,,annotation:span:AUTH-TAD-0183:r3,正确,是时间状语,时间状语,,,
sentence:SENT-0449,Sentence,这家银行周末不开门，也就是说我们白来了。,,,,,,,,,,,,,,,,,,,,,,,,,,,,,,,,,SENT-0449,这家银行周末不开门，也就是说我们白来了。,这家银行周末不开门也就是说我们白来了,国际中文教育中文水平等级标准·语法学习手册（高等）,高等,186,,页面线索缺失,,,,,,,,,,,,,,,,,,,,
span:AUTH-TAD-0184,CandidateSpan,AUTH-TAD-0184｜周末,,,,,,,,,,,,,,,,,,,,,,,,,,,,,,,,,,周末,,,,,,,AUTH-TAD-0184,周末,4.0,6.0,located,candidate_span,,,,,,,,,,,,,,
consensus:AUTH-TAD-0184,ConsensusLabel,AUTH-TAD-0184｜时间状语,,,,,,,,,,,,,,,,,,,,,,,,,,,,,,,,,,,,,,,,,,周末,,,,,consensus:AUTH-TAD-0184,TEMPORAL_ADVERBIAL,完全一致,完全一致,完全一致,,,,,,,,,
annotation:span:AUTH-TAD-0184:r1,AnnotationDecision,标注者1-AUTH-TAD-0184,,,,,,,,,,,,,,,,,,,,,,,,,,,,,,,,,,,,,,,,,,,,,,,,,,,,ANONYMIZED_RATER_1,,annotation:span:AUTH-TAD-0184:r1,正确,是时间状语,时间状语,,,
annotation:span:AUTH-TAD-0184:r2,AnnotationDecision,标注者2-AUTH-TAD-0184,,,,,,,,,,,,,,,,,,,,,,,,,,,,,,,,,,,,,,,,,,,,,,,,,,,,ANONYMIZED_RATER_2,,annotation:span:AUTH-TAD-0184:r2,正确,是时间状语,时间状语,,,
annotation:span:AUTH-TAD-0184:r3,AnnotationDecision,标注者3-AUTH-TAD-0184,,,,,,,,,,,,,,,,,,,,,,,,,,,,,,,,,,,,,,,,,,,,,,,,,,,,ANONYMIZED_RATER_3,,annotation:span:AUTH-TAD-0184:r3,正确,是时间状语,时间状语,,,
sentence:SENT-0268,Sentence,我们三年前见过一面，此后再也没有见过。,,,,,,,,,,,,,,,,,,,,,,,,,,,,,,,,,SENT-0268,我们三年前见过一面，此后再也没有见过。,我们三年前见过一面此后再也没有见过,国际中文教育中文水平等级标准·语法学习手册（高等）,高等,134,】( ◎ 基本语义及用法 “此后”表示在某时或某事以后，用在两个分句间表示承接关系，前后分句表,来源字段完整但仍需正版逐页核验,,,,,,,,,,,,,,,,,,,,
span:AUTH-TAD-0185,CandidateSpan,AUTH-TAD-0185｜三年,,,,,,,,,,,,,,,,,,,,,,,,,,,,,,,,,,三年,,,,,,,AUTH-TAD-0185,三年前,2.0,4.0,located,majority_fixed_span,,,,,,,,,,,,,,
consensus:AUTH-TAD-0185,ConsensusLabel,AUTH-TAD-0185｜其他/非目标时间用法,,,,,,,,,,,,,,,,,,,,,,,,,,,,,,,,,,,,,,,,,,三年前,,,,,consensus:AUTH-TAD-0185,OTHER,完全一致,完全一致,完全一致,,,,,,,,,
annotation:span:AUTH-TAD-0185:r1,AnnotationDecision,标注者1-AUTH-TAD-0185,,,,,,,,,,,,,,,,,,,,,,,,,,,,,,,,,,,,,,,,,,,,,,,,,,,,ANONYMIZED_RATER_1,,annotation:span:AUTH-TAD-0185:r1,边界不完整,不是时间状语,提取错误：边界不完整,三年前,,
annotation:span:AUTH-TAD-0185:r2,AnnotationDecision,标注者2-AUTH-TAD-0185,,,,,,,,,,,,,,,,,,,,,,,,,,,,,,,,,,,,,,,,,,,,,,,,,,,,ANONYMIZED_RATER_2,,annotation:span:AUTH-TAD-0185:r2,边界不完整,不是时间状语,提取错误：边界不完整,三年前,,
annotation:span:AUTH-TAD-0185:r3,AnnotationDecision,标注者3-AUTH-TAD-0185,,,,,,,,,,,,,,,,,,,,,,,,,,,,,,,,,,,,,,,,,,,,,,,,,,,,ANONYMIZED_RATER_3,,annotation:span:AUTH-TAD-0185:r3,边界不完整,不是时间状语,提取错误：边界不完整,三年前,,
sentence:SENT-0020,Sentence,与其在这里洗半天的衣服，我宁可去买新的。,,,,,,,,,,,,,,,,,,,,,,,,,,,,,,,,,SENT-0020,与其在这里洗半天的衣服，我宁可去买新的。,与其在这里洗半天的衣服我宁可去买新的,国际中文教育中文水平等级标准·语法学习手册（高等）,高等,155,,页面线索缺失,,,,,,,,,,,,,,,,,,,,
span:AUTH-TAD-0186,CandidateSpan,AUTH-TAD-0186｜半天,,,,,,,,,,,,,,,,,,,,,,,,,,,,,,,,,,半天,,,,,,,AUTH-TAD-0186,半天,6.0,8.0,located,candidate_span,,,,,,,,,,,,,,
consensus:AUTH-TAD-0186,ConsensusLabel,AUTH-TAD-0186｜时长/时间补语,,,,,,,,,,,,,,,,,,,,,,,,,,,,,,,,,,,,,,,,,,半天,,,,,consensus:AUTH-TAD-0186,COMPLEMENT,多数一致,完全一致,多数一致,,,,,,,,,
annotation:span:AUTH-TAD-0186:r1,AnnotationDecision,标注者1-AUTH-TAD-0186,,,,,,,,,,,,,,,,,,,,,,,,,,,,,,,,,,,,,,,,,,,,,,,,,,,,ANONYMIZED_RATER_1,,annotation:span:AUTH-TAD-0186:r1,正确,不是时间状语,时长补语,,,
annotation:span:AUTH-TAD-0186:r2,AnnotationDecision,标注者2-AUTH-TAD-0186,,,,,,,,,,,,,,,,,,,,,,,,,,,,,,,,,,,,,,,,,,,,,,,,,,,,ANONYMIZED_RATER_2,,annotation:span:AUTH-TAD-0186:r2,正确,不是时间状语,时长补语,,,
annotation:span:AUTH-TAD-0186:r3,AnnotationDecision,标注者3-AUTH-TAD-0186,,,,,,,,,,,,,,,,,,,,,,,,,,,,,,,,,,,,,,,,,,,,,,,,,,,,ANONYMIZED_RATER_3,,annotation:span:AUTH-TAD-0186:r3,不是时间表达,不是时间状语,提取错误：不是时间表达,无,,
sentence:SENT-0061,Sentence,今天真是太冷了，幸好我穿了羽绒服。,,,,,,,,,,,,,,,,,,,,,,,,,,,,,,,,,SENT-0061,今天真是太冷了，幸好我穿了羽绒服。,今天真是太冷了幸好我穿了羽绒服,国际中文教育中文水平等级标准·语法学习手册（高等）,高等,67,小提示 “幸好”在承接上文后，如果语义已经很明确时，后面的分句可以不出现,来源字段完整但仍需正版逐页核验,,,,,,,,,,,,,,,,,,,,
span:AUTH-TAD-0187,CandidateSpan,AUTH-TAD-0187｜今天,,,,,,,,,,,,,,,,,,,,,,,,,,,,,,,,,,今天,,,,,,,AUTH-TAD-0187,今天,0.0,2.0,located,candidate_span,,,,,,,,,,,,,,
consensus:AUTH-TAD-0187,ConsensusLabel,AUTH-TAD-0187｜时间状语,,,,,,,,,,,,,,,,,,,,,,,,,,,,,,,,,,,,,,,,,,今天,,,,,consensus:AUTH-TAD-0187,TEMPORAL_ADVERBIAL,完全一致,完全一致,完全一致,,,,,,,,,
annotation:span:AUTH-TAD-0187:r1,AnnotationDecision,标注者1-AUTH-TAD-0187,,,,,,,,,,,,,,,,,,,,,,,,,,,,,,,,,,,,,,,,,,,,,,,,,,,,ANONYMIZED_RATER_1,,annotation:span:AUTH-TAD-0187:r1,正确,是时间状语,时间状语,,,
annotation:span:AUTH-TAD-0187:r2,AnnotationDecision,标注者2-AUTH-TAD-0187,,,,,,,,,,,,,,,,,,,,,,,,,,,,,,,,,,,,,,,,,,,,,,,,,,,,ANONYMIZED_RATER_2,,annotation:span:AUTH-TAD-0187:r2,正确,是时间状语,时间状语,,,
annotation:span:AUTH-TAD-0187:r3,AnnotationDecision,标注者3-AUTH-TAD-0187,,,,,,,,,,,,,,,,,,,,,,,,,,,,,,,,,,,,,,,,,,,,,,,,,,,,ANONYMIZED_RATER_3,,annotation:span:AUTH-TAD-0187:r3,正确,是时间状语,时间状语,,,
sentence:SENT-0403,Sentence,“的”一般出现在句尾，也可以出现在动词和宾语的中间。,,,,,,,,,,,,,,,,,,,,,,,,,,,,,,,,,SENT-0403,“的”一般出现在句尾，也可以出现在动词和宾语的中间。,的一般出现在句尾也可以出现在动词和宾语的中间,国际中文教育中文水平等级标准·语法学习手册（初等）,初等,215,·语法学习手册(初等) 90“是……的”句1:强调时间、地点、方式、动作 者等 【二60】 ◎,来源字段完整但仍需正版逐页核验,,,,,,,,,,,,,,,,,,,,
span:AUTH-TAD-0188,CandidateSpan,AUTH-TAD-0188｜现在,,,,,,,,,,,,,,,,,,,,,,,,,,,,,,,,,,现在,,,,,,,AUTH-TAD-0188,现在,6.0,8.0,located,candidate_span,,,,,,,,,,,,,,
consensus:AUTH-TAD-0188,ConsensusLabel,AUTH-TAD-0188｜其他/非目标时间用法,,,,,,,,,,,,,,,,,,,,,,,,,,,,,,,,,,,,,,,,,,现在,,,,,consensus:AUTH-TAD-0188,OTHER,多数一致,多数一致,多数一致,,,,,,,,,
annotation:span:AUTH-TAD-0188:r1,AnnotationDecision,标注者1-AUTH-TAD-0188,,,,,,,,,,,,,,,,,,,,,,,,,,,,,,,,,,,,,,,,,,,,,,,,,,,,ANONYMIZED_RATER_1,,annotation:span:AUTH-TAD-0188:r1,不是时间表达,不是时间状语,提取错误：不是时间表达,,,
annotation:span:AUTH-TAD-0188:r2,AnnotationDecision,标注者2-AUTH-TAD-0188,,,,,,,,,,,,,,,,,,,,,,,,,,,,,,,,,,,,,,,,,,,,,,,,,,,,ANONYMIZED_RATER_2,,annotation:span:AUTH-TAD-0188:r2,不确定,不确定,其他/不确定,,,
annotation:span:AUTH-TAD-0188:r3,AnnotationDecision,标注者3-AUTH-TAD-0188,,,,,,,,,,,,,,,,,,,,,,,,,,,,,,,,,,,,,,,,,,,,,,,,,,,,ANONYMIZED_RATER_3,,annotation:span:AUTH-TAD-0188:r3,不是时间表达,不是时间状语,提取错误：不是时间表达,一般,,
sentence:SENT-0349,Sentence,昨天写了一晚上作文，今天头疼得厉害。,,,,,,,,,,,,,,,,,,,,,,,,,,,,,,,,,SENT-0349,昨天写了一晚上作文，今天头疼得厉害。,昨天写了一晚上作文今天头疼得厉害,国际中文教育中文水平等级标准·语法学习手册（高等）,高等,104,◎ 典型例句和对话 例句 交际实践 可不是，警察都已经 (在小区门口，询问出了什么事) 来了,来源字段完整但仍需正版逐页核验,,,,,,,,,,,,,,,,,,,,
span:AUTH-TAD-0189,CandidateSpan,AUTH-TAD-0189｜昨天,,,,,,,,,,,,,,,,,,,,,,,,,,,,,,,,,,昨天,,,,,,,AUTH-TAD-0189,昨天,0.0,2.0,located,candidate_span,,,,,,,,,,,,,,
consensus:AUTH-TAD-0189,ConsensusLabel,AUTH-TAD-0189｜时间状语,,,,,,,,,,,,,,,,,,,,,,,,,,,,,,,,,,,,,,,,,,昨天,,,,,consensus:AUTH-TAD-0189,TEMPORAL_ADVERBIAL,完全一致,完全一致,完全一致,,,,,,,,,
annotation:span:AUTH-TAD-0189:r1,AnnotationDecision,标注者1-AUTH-TAD-0189,,,,,,,,,,,,,,,,,,,,,,,,,,,,,,,,,,,,,,,,,,,,,,,,,,,,ANONYMIZED_RATER_1,,annotation:span:AUTH-TAD-0189:r1,正确,是时间状语,时间状语,,,
annotation:span:AUTH-TAD-0189:r2,AnnotationDecision,标注者2-AUTH-TAD-0189,,,,,,,,,,,,,,,,,,,,,,,,,,,,,,,,,,,,,,,,,,,,,,,,,,,,ANONYMIZED_RATER_2,,annotation:span:AUTH-TAD-0189:r2,正确,是时间状语,时间状语,,,
annotation:span:AUTH-TAD-0189:r3,AnnotationDecision,标注者3-AUTH-TAD-0189,,,,,,,,,,,,,,,,,,,,,,,,,,,,,,,,,,,,,,,,,,,,,,,,,,,,ANONYMIZED_RATER_3,,annotation:span:AUTH-TAD-0189:r3,正确,是时间状语,时间状语,,,
sentence:SENT-0224,Sentence,好的，我明天再去吧。,,,,,,,,,,,,,,,,,,,,,,,,,,,,,,,,,SENT-0224,好的，我明天再去吧。,好的我明天再去吧,国际中文教育中文水平等级标准·语法学习手册（初等）,初等,240,,页面线索缺失,,,,,,,,,,,,,,,,,,,,
span:AUTH-TAD-0190,CandidateSpan,AUTH-TAD-0190｜明天,,,,,,,,,,,,,,,,,,,,,,,,,,,,,,,,,,明天,,,,,,,AUTH-TAD-0190,明天,4.0,6.0,located,candidate_span,,,,,,,,,,,,,,
consensus:AUTH-TAD-0190,ConsensusLabel,AUTH-TAD-0190｜时间状语,,,,,,,,,,,,,,,,,,,,,,,,,,,,,,,,,,,,,,,,,,明天,,,,,consensus:AUTH-TAD-0190,TEMPORAL_ADVERBIAL,完全一致,完全一致,完全一致,,,,,,,,,
annotation:span:AUTH-TAD-0190:r1,AnnotationDecision,标注者1-AUTH-TAD-0190,,,,,,,,,,,,,,,,,,,,,,,,,,,,,,,,,,,,,,,,,,,,,,,,,,,,ANONYMIZED_RATER_1,,annotation:span:AUTH-TAD-0190:r1,正确,是时间状语,时间状语,,,
annotation:span:AUTH-TAD-0190:r2,AnnotationDecision,标注者2-AUTH-TAD-0190,,,,,,,,,,,,,,,,,,,,,,,,,,,,,,,,,,,,,,,,,,,,,,,,,,,,ANONYMIZED_RATER_2,,annotation:span:AUTH-TAD-0190:r2,正确,是时间状语,时间状语,,,
annotation:span:AUTH-TAD-0190:r3,AnnotationDecision,标注者3-AUTH-TAD-0190,,,,,,,,,,,,,,,,,,,,,,,,,,,,,,,,,,,,,,,,,,,,,,,,,,,,ANONYMIZED_RATER_3,,annotation:span:AUTH-TAD-0190:r3,正确,是时间状语,时间状语,,,
sentence:SENT-0436,Sentence,这个周末我或者在家学习，或者和朋友去看电影。,,,,,,,,,,,,,,,,,,,,,,,,,,,,,,,,,SENT-0436,这个周末我或者在家学习，或者和朋友去看电影。,这个周末我或者在家学习或者和朋友去看电影,国际中文教育中文水平等级标准·语法学习手册（中等）,中等,99,会议谁去 停止，或者重新 假? 参加? 开始，必须马上 B:暑假或者去上 B:咱们三个人，或者,来源字段完整但仍需正版逐页核验,,,,,,,,,,,,,,,,,,,,
span:AUTH-TAD-0191,CandidateSpan,AUTH-TAD-0191｜周末,,,,,,,,,,,,,,,,,,,,,,,,,,,,,,,,,,周末,,,,,,,AUTH-TAD-0191,周末,2.0,4.0,located,candidate_span,,,,,,,,,,,,,,
consensus:AUTH-TAD-0191,ConsensusLabel,AUTH-TAD-0191｜时间状语,,,,,,,,,,,,,,,,,,,,,,,,,,,,,,,,,,,,,,,,,,周末,,,,,consensus:AUTH-TAD-0191,TEMPORAL_ADVERBIAL,多数一致,多数一致,多数一致,,,,,,,,,
annotation:span:AUTH-TAD-0191:r1,AnnotationDecision,标注者1-AUTH-TAD-0191,,,,,,,,,,,,,,,,,,,,,,,,,,,,,,,,,,,,,,,,,,,,,,,,,,,,ANONYMIZED_RATER_1,,annotation:span:AUTH-TAD-0191:r1,正确,是时间状语,时间状语,,,
annotation:span:AUTH-TAD-0191:r2,AnnotationDecision,标注者2-AUTH-TAD-0191,,,,,,,,,,,,,,,,,,,,,,,,,,,,,,,,,,,,,,,,,,,,,,,,,,,,ANONYMIZED_RATER_2,,annotation:span:AUTH-TAD-0191:r2,正确,是时间状语,时间状语,,,
annotation:span:AUTH-TAD-0191:r3,AnnotationDecision,标注者3-AUTH-TAD-0191,,,,,,,,,,,,,,,,,,,,,,,,,,,,,,,,,,,,,,,,,,,,,,,,,,,,ANONYMIZED_RATER_3,,annotation:span:AUTH-TAD-0191:r3,边界不完整,不是时间状语,提取错误：边界不完整,这个周末,,
sentence:SENT-0085,Sentence,他听了医生的话，每天都去外面散步，这样一来，他的身体越来越好了。,,,,,,,,,,,,,,,,,,,,,,,,,,,,,,,,,SENT-0085,他听了医生的话，每天都去外面散步，这样一来，他的身体越来越好了。,他听了医生的话每天都去外面散步这样一来他的身体越来越好了,国际中文教育中文水平等级标准·语法学习手册（高等）,高等,110,他听了医生的话，每天都去外面散步，这样一来，他的身体越来越好,来源字段完整但仍需正版逐页核验,,,,,,,,,,,,,,,,,,,,
span:AUTH-TAD-0192,CandidateSpan,AUTH-TAD-0192｜每天,,,,,,,,,,,,,,,,,,,,,,,,,,,,,,,,,,每天,,,,,,,AUTH-TAD-0192,每天,8.0,10.0,located,candidate_span,,,,,,,,,,,,,,
consensus:AUTH-TAD-0192,ConsensusLabel,AUTH-TAD-0192｜时间状语,,,,,,,,,,,,,,,,,,,,,,,,,,,,,,,,,,,,,,,,,,每天,,,,,consensus:AUTH-TAD-0192,TEMPORAL_ADVERBIAL,完全一致,完全一致,完全一致,,,,,,,,,
annotation:span:AUTH-TAD-0192:r1,AnnotationDecision,标注者1-AUTH-TAD-0192,,,,,,,,,,,,,,,,,,,,,,,,,,,,,,,,,,,,,,,,,,,,,,,,,,,,ANONYMIZED_RATER_1,,annotation:span:AUTH-TAD-0192:r1,正确,是时间状语,时间状语,,,
annotation:span:AUTH-TAD-0192:r2,AnnotationDecision,标注者2-AUTH-TAD-0192,,,,,,,,,,,,,,,,,,,,,,,,,,,,,,,,,,,,,,,,,,,,,,,,,,,,ANONYMIZED_RATER_2,,annotation:span:AUTH-TAD-0192:r2,正确,是时间状语,时间状语,,,
annotation:span:AUTH-TAD-0192:r3,AnnotationDecision,标注者3-AUTH-TAD-0192,,,,,,,,,,,,,,,,,,,,,,,,,,,,,,,,,,,,,,,,,,,,,,,,,,,,ANONYMIZED_RATER_3,,annotation:span:AUTH-TAD-0192:r3,正确,是时间状语,时间状语,,,
sentence:SENT-0184,Sentence,周末你常去哪儿?,,,,,,,,,,,,,,,,,,,,,,,,,,,,,,,,,SENT-0184,周末你常去哪儿?,周末你常去哪儿,国际中文教育中文水平等级标准·语法学习手册（初等）,初等,58,平等级标准·语法学习手册(初等) (2)“在、正、正在”不能和“了”连用,来源字段完整但仍需正版逐页核验,,,,,,,,,,,,,,,,,,,,
span:AUTH-TAD-0193,CandidateSpan,AUTH-TAD-0193｜周末,,,,,,,,,,,,,,,,,,,,,,,,,,,,,,,,,,周末,,,,,,,AUTH-TAD-0193,周末,0.0,2.0,located,candidate_span,,,,,,,,,,,,,,
consensus:AUTH-TAD-0193,ConsensusLabel,AUTH-TAD-0193｜时间状语,,,,,,,,,,,,,,,,,,,,,,,,,,,,,,,,,,,,,,,,,,周末,,,,,consensus:AUTH-TAD-0193,TEMPORAL_ADVERBIAL,完全一致,完全一致,完全一致,,,,,,,,,
annotation:span:AUTH-TAD-0193:r1,AnnotationDecision,标注者1-AUTH-TAD-0193,,,,,,,,,,,,,,,,,,,,,,,,,,,,,,,,,,,,,,,,,,,,,,,,,,,,ANONYMIZED_RATER_1,,annotation:span:AUTH-TAD-0193:r1,正确,是时间状语,时间状语,,,
annotation:span:AUTH-TAD-0193:r2,AnnotationDecision,标注者2-AUTH-TAD-0193,,,,,,,,,,,,,,,,,,,,,,,,,,,,,,,,,,,,,,,,,,,,,,,,,,,,ANONYMIZED_RATER_2,,annotation:span:AUTH-TAD-0193:r2,正确,是时间状语,时间状语,,,
annotation:span:AUTH-TAD-0193:r3,AnnotationDecision,标注者3-AUTH-TAD-0193,,,,,,,,,,,,,,,,,,,,,,,,,,,,,,,,,,,,,,,,,,,,,,,,,,,,ANONYMIZED_RATER_3,,annotation:span:AUTH-TAD-0193:r3,正确,是时间状语,时间状语,,,
sentence:SENT-0458,Sentence,都十二点了，你才起床。,,,,,,,,,,,,,,,,,,,,,,,,,,,,,,,,,SENT-0458,都十二点了，你才起床。,都十二点了你才起床,国际中文教育中文水平等级标准·语法学习手册（初等）,初等,166,很多，带有惊讶或责怪的语气，如果说话 人主观上觉得时间早，就不能用“都2”,来源字段完整但仍需正版逐页核验,,,,,,,,,,,,,,,,,,,,
span:AUTH-TAD-0194,CandidateSpan,AUTH-TAD-0194｜十二点,,,,,,,,,,,,,,,,,,,,,,,,,,,,,,,,,,十二点,,,,,,,AUTH-TAD-0194,十二点,1.0,4.0,located,candidate_span,,,,,,,,,,,,,,
consensus:AUTH-TAD-0194,ConsensusLabel,AUTH-TAD-0194｜其他/非目标时间用法,,,,,,,,,,,,,,,,,,,,,,,,,,,,,,,,,,,,,,,,,,十二点,,,,,consensus:AUTH-TAD-0194,OTHER,多数一致,完全一致,多数一致,,,,,,,,,
annotation:span:AUTH-TAD-0194:r1,AnnotationDecision,标注者1-AUTH-TAD-0194,,,,,,,,,,,,,,,,,,,,,,,,,,,,,,,,,,,,,,,,,,,,,,,,,,,,ANONYMIZED_RATER_1,,annotation:span:AUTH-TAD-0194:r1,正确,不是时间状语,普通时间名词/词语引用,,,
annotation:span:AUTH-TAD-0194:r2,AnnotationDecision,标注者2-AUTH-TAD-0194,,,,,,,,,,,,,,,,,,,,,,,,,,,,,,,,,,,,,,,,,,,,,,,,,,,,ANONYMIZED_RATER_2,,annotation:span:AUTH-TAD-0194:r2,边界不完整,不是时间状语,提取错误：边界不完整,都十二点了,,
annotation:span:AUTH-TAD-0194:r3,AnnotationDecision,标注者3-AUTH-TAD-0194,,,,,,,,,,,,,,,,,,,,,,,,,,,,,,,,,,,,,,,,,,,,,,,,,,,,ANONYMIZED_RATER_3,,annotation:span:AUTH-TAD-0194:r3,正确,不是时间状语,普通时间名词/词语引用,,,
sentence:SENT-0067,Sentence,从今天开始，我将不再担任公司经理的职务。,,,,,,,,,,,,,,,,,,,,,,,,,,,,,,,,,SENT-0067,从今天开始，我将不再担任公司经理的职务。,从今天开始我将不再担任公司经理的职务,国际中文教育中文水平等级标准·语法学习手册（中等）,中等,150,考察，所以要讨论 妈妈：天气将晴转 B:我已经想好了，不 一下儿具体的细节,来源字段完整但仍需正版逐页核验,,,,,,,,,,,,,,,,,,,,
span:AUTH-TAD-0195,CandidateSpan,AUTH-TAD-0195｜今天,,,,,,,,,,,,,,,,,,,,,,,,,,,,,,,,,,今天,,,,,,,AUTH-TAD-0195,今天,1.0,3.0,located,candidate_span,,,,,,,,,,,,,,
consensus:AUTH-TAD-0195,ConsensusLabel,AUTH-TAD-0195｜时间状语,,,,,,,,,,,,,,,,,,,,,,,,,,,,,,,,,,,,,,,,,,今天,,,,,consensus:AUTH-TAD-0195,TEMPORAL_ADVERBIAL,多数一致,多数一致,多数一致,,,,,,,,,
annotation:span:AUTH-TAD-0195:r1,AnnotationDecision,标注者1-AUTH-TAD-0195,,,,,,,,,,,,,,,,,,,,,,,,,,,,,,,,,,,,,,,,,,,,,,,,,,,,ANONYMIZED_RATER_1,,annotation:span:AUTH-TAD-0195:r1,正确,是时间状语,时间状语,,,
annotation:span:AUTH-TAD-0195:r2,AnnotationDecision,标注者2-AUTH-TAD-0195,,,,,,,,,,,,,,,,,,,,,,,,,,,,,,,,,,,,,,,,,,,,,,,,,,,,ANONYMIZED_RATER_2,,annotation:span:AUTH-TAD-0195:r2,正确,是时间状语,时间状语,,,
annotation:span:AUTH-TAD-0195:r3,AnnotationDecision,标注者3-AUTH-TAD-0195,,,,,,,,,,,,,,,,,,,,,,,,,,,,,,,,,,,,,,,,,,,,,,,,,,,,ANONYMIZED_RATER_3,,annotation:span:AUTH-TAD-0195:r3,边界不完整,不是时间状语,提取错误：边界不完整,从今天开始,,
sentence:SENT-0229,Sentence,妈已经做好晚饭了。,,,,,,,,,,,,,,,,,,,,,,,,,,,,,,,,,SENT-0229,妈已经做好晚饭了。,妈已经做好晚饭了,国际中文教育中文水平等级标准·语法学习手册（初等）,初等,169,平等级标准·语法学习手册(初等) 48 介词(引出时间):当 【二21】 ◎ 基本语义及用法,来源字段完整但仍需正版逐页核验,,,,,,,,,,,,,,,,,,,,
span:AUTH-TAD-0196,CandidateSpan,AUTH-TAD-0196｜已经,,,,,,,,,,,,,,,,,,,,,,,,,,,,,,,,,,已经,,,,,,,AUTH-TAD-0196,已经,1.0,3.0,located,candidate_span,,,,,,,,,,,,,,
consensus:AUTH-TAD-0196,ConsensusLabel,AUTH-TAD-0196｜时间状语,,,,,,,,,,,,,,,,,,,,,,,,,,,,,,,,,,,,,,,,,,已经,,,,,consensus:AUTH-TAD-0196,TEMPORAL_ADVERBIAL,完全一致,完全一致,完全一致,,,,,,,,,
annotation:span:AUTH-TAD-0196:r1,AnnotationDecision,标注者1-AUTH-TAD-0196,,,,,,,,,,,,,,,,,,,,,,,,,,,,,,,,,,,,,,,,,,,,,,,,,,,,ANONYMIZED_RATER_1,,annotation:span:AUTH-TAD-0196:r1,正确,是时间状语,时间状语,,,
annotation:span:AUTH-TAD-0196:r2,AnnotationDecision,标注者2-AUTH-TAD-0196,,,,,,,,,,,,,,,,,,,,,,,,,,,,,,,,,,,,,,,,,,,,,,,,,,,,ANONYMIZED_RATER_2,,annotation:span:AUTH-TAD-0196:r2,正确,是时间状语,时间状语,,,
annotation:span:AUTH-TAD-0196:r3,AnnotationDecision,标注者3-AUTH-TAD-0196,,,,,,,,,,,,,,,,,,,,,,,,,,,,,,,,,,,,,,,,,,,,,,,,,,,,ANONYMIZED_RATER_3,,annotation:span:AUTH-TAD-0196:r3,正确,是时间状语,时间状语,,,
sentence:SENT-0093,Sentence,他常常很晚回家。,,,,,,,,,,,,,,,,,,,,,,,,,,,,,,,,,SENT-0093,他常常很晚回家。,他常常很晚回家,国际中文教育中文水平等级标准·语法学习手册（初等）,初等,58,平等级标准·语法学习手册(初等) (2)“在、正、正在”不能和“了”连用,来源字段完整但仍需正版逐页核验,,,,,,,,,,,,,,,,,,,,
span:AUTH-TAD-0197,CandidateSpan,AUTH-TAD-0197｜常常,,,,,,,,,,,,,,,,,,,,,,,,,,,,,,,,,,常常,,,,,,,AUTH-TAD-0197,常常,1.0,3.0,located,candidate_span,,,,,,,,,,,,,,
consensus:AUTH-TAD-0197,ConsensusLabel,AUTH-TAD-0197｜时间状语,,,,,,,,,,,,,,,,,,,,,,,,,,,,,,,,,,,,,,,,,,常常,,,,,consensus:AUTH-TAD-0197,TEMPORAL_ADVERBIAL,完全一致,完全一致,完全一致,,,,,,,,,
annotation:span:AUTH-TAD-0197:r1,AnnotationDecision,标注者1-AUTH-TAD-0197,,,,,,,,,,,,,,,,,,,,,,,,,,,,,,,,,,,,,,,,,,,,,,,,,,,,ANONYMIZED_RATER_1,,annotation:span:AUTH-TAD-0197:r1,正确,是时间状语,时间状语,,,
annotation:span:AUTH-TAD-0197:r2,AnnotationDecision,标注者2-AUTH-TAD-0197,,,,,,,,,,,,,,,,,,,,,,,,,,,,,,,,,,,,,,,,,,,,,,,,,,,,ANONYMIZED_RATER_2,,annotation:span:AUTH-TAD-0197:r2,正确,是时间状语,时间状语,,,
annotation:span:AUTH-TAD-0197:r3,AnnotationDecision,标注者3-AUTH-TAD-0197,,,,,,,,,,,,,,,,,,,,,,,,,,,,,,,,,,,,,,,,,,,,,,,,,,,,ANONYMIZED_RATER_3,,annotation:span:AUTH-TAD-0197:r3,正确,是时间状语,时间状语,,,
sentence:SENT-0280,Sentence,我们现在前往参观的是非洲馆，该馆建立于2018年。,,,,,,,,,,,,,,,,,,,,,,,,,,,,,,,,,SENT-0280,我们现在前往参观的是非洲馆，该馆建立于2018年。,我们现在前往参观的是非洲馆该馆建立于2018年,国际中文教育中文水平等级标准·语法学习手册（高等）,高等,11,获奖证书已经扫描整理成一个文件，请你将该文件交给有关,来源字段完整但仍需正版逐页核验,,,,,,,,,,,,,,,,,,,,
span:AUTH-TAD-0198,CandidateSpan,AUTH-TAD-0198｜现在,,,,,,,,,,,,,,,,,,,,,,,,,,,,,,,,,,现在,,,,,,,AUTH-TAD-0198,现在,2.0,4.0,located,candidate_span,,,,,,,,,,,,,,
consensus:AUTH-TAD-0198,ConsensusLabel,AUTH-TAD-0198｜时间状语,,,,,,,,,,,,,,,,,,,,,,,,,,,,,,,,,,,,,,,,,,现在,,,,,consensus:AUTH-TAD-0198,TEMPORAL_ADVERBIAL,完全一致,完全一致,完全一致,,,,,,,,,
annotation:span:AUTH-TAD-0198:r1,AnnotationDecision,标注者1-AUTH-TAD-0198,,,,,,,,,,,,,,,,,,,,,,,,,,,,,,,,,,,,,,,,,,,,,,,,,,,,ANONYMIZED_RATER_1,,annotation:span:AUTH-TAD-0198:r1,正确,是时间状语,时间状语,,,
annotation:span:AUTH-TAD-0198:r2,AnnotationDecision,标注者2-AUTH-TAD-0198,,,,,,,,,,,,,,,,,,,,,,,,,,,,,,,,,,,,,,,,,,,,,,,,,,,,ANONYMIZED_RATER_2,,annotation:span:AUTH-TAD-0198:r2,正确,是时间状语,时间状语,,,
annotation:span:AUTH-TAD-0198:r3,AnnotationDecision,标注者3-AUTH-TAD-0198,,,,,,,,,,,,,,,,,,,,,,,,,,,,,,,,,,,,,,,,,,,,,,,,,,,,ANONYMIZED_RATER_3,,annotation:span:AUTH-TAD-0198:r3,正确,是时间状语,时间状语,,,
sentence:SENT-0444,Sentence,这些文件你一齐送过去。,,,,,,,,,,,,,,,,,,,,,,,,,,,,,,,,,SENT-0444,这些文件你一齐送过去。,这些文件你一齐送过去,国际中文教育中文水平等级标准·语法学习手册（中等）,中等,274,语法学习手册(中等) 小提示 (1)“一齐”表示在时间上同时发生的事情，“一起”表示在空间上合,来源字段完整但仍需正版逐页核验,,,,,,,,,,,,,,,,,,,,
span:AUTH-TAD-0199,CandidateSpan,AUTH-TAD-0199｜过去,,,,,,,,,,,,,,,,,,,,,,,,,,,,,,,,,,过去,,,,,,,AUTH-TAD-0199,过去,8.0,10.0,located,candidate_span,,,,,,,,,,,,,,
consensus:AUTH-TAD-0199,ConsensusLabel,AUTH-TAD-0199｜其他/非目标时间用法,,,,,,,,,,,,,,,,,,,,,,,,,,,,,,,,,,,,,,,,,,过去,,,,,consensus:AUTH-TAD-0199,OTHER,完全一致,完全一致,完全一致,,,,,,,,,
annotation:span:AUTH-TAD-0199:r1,AnnotationDecision,标注者1-AUTH-TAD-0199,,,,,,,,,,,,,,,,,,,,,,,,,,,,,,,,,,,,,,,,,,,,,,,,,,,,ANONYMIZED_RATER_1,,annotation:span:AUTH-TAD-0199:r1,不是时间表达,不是时间状语,提取错误：不是时间表达,,,
annotation:span:AUTH-TAD-0199:r2,AnnotationDecision,标注者2-AUTH-TAD-0199,,,,,,,,,,,,,,,,,,,,,,,,,,,,,,,,,,,,,,,,,,,,,,,,,,,,ANONYMIZED_RATER_2,,annotation:span:AUTH-TAD-0199:r2,,,,,,
annotation:span:AUTH-TAD-0199:r3,AnnotationDecision,标注者3-AUTH-TAD-0199,,,,,,,,,,,,,,,,,,,,,,,,,,,,,,,,,,,,,,,,,,,,,,,,,,,,ANONYMIZED_RATER_3,,annotation:span:AUTH-TAD-0199:r3,不是时间表达,不是时间状语,提取错误：不是时间表达,无,,
sentence:SENT-0386,Sentence,王强去年考入我校，该生遵守纪律，学习认真，尊敬师长，团结同学。,,,,,,,,,,,,,,,,,,,,,,,,,,,,,,,,,SENT-0386,王强去年考入我校，该生遵守纪律，学习认真，尊敬师长，团结同学。,王强去年考入我校该生遵守纪律学习认真尊敬师长团结同学,国际中文教育中文水平等级标准·语法学习手册（高等）,高等,11,获奖证书已经扫描整理成一个文件，请你将该文件交给有关,来源字段完整但仍需正版逐页核验,,,,,,,,,,,,,,,,,,,,
span:AUTH-TAD-0200,CandidateSpan,AUTH-TAD-0200｜去年,,,,,,,,,,,,,,,,,,,,,,,,,,,,,,,,,,去年,,,,,,,AUTH-TAD-0200,去年,2.0,4.0,located,candidate_span,,,,,,,,,,,,,,
consensus:AUTH-TAD-0200,ConsensusLabel,AUTH-TAD-0200｜时间状语,,,,,,,,,,,,,,,,,,,,,,,,,,,,,,,,,,,,,,,,,,去年,,,,,consensus:AUTH-TAD-0200,TEMPORAL_ADVERBIAL,完全一致,完全一致,完全一致,,,,,,,,,
annotation:span:AUTH-TAD-0200:r1,AnnotationDecision,标注者1-AUTH-TAD-0200,,,,,,,,,,,,,,,,,,,,,,,,,,,,,,,,,,,,,,,,,,,,,,,,,,,,ANONYMIZED_RATER_1,,annotation:span:AUTH-TAD-0200:r1,正确,是时间状语,时间状语,,,
annotation:span:AUTH-TAD-0200:r2,AnnotationDecision,标注者2-AUTH-TAD-0200,,,,,,,,,,,,,,,,,,,,,,,,,,,,,,,,,,,,,,,,,,,,,,,,,,,,ANONYMIZED_RATER_2,,annotation:span:AUTH-TAD-0200:r2,正确,是时间状语,时间状语,,,
annotation:span:AUTH-TAD-0200:r3,AnnotationDecision,标注者3-AUTH-TAD-0200,,,,,,,,,,,,,,,,,,,,,,,,,,,,,,,,,,,,,,,,,,,,,,,,,,,,ANONYMIZED_RATER_3,,annotation:span:AUTH-TAD-0200:r3,正确,是时间状语,时间状语,,,
sentence:SENT-0338,Sentence,明天我们上课吗?,,,,,,,,,,,,,,,,,,,,,,,,,,,,,,,,,SENT-0338,明天我们上课吗?,明天我们上课吗,国际中文教育中文水平等级标准·语法学习手册（初等）,初等,109,,页面线索缺失,,,,,,,,,,,,,,,,,,,,
span:AUTH-TAD-0201,CandidateSpan,AUTH-TAD-0201｜明天,,,,,,,,,,,,,,,,,,,,,,,,,,,,,,,,,,明天,,,,,,,AUTH-TAD-0201,明天,0.0,2.0,located,candidate_span,,,,,,,,,,,,,,
consensus:AUTH-TAD-0201,ConsensusLabel,AUTH-TAD-0201｜时间状语,,,,,,,,,,,,,,,,,,,,,,,,,,,,,,,,,,,,,,,,,,明天,,,,,consensus:AUTH-TAD-0201,TEMPORAL_ADVERBIAL,完全一致,完全一致,完全一致,,,,,,,,,
annotation:span:AUTH-TAD-0201:r1,AnnotationDecision,标注者1-AUTH-TAD-0201,,,,,,,,,,,,,,,,,,,,,,,,,,,,,,,,,,,,,,,,,,,,,,,,,,,,ANONYMIZED_RATER_1,,annotation:span:AUTH-TAD-0201:r1,正确,是时间状语,时间状语,,,
annotation:span:AUTH-TAD-0201:r2,AnnotationDecision,标注者2-AUTH-TAD-0201,,,,,,,,,,,,,,,,,,,,,,,,,,,,,,,,,,,,,,,,,,,,,,,,,,,,ANONYMIZED_RATER_2,,annotation:span:AUTH-TAD-0201:r2,正确,是时间状语,时间状语,,,
annotation:span:AUTH-TAD-0201:r3,AnnotationDecision,标注者3-AUTH-TAD-0201,,,,,,,,,,,,,,,,,,,,,,,,,,,,,,,,,,,,,,,,,,,,,,,,,,,,ANONYMIZED_RATER_3,,annotation:span:AUTH-TAD-0201:r3,正确,是时间状语,时间状语,,,
sentence:SENT-0451,Sentence,这样的事情经常有。,,,,,,,,,,,,,,,,,,,,,,,,,,,,,,,,,SENT-0451,这样的事情经常有。,这样的事情经常有,国际中文教育中文水平等级标准·语法学习手册（初等）,初等,133,这样的事情经常有,来源字段完整但仍需正版逐页核验,,,,,,,,,,,,,,,,,,,,
span:AUTH-TAD-0202,CandidateSpan,AUTH-TAD-0202｜经常,,,,,,,,,,,,,,,,,,,,,,,,,,,,,,,,,,经常,,,,,,,AUTH-TAD-0202,经常,5.0,7.0,located,candidate_span,,,,,,,,,,,,,,
consensus:AUTH-TAD-0202,ConsensusLabel,AUTH-TAD-0202｜时间状语,,,,,,,,,,,,,,,,,,,,,,,,,,,,,,,,,,,,,,,,,,经常,,,,,consensus:AUTH-TAD-0202,TEMPORAL_ADVERBIAL,完全一致,完全一致,完全一致,,,,,,,,,
annotation:span:AUTH-TAD-0202:r1,AnnotationDecision,标注者1-AUTH-TAD-0202,,,,,,,,,,,,,,,,,,,,,,,,,,,,,,,,,,,,,,,,,,,,,,,,,,,,ANONYMIZED_RATER_1,,annotation:span:AUTH-TAD-0202:r1,正确,是时间状语,时间状语,,,
annotation:span:AUTH-TAD-0202:r2,AnnotationDecision,标注者2-AUTH-TAD-0202,,,,,,,,,,,,,,,,,,,,,,,,,,,,,,,,,,,,,,,,,,,,,,,,,,,,ANONYMIZED_RATER_2,,annotation:span:AUTH-TAD-0202:r2,正确,是时间状语,时间状语,,,
annotation:span:AUTH-TAD-0202:r3,AnnotationDecision,标注者3-AUTH-TAD-0202,,,,,,,,,,,,,,,,,,,,,,,,,,,,,,,,,,,,,,,,,,,,,,,,,,,,ANONYMIZED_RATER_3,,annotation:span:AUTH-TAD-0202:r3,正确,是时间状语,时间状语,,,
sentence:SENT-0318,Sentence,或者他们知道这样的教训，并且已经领教过很多次了。,,,,,,,,,,,,,,,,,,,,,,,,,,,,,,,,,SENT-0318,或者他们知道这样的教训，并且已经领教过很多次了。,或者他们知道这样的教训并且已经领教过很多次了,国际中文教育中文水平等级标准·语法学习手册（高等）,高等,214,或者他们知道这样的教训，并且已经领教过很多次了,来源字段完整但仍需正版逐页核验,,,,,,,,,,,,,,,,,,,,
span:AUTH-TAD-0203,CandidateSpan,AUTH-TAD-0203｜已经,,,,,,,,,,,,,,,,,,,,,,,,,,,,,,,,,,已经,,,,,,,AUTH-TAD-0203,已经,14.0,16.0,located,candidate_span,,,,,,,,,,,,,,
consensus:AUTH-TAD-0203,ConsensusLabel,AUTH-TAD-0203｜时间状语,,,,,,,,,,,,,,,,,,,,,,,,,,,,,,,,,,,,,,,,,,已经,,,,,consensus:AUTH-TAD-0203,TEMPORAL_ADVERBIAL,完全一致,完全一致,完全一致,,,,,,,,,
annotation:span:AUTH-TAD-0203:r1,AnnotationDecision,标注者1-AUTH-TAD-0203,,,,,,,,,,,,,,,,,,,,,,,,,,,,,,,,,,,,,,,,,,,,,,,,,,,,ANONYMIZED_RATER_1,,annotation:span:AUTH-TAD-0203:r1,正确,是时间状语,时间状语,,,
annotation:span:AUTH-TAD-0203:r2,AnnotationDecision,标注者2-AUTH-TAD-0203,,,,,,,,,,,,,,,,,,,,,,,,,,,,,,,,,,,,,,,,,,,,,,,,,,,,ANONYMIZED_RATER_2,,annotation:span:AUTH-TAD-0203:r2,正确,是时间状语,时间状语,,,
annotation:span:AUTH-TAD-0203:r3,AnnotationDecision,标注者3-AUTH-TAD-0203,,,,,,,,,,,,,,,,,,,,,,,,,,,,,,,,,,,,,,,,,,,,,,,,,,,,ANONYMIZED_RATER_3,,annotation:span:AUTH-TAD-0203:r3,正确,是时间状语,时间状语,,,
sentence:SENT-0456,Sentence,道理归道理，实际归实际，有时候根本说不清。,,,,,,,,,,,,,,,,,,,,,,,,,,,,,,,,,SENT-0456,道理归道理，实际归实际，有时候根本说不清。,道理归道理实际归实际有时候根本说不清,国际中文教育中文水平等级标准·语法学习手册（中等）,中等,258,道理归道理，实际归实际，有时候根本说不清,来源字段完整但仍需正版逐页核验,,,,,,,,,,,,,,,,,,,,
span:AUTH-TAD-0204,CandidateSpan,AUTH-TAD-0204｜有时,,,,,,,,,,,,,,,,,,,,,,,,,,,,,,,,,,有时,,,,,,,AUTH-TAD-0204,有时候,12.0,14.0,located,majority_fixed_span,,,,,,,,,,,,,,
consensus:AUTH-TAD-0204,ConsensusLabel,AUTH-TAD-0204｜其他/非目标时间用法,,,,,,,,,,,,,,,,,,,,,,,,,,,,,,,,,,,,,,,,,,有时候,,,,,consensus:AUTH-TAD-0204,OTHER,完全一致,完全一致,完全一致,,,,,,,,,
annotation:span:AUTH-TAD-0204:r1,AnnotationDecision,标注者1-AUTH-TAD-0204,,,,,,,,,,,,,,,,,,,,,,,,,,,,,,,,,,,,,,,,,,,,,,,,,,,,ANONYMIZED_RATER_1,,annotation:span:AUTH-TAD-0204:r1,边界不完整,不是时间状语,提取错误：边界不完整,有时候,,
annotation:span:AUTH-TAD-0204:r2,AnnotationDecision,标注者2-AUTH-TAD-0204,,,,,,,,,,,,,,,,,,,,,,,,,,,,,,,,,,,,,,,,,,,,,,,,,,,,ANONYMIZED_RATER_2,,annotation:span:AUTH-TAD-0204:r2,边界不完整,不是时间状语,提取错误：边界不完整,有时候,,
annotation:span:AUTH-TAD-0204:r3,AnnotationDecision,标注者3-AUTH-TAD-0204,,,,,,,,,,,,,,,,,,,,,,,,,,,,,,,,,,,,,,,,,,,,,,,,,,,,ANONYMIZED_RATER_3,,annotation:span:AUTH-TAD-0204:r3,边界不完整,不是时间状语,提取错误：边界不完整,有时候,,
sentence:SENT-0157,Sentence,依照公司的规定，我们下周放假三天。,,,,,,,,,,,,,,,,,,,,,,,,,,,,,,,,,SENT-0157,依照公司的规定，我们下周放假三天。,依照公司的规定我们下周放假三天,国际中文教育中文水平等级标准·语法学习手册（中等）,中等,182,依照医生的要求，他每天按时吃药,来源字段完整但仍需正版逐页核验,,,,,,,,,,,,,,,,,,,,
span:AUTH-TAD-0205,CandidateSpan,AUTH-TAD-0205｜下周,,,,,,,,,,,,,,,,,,,,,,,,,,,,,,,,,,下周,,,,,,,AUTH-TAD-0205,下周,10.0,12.0,located,candidate_span,,,,,,,,,,,,,,
consensus:AUTH-TAD-0205,ConsensusLabel,AUTH-TAD-0205｜时间状语,,,,,,,,,,,,,,,,,,,,,,,,,,,,,,,,,,,,,,,,,,下周,,,,,consensus:AUTH-TAD-0205,TEMPORAL_ADVERBIAL,完全一致,多数一致,多数一致,,,,,,,,,
annotation:span:AUTH-TAD-0205:r1,AnnotationDecision,标注者1-AUTH-TAD-0205,,,,,,,,,,,,,,,,,,,,,,,,,,,,,,,,,,,,,,,,,,,,,,,,,,,,ANONYMIZED_RATER_1,,annotation:span:AUTH-TAD-0205:r1,正确,是时间状语,时间状语,,,
annotation:span:AUTH-TAD-0205:r2,AnnotationDecision,标注者2-AUTH-TAD-0205,,,,,,,,,,,,,,,,,,,,,,,,,,,,,,,,,,,,,,,,,,,,,,,,,,,,ANONYMIZED_RATER_2,,annotation:span:AUTH-TAD-0205:r2,正确,不是时间状语,时长补语,,,
annotation:span:AUTH-TAD-0205:r3,AnnotationDecision,标注者3-AUTH-TAD-0205,,,,,,,,,,,,,,,,,,,,,,,,,,,,,,,,,,,,,,,,,,,,,,,,,,,,ANONYMIZED_RATER_3,,annotation:span:AUTH-TAD-0205:r3,正确,是时间状语,时间状语,,,
sentence:SENT-0341,Sentence,明天的比赛你参加得了吗?,,,,,,,,,,,,,,,,,,,,,,,,,,,,,,,,,SENT-0341,明天的比赛你参加得了吗?,明天的比赛你参加得了吗,国际中文教育中文水平等级标准·语法学习手册（初等）,初等,348,◎ 结构特点 可能补语用于动词后,来源字段完整但仍需正版逐页核验,,,,,,,,,,,,,,,,,,,,
span:AUTH-TAD-0206,CandidateSpan,AUTH-TAD-0206｜明天,,,,,,,,,,,,,,,,,,,,,,,,,,,,,,,,,,明天,,,,,,,AUTH-TAD-0206,明天,0.0,2.0,located,candidate_span,,,,,,,,,,,,,,
consensus:AUTH-TAD-0206,ConsensusLabel,AUTH-TAD-0206｜时间定语,,,,,,,,,,,,,,,,,,,,,,,,,,,,,,,,,,,,,,,,,,明天,,,,,consensus:AUTH-TAD-0206,ATTRIBUTE,完全一致,完全一致,完全一致,,,,,,,,,
annotation:span:AUTH-TAD-0206:r1,AnnotationDecision,标注者1-AUTH-TAD-0206,,,,,,,,,,,,,,,,,,,,,,,,,,,,,,,,,,,,,,,,,,,,,,,,,,,,ANONYMIZED_RATER_1,,annotation:span:AUTH-TAD-0206:r1,正确,不是时间状语,时间定语,,,
annotation:span:AUTH-TAD-0206:r2,AnnotationDecision,标注者2-AUTH-TAD-0206,,,,,,,,,,,,,,,,,,,,,,,,,,,,,,,,,,,,,,,,,,,,,,,,,,,,ANONYMIZED_RATER_2,,annotation:span:AUTH-TAD-0206:r2,正确,不是时间状语,时间定语,,,
annotation:span:AUTH-TAD-0206:r3,AnnotationDecision,标注者3-AUTH-TAD-0206,,,,,,,,,,,,,,,,,,,,,,,,,,,,,,,,,,,,,,,,,,,,,,,,,,,,ANONYMIZED_RATER_3,,annotation:span:AUTH-TAD-0206:r3,正确,不是时间状语,时间定语,,,
sentence:SENT-0377,Sentence,比起昨天来，今天凉快多了。,,,,,,,,,,,,,,,,,,,,,,,,,,,,,,,,,SENT-0377,比起昨天来，今天凉快多了。,比起昨天来今天凉快多了,国际中文教育中文水平等级标准·语法学习手册（高等）,高等,129,,页面线索缺失,,,,,,,,,,,,,,,,,,,,
span:AUTH-TAD-0207,CandidateSpan,AUTH-TAD-0207｜昨天,,,,,,,,,,,,,,,,,,,,,,,,,,,,,,,,,,昨天,,,,,,,AUTH-TAD-0207,昨天,2.0,4.0,located,candidate_span,,,,,,,,,,,,,,
consensus:AUTH-TAD-0207,ConsensusLabel,AUTH-TAD-0207｜其他/非目标时间用法,,,,,,,,,,,,,,,,,,,,,,,,,,,,,,,,,,,,,,,,,,昨天,,,,,consensus:AUTH-TAD-0207,OTHER,多数一致,完全一致,多数一致,,,,,,,,,
annotation:span:AUTH-TAD-0207:r1,AnnotationDecision,标注者1-AUTH-TAD-0207,,,,,,,,,,,,,,,,,,,,,,,,,,,,,,,,,,,,,,,,,,,,,,,,,,,,ANONYMIZED_RATER_1,,annotation:span:AUTH-TAD-0207:r1,正确,不是时间状语,普通时间名词/词语引用,,,
annotation:span:AUTH-TAD-0207:r2,AnnotationDecision,标注者2-AUTH-TAD-0207,,,,,,,,,,,,,,,,,,,,,,,,,,,,,,,,,,,,,,,,,,,,,,,,,,,,ANONYMIZED_RATER_2,,annotation:span:AUTH-TAD-0207:r2,不是时间表达,不是时间状语,提取错误：不是时间表达,无,,
annotation:span:AUTH-TAD-0207:r3,AnnotationDecision,标注者3-AUTH-TAD-0207,,,,,,,,,,,,,,,,,,,,,,,,,,,,,,,,,,,,,,,,,,,,,,,,,,,,ANONYMIZED_RATER_3,,annotation:span:AUTH-TAD-0207:r3,正确,不是时间状语,普通时间名词/词语引用,,,
sentence:SENT-0124,Sentence,你今天做什么了?,,,,,,,,,,,,,,,,,,,,,,,,,,,,,,,,,SENT-0124,你今天做什么了?,你今天做什么了,国际中文教育中文水平等级标准·语法学习手册（初等）,初等,331,电话里已经告诉他了，另外， 我又写了一封信过去,来源字段完整但仍需正版逐页核验,,,,,,,,,,,,,,,,,,,,
span:AUTH-TAD-0208,CandidateSpan,AUTH-TAD-0208｜今天,,,,,,,,,,,,,,,,,,,,,,,,,,,,,,,,,,今天,,,,,,,AUTH-TAD-0208,今天,1.0,3.0,located,candidate_span,,,,,,,,,,,,,,
consensus:AUTH-TAD-0208,ConsensusLabel,AUTH-TAD-0208｜时间状语,,,,,,,,,,,,,,,,,,,,,,,,,,,,,,,,,,,,,,,,,,今天,,,,,consensus:AUTH-TAD-0208,TEMPORAL_ADVERBIAL,完全一致,完全一致,完全一致,,,,,,,,,
annotation:span:AUTH-TAD-0208:r1,AnnotationDecision,标注者1-AUTH-TAD-0208,,,,,,,,,,,,,,,,,,,,,,,,,,,,,,,,,,,,,,,,,,,,,,,,,,,,ANONYMIZED_RATER_1,,annotation:span:AUTH-TAD-0208:r1,正确,是时间状语,时间状语,,,
annotation:span:AUTH-TAD-0208:r2,AnnotationDecision,标注者2-AUTH-TAD-0208,,,,,,,,,,,,,,,,,,,,,,,,,,,,,,,,,,,,,,,,,,,,,,,,,,,,ANONYMIZED_RATER_2,,annotation:span:AUTH-TAD-0208:r2,正确,是时间状语,时间状语,,,
annotation:span:AUTH-TAD-0208:r3,AnnotationDecision,标注者3-AUTH-TAD-0208,,,,,,,,,,,,,,,,,,,,,,,,,,,,,,,,,,,,,,,,,,,,,,,,,,,,ANONYMIZED_RATER_3,,annotation:span:AUTH-TAD-0208:r3,正确,是时间状语,时间状语,,,
sentence:SENT-0118,Sentence,他经常不来学校。,,,,,,,,,,,,,,,,,,,,,,,,,,,,,,,,,SENT-0118,他经常不来学校。,他经常不来学校,国际中文教育中文水平等级标准·语法学习手册（高等）,高等,32,他最近状态不好，工作的时候频频失误,来源字段完整但仍需正版逐页核验,,,,,,,,,,,,,,,,,,,,
span:AUTH-TAD-0209,CandidateSpan,AUTH-TAD-0209｜经常,,,,,,,,,,,,,,,,,,,,,,,,,,,,,,,,,,经常,,,,,,,AUTH-TAD-0209,经常,1.0,3.0,located,candidate_span,,,,,,,,,,,,,,
consensus:AUTH-TAD-0209,ConsensusLabel,AUTH-TAD-0209｜时间状语,,,,,,,,,,,,,,,,,,,,,,,,,,,,,,,,,,,,,,,,,,经常,,,,,consensus:AUTH-TAD-0209,TEMPORAL_ADVERBIAL,完全一致,完全一致,完全一致,,,,,,,,,
annotation:span:AUTH-TAD-0209:r1,AnnotationDecision,标注者1-AUTH-TAD-0209,,,,,,,,,,,,,,,,,,,,,,,,,,,,,,,,,,,,,,,,,,,,,,,,,,,,ANONYMIZED_RATER_1,,annotation:span:AUTH-TAD-0209:r1,正确,是时间状语,时间状语,,,
annotation:span:AUTH-TAD-0209:r2,AnnotationDecision,标注者2-AUTH-TAD-0209,,,,,,,,,,,,,,,,,,,,,,,,,,,,,,,,,,,,,,,,,,,,,,,,,,,,ANONYMIZED_RATER_2,,annotation:span:AUTH-TAD-0209:r2,正确,是时间状语,时间状语,,,
annotation:span:AUTH-TAD-0209:r3,AnnotationDecision,标注者3-AUTH-TAD-0209,,,,,,,,,,,,,,,,,,,,,,,,,,,,,,,,,,,,,,,,,,,,,,,,,,,,ANONYMIZED_RATER_3,,annotation:span:AUTH-TAD-0209:r3,正确,是时间状语,时间状语,,,
sentence:SENT-0297,Sentence,我常常和他一起玩儿。,,,,,,,,,,,,,,,,,,,,,,,,,,,,,,,,,SENT-0297,我常常和他一起玩儿。,我常常和他一起玩儿,国际中文教育中文水平等级标准·语法学习手册（初等）,初等,69,我常常和他一起玩儿,来源字段完整但仍需正版逐页核验,,,,,,,,,,,,,,,,,,,,
span:AUTH-TAD-0210,CandidateSpan,AUTH-TAD-0210｜常常,,,,,,,,,,,,,,,,,,,,,,,,,,,,,,,,,,常常,,,,,,,AUTH-TAD-0210,常常,1.0,3.0,located,candidate_span,,,,,,,,,,,,,,
consensus:AUTH-TAD-0210,ConsensusLabel,AUTH-TAD-0210｜时间状语,,,,,,,,,,,,,,,,,,,,,,,,,,,,,,,,,,,,,,,,,,常常,,,,,consensus:AUTH-TAD-0210,TEMPORAL_ADVERBIAL,完全一致,完全一致,完全一致,,,,,,,,,
annotation:span:AUTH-TAD-0210:r1,AnnotationDecision,标注者1-AUTH-TAD-0210,,,,,,,,,,,,,,,,,,,,,,,,,,,,,,,,,,,,,,,,,,,,,,,,,,,,ANONYMIZED_RATER_1,,annotation:span:AUTH-TAD-0210:r1,正确,是时间状语,时间状语,,,
annotation:span:AUTH-TAD-0210:r2,AnnotationDecision,标注者2-AUTH-TAD-0210,,,,,,,,,,,,,,,,,,,,,,,,,,,,,,,,,,,,,,,,,,,,,,,,,,,,ANONYMIZED_RATER_2,,annotation:span:AUTH-TAD-0210:r2,正确,是时间状语,时间状语,,,
annotation:span:AUTH-TAD-0210:r3,AnnotationDecision,标注者3-AUTH-TAD-0210,,,,,,,,,,,,,,,,,,,,,,,,,,,,,,,,,,,,,,,,,,,,,,,,,,,,ANONYMIZED_RATER_3,,annotation:span:AUTH-TAD-0210:r3,正确,是时间状语,时间状语,,,
sentence:SENT-0050,Sentence,今天比昨天稍热一点儿。,,,,,,,,,,,,,,,,,,,,,,,,,,,,,,,,,SENT-0050,今天比昨天稍热一点儿。,今天比昨天稍热一点儿,国际中文教育中文水平等级标准·语法学习手册（中等）,中等,144,结构特点 “稍”一般用在单音节动词或形容词前边作状语,来源字段完整但仍需正版逐页核验,,,,,,,,,,,,,,,,,,,,
span:AUTH-TAD-0211,CandidateSpan,AUTH-TAD-0211｜昨天,,,,,,,,,,,,,,,,,,,,,,,,,,,,,,,,,,昨天,,,,,,,AUTH-TAD-0211,昨天,3.0,5.0,located,candidate_span,,,,,,,,,,,,,,
consensus:AUTH-TAD-0211,ConsensusLabel,AUTH-TAD-0211｜其他/非目标时间用法,,,,,,,,,,,,,,,,,,,,,,,,,,,,,,,,,,,,,,,,,,昨天,,,,,consensus:AUTH-TAD-0211,OTHER,多数一致,完全一致,多数一致,,,,,,,,,
annotation:span:AUTH-TAD-0211:r1,AnnotationDecision,标注者1-AUTH-TAD-0211,,,,,,,,,,,,,,,,,,,,,,,,,,,,,,,,,,,,,,,,,,,,,,,,,,,,ANONYMIZED_RATER_1,,annotation:span:AUTH-TAD-0211:r1,正确,不是时间状语,普通时间名词/词语引用,,,
annotation:span:AUTH-TAD-0211:r2,AnnotationDecision,标注者2-AUTH-TAD-0211,,,,,,,,,,,,,,,,,,,,,,,,,,,,,,,,,,,,,,,,,,,,,,,,,,,,ANONYMIZED_RATER_2,,annotation:span:AUTH-TAD-0211:r2,不是时间表达,不是时间状语,提取错误：不是时间表达,无,,
annotation:span:AUTH-TAD-0211:r3,AnnotationDecision,标注者3-AUTH-TAD-0211,,,,,,,,,,,,,,,,,,,,,,,,,,,,,,,,,,,,,,,,,,,,,,,,,,,,ANONYMIZED_RATER_3,,annotation:span:AUTH-TAD-0211:r3,正确,不是时间状语,普通时间名词/词语引用,,,
sentence:SENT-0455,Sentence,退休以后他偶尔会来学校看看。,,,,,,,,,,,,,,,,,,,,,,,,,,,,,,,,,SENT-0455,退休以后他偶尔会来学校看看。,退休以后他偶尔会来学校看看,国际中文教育中文水平等级标准·语法学习手册（中等）,中等,158,一向”表示长期稳定、具有规律的状态，不能和表示具体时间的词同时出现,来源字段完整但仍需正版逐页核验,,,,,,,,,,,,,,,,,,,,
span:AUTH-TAD-0212,CandidateSpan,AUTH-TAD-0212｜退休以后,,,,,,,,,,,,,,,,,,,,,,,,,,,,,,,,,,退休以后,,,,,,,AUTH-TAD-0212,退休以后,0.0,4.0,located,candidate_span,,,,,,,,,,,,,,
consensus:AUTH-TAD-0212,ConsensusLabel,AUTH-TAD-0212｜时间状语,,,,,,,,,,,,,,,,,,,,,,,,,,,,,,,,,,,,,,,,,,退休以后,,,,,consensus:AUTH-TAD-0212,TEMPORAL_ADVERBIAL,完全一致,完全一致,完全一致,,,,,,,,,
annotation:span:AUTH-TAD-0212:r1,AnnotationDecision,标注者1-AUTH-TAD-0212,,,,,,,,,,,,,,,,,,,,,,,,,,,,,,,,,,,,,,,,,,,,,,,,,,,,ANONYMIZED_RATER_1,,annotation:span:AUTH-TAD-0212:r1,正确,是时间状语,时间状语,,,
annotation:span:AUTH-TAD-0212:r2,AnnotationDecision,标注者2-AUTH-TAD-0212,,,,,,,,,,,,,,,,,,,,,,,,,,,,,,,,,,,,,,,,,,,,,,,,,,,,ANONYMIZED_RATER_2,,annotation:span:AUTH-TAD-0212:r2,正确,是时间状语,时间状语,,,
annotation:span:AUTH-TAD-0212:r3,AnnotationDecision,标注者3-AUTH-TAD-0212,,,,,,,,,,,,,,,,,,,,,,,,,,,,,,,,,,,,,,,,,,,,,,,,,,,,ANONYMIZED_RATER_3,,annotation:span:AUTH-TAD-0212:r3,正确,是时间状语,时间状语,,,
sentence:SENT-0132,Sentence,你出国以后，妈妈时刻想念着你。,,,,,,,,,,,,,,,,,,,,,,,,,,,,,,,,,SENT-0132,你出国以后，妈妈时刻想念着你。,你出国以后妈妈时刻想念着你,国际中文教育中文水平等级标准·语法学习手册（中等）,中等,155,你出国以后，妈妈时刻想念着你,来源字段完整但仍需正版逐页核验,,,,,,,,,,,,,,,,,,,,
span:AUTH-TAD-0213,CandidateSpan,AUTH-TAD-0213｜你出国以后,,,,,,,,,,,,,,,,,,,,,,,,,,,,,,,,,,你出国以后,,,,,,,AUTH-TAD-0213,你出国以后,0.0,5.0,located,candidate_span,,,,,,,,,,,,,,
consensus:AUTH-TAD-0213,ConsensusLabel,AUTH-TAD-0213｜时间状语,,,,,,,,,,,,,,,,,,,,,,,,,,,,,,,,,,,,,,,,,,你出国以后,,,,,consensus:AUTH-TAD-0213,TEMPORAL_ADVERBIAL,多数一致,多数一致,多数一致,,,,,,,,,
annotation:span:AUTH-TAD-0213:r1,AnnotationDecision,标注者1-AUTH-TAD-0213,,,,,,,,,,,,,,,,,,,,,,,,,,,,,,,,,,,,,,,,,,,,,,,,,,,,ANONYMIZED_RATER_1,,annotation:span:AUTH-TAD-0213:r1,正确,是时间状语,时间状语,,,
annotation:span:AUTH-TAD-0213:r2,AnnotationDecision,标注者2-AUTH-TAD-0213,,,,,,,,,,,,,,,,,,,,,,,,,,,,,,,,,,,,,,,,,,,,,,,,,,,,ANONYMIZED_RATER_2,,annotation:span:AUTH-TAD-0213:r2,正确,是时间状语,时间状语,,,
annotation:span:AUTH-TAD-0213:r3,AnnotationDecision,标注者3-AUTH-TAD-0213,,,,,,,,,,,,,,,,,,,,,,,,,,,,,,,,,,,,,,,,,,,,,,,,,,,,ANONYMIZED_RATER_3,,annotation:span:AUTH-TAD-0213:r3,边界过长,不是时间状语,提取错误：边界过长,出国以后,,
sentence:SENT-0348,Sentence,昨天会议的中心内容是什么?,,,,,,,,,,,,,,,,,,,,,,,,,,,,,,,,,SENT-0348,昨天会议的中心内容是什么?,昨天会议的中心内容是什么,国际中文教育中文水平等级标准·语法学习手册（高等）,高等,33,重复副词“再度”一般用在主语后、动词性成分前，作状语,来源字段完整但仍需正版逐页核验,,,,,,,,,,,,,,,,,,,,
span:AUTH-TAD-0214,CandidateSpan,AUTH-TAD-0214｜昨天,,,,,,,,,,,,,,,,,,,,,,,,,,,,,,,,,,昨天,,,,,,,AUTH-TAD-0214,昨天,0.0,2.0,located,candidate_span,,,,,,,,,,,,,,
consensus:AUTH-TAD-0214,ConsensusLabel,AUTH-TAD-0214｜时间状语,,,,,,,,,,,,,,,,,,,,,,,,,,,,,,,,,,,,,,,,,,昨天,,,,,consensus:AUTH-TAD-0214,TEMPORAL_ADVERBIAL,完全一致,多数一致,多数一致,,,,,,,,,
annotation:span:AUTH-TAD-0214:r1,AnnotationDecision,标注者1-AUTH-TAD-0214,,,,,,,,,,,,,,,,,,,,,,,,,,,,,,,,,,,,,,,,,,,,,,,,,,,,ANONYMIZED_RATER_1,,annotation:span:AUTH-TAD-0214:r1,正确,不是时间状语,时间定语,,,
annotation:span:AUTH-TAD-0214:r2,AnnotationDecision,标注者2-AUTH-TAD-0214,,,,,,,,,,,,,,,,,,,,,,,,,,,,,,,,,,,,,,,,,,,,,,,,,,,,ANONYMIZED_RATER_2,,annotation:span:AUTH-TAD-0214:r2,正确,是时间状语,时间状语,,,
annotation:span:AUTH-TAD-0214:r3,AnnotationDecision,标注者3-AUTH-TAD-0214,,,,,,,,,,,,,,,,,,,,,,,,,,,,,,,,,,,,,,,,,,,,,,,,,,,,ANONYMIZED_RATER_3,,annotation:span:AUTH-TAD-0214:r3,正确,是时间状语,时间状语,,,
sentence:SENT-0367,Sentence,有时我们喜欢连名带姓叫老师李天明，像同学的称呼。,,,,,,,,,,,,,,,,,,,,,,,,,,,,,,,,,SENT-0367,有时我们喜欢连名带姓叫老师李天明，像同学的称呼。,有时我们喜欢连名带姓叫老师李天明像同学的称呼,国际中文教育中文水平等级标准·语法学习手册（高等）,高等,95,妻子：如果贷款，到时候我们一共要还多少钱? 丈夫：我们连本带利,来源字段完整但仍需正版逐页核验,,,,,,,,,,,,,,,,,,,,
span:AUTH-TAD-0215,CandidateSpan,AUTH-TAD-0215｜有时,,,,,,,,,,,,,,,,,,,,,,,,,,,,,,,,,,有时,,,,,,,AUTH-TAD-0215,有时,0.0,2.0,located,candidate_span,,,,,,,,,,,,,,
consensus:AUTH-TAD-0215,ConsensusLabel,AUTH-TAD-0215｜时间状语,,,,,,,,,,,,,,,,,,,,,,,,,,,,,,,,,,,,,,,,,,有时,,,,,consensus:AUTH-TAD-0215,TEMPORAL_ADVERBIAL,完全一致,完全一致,完全一致,,,,,,,,,
annotation:span:AUTH-TAD-0215:r1,AnnotationDecision,标注者1-AUTH-TAD-0215,,,,,,,,,,,,,,,,,,,,,,,,,,,,,,,,,,,,,,,,,,,,,,,,,,,,ANONYMIZED_RATER_1,,annotation:span:AUTH-TAD-0215:r1,正确,是时间状语,时间状语,,,
annotation:span:AUTH-TAD-0215:r2,AnnotationDecision,标注者2-AUTH-TAD-0215,,,,,,,,,,,,,,,,,,,,,,,,,,,,,,,,,,,,,,,,,,,,,,,,,,,,ANONYMIZED_RATER_2,,annotation:span:AUTH-TAD-0215:r2,正确,是时间状语,时间状语,,,
annotation:span:AUTH-TAD-0215:r3,AnnotationDecision,标注者3-AUTH-TAD-0215,,,,,,,,,,,,,,,,,,,,,,,,,,,,,,,,,,,,,,,,,,,,,,,,,,,,ANONYMIZED_RATER_3,,annotation:span:AUTH-TAD-0215:r3,正确,是时间状语,时间状语,,,
sentence:SENT-0035,Sentence,今天做完不是更好吗?,,,,,,,,,,,,,,,,,,,,,,,,,,,,,,,,,SENT-0035,今天做完不是更好吗?,今天做完不是更好吗,国际中文教育中文水平等级标准·语法学习手册（高等）,高等,47,玩笑，何必当真呢? 学校又不远，何必打车去呢? 你已经有了，何必又花钱买一个呢? 你又没有做错,来源字段完整但仍需正版逐页核验,,,,,,,,,,,,,,,,,,,,
span:AUTH-TAD-0216,CandidateSpan,AUTH-TAD-0216｜今天,,,,,,,,,,,,,,,,,,,,,,,,,,,,,,,,,,今天,,,,,,,AUTH-TAD-0216,今天,0.0,2.0,located,candidate_span,,,,,,,,,,,,,,
consensus:AUTH-TAD-0216,ConsensusLabel,AUTH-TAD-0216｜时间状语,,,,,,,,,,,,,,,,,,,,,,,,,,,,,,,,,,,,,,,,,,今天,,,,,consensus:AUTH-TAD-0216,TEMPORAL_ADVERBIAL,完全一致,完全一致,完全一致,,,,,,,,,
annotation:span:AUTH-TAD-0216:r1,AnnotationDecision,标注者1-AUTH-TAD-0216,,,,,,,,,,,,,,,,,,,,,,,,,,,,,,,,,,,,,,,,,,,,,,,,,,,,ANONYMIZED_RATER_1,,annotation:span:AUTH-TAD-0216:r1,正确,是时间状语,时间状语,,,
annotation:span:AUTH-TAD-0216:r2,AnnotationDecision,标注者2-AUTH-TAD-0216,,,,,,,,,,,,,,,,,,,,,,,,,,,,,,,,,,,,,,,,,,,,,,,,,,,,ANONYMIZED_RATER_2,,annotation:span:AUTH-TAD-0216:r2,正确,是时间状语,时间状语,,,
annotation:span:AUTH-TAD-0216:r3,AnnotationDecision,标注者3-AUTH-TAD-0216,,,,,,,,,,,,,,,,,,,,,,,,,,,,,,,,,,,,,,,,,,,,,,,,,,,,ANONYMIZED_RATER_3,,annotation:span:AUTH-TAD-0216:r3,正确,是时间状语,时间状语,,,
sentence:SENT-0028,Sentence,事情已经解决了，这又何必呢?,,,,,,,,,,,,,,,,,,,,,,,,,,,,,,,,,SENT-0028,事情已经解决了，这又何必呢?,事情已经解决了这又何必呢,国际中文教育中文水平等级标准·语法学习手册（高等）,高等,47,玩笑，何必当真呢? 学校又不远，何必打车去呢? 你已经有了，何必又花钱买一个呢? 你又没有做错,来源字段完整但仍需正版逐页核验,,,,,,,,,,,,,,,,,,,,
span:AUTH-TAD-0217,CandidateSpan,AUTH-TAD-0217｜已经,,,,,,,,,,,,,,,,,,,,,,,,,,,,,,,,,,已经,,,,,,,AUTH-TAD-0217,已经,2.0,4.0,located,candidate_span,,,,,,,,,,,,,,
consensus:AUTH-TAD-0217,ConsensusLabel,AUTH-TAD-0217｜时间状语,,,,,,,,,,,,,,,,,,,,,,,,,,,,,,,,,,,,,,,,,,已经,,,,,consensus:AUTH-TAD-0217,TEMPORAL_ADVERBIAL,完全一致,完全一致,完全一致,,,,,,,,,
annotation:span:AUTH-TAD-0217:r1,AnnotationDecision,标注者1-AUTH-TAD-0217,,,,,,,,,,,,,,,,,,,,,,,,,,,,,,,,,,,,,,,,,,,,,,,,,,,,ANONYMIZED_RATER_1,,annotation:span:AUTH-TAD-0217:r1,正确,是时间状语,时间状语,,,
annotation:span:AUTH-TAD-0217:r2,AnnotationDecision,标注者2-AUTH-TAD-0217,,,,,,,,,,,,,,,,,,,,,,,,,,,,,,,,,,,,,,,,,,,,,,,,,,,,ANONYMIZED_RATER_2,,annotation:span:AUTH-TAD-0217:r2,正确,是时间状语,时间状语,,,
annotation:span:AUTH-TAD-0217:r3,AnnotationDecision,标注者3-AUTH-TAD-0217,,,,,,,,,,,,,,,,,,,,,,,,,,,,,,,,,,,,,,,,,,,,,,,,,,,,ANONYMIZED_RATER_3,,annotation:span:AUTH-TAD-0217:r3,正确,是时间状语,时间状语,,,
sentence:SENT-0065,Sentence,今年生产的产品数量比去年增加了百分之四十。,,,,,,,,,,,,,,,,,,,,,,,,,,,,,,,,,SENT-0065,今年生产的产品数量比去年增加了百分之四十。,今年生产的产品数量比去年增加了百分之四十,国际中文教育中文水平等级标准·语法学习手册（中等）,中等,118,,页面线索缺失,,,,,,,,,,,,,,,,,,,,
span:AUTH-TAD-0218,CandidateSpan,AUTH-TAD-0218｜去年,,,,,,,,,,,,,,,,,,,,,,,,,,,,,,,,,,去年,,,,,,,AUTH-TAD-0218,去年,10.0,12.0,located,candidate_span,,,,,,,,,,,,,,
consensus:AUTH-TAD-0218,ConsensusLabel,AUTH-TAD-0218｜其他/非目标时间用法,,,,,,,,,,,,,,,,,,,,,,,,,,,,,,,,,,,,,,,,,,去年,,,,,consensus:AUTH-TAD-0218,OTHER,平票,完全一致,多数一致,,,,,,,,,
annotation:span:AUTH-TAD-0218:r1,AnnotationDecision,标注者1-AUTH-TAD-0218,,,,,,,,,,,,,,,,,,,,,,,,,,,,,,,,,,,,,,,,,,,,,,,,,,,,ANONYMIZED_RATER_1,,annotation:span:AUTH-TAD-0218:r1,正确,不是时间状语,普通时间名词/词语引用,,,
annotation:span:AUTH-TAD-0218:r2,AnnotationDecision,标注者2-AUTH-TAD-0218,,,,,,,,,,,,,,,,,,,,,,,,,,,,,,,,,,,,,,,,,,,,,,,,,,,,ANONYMIZED_RATER_2,,annotation:span:AUTH-TAD-0218:r2,不是时间表达,不是时间状语,提取错误：不是时间表达,无,,
annotation:span:AUTH-TAD-0218:r3,AnnotationDecision,标注者3-AUTH-TAD-0218,,,,,,,,,,,,,,,,,,,,,,,,,,,,,,,,,,,,,,,,,,,,,,,,,,,,ANONYMIZED_RATER_3,,annotation:span:AUTH-TAD-0218:r3,漏检：有目标时间状语,不是时间状语,普通时间名词/词语引用,今年,,
sentence:SENT-0011,Sentence,下课以后，同学们立刻走出教室。,,,,,,,,,,,,,,,,,,,,,,,,,,,,,,,,,SENT-0011,下课以后，同学们立刻走出教室。,下课以后同学们立刻走出教室,国际中文教育中文水平等级标准·语法学习手册（初等）,初等,285,下课以后，同学们立刻走出教室,来源字段完整但仍需正版逐页核验,,,,,,,,,,,,,,,,,,,,
span:AUTH-TAD-0219,CandidateSpan,AUTH-TAD-0219｜下课以后,,,,,,,,,,,,,,,,,,,,,,,,,,,,,,,,,,下课以后,,,,,,,AUTH-TAD-0219,下课以后,0.0,4.0,located,candidate_span,,,,,,,,,,,,,,
consensus:AUTH-TAD-0219,ConsensusLabel,AUTH-TAD-0219｜时间状语,,,,,,,,,,,,,,,,,,,,,,,,,,,,,,,,,,,,,,,,,,下课以后,,,,,consensus:AUTH-TAD-0219,TEMPORAL_ADVERBIAL,完全一致,完全一致,完全一致,,,,,,,,,
annotation:span:AUTH-TAD-0219:r1,AnnotationDecision,标注者1-AUTH-TAD-0219,,,,,,,,,,,,,,,,,,,,,,,,,,,,,,,,,,,,,,,,,,,,,,,,,,,,ANONYMIZED_RATER_1,,annotation:span:AUTH-TAD-0219:r1,正确,是时间状语,时间状语,,,
annotation:span:AUTH-TAD-0219:r2,AnnotationDecision,标注者2-AUTH-TAD-0219,,,,,,,,,,,,,,,,,,,,,,,,,,,,,,,,,,,,,,,,,,,,,,,,,,,,ANONYMIZED_RATER_2,,annotation:span:AUTH-TAD-0219:r2,正确,是时间状语,时间状语,,,
annotation:span:AUTH-TAD-0219:r3,AnnotationDecision,标注者3-AUTH-TAD-0219,,,,,,,,,,,,,,,,,,,,,,,,,,,,,,,,,,,,,,,,,,,,,,,,,,,,ANONYMIZED_RATER_3,,annotation:span:AUTH-TAD-0219:r3,正确,是时间状语,时间状语,,,
sentence:SENT-0023,Sentence,两个好朋友的生日恰好是同一天。,,,,,,,,,,,,,,,,,,,,,,,,,,,,,,,,,SENT-0023,两个好朋友的生日恰好是同一天。,两个好朋友的生日恰好是同一天,国际中文教育中文水平等级标准·语法学习手册（中等）,中等,291,,页面线索缺失,,,,,,,,,,,,,,,,,,,,
span:AUTH-TAD-0220,CandidateSpan,AUTH-TAD-0220｜一天,,,,,,,,,,,,,,,,,,,,,,,,,,,,,,,,,,一天,,,,,,,AUTH-TAD-0220,一天,12.0,14.0,located,candidate_span,,,,,,,,,,,,,,
consensus:AUTH-TAD-0220,ConsensusLabel,AUTH-TAD-0220｜其他/非目标时间用法,,,,,,,,,,,,,,,,,,,,,,,,,,,,,,,,,,,,,,,,,,一天,,,,,consensus:AUTH-TAD-0220,OTHER,多数一致,多数一致,多数一致,,,,,,,,,
annotation:span:AUTH-TAD-0220:r1,AnnotationDecision,标注者1-AUTH-TAD-0220,,,,,,,,,,,,,,,,,,,,,,,,,,,,,,,,,,,,,,,,,,,,,,,,,,,,ANONYMIZED_RATER_1,,annotation:span:AUTH-TAD-0220:r1,不是时间表达,不是时间状语,提取错误：不是时间表达,,,
annotation:span:AUTH-TAD-0220:r2,AnnotationDecision,标注者2-AUTH-TAD-0220,,,,,,,,,,,,,,,,,,,,,,,,,,,,,,,,,,,,,,,,,,,,,,,,,,,,ANONYMIZED_RATER_2,,annotation:span:AUTH-TAD-0220:r2,正确,是时间状语,时间状语,,,
annotation:span:AUTH-TAD-0220:r3,AnnotationDecision,标注者3-AUTH-TAD-0220,,,,,,,,,,,,,,,,,,,,,,,,,,,,,,,,,,,,,,,,,,,,,,,,,,,,ANONYMIZED_RATER_3,,annotation:span:AUTH-TAD-0220:r3,不是时间表达,不是时间状语,提取错误：不是时间表达,无,,
sentence:SENT-0052,Sentence,今天的任务很多，我们慢慢来，完成一项是一项。,,,,,,,,,,,,,,,,,,,,,,,,,,,,,,,,,SENT-0052,今天的任务很多，我们慢慢来，完成一项是一项。,今天的任务很多我们慢慢来完成一项是一项,国际中文教育中文水平等级标准·语法学习手册（中等）,中等,127,th doing. ◎ 典型例句和对话 例句 这才刚刚开始，没 你还是别担心了， 有什么好难,来源字段完整但仍需正版逐页核验,,,,,,,,,,,,,,,,,,,,
span:AUTH-TAD-0221,CandidateSpan,AUTH-TAD-0221｜今天,,,,,,,,,,,,,,,,,,,,,,,,,,,,,,,,,,今天,,,,,,,AUTH-TAD-0221,今天,0.0,2.0,located,candidate_span,,,,,,,,,,,,,,
consensus:AUTH-TAD-0221,ConsensusLabel,AUTH-TAD-0221｜时间定语,,,,,,,,,,,,,,,,,,,,,,,,,,,,,,,,,,,,,,,,,,今天,,,,,consensus:AUTH-TAD-0221,ATTRIBUTE,完全一致,完全一致,完全一致,,,,,,,,,
annotation:span:AUTH-TAD-0221:r1,AnnotationDecision,标注者1-AUTH-TAD-0221,,,,,,,,,,,,,,,,,,,,,,,,,,,,,,,,,,,,,,,,,,,,,,,,,,,,ANONYMIZED_RATER_1,,annotation:span:AUTH-TAD-0221:r1,正确,不是时间状语,时间定语,,,
annotation:span:AUTH-TAD-0221:r2,AnnotationDecision,标注者2-AUTH-TAD-0221,,,,,,,,,,,,,,,,,,,,,,,,,,,,,,,,,,,,,,,,,,,,,,,,,,,,ANONYMIZED_RATER_2,,annotation:span:AUTH-TAD-0221:r2,正确,不是时间状语,时间定语,,,
annotation:span:AUTH-TAD-0221:r3,AnnotationDecision,标注者3-AUTH-TAD-0221,,,,,,,,,,,,,,,,,,,,,,,,,,,,,,,,,,,,,,,,,,,,,,,,,,,,ANONYMIZED_RATER_3,,annotation:span:AUTH-TAD-0221:r3,正确,不是时间状语,时间定语,,,
sentence:SENT-0003,Sentence,万一计划有变化，请你马上告诉我。,,,,,,,,,,,,,,,,,,,,,,,,,,,,,,,,,SENT-0003,万一计划有变化，请你马上告诉我。,万一计划有变化请你马上告诉我,国际中文教育中文水平等级标准·语法学习手册（中等）,中等,105,A:明天八点，图书 妈妈：一定要把你们的 儿子：已经8:20了， 馆门口见,来源字段完整但仍需正版逐页核验,,,,,,,,,,,,,,,,,,,,
span:AUTH-TAD-0222,CandidateSpan,AUTH-TAD-0222｜马上,,,,,,,,,,,,,,,,,,,,,,,,,,,,,,,,,,马上,,,,,,,AUTH-TAD-0222,马上,10.0,12.0,located,candidate_span,,,,,,,,,,,,,,
consensus:AUTH-TAD-0222,ConsensusLabel,AUTH-TAD-0222｜时间状语,,,,,,,,,,,,,,,,,,,,,,,,,,,,,,,,,,,,,,,,,,马上,,,,,consensus:AUTH-TAD-0222,TEMPORAL_ADVERBIAL,完全一致,完全一致,完全一致,,,,,,,,,
annotation:span:AUTH-TAD-0222:r1,AnnotationDecision,标注者1-AUTH-TAD-0222,,,,,,,,,,,,,,,,,,,,,,,,,,,,,,,,,,,,,,,,,,,,,,,,,,,,ANONYMIZED_RATER_1,,annotation:span:AUTH-TAD-0222:r1,正确,是时间状语,时间状语,,,
annotation:span:AUTH-TAD-0222:r2,AnnotationDecision,标注者2-AUTH-TAD-0222,,,,,,,,,,,,,,,,,,,,,,,,,,,,,,,,,,,,,,,,,,,,,,,,,,,,ANONYMIZED_RATER_2,,annotation:span:AUTH-TAD-0222:r2,正确,是时间状语,时间状语,,,
annotation:span:AUTH-TAD-0222:r3,AnnotationDecision,标注者3-AUTH-TAD-0222,,,,,,,,,,,,,,,,,,,,,,,,,,,,,,,,,,,,,,,,,,,,,,,,,,,,ANONYMIZED_RATER_3,,annotation:span:AUTH-TAD-0222:r3,正确,是时间状语,时间状语,,,
sentence:SENT-0188,Sentence,哪怕明天下雨，足球比赛也要继续进行。,,,,,,,,,,,,,,,,,,,,,,,,,,,,,,,,,SENT-0188,哪怕明天下雨，足球比赛也要继续进行。,哪怕明天下雨足球比赛也要继续进行,国际中文教育中文水平等级标准·语法学习手册（中等）,中等,112,哪怕这件衣服已经打折了，价格还是很高,来源字段完整但仍需正版逐页核验,,,,,,,,,,,,,,,,,,,,
span:AUTH-TAD-0223,CandidateSpan,AUTH-TAD-0223｜明天,,,,,,,,,,,,,,,,,,,,,,,,,,,,,,,,,,明天,,,,,,,AUTH-TAD-0223,明天,2.0,4.0,located,candidate_span,,,,,,,,,,,,,,
consensus:AUTH-TAD-0223,ConsensusLabel,AUTH-TAD-0223｜时间状语,,,,,,,,,,,,,,,,,,,,,,,,,,,,,,,,,,,,,,,,,,明天,,,,,consensus:AUTH-TAD-0223,TEMPORAL_ADVERBIAL,完全一致,完全一致,完全一致,,,,,,,,,
annotation:span:AUTH-TAD-0223:r1,AnnotationDecision,标注者1-AUTH-TAD-0223,,,,,,,,,,,,,,,,,,,,,,,,,,,,,,,,,,,,,,,,,,,,,,,,,,,,ANONYMIZED_RATER_1,,annotation:span:AUTH-TAD-0223:r1,正确,是时间状语,时间状语,,,
annotation:span:AUTH-TAD-0223:r2,AnnotationDecision,标注者2-AUTH-TAD-0223,,,,,,,,,,,,,,,,,,,,,,,,,,,,,,,,,,,,,,,,,,,,,,,,,,,,ANONYMIZED_RATER_2,,annotation:span:AUTH-TAD-0223:r2,正确,是时间状语,时间状语,,,
annotation:span:AUTH-TAD-0223:r3,AnnotationDecision,标注者3-AUTH-TAD-0223,,,,,,,,,,,,,,,,,,,,,,,,,,,,,,,,,,,,,,,,,,,,,,,,,,,,ANONYMIZED_RATER_3,,annotation:span:AUTH-TAD-0223:r3,正确,是时间状语,时间状语,,,
sentence:SENT-0277,Sentence,我们明天再去商场。,,,,,,,,,,,,,,,,,,,,,,,,,,,,,,,,,SENT-0277,我们明天再去商场。,我们明天再去商场,国际中文教育中文水平等级标准·语法学习手册（初等）,初等,60,”多用于将来要重复的动作或没有完成的事情，不能用于已经发生的事 情,来源字段完整但仍需正版逐页核验,,,,,,,,,,,,,,,,,,,,
span:AUTH-TAD-0224,CandidateSpan,AUTH-TAD-0224｜明天,,,,,,,,,,,,,,,,,,,,,,,,,,,,,,,,,,明天,,,,,,,AUTH-TAD-0224,明天,2.0,4.0,located,candidate_span,,,,,,,,,,,,,,
consensus:AUTH-TAD-0224,ConsensusLabel,AUTH-TAD-0224｜时间状语,,,,,,,,,,,,,,,,,,,,,,,,,,,,,,,,,,,,,,,,,,明天,,,,,consensus:AUTH-TAD-0224,TEMPORAL_ADVERBIAL,完全一致,完全一致,完全一致,,,,,,,,,
annotation:span:AUTH-TAD-0224:r1,AnnotationDecision,标注者1-AUTH-TAD-0224,,,,,,,,,,,,,,,,,,,,,,,,,,,,,,,,,,,,,,,,,,,,,,,,,,,,ANONYMIZED_RATER_1,,annotation:span:AUTH-TAD-0224:r1,正确,是时间状语,时间状语,,,
annotation:span:AUTH-TAD-0224:r2,AnnotationDecision,标注者2-AUTH-TAD-0224,,,,,,,,,,,,,,,,,,,,,,,,,,,,,,,,,,,,,,,,,,,,,,,,,,,,ANONYMIZED_RATER_2,,annotation:span:AUTH-TAD-0224:r2,正确,是时间状语,时间状语,,,
annotation:span:AUTH-TAD-0224:r3,AnnotationDecision,标注者3-AUTH-TAD-0224,,,,,,,,,,,,,,,,,,,,,,,,,,,,,,,,,,,,,,,,,,,,,,,,,,,,ANONYMIZED_RATER_3,,annotation:span:AUTH-TAD-0224:r3,正确,是时间状语,时间状语,,,
sentence:SENT-0087,Sentence,他在今年的毕业生中是最优秀的。,,,,,,,,,,,,,,,,,,,,,,,,,,,,,,,,,SENT-0087,他在今年的毕业生中是最优秀的。,他在今年的毕业生中是最优秀的,国际中文教育中文水平等级标准·语法学习手册（中等）,中等,72,在采访中，这位明星提到了小时候的经历,来源字段完整但仍需正版逐页核验,,,,,,,,,,,,,,,,,,,,
span:AUTH-TAD-0225,CandidateSpan,AUTH-TAD-0225｜今年,,,,,,,,,,,,,,,,,,,,,,,,,,,,,,,,,,今年,,,,,,,AUTH-TAD-0225,今年,2.0,4.0,located,candidate_span,,,,,,,,,,,,,,
consensus:AUTH-TAD-0225,ConsensusLabel,AUTH-TAD-0225｜时间定语,,,,,,,,,,,,,,,,,,,,,,,,,,,,,,,,,,,,,,,,,,今年,,,,,consensus:AUTH-TAD-0225,ATTRIBUTE,完全一致,完全一致,完全一致,,,,,,,,,
annotation:span:AUTH-TAD-0225:r1,AnnotationDecision,标注者1-AUTH-TAD-0225,,,,,,,,,,,,,,,,,,,,,,,,,,,,,,,,,,,,,,,,,,,,,,,,,,,,ANONYMIZED_RATER_1,,annotation:span:AUTH-TAD-0225:r1,正确,不是时间状语,时间定语,,,
annotation:span:AUTH-TAD-0225:r2,AnnotationDecision,标注者2-AUTH-TAD-0225,,,,,,,,,,,,,,,,,,,,,,,,,,,,,,,,,,,,,,,,,,,,,,,,,,,,ANONYMIZED_RATER_2,,annotation:span:AUTH-TAD-0225:r2,正确,不是时间状语,时间定语,,,
annotation:span:AUTH-TAD-0225:r3,AnnotationDecision,标注者3-AUTH-TAD-0225,,,,,,,,,,,,,,,,,,,,,,,,,,,,,,,,,,,,,,,,,,,,,,,,,,,,ANONYMIZED_RATER_3,,annotation:span:AUTH-TAD-0225:r3,正确,不是时间状语,时间定语,,,
sentence:SENT-0072,Sentence,他之所以身体素质好，是因为他经常锻炼。,,,,,,,,,,,,,,,,,,,,,,,,,,,,,,,,,SENT-0072,他之所以身体素质好，是因为他经常锻炼。,他之所以身体素质好是因为他经常锻炼,国际中文教育中文水平等级标准·语法学习手册（高等）,高等,173,话 例句 交际实践 这部电影之所以好 (在电影院，刚看完电影) 看，是因为内容很 A:这部电,来源字段完整但仍需正版逐页核验,,,,,,,,,,,,,,,,,,,,
span:AUTH-TAD-0226,CandidateSpan,AUTH-TAD-0226｜经常,,,,,,,,,,,,,,,,,,,,,,,,,,,,,,,,,,经常,,,,,,,AUTH-TAD-0226,经常,14.0,16.0,located,candidate_span,,,,,,,,,,,,,,
consensus:AUTH-TAD-0226,ConsensusLabel,AUTH-TAD-0226｜时间状语,,,,,,,,,,,,,,,,,,,,,,,,,,,,,,,,,,,,,,,,,,经常,,,,,consensus:AUTH-TAD-0226,TEMPORAL_ADVERBIAL,完全一致,完全一致,完全一致,,,,,,,,,
annotation:span:AUTH-TAD-0226:r1,AnnotationDecision,标注者1-AUTH-TAD-0226,,,,,,,,,,,,,,,,,,,,,,,,,,,,,,,,,,,,,,,,,,,,,,,,,,,,ANONYMIZED_RATER_1,,annotation:span:AUTH-TAD-0226:r1,正确,是时间状语,时间状语,,,
annotation:span:AUTH-TAD-0226:r2,AnnotationDecision,标注者2-AUTH-TAD-0226,,,,,,,,,,,,,,,,,,,,,,,,,,,,,,,,,,,,,,,,,,,,,,,,,,,,ANONYMIZED_RATER_2,,annotation:span:AUTH-TAD-0226:r2,正确,是时间状语,时间状语,,,
annotation:span:AUTH-TAD-0226:r3,AnnotationDecision,标注者3-AUTH-TAD-0226,,,,,,,,,,,,,,,,,,,,,,,,,,,,,,,,,,,,,,,,,,,,,,,,,,,,ANONYMIZED_RATER_3,,annotation:span:AUTH-TAD-0226:r3,正确,是时间状语,时间状语,,,
sentence:SENT-0254,Sentence,张莉真可怜，去年她父母去世，后来又把丈夫死了。,,,,,,,,,,,,,,,,,,,,,,,,,,,,,,,,,SENT-0254,张莉真可怜，去年她父母去世，后来又把丈夫死了。,张莉真可怜去年她父母去世后来又把丈夫死了,国际中文教育中文水平等级标准·语法学习手册（高等）,高等,124,七一九级语法点 ◎ 结构特点 由“个”引导的状态补语有两种形式：肯定形式的补语和否定形式的补,来源字段完整但仍需正版逐页核验,,,,,,,,,,,,,,,,,,,,
span:AUTH-TAD-0227,CandidateSpan,AUTH-TAD-0227｜去年,,,,,,,,,,,,,,,,,,,,,,,,,,,,,,,,,,去年,,,,,,,AUTH-TAD-0227,去年,6.0,8.0,located,candidate_span,,,,,,,,,,,,,,
consensus:AUTH-TAD-0227,ConsensusLabel,AUTH-TAD-0227｜时间状语,,,,,,,,,,,,,,,,,,,,,,,,,,,,,,,,,,,,,,,,,,去年,,,,,consensus:AUTH-TAD-0227,TEMPORAL_ADVERBIAL,完全一致,完全一致,完全一致,,,,,,,,,
annotation:span:AUTH-TAD-0227:r1,AnnotationDecision,标注者1-AUTH-TAD-0227,,,,,,,,,,,,,,,,,,,,,,,,,,,,,,,,,,,,,,,,,,,,,,,,,,,,ANONYMIZED_RATER_1,,annotation:span:AUTH-TAD-0227:r1,正确,是时间状语,时间状语,,,
annotation:span:AUTH-TAD-0227:r2,AnnotationDecision,标注者2-AUTH-TAD-0227,,,,,,,,,,,,,,,,,,,,,,,,,,,,,,,,,,,,,,,,,,,,,,,,,,,,ANONYMIZED_RATER_2,,annotation:span:AUTH-TAD-0227:r2,正确,是时间状语,时间状语,,,
annotation:span:AUTH-TAD-0227:r3,AnnotationDecision,标注者3-AUTH-TAD-0227,,,,,,,,,,,,,,,,,,,,,,,,,,,,,,,,,,,,,,,,,,,,,,,,,,,,ANONYMIZED_RATER_3,,annotation:span:AUTH-TAD-0227:r3,正确,是时间状语,时间状语,,,
sentence:SENT-0178,Sentence,司机：一路上老板自说自话感慨了半天。,,,,,,,,,,,,,,,,,,,,,,,,,,,,,,,,,SENT-0178,司机：一路上老板自说自话感慨了半天。,司机一路上老板自说自话感慨了半天,国际中文教育中文水平等级标准·语法学习手册（高等）,高等,97,外面的雪时大时小，短时间内停不下来,来源字段完整但仍需正版逐页核验,,,,,,,,,,,,,,,,,,,,
span:AUTH-TAD-0228,CandidateSpan,AUTH-TAD-0228｜半天,,,,,,,,,,,,,,,,,,,,,,,,,,,,,,,,,,半天,,,,,,,AUTH-TAD-0228,半天,15.0,17.0,located,candidate_span,,,,,,,,,,,,,,
consensus:AUTH-TAD-0228,ConsensusLabel,AUTH-TAD-0228｜时长/时间补语,,,,,,,,,,,,,,,,,,,,,,,,,,,,,,,,,,,,,,,,,,半天,,,,,consensus:AUTH-TAD-0228,COMPLEMENT,多数一致,完全一致,多数一致,,,,,,,,,
annotation:span:AUTH-TAD-0228:r1,AnnotationDecision,标注者1-AUTH-TAD-0228,,,,,,,,,,,,,,,,,,,,,,,,,,,,,,,,,,,,,,,,,,,,,,,,,,,,ANONYMIZED_RATER_1,,annotation:span:AUTH-TAD-0228:r1,正确,不是时间状语,时长补语,,,
annotation:span:AUTH-TAD-0228:r2,AnnotationDecision,标注者2-AUTH-TAD-0228,,,,,,,,,,,,,,,,,,,,,,,,,,,,,,,,,,,,,,,,,,,,,,,,,,,,ANONYMIZED_RATER_2,,annotation:span:AUTH-TAD-0228:r2,正确,不是时间状语,时长补语,,,
annotation:span:AUTH-TAD-0228:r3,AnnotationDecision,标注者3-AUTH-TAD-0228,,,,,,,,,,,,,,,,,,,,,,,,,,,,,,,,,,,,,,,,,,,,,,,,,,,,ANONYMIZED_RATER_3,,annotation:span:AUTH-TAD-0228:r3,不是时间表达,不是时间状语,提取错误：不是时间表达,无,,
sentence:SENT-0110,Sentence,他每天都按时观看这个电视节目。,,,,,,,,,,,,,,,,,,,,,,,,,,,,,,,,,SENT-0110,他每天都按时观看这个电视节目。,他每天都按时观看这个电视节目,国际中文教育中文水平等级标准·语法学习手册（中等）,中等,18,6时间副词(1):按时 【四07】 ◎基本语义,来源字段完整但仍需正版逐页核验,,,,,,,,,,,,,,,,,,,,
span:AUTH-TAD-0229,CandidateSpan,AUTH-TAD-0229｜每天,,,,,,,,,,,,,,,,,,,,,,,,,,,,,,,,,,每天,,,,,,,AUTH-TAD-0229,每天,1.0,3.0,located,candidate_span,,,,,,,,,,,,,,
consensus:AUTH-TAD-0229,ConsensusLabel,AUTH-TAD-0229｜时间状语,,,,,,,,,,,,,,,,,,,,,,,,,,,,,,,,,,,,,,,,,,每天,,,,,consensus:AUTH-TAD-0229,TEMPORAL_ADVERBIAL,完全一致,完全一致,完全一致,,,,,,,,,
annotation:span:AUTH-TAD-0229:r1,AnnotationDecision,标注者1-AUTH-TAD-0229,,,,,,,,,,,,,,,,,,,,,,,,,,,,,,,,,,,,,,,,,,,,,,,,,,,,ANONYMIZED_RATER_1,,annotation:span:AUTH-TAD-0229:r1,正确,是时间状语,时间状语,,,
annotation:span:AUTH-TAD-0229:r2,AnnotationDecision,标注者2-AUTH-TAD-0229,,,,,,,,,,,,,,,,,,,,,,,,,,,,,,,,,,,,,,,,,,,,,,,,,,,,ANONYMIZED_RATER_2,,annotation:span:AUTH-TAD-0229:r2,正确,是时间状语,时间状语,,,
annotation:span:AUTH-TAD-0229:r3,AnnotationDecision,标注者3-AUTH-TAD-0229,,,,,,,,,,,,,,,,,,,,,,,,,,,,,,,,,,,,,,,,,,,,,,,,,,,,ANONYMIZED_RATER_3,,annotation:span:AUTH-TAD-0229:r3,正确,是时间状语,时间状语,,,
sentence:SENT-0237,Sentence,对不起，是我想得太简单了，我以后一定注意。,,,,,,,,,,,,,,,,,,,,,,,,,,,,,,,,,SENT-0237,对不起，是我想得太简单了，我以后一定注意。,对不起是我想得太简单了我以后一定注意,国际中文教育中文水平等级标准·语法学习手册（高等）,高等,81,你刚开始是一套， (在咖啡厅，聊不被信任的原,来源字段完整但仍需正版逐页核验,,,,,,,,,,,,,,,,,,,,
span:AUTH-TAD-0230,CandidateSpan,AUTH-TAD-0230｜我以后,,,,,,,,,,,,,,,,,,,,,,,,,,,,,,,,,,我以后,,,,,,,AUTH-TAD-0230,以后,13.0,16.0,located,majority_fixed_span,,,,,,,,,,,,,,
consensus:AUTH-TAD-0230,ConsensusLabel,AUTH-TAD-0230｜其他/非目标时间用法,,,,,,,,,,,,,,,,,,,,,,,,,,,,,,,,,,,,,,,,,,以后,,,,,consensus:AUTH-TAD-0230,OTHER,多数一致,完全一致,多数一致,,,,,,,,,
annotation:span:AUTH-TAD-0230:r1,AnnotationDecision,标注者1-AUTH-TAD-0230,,,,,,,,,,,,,,,,,,,,,,,,,,,,,,,,,,,,,,,,,,,,,,,,,,,,ANONYMIZED_RATER_1,,annotation:span:AUTH-TAD-0230:r1,边界过长,不是时间状语,提取错误：边界过长,以后,,
annotation:span:AUTH-TAD-0230:r2,AnnotationDecision,标注者2-AUTH-TAD-0230,,,,,,,,,,,,,,,,,,,,,,,,,,,,,,,,,,,,,,,,,,,,,,,,,,,,ANONYMIZED_RATER_2,,annotation:span:AUTH-TAD-0230:r2,边界不完整,不是时间状语,提取错误：边界不完整,以后,,
annotation:span:AUTH-TAD-0230:r3,AnnotationDecision,标注者3-AUTH-TAD-0230,,,,,,,,,,,,,,,,,,,,,,,,,,,,,,,,,,,,,,,,,,,,,,,,,,,,ANONYMIZED_RATER_3,,annotation:span:AUTH-TAD-0230:r3,边界过长,不是时间状语,提取错误：边界过长,以后,,
sentence:SENT-0421,Sentence,莫非昨天来找我的就是小王?,,,,,,,,,,,,,,,,,,,,,,,,,,,,,,,,,SENT-0421,莫非昨天来找我的就是小王?,莫非昨天来找我的就是小王,国际中文教育中文水平等级标准·语法学习手册（高等）,高等,49,(2)“莫非”也可以用于单句，位于动词性成分前，作状语,来源字段完整但仍需正版逐页核验,,,,,,,,,,,,,,,,,,,,
span:AUTH-TAD-0231,CandidateSpan,AUTH-TAD-0231｜昨天,,,,,,,,,,,,,,,,,,,,,,,,,,,,,,,,,,昨天,,,,,,,AUTH-TAD-0231,昨天,2.0,4.0,located,candidate_span,,,,,,,,,,,,,,
consensus:AUTH-TAD-0231,ConsensusLabel,AUTH-TAD-0231｜时间状语,,,,,,,,,,,,,,,,,,,,,,,,,,,,,,,,,,,,,,,,,,昨天,,,,,consensus:AUTH-TAD-0231,TEMPORAL_ADVERBIAL,完全一致,完全一致,完全一致,,,,,,,,,
annotation:span:AUTH-TAD-0231:r1,AnnotationDecision,标注者1-AUTH-TAD-0231,,,,,,,,,,,,,,,,,,,,,,,,,,,,,,,,,,,,,,,,,,,,,,,,,,,,ANONYMIZED_RATER_1,,annotation:span:AUTH-TAD-0231:r1,正确,是时间状语,时间状语,,,
annotation:span:AUTH-TAD-0231:r2,AnnotationDecision,标注者2-AUTH-TAD-0231,,,,,,,,,,,,,,,,,,,,,,,,,,,,,,,,,,,,,,,,,,,,,,,,,,,,ANONYMIZED_RATER_2,,annotation:span:AUTH-TAD-0231:r2,正确,是时间状语,时间状语,,,
annotation:span:AUTH-TAD-0231:r3,AnnotationDecision,标注者3-AUTH-TAD-0231,,,,,,,,,,,,,,,,,,,,,,,,,,,,,,,,,,,,,,,,,,,,,,,,,,,,ANONYMIZED_RATER_3,,annotation:span:AUTH-TAD-0231:r3,正确,是时间状语,时间状语,,,
sentence:SENT-0401,Sentence,电话里已经告诉他了，另外，我又写了一封信过去。,,,,,,,,,,,,,,,,,,,,,,,,,,,,,,,,,SENT-0401,电话里已经告诉他了，另外，我又写了一封信过去。,电话里已经告诉他了另外我又写了一封信过去,国际中文教育中文水平等级标准·语法学习手册（初等）,初等,332,例如： *电话里已经告诉他了，另外的我又写了一封信过去,来源字段完整但仍需正版逐页核验,,,,,,,,,,,,,,,,,,,,
span:AUTH-TAD-0232,CandidateSpan,AUTH-TAD-0232｜已经,,,,,,,,,,,,,,,,,,,,,,,,,,,,,,,,,,已经,,,,,,,AUTH-TAD-0232,已经,3.0,5.0,located,candidate_span,,,,,,,,,,,,,,
consensus:AUTH-TAD-0232,ConsensusLabel,AUTH-TAD-0232｜时间状语,,,,,,,,,,,,,,,,,,,,,,,,,,,,,,,,,,,,,,,,,,已经,,,,,consensus:AUTH-TAD-0232,TEMPORAL_ADVERBIAL,完全一致,完全一致,完全一致,,,,,,,,,
annotation:span:AUTH-TAD-0232:r1,AnnotationDecision,标注者1-AUTH-TAD-0232,,,,,,,,,,,,,,,,,,,,,,,,,,,,,,,,,,,,,,,,,,,,,,,,,,,,ANONYMIZED_RATER_1,,annotation:span:AUTH-TAD-0232:r1,正确,是时间状语,时间状语,,,
annotation:span:AUTH-TAD-0232:r2,AnnotationDecision,标注者2-AUTH-TAD-0232,,,,,,,,,,,,,,,,,,,,,,,,,,,,,,,,,,,,,,,,,,,,,,,,,,,,ANONYMIZED_RATER_2,,annotation:span:AUTH-TAD-0232:r2,正确,是时间状语,时间状语,,,
annotation:span:AUTH-TAD-0232:r3,AnnotationDecision,标注者3-AUTH-TAD-0232,,,,,,,,,,,,,,,,,,,,,,,,,,,,,,,,,,,,,,,,,,,,,,,,,,,,ANONYMIZED_RATER_3,,annotation:span:AUTH-TAD-0232:r3,正确,是时间状语,时间状语,,,
sentence:SENT-0005,Sentence,丈夫：已经约好了。,,,,,,,,,,,,,,,,,,,,,,,,,,,,,,,,,SENT-0005,丈夫：已经约好了。,丈夫已经约好了,国际中文教育中文水平等级标准·语法学习手册（中等）,中等,106,不管有 电脑? 丈夫：已经约好了,来源字段完整但仍需正版逐页核验,,,,,,,,,,,,,,,,,,,,
span:AUTH-TAD-0233,CandidateSpan,AUTH-TAD-0233｜已经,,,,,,,,,,,,,,,,,,,,,,,,,,,,,,,,,,已经,,,,,,,AUTH-TAD-0233,已经,3.0,5.0,located,candidate_span,,,,,,,,,,,,,,
consensus:AUTH-TAD-0233,ConsensusLabel,AUTH-TAD-0233｜时间状语,,,,,,,,,,,,,,,,,,,,,,,,,,,,,,,,,,,,,,,,,,已经,,,,,consensus:AUTH-TAD-0233,TEMPORAL_ADVERBIAL,完全一致,完全一致,完全一致,,,,,,,,,
annotation:span:AUTH-TAD-0233:r1,AnnotationDecision,标注者1-AUTH-TAD-0233,,,,,,,,,,,,,,,,,,,,,,,,,,,,,,,,,,,,,,,,,,,,,,,,,,,,ANONYMIZED_RATER_1,,annotation:span:AUTH-TAD-0233:r1,正确,是时间状语,时间状语,,,
annotation:span:AUTH-TAD-0233:r2,AnnotationDecision,标注者2-AUTH-TAD-0233,,,,,,,,,,,,,,,,,,,,,,,,,,,,,,,,,,,,,,,,,,,,,,,,,,,,ANONYMIZED_RATER_2,,annotation:span:AUTH-TAD-0233:r2,正确,是时间状语,时间状语,,,
annotation:span:AUTH-TAD-0233:r3,AnnotationDecision,标注者3-AUTH-TAD-0233,,,,,,,,,,,,,,,,,,,,,,,,,,,,,,,,,,,,,,,,,,,,,,,,,,,,ANONYMIZED_RATER_3,,annotation:span:AUTH-TAD-0233:r3,正确,是时间状语,时间状语,,,
sentence:SENT-0041,Sentence,今天外面有冬天那么冷。,,,,,,,,,,,,,,,,,,,,,,,,,,,,,,,,,SENT-0041,今天外面有冬天那么冷。,今天外面有冬天那么冷,国际中文教育中文水平等级标准·语法学习手册（初等）,初等,212,这么流利吗? B:没错，听说她家的 B:我妹妹刚刚开始学 院子有球场那么大,来源字段完整但仍需正版逐页核验,,,,,,,,,,,,,,,,,,,,
span:AUTH-TAD-0234,CandidateSpan,AUTH-TAD-0234｜今天,,,,,,,,,,,,,,,,,,,,,,,,,,,,,,,,,,今天,,,,,,,AUTH-TAD-0234,今天,0.0,2.0,located,candidate_span,,,,,,,,,,,,,,
consensus:AUTH-TAD-0234,ConsensusLabel,AUTH-TAD-0234｜时间状语,,,,,,,,,,,,,,,,,,,,,,,,,,,,,,,,,,,,,,,,,,今天,,,,,consensus:AUTH-TAD-0234,TEMPORAL_ADVERBIAL,完全一致,完全一致,完全一致,,,,,,,,,
annotation:span:AUTH-TAD-0234:r1,AnnotationDecision,标注者1-AUTH-TAD-0234,,,,,,,,,,,,,,,,,,,,,,,,,,,,,,,,,,,,,,,,,,,,,,,,,,,,ANONYMIZED_RATER_1,,annotation:span:AUTH-TAD-0234:r1,正确,是时间状语,时间状语,,,
annotation:span:AUTH-TAD-0234:r2,AnnotationDecision,标注者2-AUTH-TAD-0234,,,,,,,,,,,,,,,,,,,,,,,,,,,,,,,,,,,,,,,,,,,,,,,,,,,,ANONYMIZED_RATER_2,,annotation:span:AUTH-TAD-0234:r2,正确,是时间状语,时间状语,,,
annotation:span:AUTH-TAD-0234:r3,AnnotationDecision,标注者3-AUTH-TAD-0234,,,,,,,,,,,,,,,,,,,,,,,,,,,,,,,,,,,,,,,,,,,,,,,,,,,,ANONYMIZED_RATER_3,,annotation:span:AUTH-TAD-0234:r3,正确,是时间状语,时间状语,,,
sentence:SENT-0428,Sentence,请明天来我这里。,,,,,,,,,,,,,,,,,,,,,,,,,,,,,,,,,SENT-0428,请明天来我这里。,请明天来我这里,国际中文教育中文水平等级标准·语法学习手册（初等）,初等,42,,页面线索缺失,,,,,,,,,,,,,,,,,,,,
span:AUTH-TAD-0235,CandidateSpan,AUTH-TAD-0235｜明天,,,,,,,,,,,,,,,,,,,,,,,,,,,,,,,,,,明天,,,,,,,AUTH-TAD-0235,明天,1.0,3.0,located,candidate_span,,,,,,,,,,,,,,
consensus:AUTH-TAD-0235,ConsensusLabel,AUTH-TAD-0235｜时间状语,,,,,,,,,,,,,,,,,,,,,,,,,,,,,,,,,,,,,,,,,,明天,,,,,consensus:AUTH-TAD-0235,TEMPORAL_ADVERBIAL,完全一致,完全一致,完全一致,,,,,,,,,
annotation:span:AUTH-TAD-0235:r1,AnnotationDecision,标注者1-AUTH-TAD-0235,,,,,,,,,,,,,,,,,,,,,,,,,,,,,,,,,,,,,,,,,,,,,,,,,,,,ANONYMIZED_RATER_1,,annotation:span:AUTH-TAD-0235:r1,正确,是时间状语,时间状语,,,
annotation:span:AUTH-TAD-0235:r2,AnnotationDecision,标注者2-AUTH-TAD-0235,,,,,,,,,,,,,,,,,,,,,,,,,,,,,,,,,,,,,,,,,,,,,,,,,,,,ANONYMIZED_RATER_2,,annotation:span:AUTH-TAD-0235:r2,正确,是时间状语,时间状语,,,
annotation:span:AUTH-TAD-0235:r3,AnnotationDecision,标注者3-AUTH-TAD-0235,,,,,,,,,,,,,,,,,,,,,,,,,,,,,,,,,,,,,,,,,,,,,,,,,,,,ANONYMIZED_RATER_3,,annotation:span:AUTH-TAD-0235:r3,正确,是时间状语,时间状语,,,
sentence:SENT-0410,Sentence,约好了八点见面，他竟然迟到了一个小时。,,,,,,,,,,,,,,,,,,,,,,,,,,,,,,,,,SENT-0410,约好了八点见面，他竟然迟到了一个小时。,约好了八点见面他竟然迟到了一个小时,国际中文教育中文水平等级标准·语法学习手册（中等）,中等,36,我刚开始也不 学生：老师，我们觉 B:真的吗,来源字段完整但仍需正版逐页核验,,,,,,,,,,,,,,,,,,,,
span:AUTH-TAD-0236,CandidateSpan,AUTH-TAD-0236｜八点,,,,,,,,,,,,,,,,,,,,,,,,,,,,,,,,,,八点,,,,,,,AUTH-TAD-0236,八点,3.0,5.0,located,candidate_span,,,,,,,,,,,,,,
consensus:AUTH-TAD-0236,ConsensusLabel,AUTH-TAD-0236｜时间状语,,,,,,,,,,,,,,,,,,,,,,,,,,,,,,,,,,,,,,,,,,八点,,,,,consensus:AUTH-TAD-0236,TEMPORAL_ADVERBIAL,完全一致,完全一致,完全一致,,,,,,,,,
annotation:span:AUTH-TAD-0236:r1,AnnotationDecision,标注者1-AUTH-TAD-0236,,,,,,,,,,,,,,,,,,,,,,,,,,,,,,,,,,,,,,,,,,,,,,,,,,,,ANONYMIZED_RATER_1,,annotation:span:AUTH-TAD-0236:r1,正确,是时间状语,时间状语,,,
annotation:span:AUTH-TAD-0236:r2,AnnotationDecision,标注者2-AUTH-TAD-0236,,,,,,,,,,,,,,,,,,,,,,,,,,,,,,,,,,,,,,,,,,,,,,,,,,,,ANONYMIZED_RATER_2,,annotation:span:AUTH-TAD-0236:r2,正确,是时间状语,时间状语,,,
annotation:span:AUTH-TAD-0236:r3,AnnotationDecision,标注者3-AUTH-TAD-0236,,,,,,,,,,,,,,,,,,,,,,,,,,,,,,,,,,,,,,,,,,,,,,,,,,,,ANONYMIZED_RATER_3,,annotation:span:AUTH-TAD-0236:r3,正确,是时间状语,时间状语,,,
sentence:SENT-0374,Sentence,每周都给他们打电话。,,,,,,,,,,,,,,,,,,,,,,,,,,,,,,,,,SENT-0374,每周都给他们打电话。,每周都给他们打电话,国际中文教育中文水平等级标准·语法学习手册（初等）,初等,383,，他 为了学好中文，我每 为了让父母放心，我例句 每天坚持运动,来源字段完整但仍需正版逐页核验,,,,,,,,,,,,,,,,,,,,
span:AUTH-TAD-0237,CandidateSpan,AUTH-TAD-0237｜每周,,,,,,,,,,,,,,,,,,,,,,,,,,,,,,,,,,每周,,,,,,,AUTH-TAD-0237,每周,0.0,2.0,located,candidate_span,,,,,,,,,,,,,,
consensus:AUTH-TAD-0237,ConsensusLabel,AUTH-TAD-0237｜时间状语,,,,,,,,,,,,,,,,,,,,,,,,,,,,,,,,,,,,,,,,,,每周,,,,,consensus:AUTH-TAD-0237,TEMPORAL_ADVERBIAL,完全一致,完全一致,完全一致,,,,,,,,,
annotation:span:AUTH-TAD-0237:r1,AnnotationDecision,标注者1-AUTH-TAD-0237,,,,,,,,,,,,,,,,,,,,,,,,,,,,,,,,,,,,,,,,,,,,,,,,,,,,ANONYMIZED_RATER_1,,annotation:span:AUTH-TAD-0237:r1,正确,是时间状语,时间状语,,,
annotation:span:AUTH-TAD-0237:r2,AnnotationDecision,标注者2-AUTH-TAD-0237,,,,,,,,,,,,,,,,,,,,,,,,,,,,,,,,,,,,,,,,,,,,,,,,,,,,ANONYMIZED_RATER_2,,annotation:span:AUTH-TAD-0237:r2,正确,是时间状语,时间状语,,,
annotation:span:AUTH-TAD-0237:r3,AnnotationDecision,标注者3-AUTH-TAD-0237,,,,,,,,,,,,,,,,,,,,,,,,,,,,,,,,,,,,,,,,,,,,,,,,,,,,ANONYMIZED_RATER_3,,annotation:span:AUTH-TAD-0237:r3,正确,是时间状语,时间状语,,,
sentence:SENT-0156,Sentence,你看，今天的天空格外地蓝。,,,,,,,,,,,,,,,,,,,,,,,,,,,,,,,,,SENT-0156,你看，今天的天空格外地蓝。,你看今天的天空格外地蓝,国际中文教育中文水平等级标准·语法学习手册（中等）,中等,14,不去嘛! ◎结构特点 “人家”可以作主语、宾语或者定语,来源字段完整但仍需正版逐页核验,,,,,,,,,,,,,,,,,,,,
span:AUTH-TAD-0238,CandidateSpan,AUTH-TAD-0238｜今天,,,,,,,,,,,,,,,,,,,,,,,,,,,,,,,,,,今天,,,,,,,AUTH-TAD-0238,今天,3.0,5.0,located,candidate_span,,,,,,,,,,,,,,
consensus:AUTH-TAD-0238,ConsensusLabel,AUTH-TAD-0238｜时间定语,,,,,,,,,,,,,,,,,,,,,,,,,,,,,,,,,,,,,,,,,,今天,,,,,consensus:AUTH-TAD-0238,ATTRIBUTE,完全一致,完全一致,完全一致,,,,,,,,,
annotation:span:AUTH-TAD-0238:r1,AnnotationDecision,标注者1-AUTH-TAD-0238,,,,,,,,,,,,,,,,,,,,,,,,,,,,,,,,,,,,,,,,,,,,,,,,,,,,ANONYMIZED_RATER_1,,annotation:span:AUTH-TAD-0238:r1,正确,不是时间状语,时间定语,,,
annotation:span:AUTH-TAD-0238:r2,AnnotationDecision,标注者2-AUTH-TAD-0238,,,,,,,,,,,,,,,,,,,,,,,,,,,,,,,,,,,,,,,,,,,,,,,,,,,,ANONYMIZED_RATER_2,,annotation:span:AUTH-TAD-0238:r2,正确,不是时间状语,时间定语,,,
annotation:span:AUTH-TAD-0238:r3,AnnotationDecision,标注者3-AUTH-TAD-0238,,,,,,,,,,,,,,,,,,,,,,,,,,,,,,,,,,,,,,,,,,,,,,,,,,,,ANONYMIZED_RATER_3,,annotation:span:AUTH-TAD-0238:r3,正确,不是时间状语,时间定语,,,
sentence:SENT-0063,Sentence,今年公司的总利润比去年降低了不少。,,,,,,,,,,,,,,,,,,,,,,,,,,,,,,,,,SENT-0063,今年公司的总利润比去年降低了不少。,今年公司的总利润比去年降低了不少,国际中文教育中文水平等级标准·语法学习手册（高等）,高等,65,◎ 补充例句 他每天的工作无非就是联系客户、推销新产品,来源字段完整但仍需正版逐页核验,,,,,,,,,,,,,,,,,,,,
span:AUTH-TAD-0239,CandidateSpan,AUTH-TAD-0239｜去年,,,,,,,,,,,,,,,,,,,,,,,,,,,,,,,,,,去年,,,,,,,AUTH-TAD-0239,去年,9.0,11.0,located,candidate_span,,,,,,,,,,,,,,
consensus:AUTH-TAD-0239,ConsensusLabel,AUTH-TAD-0239｜时间定语,,,,,,,,,,,,,,,,,,,,,,,,,,,,,,,,,,,,,,,,,,去年,,,,,consensus:AUTH-TAD-0239,ATTRIBUTE,平票,完全一致,平票,,,,,,,,,
annotation:span:AUTH-TAD-0239:r1,AnnotationDecision,标注者1-AUTH-TAD-0239,,,,,,,,,,,,,,,,,,,,,,,,,,,,,,,,,,,,,,,,,,,,,,,,,,,,ANONYMIZED_RATER_1,,annotation:span:AUTH-TAD-0239:r1,正确,不是时间状语,时间定语,,,
annotation:span:AUTH-TAD-0239:r2,AnnotationDecision,标注者2-AUTH-TAD-0239,,,,,,,,,,,,,,,,,,,,,,,,,,,,,,,,,,,,,,,,,,,,,,,,,,,,ANONYMIZED_RATER_2,,annotation:span:AUTH-TAD-0239:r2,不是时间表达,不是时间状语,提取错误：不是时间表达,无,,
annotation:span:AUTH-TAD-0239:r3,AnnotationDecision,标注者3-AUTH-TAD-0239,,,,,,,,,,,,,,,,,,,,,,,,,,,,,,,,,,,,,,,,,,,,,,,,,,,,ANONYMIZED_RATER_3,,annotation:span:AUTH-TAD-0239:r3,漏检：有目标时间状语,不是时间状语,普通时间名词/词语引用,今年,,
sentence:SENT-0230,Sentence,妻子：我已经穿好衣服准备要走了，可孩子偏偏醒了。,,,,,,,,,,,,,,,,,,,,,,,,,,,,,,,,,SENT-0230,妻子：我已经穿好衣服准备要走了，可孩子偏偏醒了。,妻子我已经穿好衣服准备要走了可孩子偏偏醒了,国际中文教育中文水平等级标准·语法学习手册（高等）,高等,59,我已经穿好衣服准 (在家，询问没有出门的原因),来源字段完整但仍需正版逐页核验,,,,,,,,,,,,,,,,,,,,
span:AUTH-TAD-0240,CandidateSpan,AUTH-TAD-0240｜已经,,,,,,,,,,,,,,,,,,,,,,,,,,,,,,,,,,已经,,,,,,,AUTH-TAD-0240,已经,4.0,6.0,located,candidate_span,,,,,,,,,,,,,,
consensus:AUTH-TAD-0240,ConsensusLabel,AUTH-TAD-0240｜时间状语,,,,,,,,,,,,,,,,,,,,,,,,,,,,,,,,,,,,,,,,,,已经,,,,,consensus:AUTH-TAD-0240,TEMPORAL_ADVERBIAL,完全一致,完全一致,完全一致,,,,,,,,,
annotation:span:AUTH-TAD-0240:r1,AnnotationDecision,标注者1-AUTH-TAD-0240,,,,,,,,,,,,,,,,,,,,,,,,,,,,,,,,,,,,,,,,,,,,,,,,,,,,ANONYMIZED_RATER_1,,annotation:span:AUTH-TAD-0240:r1,正确,是时间状语,时间状语,,,
annotation:span:AUTH-TAD-0240:r2,AnnotationDecision,标注者2-AUTH-TAD-0240,,,,,,,,,,,,,,,,,,,,,,,,,,,,,,,,,,,,,,,,,,,,,,,,,,,,ANONYMIZED_RATER_2,,annotation:span:AUTH-TAD-0240:r2,正确,是时间状语,时间状语,,,
annotation:span:AUTH-TAD-0240:r3,AnnotationDecision,标注者3-AUTH-TAD-0240,,,,,,,,,,,,,,,,,,,,,,,,,,,,,,,,,,,,,,,,,,,,,,,,,,,,ANONYMIZED_RATER_3,,annotation:span:AUTH-TAD-0240:r3,正确,是时间状语,时间状语,,,
span:AUTH-TAD-0241,CandidateSpan,AUTH-TAD-0241｜下午,,,,,,,,,,,,,,,,,,,,,,,,,,,,,,,,,,下午,,,,,,,AUTH-TAD-0241,下午六点以后,8.0,10.0,located,majority_fixed_span,,,,,,,,,,,,,,
consensus:AUTH-TAD-0241,ConsensusLabel,AUTH-TAD-0241｜其他/非目标时间用法,,,,,,,,,,,,,,,,,,,,,,,,,,,,,,,,,,,,,,,,,,下午六点以后,,,,,consensus:AUTH-TAD-0241,OTHER,完全一致,完全一致,完全一致,,,,,,,,,
annotation:span:AUTH-TAD-0241:r1,AnnotationDecision,标注者1-AUTH-TAD-0241,,,,,,,,,,,,,,,,,,,,,,,,,,,,,,,,,,,,,,,,,,,,,,,,,,,,ANONYMIZED_RATER_1,,annotation:span:AUTH-TAD-0241:r1,边界不完整,不是时间状语,提取错误：边界不完整,下午六点以后,,
annotation:span:AUTH-TAD-0241:r2,AnnotationDecision,标注者2-AUTH-TAD-0241,,,,,,,,,,,,,,,,,,,,,,,,,,,,,,,,,,,,,,,,,,,,,,,,,,,,ANONYMIZED_RATER_2,,annotation:span:AUTH-TAD-0241:r2,边界不完整,不是时间状语,提取错误：边界不完整,下午六点以后,,
annotation:span:AUTH-TAD-0241:r3,AnnotationDecision,标注者3-AUTH-TAD-0241,,,,,,,,,,,,,,,,,,,,,,,,,,,,,,,,,,,,,,,,,,,,,,,,,,,,ANONYMIZED_RATER_3,,annotation:span:AUTH-TAD-0241:r3,边界不完整,不是时间状语,提取错误：边界不完整,下午六点以后,,
span:AUTH-TAD-0242,CandidateSpan,AUTH-TAD-0242｜今年,,,,,,,,,,,,,,,,,,,,,,,,,,,,,,,,,,今年,,,,,,,AUTH-TAD-0242,今年,4.0,6.0,located,candidate_span,,,,,,,,,,,,,,
consensus:AUTH-TAD-0242,ConsensusLabel,AUTH-TAD-0242｜时间定语,,,,,,,,,,,,,,,,,,,,,,,,,,,,,,,,,,,,,,,,,,今年,,,,,consensus:AUTH-TAD-0242,ATTRIBUTE,完全一致,完全一致,完全一致,,,,,,,,,
annotation:span:AUTH-TAD-0242:r1,AnnotationDecision,标注者1-AUTH-TAD-0242,,,,,,,,,,,,,,,,,,,,,,,,,,,,,,,,,,,,,,,,,,,,,,,,,,,,ANONYMIZED_RATER_1,,annotation:span:AUTH-TAD-0242:r1,正确,不是时间状语,时间定语,,,
annotation:span:AUTH-TAD-0242:r2,AnnotationDecision,标注者2-AUTH-TAD-0242,,,,,,,,,,,,,,,,,,,,,,,,,,,,,,,,,,,,,,,,,,,,,,,,,,,,ANONYMIZED_RATER_2,,annotation:span:AUTH-TAD-0242:r2,正确,不是时间状语,时间定语,,,
annotation:span:AUTH-TAD-0242:r3,AnnotationDecision,标注者3-AUTH-TAD-0242,,,,,,,,,,,,,,,,,,,,,,,,,,,,,,,,,,,,,,,,,,,,,,,,,,,,ANONYMIZED_RATER_3,,annotation:span:AUTH-TAD-0242:r3,正确,不是时间状语,时间定语,,,
sentence:SENT-0311,Sentence,我要尽快做完今天的作业。,,,,,,,,,,,,,,,,,,,,,,,,,,,,,,,,,SENT-0311,我要尽快做完今天的作业。,我要尽快做完今天的作业,国际中文教育中文水平等级标准·语法学习手册（中等）,中等,24,你想尽快通过考试，就必须抓紧时间学习,来源字段完整但仍需正版逐页核验,,,,,,,,,,,,,,,,,,,,
span:AUTH-TAD-0243,CandidateSpan,AUTH-TAD-0243｜今天,,,,,,,,,,,,,,,,,,,,,,,,,,,,,,,,,,今天,,,,,,,AUTH-TAD-0243,今天,6.0,8.0,located,candidate_span,,,,,,,,,,,,,,
consensus:AUTH-TAD-0243,ConsensusLabel,AUTH-TAD-0243｜时间定语,,,,,,,,,,,,,,,,,,,,,,,,,,,,,,,,,,,,,,,,,,今天,,,,,consensus:AUTH-TAD-0243,ATTRIBUTE,完全一致,完全一致,完全一致,,,,,,,,,
annotation:span:AUTH-TAD-0243:r1,AnnotationDecision,标注者1-AUTH-TAD-0243,,,,,,,,,,,,,,,,,,,,,,,,,,,,,,,,,,,,,,,,,,,,,,,,,,,,ANONYMIZED_RATER_1,,annotation:span:AUTH-TAD-0243:r1,正确,不是时间状语,时间定语,,,
annotation:span:AUTH-TAD-0243:r2,AnnotationDecision,标注者2-AUTH-TAD-0243,,,,,,,,,,,,,,,,,,,,,,,,,,,,,,,,,,,,,,,,,,,,,,,,,,,,ANONYMIZED_RATER_2,,annotation:span:AUTH-TAD-0243:r2,正确,不是时间状语,时间定语,,,
annotation:span:AUTH-TAD-0243:r3,AnnotationDecision,标注者3-AUTH-TAD-0243,,,,,,,,,,,,,,,,,,,,,,,,,,,,,,,,,,,,,,,,,,,,,,,,,,,,ANONYMIZED_RATER_3,,annotation:span:AUTH-TAD-0243:r3,正确,不是时间状语,时间定语,,,
sentence:SENT-0363,Sentence,晚上吃面条儿怎么样?,,,,,,,,,,,,,,,,,,,,,,,,,,,,,,,,,SENT-0363,晚上吃面条儿怎么样?,晚上吃面条儿怎么样,国际中文教育中文水平等级标准·语法学习手册（初等）,初等,248,级语法点 ◎ 补充例句 你们什么时候见面? 他为什么想学中文? 咱们什么时候,来源字段完整但仍需正版逐页核验,,,,,,,,,,,,,,,,,,,,
span:AUTH-TAD-0244,CandidateSpan,AUTH-TAD-0244｜晚上,,,,,,,,,,,,,,,,,,,,,,,,,,,,,,,,,,晚上,,,,,,,AUTH-TAD-0244,晚上,0.0,2.0,located,candidate_span,,,,,,,,,,,,,,
consensus:AUTH-TAD-0244,ConsensusLabel,AUTH-TAD-0244｜时间状语,,,,,,,,,,,,,,,,,,,,,,,,,,,,,,,,,,,,,,,,,,晚上,,,,,consensus:AUTH-TAD-0244,TEMPORAL_ADVERBIAL,完全一致,完全一致,完全一致,,,,,,,,,
annotation:span:AUTH-TAD-0244:r1,AnnotationDecision,标注者1-AUTH-TAD-0244,,,,,,,,,,,,,,,,,,,,,,,,,,,,,,,,,,,,,,,,,,,,,,,,,,,,ANONYMIZED_RATER_1,,annotation:span:AUTH-TAD-0244:r1,正确,是时间状语,时间状语,,,
annotation:span:AUTH-TAD-0244:r2,AnnotationDecision,标注者2-AUTH-TAD-0244,,,,,,,,,,,,,,,,,,,,,,,,,,,,,,,,,,,,,,,,,,,,,,,,,,,,ANONYMIZED_RATER_2,,annotation:span:AUTH-TAD-0244:r2,正确,是时间状语,时间状语,,,
annotation:span:AUTH-TAD-0244:r3,AnnotationDecision,标注者3-AUTH-TAD-0244,,,,,,,,,,,,,,,,,,,,,,,,,,,,,,,,,,,,,,,,,,,,,,,,,,,,ANONYMIZED_RATER_3,,annotation:span:AUTH-TAD-0244:r3,正确,是时间状语,时间状语,,,
sentence:SENT-0168,Sentence,别忘了交作业，今天是最后期限了。,,,,,,,,,,,,,,,,,,,,,,,,,,,,,,,,,SENT-0168,别忘了交作业，今天是最后期限了。,别忘了交作业今天是最后期限了,国际中文教育中文水平等级标准·语法学习手册（高等）,高等,66,S+)无非+是/就是+NP/VP(+罢了/而已) 每天回家吃饭，无非 就是 那几样菜,来源字段完整但仍需正版逐页核验,,,,,,,,,,,,,,,,,,,,
span:AUTH-TAD-0245,CandidateSpan,AUTH-TAD-0245｜今天,,,,,,,,,,,,,,,,,,,,,,,,,,,,,,,,,,今天,,,,,,,AUTH-TAD-0245,今天,7.0,9.0,located,candidate_span,,,,,,,,,,,,,,
consensus:AUTH-TAD-0245,ConsensusLabel,AUTH-TAD-0245｜其他/非目标时间用法,,,,,,,,,,,,,,,,,,,,,,,,,,,,,,,,,,,,,,,,,,今天,,,,,consensus:AUTH-TAD-0245,OTHER,多数一致,完全一致,多数一致,,,,,,,,,
annotation:span:AUTH-TAD-0245:r1,AnnotationDecision,标注者1-AUTH-TAD-0245,,,,,,,,,,,,,,,,,,,,,,,,,,,,,,,,,,,,,,,,,,,,,,,,,,,,ANONYMIZED_RATER_1,,annotation:span:AUTH-TAD-0245:r1,正确,不是时间状语,普通时间名词/词语引用,,,
annotation:span:AUTH-TAD-0245:r2,AnnotationDecision,标注者2-AUTH-TAD-0245,,,,,,,,,,,,,,,,,,,,,,,,,,,,,,,,,,,,,,,,,,,,,,,,,,,,ANONYMIZED_RATER_2,,annotation:span:AUTH-TAD-0245:r2,不是时间表达,不是时间状语,提取错误：不是时间表达,无,,
annotation:span:AUTH-TAD-0245:r3,AnnotationDecision,标注者3-AUTH-TAD-0245,,,,,,,,,,,,,,,,,,,,,,,,,,,,,,,,,,,,,,,,,,,,,,,,,,,,ANONYMIZED_RATER_3,,annotation:span:AUTH-TAD-0245:r3,正确,不是时间状语,普通时间名词/词语引用,,,
sentence:SENT-0032,Sentence,今天一会儿晴，一会儿阴。,,,,,,,,,,,,,,,,,,,,,,,,,,,,,,,,,SENT-0032,今天一会儿晴，一会儿阴。,今天一会儿晴一会儿阴,国际中文教育中文水平等级标准·语法学习手册（初等）,初等,369,他经常说话不算话，一会儿答 应去，一会儿又说不,来源字段完整但仍需正版逐页核验,,,,,,,,,,,,,,,,,,,,
span:AUTH-TAD-0246,CandidateSpan,AUTH-TAD-0246｜今天,,,,,,,,,,,,,,,,,,,,,,,,,,,,,,,,,,今天,,,,,,,AUTH-TAD-0246,今天,0.0,2.0,located,candidate_span,,,,,,,,,,,,,,
consensus:AUTH-TAD-0246,ConsensusLabel,AUTH-TAD-0246｜其他/非目标时间用法,,,,,,,,,,,,,,,,,,,,,,,,,,,,,,,,,,,,,,,,,,今天,,,,,consensus:AUTH-TAD-0246,OTHER,多数一致,多数一致,平票,,,,,,,,,
annotation:span:AUTH-TAD-0246:r1,AnnotationDecision,标注者1-AUTH-TAD-0246,,,,,,,,,,,,,,,,,,,,,,,,,,,,,,,,,,,,,,,,,,,,,,,,,,,,ANONYMIZED_RATER_1,,annotation:span:AUTH-TAD-0246:r1,正确,不是时间状语,普通时间名词/词语引用,,,
annotation:span:AUTH-TAD-0246:r2,AnnotationDecision,标注者2-AUTH-TAD-0246,,,,,,,,,,,,,,,,,,,,,,,,,,,,,,,,,,,,,,,,,,,,,,,,,,,,ANONYMIZED_RATER_2,,annotation:span:AUTH-TAD-0246:r2,不是时间表达,不是时间状语,提取错误：不是时间表达,无,,
annotation:span:AUTH-TAD-0246:r3,AnnotationDecision,标注者3-AUTH-TAD-0246,,,,,,,,,,,,,,,,,,,,,,,,,,,,,,,,,,,,,,,,,,,,,,,,,,,,ANONYMIZED_RATER_3,,annotation:span:AUTH-TAD-0246:r3,正确,是时间状语,时间状语,,,
sentence:SENT-0413,Sentence,老同学，我现在遇到了困难，需要你帮我一把。,,,,,,,,,,,,,,,,,,,,,,,,,,,,,,,,,SENT-0413,老同学，我现在遇到了困难，需要你帮我一把。,老同学我现在遇到了困难需要你帮我一把,国际中文教育中文水平等级标准·语法学习手册（高等）,高等,105,等级标准·语法学习手册(高等) 可不是嘛，我儿子 每天早上七点去上班，晚上九点才能到家,来源字段完整但仍需正版逐页核验,,,,,,,,,,,,,,,,,,,,
span:AUTH-TAD-0247,CandidateSpan,AUTH-TAD-0247｜现在,,,,,,,,,,,,,,,,,,,,,,,,,,,,,,,,,,现在,,,,,,,AUTH-TAD-0247,现在,5.0,7.0,located,candidate_span,,,,,,,,,,,,,,
consensus:AUTH-TAD-0247,ConsensusLabel,AUTH-TAD-0247｜时间状语,,,,,,,,,,,,,,,,,,,,,,,,,,,,,,,,,,,,,,,,,,现在,,,,,consensus:AUTH-TAD-0247,TEMPORAL_ADVERBIAL,完全一致,完全一致,完全一致,,,,,,,,,
annotation:span:AUTH-TAD-0247:r1,AnnotationDecision,标注者1-AUTH-TAD-0247,,,,,,,,,,,,,,,,,,,,,,,,,,,,,,,,,,,,,,,,,,,,,,,,,,,,ANONYMIZED_RATER_1,,annotation:span:AUTH-TAD-0247:r1,正确,是时间状语,时间状语,,,
annotation:span:AUTH-TAD-0247:r2,AnnotationDecision,标注者2-AUTH-TAD-0247,,,,,,,,,,,,,,,,,,,,,,,,,,,,,,,,,,,,,,,,,,,,,,,,,,,,ANONYMIZED_RATER_2,,annotation:span:AUTH-TAD-0247:r2,正确,是时间状语,时间状语,,,
annotation:span:AUTH-TAD-0247:r3,AnnotationDecision,标注者3-AUTH-TAD-0247,,,,,,,,,,,,,,,,,,,,,,,,,,,,,,,,,,,,,,,,,,,,,,,,,,,,ANONYMIZED_RATER_3,,annotation:span:AUTH-TAD-0247:r3,正确,是时间状语,时间状语,,,
sentence:SENT-0406,Sentence,看到那张照片，我不禁回忆起过去美好的日子。,,,,,,,,,,,,,,,,,,,,,,,,,,,,,,,,,SENT-0406,看到那张照片，我不禁回忆起过去美好的日子。,看到那张照片我不禁回忆起过去美好的日子,国际中文教育中文水平等级标准·语法学习手册（中等）,中等,281,点 “不禁”位于主语之后、动词性成分之前，在句中作状语,来源字段完整但仍需正版逐页核验,,,,,,,,,,,,,,,,,,,,
span:AUTH-TAD-0248,CandidateSpan,AUTH-TAD-0248｜过去,,,,,,,,,,,,,,,,,,,,,,,,,,,,,,,,,,过去,,,,,,,AUTH-TAD-0248,过去,13.0,15.0,located,candidate_span,,,,,,,,,,,,,,
consensus:AUTH-TAD-0248,ConsensusLabel,AUTH-TAD-0248｜时间状语,,,,,,,,,,,,,,,,,,,,,,,,,,,,,,,,,,,,,,,,,,过去,,,,,consensus:AUTH-TAD-0248,TEMPORAL_ADVERBIAL,完全一致,多数一致,多数一致,,,,,,,,,
annotation:span:AUTH-TAD-0248:r1,AnnotationDecision,标注者1-AUTH-TAD-0248,,,,,,,,,,,,,,,,,,,,,,,,,,,,,,,,,,,,,,,,,,,,,,,,,,,,ANONYMIZED_RATER_1,,annotation:span:AUTH-TAD-0248:r1,正确,不是时间状语,时间定语,,,
annotation:span:AUTH-TAD-0248:r2,AnnotationDecision,标注者2-AUTH-TAD-0248,,,,,,,,,,,,,,,,,,,,,,,,,,,,,,,,,,,,,,,,,,,,,,,,,,,,ANONYMIZED_RATER_2,,annotation:span:AUTH-TAD-0248:r2,正确,是时间状语,时间状语,,,
annotation:span:AUTH-TAD-0248:r3,AnnotationDecision,标注者3-AUTH-TAD-0248,,,,,,,,,,,,,,,,,,,,,,,,,,,,,,,,,,,,,,,,,,,,,,,,,,,,ANONYMIZED_RATER_3,,annotation:span:AUTH-TAD-0248:r3,正确,是时间状语,时间状语,,,
sentence:SENT-0260,Sentence,我不是不帮你寄书，而是邮局已经下班了。,,,,,,,,,,,,,,,,,,,,,,,,,,,,,,,,,SENT-0260,我不是不帮你寄书，而是邮局已经下班了。,我不是不帮你寄书而是邮局已经下班了,国际中文教育中文水平等级标准·语法学习手册（中等）,中等,92,而 这不是我的书，而 这件事错的不是我，例句 是没时间,来源字段完整但仍需正版逐页核验,,,,,,,,,,,,,,,,,,,,
span:AUTH-TAD-0249,CandidateSpan,AUTH-TAD-0249｜已经,,,,,,,,,,,,,,,,,,,,,,,,,,,,,,,,,,已经,,,,,,,AUTH-TAD-0249,已经,13.0,15.0,located,candidate_span,,,,,,,,,,,,,,
consensus:AUTH-TAD-0249,ConsensusLabel,AUTH-TAD-0249｜时间状语,,,,,,,,,,,,,,,,,,,,,,,,,,,,,,,,,,,,,,,,,,已经,,,,,consensus:AUTH-TAD-0249,TEMPORAL_ADVERBIAL,完全一致,完全一致,完全一致,,,,,,,,,
annotation:span:AUTH-TAD-0249:r1,AnnotationDecision,标注者1-AUTH-TAD-0249,,,,,,,,,,,,,,,,,,,,,,,,,,,,,,,,,,,,,,,,,,,,,,,,,,,,ANONYMIZED_RATER_1,,annotation:span:AUTH-TAD-0249:r1,正确,是时间状语,时间状语,,,
annotation:span:AUTH-TAD-0249:r2,AnnotationDecision,标注者2-AUTH-TAD-0249,,,,,,,,,,,,,,,,,,,,,,,,,,,,,,,,,,,,,,,,,,,,,,,,,,,,ANONYMIZED_RATER_2,,annotation:span:AUTH-TAD-0249:r2,正确,是时间状语,时间状语,,,
annotation:span:AUTH-TAD-0249:r3,AnnotationDecision,标注者3-AUTH-TAD-0249,,,,,,,,,,,,,,,,,,,,,,,,,,,,,,,,,,,,,,,,,,,,,,,,,,,,ANONYMIZED_RATER_3,,annotation:span:AUTH-TAD-0249:r3,正确,是时间状语,时间状语,,,
sentence:SENT-0179,Sentence,吉米同玛丽昨天已经离开了北京。,,,,,,,,,,,,,,,,,,,,,,,,,,,,,,,,,SENT-0179,吉米同玛丽昨天已经离开了北京。,吉米同玛丽昨天已经离开了北京,国际中文教育中文水平等级标准·语法学习手册（中等）,中等,304,饮料同蛋糕已经准备好了，我们开始吧,来源字段完整但仍需正版逐页核验,,,,,,,,,,,,,,,,,,,,
span:AUTH-TAD-0250,CandidateSpan,AUTH-TAD-0250｜昨天,,,,,,,,,,,,,,,,,,,,,,,,,,,,,,,,,,昨天,,,,,,,AUTH-TAD-0250,昨天,5.0,7.0,located,candidate_span,,,,,,,,,,,,,,
consensus:AUTH-TAD-0250,ConsensusLabel,AUTH-TAD-0250｜时间状语,,,,,,,,,,,,,,,,,,,,,,,,,,,,,,,,,,,,,,,,,,昨天,,,,,consensus:AUTH-TAD-0250,TEMPORAL_ADVERBIAL,多数一致,多数一致,多数一致,,,,,,,,,
annotation:span:AUTH-TAD-0250:r1,AnnotationDecision,标注者1-AUTH-TAD-0250,,,,,,,,,,,,,,,,,,,,,,,,,,,,,,,,,,,,,,,,,,,,,,,,,,,,ANONYMIZED_RATER_1,,annotation:span:AUTH-TAD-0250:r1,正确,是时间状语,时间状语,,,
annotation:span:AUTH-TAD-0250:r2,AnnotationDecision,标注者2-AUTH-TAD-0250,,,,,,,,,,,,,,,,,,,,,,,,,,,,,,,,,,,,,,,,,,,,,,,,,,,,ANONYMIZED_RATER_2,,annotation:span:AUTH-TAD-0250:r2,正确,是时间状语,时间状语,,,
annotation:span:AUTH-TAD-0250:r3,AnnotationDecision,标注者3-AUTH-TAD-0250,,,,,,,,,,,,,,,,,,,,,,,,,,,,,,,,,,,,,,,,,,,,,,,,,,,,ANONYMIZED_RATER_3,,annotation:span:AUTH-TAD-0250:r3,边界不完整,不是时间状语,提取错误：边界不完整,昨天已经,,
sentence:SENT-0164,Sentence,几年前曾经下过一场雪。,,,,,,,,,,,,,,,,,,,,,,,,,,,,,,,,,SENT-0164,几年前曾经下过一场雪。,几年前曾经下过一场雪,国际中文教育中文水平等级标准·语法学习手册（初等）,初等,280,级语法点 20 时间副词(3):曾经 【三14】 ◎基本语义及用法 表示某种,来源字段完整但仍需正版逐页核验,,,,,,,,,,,,,,,,,,,,
span:AUTH-TAD-0251,CandidateSpan,AUTH-TAD-0251｜曾经,,,,,,,,,,,,,,,,,,,,,,,,,,,,,,,,,,曾经,,,,,,,AUTH-TAD-0251,曾经,3.0,5.0,located,candidate_span,,,,,,,,,,,,,,
consensus:AUTH-TAD-0251,ConsensusLabel,AUTH-TAD-0251｜时间状语,,,,,,,,,,,,,,,,,,,,,,,,,,,,,,,,,,,,,,,,,,曾经,,,,,consensus:AUTH-TAD-0251,TEMPORAL_ADVERBIAL,多数一致,多数一致,多数一致,,,,,,,,,
annotation:span:AUTH-TAD-0251:r1,AnnotationDecision,标注者1-AUTH-TAD-0251,,,,,,,,,,,,,,,,,,,,,,,,,,,,,,,,,,,,,,,,,,,,,,,,,,,,ANONYMIZED_RATER_1,,annotation:span:AUTH-TAD-0251:r1,正确,是时间状语,时间状语,,,
annotation:span:AUTH-TAD-0251:r2,AnnotationDecision,标注者2-AUTH-TAD-0251,,,,,,,,,,,,,,,,,,,,,,,,,,,,,,,,,,,,,,,,,,,,,,,,,,,,ANONYMIZED_RATER_2,,annotation:span:AUTH-TAD-0251:r2,正确,是时间状语,时间状语,,,
annotation:span:AUTH-TAD-0251:r3,AnnotationDecision,标注者3-AUTH-TAD-0251,,,,,,,,,,,,,,,,,,,,,,,,,,,,,,,,,,,,,,,,,,,,,,,,,,,,ANONYMIZED_RATER_3,,annotation:span:AUTH-TAD-0251:r3,边界不完整,不是时间状语,提取错误：边界不完整,几年前曾经,,
sentence:SENT-0400,Sentence,现在都十二点了，按说她早该睡觉了，别给她发短信了。,,,,,,,,,,,,,,,,,,,,,,,,,,,,,,,,,SENT-0400,现在都十二点了，按说她早该睡觉了，别给她发短信了。,现在都十二点了按说她早该睡觉了别给她发短信了,国际中文教育中文水平等级标准·语法学习手册（高等）,高等,43,◎补充例句 按说这个时候应该下雪了，可今年一场雪还没下,来源字段完整但仍需正版逐页核验,,,,,,,,,,,,,,,,,,,,
span:AUTH-TAD-0252,CandidateSpan,AUTH-TAD-0252｜现在,,,,,,,,,,,,,,,,,,,,,,,,,,,,,,,,,,现在,,,,,,,AUTH-TAD-0252,现在,0.0,2.0,located,candidate_span,,,,,,,,,,,,,,
consensus:AUTH-TAD-0252,ConsensusLabel,AUTH-TAD-0252｜时间状语,,,,,,,,,,,,,,,,,,,,,,,,,,,,,,,,,,,,,,,,,,现在,,,,,consensus:AUTH-TAD-0252,TEMPORAL_ADVERBIAL,多数一致,多数一致,多数一致,,,,,,,,,
annotation:span:AUTH-TAD-0252:r1,AnnotationDecision,标注者1-AUTH-TAD-0252,,,,,,,,,,,,,,,,,,,,,,,,,,,,,,,,,,,,,,,,,,,,,,,,,,,,ANONYMIZED_RATER_1,,annotation:span:AUTH-TAD-0252:r1,正确,是时间状语,时间状语,,,
annotation:span:AUTH-TAD-0252:r2,AnnotationDecision,标注者2-AUTH-TAD-0252,,,,,,,,,,,,,,,,,,,,,,,,,,,,,,,,,,,,,,,,,,,,,,,,,,,,ANONYMIZED_RATER_2,,annotation:span:AUTH-TAD-0252:r2,边界不完整,不是时间状语,提取错误：边界不完整,现在都十二点了,,
annotation:span:AUTH-TAD-0252:r3,AnnotationDecision,标注者3-AUTH-TAD-0252,,,,,,,,,,,,,,,,,,,,,,,,,,,,,,,,,,,,,,,,,,,,,,,,,,,,ANONYMIZED_RATER_3,,annotation:span:AUTH-TAD-0252:r3,正确,是时间状语,时间状语,,,
sentence:SENT-0284,Sentence,我先去上班了，晚上见。,,,,,,,,,,,,,,,,,,,,,,,,,,,,,,,,,SENT-0284,我先去上班了，晚上见。,我先去上班了晚上见,国际中文教育中文水平等级标准·语法学习手册（初等）,初等,55,级语法点 小提示 “马上”可以用于表达未发生的动作，也可以用于说,来源字段完整但仍需正版逐页核验,,,,,,,,,,,,,,,,,,,,
span:AUTH-TAD-0253,CandidateSpan,AUTH-TAD-0253｜晚上,,,,,,,,,,,,,,,,,,,,,,,,,,,,,,,,,,晚上,,,,,,,AUTH-TAD-0253,晚上,7.0,9.0,located,candidate_span,,,,,,,,,,,,,,
consensus:AUTH-TAD-0253,ConsensusLabel,AUTH-TAD-0253｜时间状语,,,,,,,,,,,,,,,,,,,,,,,,,,,,,,,,,,,,,,,,,,晚上,,,,,consensus:AUTH-TAD-0253,TEMPORAL_ADVERBIAL,完全一致,多数一致,多数一致,,,,,,,,,
annotation:span:AUTH-TAD-0253:r1,AnnotationDecision,标注者1-AUTH-TAD-0253,,,,,,,,,,,,,,,,,,,,,,,,,,,,,,,,,,,,,,,,,,,,,,,,,,,,ANONYMIZED_RATER_1,,annotation:span:AUTH-TAD-0253:r1,正确,是时间状语,时间状语,,,
annotation:span:AUTH-TAD-0253:r2,AnnotationDecision,标注者2-AUTH-TAD-0253,,,,,,,,,,,,,,,,,,,,,,,,,,,,,,,,,,,,,,,,,,,,,,,,,,,,ANONYMIZED_RATER_2,,annotation:span:AUTH-TAD-0253:r2,正确,是时间状语,时间状语,,,
annotation:span:AUTH-TAD-0253:r3,AnnotationDecision,标注者3-AUTH-TAD-0253,,,,,,,,,,,,,,,,,,,,,,,,,,,,,,,,,,,,,,,,,,,,,,,,,,,,ANONYMIZED_RATER_3,,annotation:span:AUTH-TAD-0253:r3,正确,不是时间状语,普通时间名词/词语引用,,,
sentence:SENT-0116,Sentence,他的速度慢我三分钟。,,,,,,,,,,,,,,,,,,,,,,,,,,,,,,,,,SENT-0116,他的速度慢我三分钟。,他的速度慢我三分钟,国际中文教育中文水平等级标准·语法学习手册（中等）,中等,230,◎结构特点 比较句“A+形容词+B+数量补语”中的A和B分别为不同的名词或人称代词,来源字段完整但仍需正版逐页核验,,,,,,,,,,,,,,,,,,,,
span:AUTH-TAD-0254,CandidateSpan,AUTH-TAD-0254｜三分钟,,,,,,,,,,,,,,,,,,,,,,,,,,,,,,,,,,三分钟,,,,,,,AUTH-TAD-0254,三分钟,6.0,9.0,located,candidate_span,,,,,,,,,,,,,,
consensus:AUTH-TAD-0254,ConsensusLabel,AUTH-TAD-0254｜时长/时间补语,,,,,,,,,,,,,,,,,,,,,,,,,,,,,,,,,,,,,,,,,,三分钟,,,,,consensus:AUTH-TAD-0254,COMPLEMENT,完全一致,完全一致,完全一致,,,,,,,,,
annotation:span:AUTH-TAD-0254:r1,AnnotationDecision,标注者1-AUTH-TAD-0254,,,,,,,,,,,,,,,,,,,,,,,,,,,,,,,,,,,,,,,,,,,,,,,,,,,,ANONYMIZED_RATER_1,,annotation:span:AUTH-TAD-0254:r1,正确,不是时间状语,时长补语,,,
annotation:span:AUTH-TAD-0254:r2,AnnotationDecision,标注者2-AUTH-TAD-0254,,,,,,,,,,,,,,,,,,,,,,,,,,,,,,,,,,,,,,,,,,,,,,,,,,,,ANONYMIZED_RATER_2,,annotation:span:AUTH-TAD-0254:r2,正确,不是时间状语,时长补语,,,
annotation:span:AUTH-TAD-0254:r3,AnnotationDecision,标注者3-AUTH-TAD-0254,,,,,,,,,,,,,,,,,,,,,,,,,,,,,,,,,,,,,,,,,,,,,,,,,,,,ANONYMIZED_RATER_3,,annotation:span:AUTH-TAD-0254:r3,正确,不是时间状语,时长补语,,,
sentence:SENT-0249,Sentence,年轻人常常用手机上网。,,,,,,,,,,,,,,,,,,,,,,,,,,,,,,,,,SENT-0249,年轻人常常用手机上网。,年轻人常常用手机上网,国际中文教育中文水平等级标准·语法学习手册（初等）,初等,360,” 我明天坐飞机去 我每天坐地铁上班,来源字段完整但仍需正版逐页核验,,,,,,,,,,,,,,,,,,,,
span:AUTH-TAD-0255,CandidateSpan,AUTH-TAD-0255｜常常,,,,,,,,,,,,,,,,,,,,,,,,,,,,,,,,,,常常,,,,,,,AUTH-TAD-0255,常常,3.0,5.0,located,candidate_span,,,,,,,,,,,,,,
consensus:AUTH-TAD-0255,ConsensusLabel,AUTH-TAD-0255｜时间状语,,,,,,,,,,,,,,,,,,,,,,,,,,,,,,,,,,,,,,,,,,常常,,,,,consensus:AUTH-TAD-0255,TEMPORAL_ADVERBIAL,完全一致,完全一致,完全一致,,,,,,,,,
annotation:span:AUTH-TAD-0255:r1,AnnotationDecision,标注者1-AUTH-TAD-0255,,,,,,,,,,,,,,,,,,,,,,,,,,,,,,,,,,,,,,,,,,,,,,,,,,,,ANONYMIZED_RATER_1,,annotation:span:AUTH-TAD-0255:r1,正确,是时间状语,时间状语,,,
annotation:span:AUTH-TAD-0255:r2,AnnotationDecision,标注者2-AUTH-TAD-0255,,,,,,,,,,,,,,,,,,,,,,,,,,,,,,,,,,,,,,,,,,,,,,,,,,,,ANONYMIZED_RATER_2,,annotation:span:AUTH-TAD-0255:r2,正确,是时间状语,时间状语,,,
annotation:span:AUTH-TAD-0255:r3,AnnotationDecision,标注者3-AUTH-TAD-0255,,,,,,,,,,,,,,,,,,,,,,,,,,,,,,,,,,,,,,,,,,,,,,,,,,,,ANONYMIZED_RATER_3,,annotation:span:AUTH-TAD-0255:r3,正确,是时间状语,时间状语,,,
sentence:SENT-0042,Sentence,今天外面降温了，于是我多穿了一件衣服。,,,,,,,,,,,,,,,,,,,,,,,,,,,,,,,,,SENT-0042,今天外面降温了，于是我多穿了一件衣服。,今天外面降温了于是我多穿了一件衣服,国际中文教育中文水平等级标准·语法学习手册（中等）,中等,97,,页面线索缺失,,,,,,,,,,,,,,,,,,,,
span:AUTH-TAD-0256,CandidateSpan,AUTH-TAD-0256｜今天,,,,,,,,,,,,,,,,,,,,,,,,,,,,,,,,,,今天,,,,,,,AUTH-TAD-0256,今天,0.0,2.0,located,candidate_span,,,,,,,,,,,,,,
consensus:AUTH-TAD-0256,ConsensusLabel,AUTH-TAD-0256｜时间状语,,,,,,,,,,,,,,,,,,,,,,,,,,,,,,,,,,,,,,,,,,今天,,,,,consensus:AUTH-TAD-0256,TEMPORAL_ADVERBIAL,完全一致,完全一致,完全一致,,,,,,,,,
annotation:span:AUTH-TAD-0256:r1,AnnotationDecision,标注者1-AUTH-TAD-0256,,,,,,,,,,,,,,,,,,,,,,,,,,,,,,,,,,,,,,,,,,,,,,,,,,,,ANONYMIZED_RATER_1,,annotation:span:AUTH-TAD-0256:r1,正确,是时间状语,时间状语,,,
annotation:span:AUTH-TAD-0256:r2,AnnotationDecision,标注者2-AUTH-TAD-0256,,,,,,,,,,,,,,,,,,,,,,,,,,,,,,,,,,,,,,,,,,,,,,,,,,,,ANONYMIZED_RATER_2,,annotation:span:AUTH-TAD-0256:r2,正确,是时间状语,时间状语,,,
annotation:span:AUTH-TAD-0256:r3,AnnotationDecision,标注者3-AUTH-TAD-0256,,,,,,,,,,,,,,,,,,,,,,,,,,,,,,,,,,,,,,,,,,,,,,,,,,,,ANONYMIZED_RATER_3,,annotation:span:AUTH-TAD-0256:r3,正确,是时间状语,时间状语,,,
sentence:SENT-0162,Sentence,冷就冷点儿吧，马上就春天了。,,,,,,,,,,,,,,,,,,,,,,,,,,,,,,,,,SENT-0162,冷就冷点儿吧，马上就春天了。,冷就冷点儿吧马上就春天了,国际中文教育中文水平等级标准·语法学习手册（初等）,初等,396,冷就冷点儿吧，马上就春天了,来源字段完整但仍需正版逐页核验,,,,,,,,,,,,,,,,,,,,
span:AUTH-TAD-0257,CandidateSpan,AUTH-TAD-0257｜马上,,,,,,,,,,,,,,,,,,,,,,,,,,,,,,,,,,马上,,,,,,,AUTH-TAD-0257,马上,7.0,9.0,located,candidate_span,,,,,,,,,,,,,,
consensus:AUTH-TAD-0257,ConsensusLabel,AUTH-TAD-0257｜时间状语,,,,,,,,,,,,,,,,,,,,,,,,,,,,,,,,,,,,,,,,,,马上,,,,,consensus:AUTH-TAD-0257,TEMPORAL_ADVERBIAL,完全一致,完全一致,完全一致,,,,,,,,,
annotation:span:AUTH-TAD-0257:r1,AnnotationDecision,标注者1-AUTH-TAD-0257,,,,,,,,,,,,,,,,,,,,,,,,,,,,,,,,,,,,,,,,,,,,,,,,,,,,ANONYMIZED_RATER_1,,annotation:span:AUTH-TAD-0257:r1,正确,是时间状语,时间状语,,,
annotation:span:AUTH-TAD-0257:r2,AnnotationDecision,标注者2-AUTH-TAD-0257,,,,,,,,,,,,,,,,,,,,,,,,,,,,,,,,,,,,,,,,,,,,,,,,,,,,ANONYMIZED_RATER_2,,annotation:span:AUTH-TAD-0257:r2,正确,是时间状语,时间状语,,,
annotation:span:AUTH-TAD-0257:r3,AnnotationDecision,标注者3-AUTH-TAD-0257,,,,,,,,,,,,,,,,,,,,,,,,,,,,,,,,,,,,,,,,,,,,,,,,,,,,ANONYMIZED_RATER_3,,annotation:span:AUTH-TAD-0257:r3,正确,是时间状语,时间状语,,,
sentence:SENT-0372,Sentence,来中国才一年，他的中文竟然说得这么好了。,,,,,,,,,,,,,,,,,,,,,,,,,,,,,,,,,SENT-0372,来中国才一年，他的中文竟然说得这么好了。,来中国才一年他的中文竟然说得这么好了,国际中文教育中文水平等级标准·语法学习手册（中等）,中等,36,我刚开始也不 学生：老师，我们觉 B:真的吗,来源字段完整但仍需正版逐页核验,,,,,,,,,,,,,,,,,,,,
span:AUTH-TAD-0258,CandidateSpan,AUTH-TAD-0258｜一年,,,,,,,,,,,,,,,,,,,,,,,,,,,,,,,,,,一年,,,,,,,AUTH-TAD-0258,一年,4.0,6.0,located,candidate_span,,,,,,,,,,,,,,
consensus:AUTH-TAD-0258,ConsensusLabel,AUTH-TAD-0258｜时长/时间补语,,,,,,,,,,,,,,,,,,,,,,,,,,,,,,,,,,,,,,,,,,一年,,,,,consensus:AUTH-TAD-0258,COMPLEMENT,完全一致,完全一致,完全一致,,,,,,,,,
annotation:span:AUTH-TAD-0258:r1,AnnotationDecision,标注者1-AUTH-TAD-0258,,,,,,,,,,,,,,,,,,,,,,,,,,,,,,,,,,,,,,,,,,,,,,,,,,,,ANONYMIZED_RATER_1,,annotation:span:AUTH-TAD-0258:r1,正确,不是时间状语,时长补语,,,
annotation:span:AUTH-TAD-0258:r2,AnnotationDecision,标注者2-AUTH-TAD-0258,,,,,,,,,,,,,,,,,,,,,,,,,,,,,,,,,,,,,,,,,,,,,,,,,,,,ANONYMIZED_RATER_2,,annotation:span:AUTH-TAD-0258:r2,正确,不是时间状语,时长补语,,,
annotation:span:AUTH-TAD-0258:r3,AnnotationDecision,标注者3-AUTH-TAD-0258,,,,,,,,,,,,,,,,,,,,,,,,,,,,,,,,,,,,,,,,,,,,,,,,,,,,ANONYMIZED_RATER_3,,annotation:span:AUTH-TAD-0258:r3,正确,不是时间状语,时长补语,,,
sentence:SENT-0051,Sentence,今天比昨天还凉快。,,,,,,,,,,,,,,,,,,,,,,,,,,,,,,,,,SENT-0051,今天比昨天还凉快。,今天比昨天还凉快,国际中文教育中文水平等级标准·语法学习手册（初等）,初等,210,,页面线索缺失,,,,,,,,,,,,,,,,,,,,
span:AUTH-TAD-0259,CandidateSpan,AUTH-TAD-0259｜昨天,,,,,,,,,,,,,,,,,,,,,,,,,,,,,,,,,,昨天,,,,,,,AUTH-TAD-0259,昨天,3.0,5.0,located,candidate_span,,,,,,,,,,,,,,
consensus:AUTH-TAD-0259,ConsensusLabel,AUTH-TAD-0259｜其他/非目标时间用法,,,,,,,,,,,,,,,,,,,,,,,,,,,,,,,,,,,,,,,,,,昨天,,,,,consensus:AUTH-TAD-0259,OTHER,多数一致,完全一致,多数一致,,,,,,,,,
annotation:span:AUTH-TAD-0259:r1,AnnotationDecision,标注者1-AUTH-TAD-0259,,,,,,,,,,,,,,,,,,,,,,,,,,,,,,,,,,,,,,,,,,,,,,,,,,,,ANONYMIZED_RATER_1,,annotation:span:AUTH-TAD-0259:r1,正确,不是时间状语,普通时间名词/词语引用,,,
annotation:span:AUTH-TAD-0259:r2,AnnotationDecision,标注者2-AUTH-TAD-0259,,,,,,,,,,,,,,,,,,,,,,,,,,,,,,,,,,,,,,,,,,,,,,,,,,,,ANONYMIZED_RATER_2,,annotation:span:AUTH-TAD-0259:r2,不是时间表达,不是时间状语,提取错误：不是时间表达,无,,
annotation:span:AUTH-TAD-0259:r3,AnnotationDecision,标注者3-AUTH-TAD-0259,,,,,,,,,,,,,,,,,,,,,,,,,,,,,,,,,,,,,,,,,,,,,,,,,,,,ANONYMIZED_RATER_3,,annotation:span:AUTH-TAD-0259:r3,正确,不是时间状语,普通时间名词/词语引用,,,
sentence:SENT-0131,Sentence,你先把位置留着，我马上就来。,,,,,,,,,,,,,,,,,,,,,,,,,,,,,,,,,SENT-0131,你先把位置留着，我马上就来。,你先把位置留着我马上就来,国际中文教育中文水平等级标准·语法学习手册（中等）,中等,80,你先把位置留着，我马上就来,来源字段完整但仍需正版逐页核验,,,,,,,,,,,,,,,,,,,,
span:AUTH-TAD-0260,CandidateSpan,AUTH-TAD-0260｜马上,,,,,,,,,,,,,,,,,,,,,,,,,,,,,,,,,,马上,,,,,,,AUTH-TAD-0260,马上,9.0,11.0,located,candidate_span,,,,,,,,,,,,,,
consensus:AUTH-TAD-0260,ConsensusLabel,AUTH-TAD-0260｜时间状语,,,,,,,,,,,,,,,,,,,,,,,,,,,,,,,,,,,,,,,,,,马上,,,,,consensus:AUTH-TAD-0260,TEMPORAL_ADVERBIAL,完全一致,完全一致,完全一致,,,,,,,,,
annotation:span:AUTH-TAD-0260:r1,AnnotationDecision,标注者1-AUTH-TAD-0260,,,,,,,,,,,,,,,,,,,,,,,,,,,,,,,,,,,,,,,,,,,,,,,,,,,,ANONYMIZED_RATER_1,,annotation:span:AUTH-TAD-0260:r1,正确,是时间状语,时间状语,,,
annotation:span:AUTH-TAD-0260:r2,AnnotationDecision,标注者2-AUTH-TAD-0260,,,,,,,,,,,,,,,,,,,,,,,,,,,,,,,,,,,,,,,,,,,,,,,,,,,,ANONYMIZED_RATER_2,,annotation:span:AUTH-TAD-0260:r2,正确,是时间状语,时间状语,,,
annotation:span:AUTH-TAD-0260:r3,AnnotationDecision,标注者3-AUTH-TAD-0260,,,,,,,,,,,,,,,,,,,,,,,,,,,,,,,,,,,,,,,,,,,,,,,,,,,,ANONYMIZED_RATER_3,,annotation:span:AUTH-TAD-0260:r3,正确,是时间状语,时间状语,,,
span:AUTH-TAD-0261,CandidateSpan,AUTH-TAD-0261｜明天,,,,,,,,,,,,,,,,,,,,,,,,,,,,,,,,,,明天,,,,,,,AUTH-TAD-0261,明天,0.0,2.0,located,candidate_span,,,,,,,,,,,,,,
consensus:AUTH-TAD-0261,ConsensusLabel,AUTH-TAD-0261｜时间状语,,,,,,,,,,,,,,,,,,,,,,,,,,,,,,,,,,,,,,,,,,明天,,,,,consensus:AUTH-TAD-0261,TEMPORAL_ADVERBIAL,多数一致,多数一致,多数一致,,,,,,,,,
annotation:span:AUTH-TAD-0261:r1,AnnotationDecision,标注者1-AUTH-TAD-0261,,,,,,,,,,,,,,,,,,,,,,,,,,,,,,,,,,,,,,,,,,,,,,,,,,,,ANONYMIZED_RATER_1,,annotation:span:AUTH-TAD-0261:r1,正确,是时间状语,时间状语,,,
annotation:span:AUTH-TAD-0261:r2,AnnotationDecision,标注者2-AUTH-TAD-0261,,,,,,,,,,,,,,,,,,,,,,,,,,,,,,,,,,,,,,,,,,,,,,,,,,,,ANONYMIZED_RATER_2,,annotation:span:AUTH-TAD-0261:r2,正确,是时间状语,时间状语,,,
annotation:span:AUTH-TAD-0261:r3,AnnotationDecision,标注者3-AUTH-TAD-0261,,,,,,,,,,,,,,,,,,,,,,,,,,,,,,,,,,,,,,,,,,,,,,,,,,,,ANONYMIZED_RATER_3,,annotation:span:AUTH-TAD-0261:r3,边界不完整,不是时间状语,提取错误：边界不完整,明天大概七点,,
sentence:SENT-0084,Sentence,他可能没看清楚吧，我有时也犯这种错。,,,,,,,,,,,,,,,,,,,,,,,,,,,,,,,,,SENT-0084,他可能没看清楚吧，我有时也犯这种错。,他可能没看清楚吧我有时也犯这种错,国际中文教育中文水平等级标准·语法学习手册（高等）,高等,48,(又+)何必+呢? 事情已经解决了，这 又 何必 呢? 为这点儿小事,来源字段完整但仍需正版逐页核验,,,,,,,,,,,,,,,,,,,,
span:AUTH-TAD-0262,CandidateSpan,AUTH-TAD-0262｜有时,,,,,,,,,,,,,,,,,,,,,,,,,,,,,,,,,,有时,,,,,,,AUTH-TAD-0262,有时,10.0,12.0,located,candidate_span,,,,,,,,,,,,,,
consensus:AUTH-TAD-0262,ConsensusLabel,AUTH-TAD-0262｜时间状语,,,,,,,,,,,,,,,,,,,,,,,,,,,,,,,,,,,,,,,,,,有时,,,,,consensus:AUTH-TAD-0262,TEMPORAL_ADVERBIAL,完全一致,完全一致,完全一致,,,,,,,,,
annotation:span:AUTH-TAD-0262:r1,AnnotationDecision,标注者1-AUTH-TAD-0262,,,,,,,,,,,,,,,,,,,,,,,,,,,,,,,,,,,,,,,,,,,,,,,,,,,,ANONYMIZED_RATER_1,,annotation:span:AUTH-TAD-0262:r1,正确,是时间状语,时间状语,,,
annotation:span:AUTH-TAD-0262:r2,AnnotationDecision,标注者2-AUTH-TAD-0262,,,,,,,,,,,,,,,,,,,,,,,,,,,,,,,,,,,,,,,,,,,,,,,,,,,,ANONYMIZED_RATER_2,,annotation:span:AUTH-TAD-0262:r2,正确,是时间状语,时间状语,,,
annotation:span:AUTH-TAD-0262:r3,AnnotationDecision,标注者3-AUTH-TAD-0262,,,,,,,,,,,,,,,,,,,,,,,,,,,,,,,,,,,,,,,,,,,,,,,,,,,,ANONYMIZED_RATER_3,,annotation:span:AUTH-TAD-0262:r3,正确,是时间状语,时间状语,,,
span:AUTH-TAD-0263,CandidateSpan,AUTH-TAD-0263｜今天,,,,,,,,,,,,,,,,,,,,,,,,,,,,,,,,,,今天,,,,,,,AUTH-TAD-0263,今天,0.0,2.0,located,candidate_span,,,,,,,,,,,,,,
consensus:AUTH-TAD-0263,ConsensusLabel,AUTH-TAD-0263｜时间状语,,,,,,,,,,,,,,,,,,,,,,,,,,,,,,,,,,,,,,,,,,今天,,,,,consensus:AUTH-TAD-0263,TEMPORAL_ADVERBIAL,完全一致,完全一致,完全一致,,,,,,,,,
annotation:span:AUTH-TAD-0263:r1,AnnotationDecision,标注者1-AUTH-TAD-0263,,,,,,,,,,,,,,,,,,,,,,,,,,,,,,,,,,,,,,,,,,,,,,,,,,,,ANONYMIZED_RATER_1,,annotation:span:AUTH-TAD-0263:r1,正确,是时间状语,时间状语,,,
annotation:span:AUTH-TAD-0263:r2,AnnotationDecision,标注者2-AUTH-TAD-0263,,,,,,,,,,,,,,,,,,,,,,,,,,,,,,,,,,,,,,,,,,,,,,,,,,,,ANONYMIZED_RATER_2,,annotation:span:AUTH-TAD-0263:r2,正确,是时间状语,时间状语,,,
annotation:span:AUTH-TAD-0263:r3,AnnotationDecision,标注者3-AUTH-TAD-0263,,,,,,,,,,,,,,,,,,,,,,,,,,,,,,,,,,,,,,,,,,,,,,,,,,,,ANONYMIZED_RATER_3,,annotation:span:AUTH-TAD-0263:r3,正确,是时间状语,时间状语,,,
sentence:SENT-0301,Sentence,我明天下课后就去你那儿。,,,,,,,,,,,,,,,,,,,,,,,,,,,,,,,,,SENT-0301,我明天下课后就去你那儿。,我明天下课后就去你那儿,国际中文教育中文水平等级标准·语法学习手册（初等）,初等,196,级语法点 ◎结构特点 (在+)T/VP+以前/以后/前/后 在 来中国 以前，我只学过一点,来源字段完整但仍需正版逐页核验,,,,,,,,,,,,,,,,,,,,
span:AUTH-TAD-0264,CandidateSpan,AUTH-TAD-0264｜明天,,,,,,,,,,,,,,,,,,,,,,,,,,,,,,,,,,明天,,,,,,,AUTH-TAD-0264,明天,1.0,3.0,located,candidate_span,,,,,,,,,,,,,,
consensus:AUTH-TAD-0264,ConsensusLabel,AUTH-TAD-0264｜时间状语,,,,,,,,,,,,,,,,,,,,,,,,,,,,,,,,,,,,,,,,,,明天,,,,,consensus:AUTH-TAD-0264,TEMPORAL_ADVERBIAL,完全一致,完全一致,完全一致,,,,,,,,,
annotation:span:AUTH-TAD-0264:r1,AnnotationDecision,标注者1-AUTH-TAD-0264,,,,,,,,,,,,,,,,,,,,,,,,,,,,,,,,,,,,,,,,,,,,,,,,,,,,ANONYMIZED_RATER_1,,annotation:span:AUTH-TAD-0264:r1,正确,是时间状语,时间状语,,,
annotation:span:AUTH-TAD-0264:r2,AnnotationDecision,标注者2-AUTH-TAD-0264,,,,,,,,,,,,,,,,,,,,,,,,,,,,,,,,,,,,,,,,,,,,,,,,,,,,ANONYMIZED_RATER_2,,annotation:span:AUTH-TAD-0264:r2,正确,是时间状语,时间状语,,,
annotation:span:AUTH-TAD-0264:r3,AnnotationDecision,标注者3-AUTH-TAD-0264,,,,,,,,,,,,,,,,,,,,,,,,,,,,,,,,,,,,,,,,,,,,,,,,,,,,ANONYMIZED_RATER_3,,annotation:span:AUTH-TAD-0264:r3,正确,是时间状语,时间状语,,,
sentence:SENT-0391,Sentence,现在很多村庄由于饮用水被污染不得不搬迁。,,,,,,,,,,,,,,,,,,,,,,,,,,,,,,,,,SENT-0391,现在很多村庄由于饮用水被污染不得不搬迁。,现在很多村庄由于饮用水被污染不得不搬迁,国际中文教育中文水平等级标准·语法学习手册（高等）,高等,108,我们看到，很多在学校里学习成绩好的学生，工作以后未必表现出色,来源字段完整但仍需正版逐页核验,,,,,,,,,,,,,,,,,,,,
span:AUTH-TAD-0265,CandidateSpan,AUTH-TAD-0265｜现在,,,,,,,,,,,,,,,,,,,,,,,,,,,,,,,,,,现在,,,,,,,AUTH-TAD-0265,现在,0.0,2.0,located,candidate_span,,,,,,,,,,,,,,
consensus:AUTH-TAD-0265,ConsensusLabel,AUTH-TAD-0265｜时间状语,,,,,,,,,,,,,,,,,,,,,,,,,,,,,,,,,,,,,,,,,,现在,,,,,consensus:AUTH-TAD-0265,TEMPORAL_ADVERBIAL,完全一致,完全一致,完全一致,,,,,,,,,
annotation:span:AUTH-TAD-0265:r1,AnnotationDecision,标注者1-AUTH-TAD-0265,,,,,,,,,,,,,,,,,,,,,,,,,,,,,,,,,,,,,,,,,,,,,,,,,,,,ANONYMIZED_RATER_1,,annotation:span:AUTH-TAD-0265:r1,正确,是时间状语,时间状语,,,
annotation:span:AUTH-TAD-0265:r2,AnnotationDecision,标注者2-AUTH-TAD-0265,,,,,,,,,,,,,,,,,,,,,,,,,,,,,,,,,,,,,,,,,,,,,,,,,,,,ANONYMIZED_RATER_2,,annotation:span:AUTH-TAD-0265:r2,正确,是时间状语,时间状语,,,
annotation:span:AUTH-TAD-0265:r3,AnnotationDecision,标注者3-AUTH-TAD-0265,,,,,,,,,,,,,,,,,,,,,,,,,,,,,,,,,,,,,,,,,,,,,,,,,,,,ANONYMIZED_RATER_3,,annotation:span:AUTH-TAD-0265:r3,正确,是时间状语,时间状语,,,
sentence:SENT-0322,Sentence,放假的时候，你通常会做什么?,,,,,,,,,,,,,,,,,,,,,,,,,,,,,,,,,SENT-0322,放假的时候，你通常会做什么?,放假的时候你通常会做什么,国际中文教育中文水平等级标准·语法学习手册（初等）,初等,291,放假的时候，你通常会做什么? ◎结构特点 “通常”,来源字段完整但仍需正版逐页核验,,,,,,,,,,,,,,,,,,,,
span:AUTH-TAD-0266,CandidateSpan,AUTH-TAD-0266｜放假的时候,,,,,,,,,,,,,,,,,,,,,,,,,,,,,,,,,,放假的时候,,,,,,,AUTH-TAD-0266,放假的时候,0.0,5.0,located,candidate_span,,,,,,,,,,,,,,
consensus:AUTH-TAD-0266,ConsensusLabel,AUTH-TAD-0266｜时间状语,,,,,,,,,,,,,,,,,,,,,,,,,,,,,,,,,,,,,,,,,,放假的时候,,,,,consensus:AUTH-TAD-0266,TEMPORAL_ADVERBIAL,完全一致,完全一致,完全一致,,,,,,,,,
annotation:span:AUTH-TAD-0266:r1,AnnotationDecision,标注者1-AUTH-TAD-0266,,,,,,,,,,,,,,,,,,,,,,,,,,,,,,,,,,,,,,,,,,,,,,,,,,,,ANONYMIZED_RATER_1,,annotation:span:AUTH-TAD-0266:r1,正确,是时间状语,时间状语,,,
annotation:span:AUTH-TAD-0266:r2,AnnotationDecision,标注者2-AUTH-TAD-0266,,,,,,,,,,,,,,,,,,,,,,,,,,,,,,,,,,,,,,,,,,,,,,,,,,,,ANONYMIZED_RATER_2,,annotation:span:AUTH-TAD-0266:r2,正确,是时间状语,时间状语,,,
annotation:span:AUTH-TAD-0266:r3,AnnotationDecision,标注者3-AUTH-TAD-0266,,,,,,,,,,,,,,,,,,,,,,,,,,,,,,,,,,,,,,,,,,,,,,,,,,,,ANONYMIZED_RATER_3,,annotation:span:AUTH-TAD-0266:r3,正确,是时间状语,时间状语,,,
sentence:SENT-0418,Sentence,而我常常选择在教室里及时复习功课。,,,,,,,,,,,,,,,,,,,,,,,,,,,,,,,,,SENT-0418,而我常常选择在教室里及时复习功课。,而我常常选择在教室里及时复习功课,国际中文教育中文水平等级标准·语法学习手册（高等）,高等,156,而我常常选择在教室里及时复习功课,来源字段完整但仍需正版逐页核验,,,,,,,,,,,,,,,,,,,,
span:AUTH-TAD-0267,CandidateSpan,AUTH-TAD-0267｜常常,,,,,,,,,,,,,,,,,,,,,,,,,,,,,,,,,,常常,,,,,,,AUTH-TAD-0267,常常,2.0,4.0,located,candidate_span,,,,,,,,,,,,,,
consensus:AUTH-TAD-0267,ConsensusLabel,AUTH-TAD-0267｜时间状语,,,,,,,,,,,,,,,,,,,,,,,,,,,,,,,,,,,,,,,,,,常常,,,,,consensus:AUTH-TAD-0267,TEMPORAL_ADVERBIAL,完全一致,完全一致,完全一致,,,,,,,,,
annotation:span:AUTH-TAD-0267:r1,AnnotationDecision,标注者1-AUTH-TAD-0267,,,,,,,,,,,,,,,,,,,,,,,,,,,,,,,,,,,,,,,,,,,,,,,,,,,,ANONYMIZED_RATER_1,,annotation:span:AUTH-TAD-0267:r1,正确,是时间状语,时间状语,,,
annotation:span:AUTH-TAD-0267:r2,AnnotationDecision,标注者2-AUTH-TAD-0267,,,,,,,,,,,,,,,,,,,,,,,,,,,,,,,,,,,,,,,,,,,,,,,,,,,,ANONYMIZED_RATER_2,,annotation:span:AUTH-TAD-0267:r2,正确,是时间状语,时间状语,,,
annotation:span:AUTH-TAD-0267:r3,AnnotationDecision,标注者3-AUTH-TAD-0267,,,,,,,,,,,,,,,,,,,,,,,,,,,,,,,,,,,,,,,,,,,,,,,,,,,,ANONYMIZED_RATER_3,,annotation:span:AUTH-TAD-0267:r3,正确,是时间状语,时间状语,,,
span:AUTH-TAD-0268,CandidateSpan,AUTH-TAD-0268｜六点,,,,,,,,,,,,,,,,,,,,,,,,,,,,,,,,,,六点,,,,,,,AUTH-TAD-0268,早上六点,2.0,4.0,located,majority_fixed_span,,,,,,,,,,,,,,
consensus:AUTH-TAD-0268,ConsensusLabel,AUTH-TAD-0268｜其他/非目标时间用法,,,,,,,,,,,,,,,,,,,,,,,,,,,,,,,,,,,,,,,,,,早上六点,,,,,consensus:AUTH-TAD-0268,OTHER,完全一致,完全一致,完全一致,,,,,,,,,
annotation:span:AUTH-TAD-0268:r1,AnnotationDecision,标注者1-AUTH-TAD-0268,,,,,,,,,,,,,,,,,,,,,,,,,,,,,,,,,,,,,,,,,,,,,,,,,,,,ANONYMIZED_RATER_1,,annotation:span:AUTH-TAD-0268:r1,边界不完整,不是时间状语,提取错误：边界不完整,早上六点,,
annotation:span:AUTH-TAD-0268:r2,AnnotationDecision,标注者2-AUTH-TAD-0268,,,,,,,,,,,,,,,,,,,,,,,,,,,,,,,,,,,,,,,,,,,,,,,,,,,,ANONYMIZED_RATER_2,,annotation:span:AUTH-TAD-0268:r2,边界不完整,不是时间状语,提取错误：边界不完整,早上六点,,
annotation:span:AUTH-TAD-0268:r3,AnnotationDecision,标注者3-AUTH-TAD-0268,,,,,,,,,,,,,,,,,,,,,,,,,,,,,,,,,,,,,,,,,,,,,,,,,,,,ANONYMIZED_RATER_3,,annotation:span:AUTH-TAD-0268:r3,边界不完整,不是时间状语,提取错误：边界不完整,无,,
span:AUTH-TAD-0269,CandidateSpan,AUTH-TAD-0269｜今天,,,,,,,,,,,,,,,,,,,,,,,,,,,,,,,,,,今天,,,,,,,AUTH-TAD-0269,今天,3.0,5.0,located,candidate_span,,,,,,,,,,,,,,
consensus:AUTH-TAD-0269,ConsensusLabel,AUTH-TAD-0269｜时间状语,,,,,,,,,,,,,,,,,,,,,,,,,,,,,,,,,,,,,,,,,,今天,,,,,consensus:AUTH-TAD-0269,TEMPORAL_ADVERBIAL,完全一致,完全一致,完全一致,,,,,,,,,
annotation:span:AUTH-TAD-0269:r1,AnnotationDecision,标注者1-AUTH-TAD-0269,,,,,,,,,,,,,,,,,,,,,,,,,,,,,,,,,,,,,,,,,,,,,,,,,,,,ANONYMIZED_RATER_1,,annotation:span:AUTH-TAD-0269:r1,正确,是时间状语,时间状语,,,
annotation:span:AUTH-TAD-0269:r2,AnnotationDecision,标注者2-AUTH-TAD-0269,,,,,,,,,,,,,,,,,,,,,,,,,,,,,,,,,,,,,,,,,,,,,,,,,,,,ANONYMIZED_RATER_2,,annotation:span:AUTH-TAD-0269:r2,正确,是时间状语,时间状语,,,
annotation:span:AUTH-TAD-0269:r3,AnnotationDecision,标注者3-AUTH-TAD-0269,,,,,,,,,,,,,,,,,,,,,,,,,,,,,,,,,,,,,,,,,,,,,,,,,,,,ANONYMIZED_RATER_3,,annotation:span:AUTH-TAD-0269:r3,正确,是时间状语,时间状语,,,
sentence:SENT-0315,Sentence,我觉得真正要演好一个角色，别说三个月了，即使花一年以上也很难。,,,,,,,,,,,,,,,,,,,,,,,,,,,,,,,,,SENT-0315,我觉得真正要演好一个角色，别说三个月了，即使花一年以上也很难。,我觉得真正要演好一个角色别说三个月了即使花一年以上也很难,国际中文教育中文水平等级标准·语法学习手册（高等）,高等,139,即使是年轻人也要花好长时间才能登上这座山，别说老年人了,来源字段完整但仍需正版逐页核验,,,,,,,,,,,,,,,,,,,,
span:AUTH-TAD-0270,CandidateSpan,AUTH-TAD-0270｜一年,,,,,,,,,,,,,,,,,,,,,,,,,,,,,,,,,,一年,,,,,,,AUTH-TAD-0270,一年,23.0,25.0,located,candidate_span,,,,,,,,,,,,,,
consensus:AUTH-TAD-0270,ConsensusLabel,AUTH-TAD-0270｜时长/时间补语,,,,,,,,,,,,,,,,,,,,,,,,,,,,,,,,,,,,,,,,,,一年,,,,,consensus:AUTH-TAD-0270,COMPLEMENT,完全一致,完全一致,完全一致,,,,,,,,,
annotation:span:AUTH-TAD-0270:r1,AnnotationDecision,标注者1-AUTH-TAD-0270,,,,,,,,,,,,,,,,,,,,,,,,,,,,,,,,,,,,,,,,,,,,,,,,,,,,ANONYMIZED_RATER_1,,annotation:span:AUTH-TAD-0270:r1,正确,不是时间状语,时长补语,,,
annotation:span:AUTH-TAD-0270:r2,AnnotationDecision,标注者2-AUTH-TAD-0270,,,,,,,,,,,,,,,,,,,,,,,,,,,,,,,,,,,,,,,,,,,,,,,,,,,,ANONYMIZED_RATER_2,,annotation:span:AUTH-TAD-0270:r2,正确,不是时间状语,时长补语,,,
annotation:span:AUTH-TAD-0270:r3,AnnotationDecision,标注者3-AUTH-TAD-0270,,,,,,,,,,,,,,,,,,,,,,,,,,,,,,,,,,,,,,,,,,,,,,,,,,,,ANONYMIZED_RATER_3,,annotation:span:AUTH-TAD-0270:r3,正确,不是时间状语,时长补语,,,
sentence:SENT-0192,Sentence,因为今天下雨，我们没去爬山。,,,,,,,,,,,,,,,,,,,,,,,,,,,,,,,,,SENT-0192,因为今天下雨，我们没去爬山。,因为今天下雨我们没去爬山,国际中文教育中文水平等级标准·语法学习手册（初等）,初等,237,因为我们经常通信，所以他的 事我都知道,来源字段完整但仍需正版逐页核验,,,,,,,,,,,,,,,,,,,,
span:AUTH-TAD-0271,CandidateSpan,AUTH-TAD-0271｜今天,,,,,,,,,,,,,,,,,,,,,,,,,,,,,,,,,,今天,,,,,,,AUTH-TAD-0271,今天,2.0,4.0,located,candidate_span,,,,,,,,,,,,,,
consensus:AUTH-TAD-0271,ConsensusLabel,AUTH-TAD-0271｜时间状语,,,,,,,,,,,,,,,,,,,,,,,,,,,,,,,,,,,,,,,,,,今天,,,,,consensus:AUTH-TAD-0271,TEMPORAL_ADVERBIAL,完全一致,完全一致,多数一致,,,,,,,,,
annotation:span:AUTH-TAD-0271:r1,AnnotationDecision,标注者1-AUTH-TAD-0271,,,,,,,,,,,,,,,,,,,,,,,,,,,,,,,,,,,,,,,,,,,,,,,,,,,,ANONYMIZED_RATER_1,,annotation:span:AUTH-TAD-0271:r1,正确,是时间状语,时间状语,,,
annotation:span:AUTH-TAD-0271:r2,AnnotationDecision,标注者2-AUTH-TAD-0271,,,,,,,,,,,,,,,,,,,,,,,,,,,,,,,,,,,,,,,,,,,,,,,,,,,,ANONYMIZED_RATER_2,,annotation:span:AUTH-TAD-0271:r2,正确,是时间状语,时间状语,,,
annotation:span:AUTH-TAD-0271:r3,AnnotationDecision,标注者3-AUTH-TAD-0271,,,,,,,,,,,,,,,,,,,,,,,,,,,,,,,,,,,,,,,,,,,,,,,,,,,,ANONYMIZED_RATER_3,,annotation:span:AUTH-TAD-0271:r3,正确,是时间状语,时长补语,,,
sentence:SENT-0147,Sentence,你最好现在就出发，否则上课会迟到。,,,,,,,,,,,,,,,,,,,,,,,,,,,,,,,,,SENT-0147,你最好现在就出发，否则上课会迟到。,你最好现在就出发否则上课会迟到,国际中文教育中文水平等级标准·语法学习手册（中等）,中等,102,,页面线索缺失,,,,,,,,,,,,,,,,,,,,
span:AUTH-TAD-0272,CandidateSpan,AUTH-TAD-0272｜现在,,,,,,,,,,,,,,,,,,,,,,,,,,,,,,,,,,现在,,,,,,,AUTH-TAD-0272,现在,3.0,5.0,located,candidate_span,,,,,,,,,,,,,,
consensus:AUTH-TAD-0272,ConsensusLabel,AUTH-TAD-0272｜时间状语,,,,,,,,,,,,,,,,,,,,,,,,,,,,,,,,,,,,,,,,,,现在,,,,,consensus:AUTH-TAD-0272,TEMPORAL_ADVERBIAL,完全一致,完全一致,完全一致,,,,,,,,,
annotation:span:AUTH-TAD-0272:r1,AnnotationDecision,标注者1-AUTH-TAD-0272,,,,,,,,,,,,,,,,,,,,,,,,,,,,,,,,,,,,,,,,,,,,,,,,,,,,ANONYMIZED_RATER_1,,annotation:span:AUTH-TAD-0272:r1,正确,是时间状语,时间状语,,,
annotation:span:AUTH-TAD-0272:r2,AnnotationDecision,标注者2-AUTH-TAD-0272,,,,,,,,,,,,,,,,,,,,,,,,,,,,,,,,,,,,,,,,,,,,,,,,,,,,ANONYMIZED_RATER_2,,annotation:span:AUTH-TAD-0272:r2,正确,是时间状语,时间状语,,,
annotation:span:AUTH-TAD-0272:r3,AnnotationDecision,标注者3-AUTH-TAD-0272,,,,,,,,,,,,,,,,,,,,,,,,,,,,,,,,,,,,,,,,,,,,,,,,,,,,ANONYMIZED_RATER_3,,annotation:span:AUTH-TAD-0272:r3,正确,是时间状语,时间状语,,,
span:AUTH-TAD-0273,CandidateSpan,AUTH-TAD-0273｜年初以来,,,,,,,,,,,,,,,,,,,,,,,,,,,,,,,,,,年初以来,,,,,,,AUTH-TAD-0273,今年年初以来,2.0,6.0,located,majority_fixed_span,,,,,,,,,,,,,,
consensus:AUTH-TAD-0273,ConsensusLabel,AUTH-TAD-0273｜其他/非目标时间用法,,,,,,,,,,,,,,,,,,,,,,,,,,,,,,,,,,,,,,,,,,今年年初以来,,,,,consensus:AUTH-TAD-0273,OTHER,多数一致,多数一致,多数一致,,,,,,,,,
annotation:span:AUTH-TAD-0273:r1,AnnotationDecision,标注者1-AUTH-TAD-0273,,,,,,,,,,,,,,,,,,,,,,,,,,,,,,,,,,,,,,,,,,,,,,,,,,,,ANONYMIZED_RATER_1,,annotation:span:AUTH-TAD-0273:r1,正确,是时间状语,时间状语,,,
annotation:span:AUTH-TAD-0273:r2,AnnotationDecision,标注者2-AUTH-TAD-0273,,,,,,,,,,,,,,,,,,,,,,,,,,,,,,,,,,,,,,,,,,,,,,,,,,,,ANONYMIZED_RATER_2,,annotation:span:AUTH-TAD-0273:r2,边界不完整,不是时间状语,提取错误：边界不完整,今年年初以来,,
annotation:span:AUTH-TAD-0273:r3,AnnotationDecision,标注者3-AUTH-TAD-0273,,,,,,,,,,,,,,,,,,,,,,,,,,,,,,,,,,,,,,,,,,,,,,,,,,,,ANONYMIZED_RATER_3,,annotation:span:AUTH-TAD-0273:r3,边界不完整,不是时间状语,提取错误：边界不完整,今年年初以来,,
sentence:SENT-0025,Sentence,也不能每天不吃饭。,,,,,,,,,,,,,,,,,,,,,,,,,,,,,,,,,SENT-0025,也不能每天不吃饭。,也不能每天不吃饭,国际中文教育中文水平等级标准·语法学习手册（中等）,中等,356,话 就算成绩最好的 例句 同学也无法回答 就是你想马上瘦下来 就算他做错了你也要 这个问题,来源字段完整但仍需正版逐页核验,,,,,,,,,,,,,,,,,,,,
span:AUTH-TAD-0274,CandidateSpan,AUTH-TAD-0274｜每天,,,,,,,,,,,,,,,,,,,,,,,,,,,,,,,,,,每天,,,,,,,AUTH-TAD-0274,每天,3.0,5.0,located,candidate_span,,,,,,,,,,,,,,
consensus:AUTH-TAD-0274,ConsensusLabel,AUTH-TAD-0274｜时间状语,,,,,,,,,,,,,,,,,,,,,,,,,,,,,,,,,,,,,,,,,,每天,,,,,consensus:AUTH-TAD-0274,TEMPORAL_ADVERBIAL,完全一致,完全一致,完全一致,,,,,,,,,
annotation:span:AUTH-TAD-0274:r1,AnnotationDecision,标注者1-AUTH-TAD-0274,,,,,,,,,,,,,,,,,,,,,,,,,,,,,,,,,,,,,,,,,,,,,,,,,,,,ANONYMIZED_RATER_1,,annotation:span:AUTH-TAD-0274:r1,正确,是时间状语,时间状语,,,
annotation:span:AUTH-TAD-0274:r2,AnnotationDecision,标注者2-AUTH-TAD-0274,,,,,,,,,,,,,,,,,,,,,,,,,,,,,,,,,,,,,,,,,,,,,,,,,,,,ANONYMIZED_RATER_2,,annotation:span:AUTH-TAD-0274:r2,正确,是时间状语,时间状语,,,
annotation:span:AUTH-TAD-0274:r3,AnnotationDecision,标注者3-AUTH-TAD-0274,,,,,,,,,,,,,,,,,,,,,,,,,,,,,,,,,,,,,,,,,,,,,,,,,,,,ANONYMIZED_RATER_3,,annotation:span:AUTH-TAD-0274:r3,正确,是时间状语,时间状语,,,
span:AUTH-TAD-0275,CandidateSpan,AUTH-TAD-0275｜三个月,,,,,,,,,,,,,,,,,,,,,,,,,,,,,,,,,,三个月,,,,,,,AUTH-TAD-0275,三个月,15.0,18.0,located,candidate_span,,,,,,,,,,,,,,
consensus:AUTH-TAD-0275,ConsensusLabel,AUTH-TAD-0275｜时长/时间补语,,,,,,,,,,,,,,,,,,,,,,,,,,,,,,,,,,,,,,,,,,三个月,,,,,consensus:AUTH-TAD-0275,COMPLEMENT,完全一致,完全一致,多数一致,,,,,,,,,
annotation:span:AUTH-TAD-0275:r1,AnnotationDecision,标注者1-AUTH-TAD-0275,,,,,,,,,,,,,,,,,,,,,,,,,,,,,,,,,,,,,,,,,,,,,,,,,,,,ANONYMIZED_RATER_1,,annotation:span:AUTH-TAD-0275:r1,正确,不是时间状语,普通时间名词/词语引用,,,
annotation:span:AUTH-TAD-0275:r2,AnnotationDecision,标注者2-AUTH-TAD-0275,,,,,,,,,,,,,,,,,,,,,,,,,,,,,,,,,,,,,,,,,,,,,,,,,,,,ANONYMIZED_RATER_2,,annotation:span:AUTH-TAD-0275:r2,正确,不是时间状语,时长补语,,,
annotation:span:AUTH-TAD-0275:r3,AnnotationDecision,标注者3-AUTH-TAD-0275,,,,,,,,,,,,,,,,,,,,,,,,,,,,,,,,,,,,,,,,,,,,,,,,,,,,ANONYMIZED_RATER_3,,annotation:span:AUTH-TAD-0275:r3,正确,不是时间状语,时长补语,,,
sentence:SENT-0330,Sentence,早上我吃了两个包子。,,,,,,,,,,,,,,,,,,,,,,,,,,,,,,,,,SENT-0330,早上我吃了两个包子。,早上我吃了两个包子,国际中文教育中文水平等级标准·语法学习手册（初等）,初等,75,级语法点 小提示 短语作状语时，后边一般要用“地”,来源字段完整但仍需正版逐页核验,,,,,,,,,,,,,,,,,,,,
span:AUTH-TAD-0276,CandidateSpan,AUTH-TAD-0276｜早上,,,,,,,,,,,,,,,,,,,,,,,,,,,,,,,,,,早上,,,,,,,AUTH-TAD-0276,早上,0.0,2.0,located,candidate_span,,,,,,,,,,,,,,
consensus:AUTH-TAD-0276,ConsensusLabel,AUTH-TAD-0276｜时间状语,,,,,,,,,,,,,,,,,,,,,,,,,,,,,,,,,,,,,,,,,,早上,,,,,consensus:AUTH-TAD-0276,TEMPORAL_ADVERBIAL,完全一致,完全一致,完全一致,,,,,,,,,
annotation:span:AUTH-TAD-0276:r1,AnnotationDecision,标注者1-AUTH-TAD-0276,,,,,,,,,,,,,,,,,,,,,,,,,,,,,,,,,,,,,,,,,,,,,,,,,,,,ANONYMIZED_RATER_1,,annotation:span:AUTH-TAD-0276:r1,正确,是时间状语,时间状语,,,
annotation:span:AUTH-TAD-0276:r2,AnnotationDecision,标注者2-AUTH-TAD-0276,,,,,,,,,,,,,,,,,,,,,,,,,,,,,,,,,,,,,,,,,,,,,,,,,,,,ANONYMIZED_RATER_2,,annotation:span:AUTH-TAD-0276:r2,正确,是时间状语,时间状语,,,
annotation:span:AUTH-TAD-0276:r3,AnnotationDecision,标注者3-AUTH-TAD-0276,,,,,,,,,,,,,,,,,,,,,,,,,,,,,,,,,,,,,,,,,,,,,,,,,,,,ANONYMIZED_RATER_3,,annotation:span:AUTH-TAD-0276:r3,正确,是时间状语,时间状语,,,
sentence:SENT-0126,Sentence,你今天的发言格外有水平。,,,,,,,,,,,,,,,,,,,,,,,,,,,,,,,,,SENT-0126,你今天的发言格外有水平。,你今天的发言格外有水平,国际中文教育中文水平等级标准·语法学习手册（中等）,中等,15,◎ 结构特点 “格外”用在形容词或动词性成分前，作状语,来源字段完整但仍需正版逐页核验,,,,,,,,,,,,,,,,,,,,
span:AUTH-TAD-0277,CandidateSpan,AUTH-TAD-0277｜今天,,,,,,,,,,,,,,,,,,,,,,,,,,,,,,,,,,今天,,,,,,,AUTH-TAD-0277,今天,1.0,3.0,located,candidate_span,,,,,,,,,,,,,,
consensus:AUTH-TAD-0277,ConsensusLabel,AUTH-TAD-0277｜时间定语,,,,,,,,,,,,,,,,,,,,,,,,,,,,,,,,,,,,,,,,,,今天,,,,,consensus:AUTH-TAD-0277,ATTRIBUTE,完全一致,完全一致,完全一致,,,,,,,,,
annotation:span:AUTH-TAD-0277:r1,AnnotationDecision,标注者1-AUTH-TAD-0277,,,,,,,,,,,,,,,,,,,,,,,,,,,,,,,,,,,,,,,,,,,,,,,,,,,,ANONYMIZED_RATER_1,,annotation:span:AUTH-TAD-0277:r1,正确,不是时间状语,时间定语,,,
annotation:span:AUTH-TAD-0277:r2,AnnotationDecision,标注者2-AUTH-TAD-0277,,,,,,,,,,,,,,,,,,,,,,,,,,,,,,,,,,,,,,,,,,,,,,,,,,,,ANONYMIZED_RATER_2,,annotation:span:AUTH-TAD-0277:r2,正确,不是时间状语,时间定语,,,
annotation:span:AUTH-TAD-0277:r3,AnnotationDecision,标注者3-AUTH-TAD-0277,,,,,,,,,,,,,,,,,,,,,,,,,,,,,,,,,,,,,,,,,,,,,,,,,,,,ANONYMIZED_RATER_3,,annotation:span:AUTH-TAD-0277:r3,正确,不是时间状语,时间定语,,,
sentence:SENT-0187,Sentence,周末的时候，她一向在咖啡馆学习。,,,,,,,,,,,,,,,,,,,,,,,,,,,,,,,,,SENT-0187,周末的时候，她一向在咖啡馆学习。,周末的时候她一向在咖啡馆学习,国际中文教育中文水平等级标准·语法学习手册（中等）,中等,158,一向”表示长期稳定、具有规律的状态，不能和表示具体时间的词同时出现,来源字段完整但仍需正版逐页核验,,,,,,,,,,,,,,,,,,,,
span:AUTH-TAD-0278,CandidateSpan,AUTH-TAD-0278｜周末,,,,,,,,,,,,,,,,,,,,,,,,,,,,,,,,,,周末,,,,,,,AUTH-TAD-0278,周末的时候,0.0,2.0,located,majority_fixed_span,,,,,,,,,,,,,,
consensus:AUTH-TAD-0278,ConsensusLabel,AUTH-TAD-0278｜其他/非目标时间用法,,,,,,,,,,,,,,,,,,,,,,,,,,,,,,,,,,,,,,,,,,周末的时候,,,,,consensus:AUTH-TAD-0278,OTHER,完全一致,完全一致,完全一致,,,,,,,,,
annotation:span:AUTH-TAD-0278:r1,AnnotationDecision,标注者1-AUTH-TAD-0278,,,,,,,,,,,,,,,,,,,,,,,,,,,,,,,,,,,,,,,,,,,,,,,,,,,,ANONYMIZED_RATER_1,,annotation:span:AUTH-TAD-0278:r1,边界不完整,不是时间状语,提取错误：边界不完整,周末的时候,,
annotation:span:AUTH-TAD-0278:r2,AnnotationDecision,标注者2-AUTH-TAD-0278,,,,,,,,,,,,,,,,,,,,,,,,,,,,,,,,,,,,,,,,,,,,,,,,,,,,ANONYMIZED_RATER_2,,annotation:span:AUTH-TAD-0278:r2,边界不完整,不是时间状语,提取错误：边界不完整,周末的时候,,
annotation:span:AUTH-TAD-0278:r3,AnnotationDecision,标注者3-AUTH-TAD-0278,,,,,,,,,,,,,,,,,,,,,,,,,,,,,,,,,,,,,,,,,,,,,,,,,,,,ANONYMIZED_RATER_3,,annotation:span:AUTH-TAD-0278:r3,边界不完整,不是时间状语,提取错误：边界不完整,周末的时候,,
sentence:SENT-0422,Sentence,行，我们最后一次一起爬山已是十年前，往事久矣。,,,,,,,,,,,,,,,,,,,,,,,,,,,,,,,,,SENT-0422,行，我们最后一次一起爬山已是十年前，往事久矣。,行我们最后一次一起爬山已是十年前往事久矣,国际中文教育中文水平等级标准·语法学习手册（高等）,高等,87,,页面线索缺失,,,,,,,,,,,,,,,,,,,,
span:AUTH-TAD-0279,CandidateSpan,AUTH-TAD-0279｜十年,,,,,,,,,,,,,,,,,,,,,,,,,,,,,,,,,,十年,,,,,,,AUTH-TAD-0279,十年,14.0,16.0,located,candidate_span,,,,,,,,,,,,,,
consensus:AUTH-TAD-0279,ConsensusLabel,AUTH-TAD-0279｜时长/时间补语,,,,,,,,,,,,,,,,,,,,,,,,,,,,,,,,,,,,,,,,,,十年,,,,,consensus:AUTH-TAD-0279,COMPLEMENT,完全一致,多数一致,多数一致,,,,,,,,,
annotation:span:AUTH-TAD-0279:r1,AnnotationDecision,标注者1-AUTH-TAD-0279,,,,,,,,,,,,,,,,,,,,,,,,,,,,,,,,,,,,,,,,,,,,,,,,,,,,ANONYMIZED_RATER_1,,annotation:span:AUTH-TAD-0279:r1,正确,不是时间状语,时长补语,,,
annotation:span:AUTH-TAD-0279:r2,AnnotationDecision,标注者2-AUTH-TAD-0279,,,,,,,,,,,,,,,,,,,,,,,,,,,,,,,,,,,,,,,,,,,,,,,,,,,,ANONYMIZED_RATER_2,,annotation:span:AUTH-TAD-0279:r2,正确,是时间状语,时间状语,,,
annotation:span:AUTH-TAD-0279:r3,AnnotationDecision,标注者3-AUTH-TAD-0279,,,,,,,,,,,,,,,,,,,,,,,,,,,,,,,,,,,,,,,,,,,,,,,,,,,,ANONYMIZED_RATER_3,,annotation:span:AUTH-TAD-0279:r3,正确,不是时间状语,时长补语,,,
span:AUTH-TAD-0280,CandidateSpan,AUTH-TAD-0280｜下午,,,,,,,,,,,,,,,,,,,,,,,,,,,,,,,,,,下午,,,,,,,AUTH-TAD-0280,下午三点,4.0,6.0,located,majority_fixed_span,,,,,,,,,,,,,,
consensus:AUTH-TAD-0280,ConsensusLabel,AUTH-TAD-0280｜其他/非目标时间用法,,,,,,,,,,,,,,,,,,,,,,,,,,,,,,,,,,,,,,,,,,下午三点,,,,,consensus:AUTH-TAD-0280,OTHER,完全一致,完全一致,完全一致,,,,,,,,,
annotation:span:AUTH-TAD-0280:r1,AnnotationDecision,标注者1-AUTH-TAD-0280,,,,,,,,,,,,,,,,,,,,,,,,,,,,,,,,,,,,,,,,,,,,,,,,,,,,ANONYMIZED_RATER_1,,annotation:span:AUTH-TAD-0280:r1,边界不完整,不是时间状语,提取错误：边界不完整,下午三点,,
annotation:span:AUTH-TAD-0280:r2,AnnotationDecision,标注者2-AUTH-TAD-0280,,,,,,,,,,,,,,,,,,,,,,,,,,,,,,,,,,,,,,,,,,,,,,,,,,,,ANONYMIZED_RATER_2,,annotation:span:AUTH-TAD-0280:r2,边界不完整,不是时间状语,提取错误：边界不完整,下午三点,,
annotation:span:AUTH-TAD-0280:r3,AnnotationDecision,标注者3-AUTH-TAD-0280,,,,,,,,,,,,,,,,,,,,,,,,,,,,,,,,,,,,,,,,,,,,,,,,,,,,ANONYMIZED_RATER_3,,annotation:span:AUTH-TAD-0280:r3,边界不完整,不是时间状语,提取错误：边界不完整,下午三点,,
sentence:SENT-0327,Sentence,日子一天一天过去了。,,,,,,,,,,,,,,,,,,,,,,,,,,,,,,,,,SENT-0327,日子一天一天过去了。,日子一天一天过去了,国际中文教育中文水平等级标准·语法学习手册（初等）,初等,332,例如： *电话里已经告诉他了，另外的我又写了一封信过去,来源字段完整但仍需正版逐页核验,,,,,,,,,,,,,,,,,,,,
span:AUTH-TAD-0281,CandidateSpan,AUTH-TAD-0281｜一天,,,,,,,,,,,,,,,,,,,,,,,,,,,,,,,,,,一天,,,,,,,AUTH-TAD-0281,一天,2.0,4.0,located,candidate_span,,,,,,,,,,,,,,
consensus:AUTH-TAD-0281,ConsensusLabel,AUTH-TAD-0281｜其他/非目标时间用法,,,,,,,,,,,,,,,,,,,,,,,,,,,,,,,,,,,,,,,,,,一天,,,,,consensus:AUTH-TAD-0281,OTHER,多数一致,完全一致,多数一致,,,,,,,,,
annotation:span:AUTH-TAD-0281:r1,AnnotationDecision,标注者1-AUTH-TAD-0281,,,,,,,,,,,,,,,,,,,,,,,,,,,,,,,,,,,,,,,,,,,,,,,,,,,,ANONYMIZED_RATER_1,,annotation:span:AUTH-TAD-0281:r1,不是时间表达,不是时间状语,提取错误：不是时间表达,,,
annotation:span:AUTH-TAD-0281:r2,AnnotationDecision,标注者2-AUTH-TAD-0281,,,,,,,,,,,,,,,,,,,,,,,,,,,,,,,,,,,,,,,,,,,,,,,,,,,,ANONYMIZED_RATER_2,,annotation:span:AUTH-TAD-0281:r2,边界不完整,不是时间状语,提取错误：边界不完整,一天一天,,
annotation:span:AUTH-TAD-0281:r3,AnnotationDecision,标注者3-AUTH-TAD-0281,,,,,,,,,,,,,,,,,,,,,,,,,,,,,,,,,,,,,,,,,,,,,,,,,,,,ANONYMIZED_RATER_3,,annotation:span:AUTH-TAD-0281:r3,不是时间表达,不是时间状语,提取错误：不是时间表达,无,,
sentence:SENT-0231,Sentence,学了一年，中村总算学会了几首中文歌。,,,,,,,,,,,,,,,,,,,,,,,,,,,,,,,,,SENT-0231,学了一年，中村总算学会了几首中文歌。,学了一年中村总算学会了几首中文歌,国际中文教育中文水平等级标准·语法学习手册（中等）,中等,174,交际实践 ◎补充例句 调查了很长时间，事情总算搞清楚了,来源字段完整但仍需正版逐页核验,,,,,,,,,,,,,,,,,,,,
span:AUTH-TAD-0282,CandidateSpan,AUTH-TAD-0282｜一年,,,,,,,,,,,,,,,,,,,,,,,,,,,,,,,,,,一年,,,,,,,AUTH-TAD-0282,一年,2.0,4.0,located,candidate_span,,,,,,,,,,,,,,
consensus:AUTH-TAD-0282,ConsensusLabel,AUTH-TAD-0282｜时长/时间补语,,,,,,,,,,,,,,,,,,,,,,,,,,,,,,,,,,,,,,,,,,一年,,,,,consensus:AUTH-TAD-0282,COMPLEMENT,多数一致,完全一致,多数一致,,,,,,,,,
annotation:span:AUTH-TAD-0282:r1,AnnotationDecision,标注者1-AUTH-TAD-0282,,,,,,,,,,,,,,,,,,,,,,,,,,,,,,,,,,,,,,,,,,,,,,,,,,,,ANONYMIZED_RATER_1,,annotation:span:AUTH-TAD-0282:r1,正确,不是时间状语,时长补语,,,
annotation:span:AUTH-TAD-0282:r2,AnnotationDecision,标注者2-AUTH-TAD-0282,,,,,,,,,,,,,,,,,,,,,,,,,,,,,,,,,,,,,,,,,,,,,,,,,,,,ANONYMIZED_RATER_2,,annotation:span:AUTH-TAD-0282:r2,正确,不是时间状语,时长补语,,,
annotation:span:AUTH-TAD-0282:r3,AnnotationDecision,标注者3-AUTH-TAD-0282,,,,,,,,,,,,,,,,,,,,,,,,,,,,,,,,,,,,,,,,,,,,,,,,,,,,ANONYMIZED_RATER_3,,annotation:span:AUTH-TAD-0282:r3,漏检：有目标时间状语,不是时间状语,漏检,总算,,
sentence:SENT-0314,Sentence,我觉得头晕胸闷，感觉脉搏的跳动时有时无。,,,,,,,,,,,,,,,,,,,,,,,,,,,,,,,,,SENT-0314,我觉得头晕胸闷，感觉脉搏的跳动时有时无。,我觉得头晕胸闷感觉脉搏的跳动时有时无,国际中文教育中文水平等级标准·语法学习手册（高等）,高等,97,外面的雪时大时小，短时间内停不下来,来源字段完整但仍需正版逐页核验,,,,,,,,,,,,,,,,,,,,
span:AUTH-TAD-0283,CandidateSpan,AUTH-TAD-0283｜有时,,,,,,,,,,,,,,,,,,,,,,,,,,,,,,,,,,有时,,,,,,,AUTH-TAD-0283,有时,16.0,18.0,located,candidate_span,,,,,,,,,,,,,,
consensus:AUTH-TAD-0283,ConsensusLabel,AUTH-TAD-0283｜其他/非目标时间用法,,,,,,,,,,,,,,,,,,,,,,,,,,,,,,,,,,,,,,,,,,有时,,,,,consensus:AUTH-TAD-0283,OTHER,多数一致,多数一致,多数一致,,,,,,,,,
annotation:span:AUTH-TAD-0283:r1,AnnotationDecision,标注者1-AUTH-TAD-0283,,,,,,,,,,,,,,,,,,,,,,,,,,,,,,,,,,,,,,,,,,,,,,,,,,,,ANONYMIZED_RATER_1,,annotation:span:AUTH-TAD-0283:r1,不是时间表达,不是时间状语,提取错误：不是时间表达,,,
annotation:span:AUTH-TAD-0283:r2,AnnotationDecision,标注者2-AUTH-TAD-0283,,,,,,,,,,,,,,,,,,,,,,,,,,,,,,,,,,,,,,,,,,,,,,,,,,,,ANONYMIZED_RATER_2,,annotation:span:AUTH-TAD-0283:r2,不确定,不确定,其他/不确定,,,
annotation:span:AUTH-TAD-0283:r3,AnnotationDecision,标注者3-AUTH-TAD-0283,,,,,,,,,,,,,,,,,,,,,,,,,,,,,,,,,,,,,,,,,,,,,,,,,,,,ANONYMIZED_RATER_3,,annotation:span:AUTH-TAD-0283:r3,不是时间表达,不是时间状语,提取错误：不是时间表达,无,,
sentence:SENT-0078,Sentence,他们今天忙死了。,,,,,,,,,,,,,,,,,,,,,,,,,,,,,,,,,SENT-0078,他们今天忙死了。,他们今天忙死了,国际中文教育中文水平等级标准·语法学习手册（初等）,初等,349,参加 不了 明天的比赛? 小提示 (1)充当可能补语的只能是单个形容词或单个动词，不加修饰成,来源字段完整但仍需正版逐页核验,,,,,,,,,,,,,,,,,,,,
span:AUTH-TAD-0284,CandidateSpan,AUTH-TAD-0284｜今天,,,,,,,,,,,,,,,,,,,,,,,,,,,,,,,,,,今天,,,,,,,AUTH-TAD-0284,今天,2.0,4.0,located,candidate_span,,,,,,,,,,,,,,
consensus:AUTH-TAD-0284,ConsensusLabel,AUTH-TAD-0284｜时间状语,,,,,,,,,,,,,,,,,,,,,,,,,,,,,,,,,,,,,,,,,,今天,,,,,consensus:AUTH-TAD-0284,TEMPORAL_ADVERBIAL,完全一致,完全一致,完全一致,,,,,,,,,
annotation:span:AUTH-TAD-0284:r1,AnnotationDecision,标注者1-AUTH-TAD-0284,,,,,,,,,,,,,,,,,,,,,,,,,,,,,,,,,,,,,,,,,,,,,,,,,,,,ANONYMIZED_RATER_1,,annotation:span:AUTH-TAD-0284:r1,正确,是时间状语,时间状语,,,
annotation:span:AUTH-TAD-0284:r2,AnnotationDecision,标注者2-AUTH-TAD-0284,,,,,,,,,,,,,,,,,,,,,,,,,,,,,,,,,,,,,,,,,,,,,,,,,,,,ANONYMIZED_RATER_2,,annotation:span:AUTH-TAD-0284:r2,正确,是时间状语,时间状语,,,
annotation:span:AUTH-TAD-0284:r3,AnnotationDecision,标注者3-AUTH-TAD-0284,,,,,,,,,,,,,,,,,,,,,,,,,,,,,,,,,,,,,,,,,,,,,,,,,,,,ANONYMIZED_RATER_3,,annotation:span:AUTH-TAD-0284:r3,正确,是时间状语,时间状语,,,
sentence:SENT-0214,Sentence,她每天都穿得漂漂亮亮的。,,,,,,,,,,,,,,,,,,,,,,,,,,,,,,,,,SENT-0214,她每天都穿得漂漂亮亮的。,她每天都穿得漂漂亮亮的,国际中文教育中文水平等级标准·语法学习手册（初等）,初等,134,她很喜欢笑，每天都开开心 心的,来源字段完整但仍需正版逐页核验,,,,,,,,,,,,,,,,,,,,
span:AUTH-TAD-0285,CandidateSpan,AUTH-TAD-0285｜每天,,,,,,,,,,,,,,,,,,,,,,,,,,,,,,,,,,每天,,,,,,,AUTH-TAD-0285,每天,1.0,3.0,located,candidate_span,,,,,,,,,,,,,,
consensus:AUTH-TAD-0285,ConsensusLabel,AUTH-TAD-0285｜时间状语,,,,,,,,,,,,,,,,,,,,,,,,,,,,,,,,,,,,,,,,,,每天,,,,,consensus:AUTH-TAD-0285,TEMPORAL_ADVERBIAL,完全一致,完全一致,完全一致,,,,,,,,,
annotation:span:AUTH-TAD-0285:r1,AnnotationDecision,标注者1-AUTH-TAD-0285,,,,,,,,,,,,,,,,,,,,,,,,,,,,,,,,,,,,,,,,,,,,,,,,,,,,ANONYMIZED_RATER_1,,annotation:span:AUTH-TAD-0285:r1,正确,是时间状语,时间状语,,,
annotation:span:AUTH-TAD-0285:r2,AnnotationDecision,标注者2-AUTH-TAD-0285,,,,,,,,,,,,,,,,,,,,,,,,,,,,,,,,,,,,,,,,,,,,,,,,,,,,ANONYMIZED_RATER_2,,annotation:span:AUTH-TAD-0285:r2,正确,是时间状语,时间状语,,,
annotation:span:AUTH-TAD-0285:r3,AnnotationDecision,标注者3-AUTH-TAD-0285,,,,,,,,,,,,,,,,,,,,,,,,,,,,,,,,,,,,,,,,,,,,,,,,,,,,ANONYMIZED_RATER_3,,annotation:span:AUTH-TAD-0285:r3,正确,是时间状语,时间状语,,,
sentence:SENT-0286,Sentence,我前天在路上意外地碰见了多年没见的老朋友。,,,,,,,,,,,,,,,,,,,,,,,,,,,,,,,,,SENT-0286,我前天在路上意外地碰见了多年没见的老朋友。,我前天在路上意外地碰见了多年没见的老朋友,国际中文教育中文水平等级标准·语法学习手册（中等）,中等,381,学校正在校园里建食堂,来源字段完整但仍需正版逐页核验,,,,,,,,,,,,,,,,,,,,
span:AUTH-TAD-0286,CandidateSpan,AUTH-TAD-0286｜前天,,,,,,,,,,,,,,,,,,,,,,,,,,,,,,,,,,前天,,,,,,,AUTH-TAD-0286,前天,1.0,3.0,located,candidate_span,,,,,,,,,,,,,,
consensus:AUTH-TAD-0286,ConsensusLabel,AUTH-TAD-0286｜时间状语,,,,,,,,,,,,,,,,,,,,,,,,,,,,,,,,,,,,,,,,,,前天,,,,,consensus:AUTH-TAD-0286,TEMPORAL_ADVERBIAL,完全一致,完全一致,完全一致,,,,,,,,,
annotation:span:AUTH-TAD-0286:r1,AnnotationDecision,标注者1-AUTH-TAD-0286,,,,,,,,,,,,,,,,,,,,,,,,,,,,,,,,,,,,,,,,,,,,,,,,,,,,ANONYMIZED_RATER_1,,annotation:span:AUTH-TAD-0286:r1,正确,是时间状语,时间状语,,,
annotation:span:AUTH-TAD-0286:r2,AnnotationDecision,标注者2-AUTH-TAD-0286,,,,,,,,,,,,,,,,,,,,,,,,,,,,,,,,,,,,,,,,,,,,,,,,,,,,ANONYMIZED_RATER_2,,annotation:span:AUTH-TAD-0286:r2,正确,是时间状语,时间状语,,,
annotation:span:AUTH-TAD-0286:r3,AnnotationDecision,标注者3-AUTH-TAD-0286,,,,,,,,,,,,,,,,,,,,,,,,,,,,,,,,,,,,,,,,,,,,,,,,,,,,ANONYMIZED_RATER_3,,annotation:span:AUTH-TAD-0286:r3,正确,是时间状语,时间状语,,,
sentence:SENT-0379,Sentence,汽车从我旁边过去了。,,,,,,,,,,,,,,,,,,,,,,,,,,,,,,,,,SENT-0379,汽车从我旁边过去了。,汽车从我旁边过去了,国际中文教育中文水平等级标准·语法学习手册（初等）,初等,173,平等级标准·语法学习手册(初等) ◎ 补充例句 我刚从他们面前经过,来源字段完整但仍需正版逐页核验,,,,,,,,,,,,,,,,,,,,
span:AUTH-TAD-0287,CandidateSpan,AUTH-TAD-0287｜过去,,,,,,,,,,,,,,,,,,,,,,,,,,,,,,,,,,过去,,,,,,,AUTH-TAD-0287,过去,6.0,8.0,located,candidate_span,,,,,,,,,,,,,,
consensus:AUTH-TAD-0287,ConsensusLabel,AUTH-TAD-0287｜其他/非目标时间用法,,,,,,,,,,,,,,,,,,,,,,,,,,,,,,,,,,,,,,,,,,过去,,,,,consensus:AUTH-TAD-0287,OTHER,多数一致,多数一致,多数一致,,,,,,,,,
annotation:span:AUTH-TAD-0287:r1,AnnotationDecision,标注者1-AUTH-TAD-0287,,,,,,,,,,,,,,,,,,,,,,,,,,,,,,,,,,,,,,,,,,,,,,,,,,,,ANONYMIZED_RATER_1,,annotation:span:AUTH-TAD-0287:r1,不是时间表达,不是时间状语,提取错误：不是时间表达,,,
annotation:span:AUTH-TAD-0287:r2,AnnotationDecision,标注者2-AUTH-TAD-0287,,,,,,,,,,,,,,,,,,,,,,,,,,,,,,,,,,,,,,,,,,,,,,,,,,,,ANONYMIZED_RATER_2,,annotation:span:AUTH-TAD-0287:r2,不确定,不确定,其他/不确定,,,
annotation:span:AUTH-TAD-0287:r3,AnnotationDecision,标注者3-AUTH-TAD-0287,,,,,,,,,,,,,,,,,,,,,,,,,,,,,,,,,,,,,,,,,,,,,,,,,,,,ANONYMIZED_RATER_3,,annotation:span:AUTH-TAD-0287:r3,不是时间表达,不是时间状语,提取错误：不是时间表达,无,,
sentence:SENT-0246,Sentence,已经十一点了，快睡吧。,,,,,,,,,,,,,,,,,,,,,,,,,,,,,,,,,SENT-0246,已经十一点了，快睡吧。,已经十一点了快睡吧,国际中文教育中文水平等级标准·语法学习手册（初等）,初等,152,级语法点 例句 校长已经下班了,来源字段完整但仍需正版逐页核验,,,,,,,,,,,,,,,,,,,,
span:AUTH-TAD-0288,CandidateSpan,AUTH-TAD-0288｜已经,,,,,,,,,,,,,,,,,,,,,,,,,,,,,,,,,,已经,,,,,,,AUTH-TAD-0288,已经,0.0,2.0,located,candidate_span,,,,,,,,,,,,,,
consensus:AUTH-TAD-0288,ConsensusLabel,AUTH-TAD-0288｜时间状语,,,,,,,,,,,,,,,,,,,,,,,,,,,,,,,,,,,,,,,,,,已经,,,,,consensus:AUTH-TAD-0288,TEMPORAL_ADVERBIAL,多数一致,多数一致,多数一致,,,,,,,,,
annotation:span:AUTH-TAD-0288:r1,AnnotationDecision,标注者1-AUTH-TAD-0288,,,,,,,,,,,,,,,,,,,,,,,,,,,,,,,,,,,,,,,,,,,,,,,,,,,,ANONYMIZED_RATER_1,,annotation:span:AUTH-TAD-0288:r1,正确,是时间状语,时间状语,,,
annotation:span:AUTH-TAD-0288:r2,AnnotationDecision,标注者2-AUTH-TAD-0288,,,,,,,,,,,,,,,,,,,,,,,,,,,,,,,,,,,,,,,,,,,,,,,,,,,,ANONYMIZED_RATER_2,,annotation:span:AUTH-TAD-0288:r2,边界不完整,不是时间状语,提取错误：边界不完整,已经十一点了,,
annotation:span:AUTH-TAD-0288:r3,AnnotationDecision,标注者3-AUTH-TAD-0288,,,,,,,,,,,,,,,,,,,,,,,,,,,,,,,,,,,,,,,,,,,,,,,,,,,,ANONYMIZED_RATER_3,,annotation:span:AUTH-TAD-0288:r3,正确,是时间状语,时间状语,,,
span:AUTH-TAD-0289,CandidateSpan,AUTH-TAD-0289｜过去,,,,,,,,,,,,,,,,,,,,,,,,,,,,,,,,,,过去,,,,,,,AUTH-TAD-0289,过去,8.0,10.0,located,candidate_span,,,,,,,,,,,,,,
consensus:AUTH-TAD-0289,ConsensusLabel,AUTH-TAD-0289｜其他/非目标时间用法,,,,,,,,,,,,,,,,,,,,,,,,,,,,,,,,,,,,,,,,,,过去,,,,,consensus:AUTH-TAD-0289,OTHER,多数一致,多数一致,平票,,,,,,,,,
annotation:span:AUTH-TAD-0289:r1,AnnotationDecision,标注者1-AUTH-TAD-0289,,,,,,,,,,,,,,,,,,,,,,,,,,,,,,,,,,,,,,,,,,,,,,,,,,,,ANONYMIZED_RATER_1,,annotation:span:AUTH-TAD-0289:r1,正确,不是时间状语,普通时间名词/词语引用,,,
annotation:span:AUTH-TAD-0289:r2,AnnotationDecision,标注者2-AUTH-TAD-0289,,,,,,,,,,,,,,,,,,,,,,,,,,,,,,,,,,,,,,,,,,,,,,,,,,,,ANONYMIZED_RATER_2,,annotation:span:AUTH-TAD-0289:r2,正确,是时间状语,时间状语,,,
annotation:span:AUTH-TAD-0289:r3,AnnotationDecision,标注者3-AUTH-TAD-0289,,,,,,,,,,,,,,,,,,,,,,,,,,,,,,,,,,,,,,,,,,,,,,,,,,,,ANONYMIZED_RATER_3,,annotation:span:AUTH-TAD-0289:r3,漏检：有目标时间状语,不是时间状语,漏检,现在,,
sentence:SENT-0181,Sentence,同学们或是独立思考，或是小组讨论，答案目前还没出来。,,,,,,,,,,,,,,,,,,,,,,,,,,,,,,,,,SENT-0181,同学们或是独立思考，或是小组讨论，答案目前还没出来。,同学们或是独立思考或是小组讨论答案目前还没出来,国际中文教育中文水平等级标准·语法学习手册（中等）,中等,231,例句 这件事或是哥哥做 你或是参加这次考 休息的时候，我或 的，或是弟弟做的,来源字段完整但仍需正版逐页核验,,,,,,,,,,,,,,,,,,,,
span:AUTH-TAD-0290,CandidateSpan,AUTH-TAD-0290｜目前,,,,,,,,,,,,,,,,,,,,,,,,,,,,,,,,,,目前,,,,,,,AUTH-TAD-0290,目前,19.0,21.0,located,candidate_span,,,,,,,,,,,,,,
consensus:AUTH-TAD-0290,ConsensusLabel,AUTH-TAD-0290｜时间状语,,,,,,,,,,,,,,,,,,,,,,,,,,,,,,,,,,,,,,,,,,目前,,,,,consensus:AUTH-TAD-0290,TEMPORAL_ADVERBIAL,完全一致,完全一致,完全一致,,,,,,,,,
annotation:span:AUTH-TAD-0290:r1,AnnotationDecision,标注者1-AUTH-TAD-0290,,,,,,,,,,,,,,,,,,,,,,,,,,,,,,,,,,,,,,,,,,,,,,,,,,,,ANONYMIZED_RATER_1,,annotation:span:AUTH-TAD-0290:r1,正确,是时间状语,时间状语,,,
annotation:span:AUTH-TAD-0290:r2,AnnotationDecision,标注者2-AUTH-TAD-0290,,,,,,,,,,,,,,,,,,,,,,,,,,,,,,,,,,,,,,,,,,,,,,,,,,,,ANONYMIZED_RATER_2,,annotation:span:AUTH-TAD-0290:r2,正确,是时间状语,时间状语,,,
annotation:span:AUTH-TAD-0290:r3,AnnotationDecision,标注者3-AUTH-TAD-0290,,,,,,,,,,,,,,,,,,,,,,,,,,,,,,,,,,,,,,,,,,,,,,,,,,,,ANONYMIZED_RATER_3,,annotation:span:AUTH-TAD-0290:r3,正确,是时间状语,时间状语,,,
sentence:SENT-0354,Sentence,昨天我没/没有看电视。,,,,,,,,,,,,,,,,,,,,,,,,,,,,,,,,,SENT-0354,昨天我没/没有看电视。,昨天我没/没有看电视,国际中文教育中文水平等级标准·语法学习手册（初等）,初等,65,◎结构特点 “没、没有”在动词性成分前，表示对已经发生或曾经发生的动作行为的否定； 在形容,来源字段完整但仍需正版逐页核验,,,,,,,,,,,,,,,,,,,,
span:AUTH-TAD-0291,CandidateSpan,AUTH-TAD-0291｜昨天,,,,,,,,,,,,,,,,,,,,,,,,,,,,,,,,,,昨天,,,,,,,AUTH-TAD-0291,昨天,0.0,2.0,located,candidate_span,,,,,,,,,,,,,,
consensus:AUTH-TAD-0291,ConsensusLabel,AUTH-TAD-0291｜时间状语,,,,,,,,,,,,,,,,,,,,,,,,,,,,,,,,,,,,,,,,,,昨天,,,,,consensus:AUTH-TAD-0291,TEMPORAL_ADVERBIAL,完全一致,完全一致,完全一致,,,,,,,,,
annotation:span:AUTH-TAD-0291:r1,AnnotationDecision,标注者1-AUTH-TAD-0291,,,,,,,,,,,,,,,,,,,,,,,,,,,,,,,,,,,,,,,,,,,,,,,,,,,,ANONYMIZED_RATER_1,,annotation:span:AUTH-TAD-0291:r1,正确,是时间状语,时间状语,,,
annotation:span:AUTH-TAD-0291:r2,AnnotationDecision,标注者2-AUTH-TAD-0291,,,,,,,,,,,,,,,,,,,,,,,,,,,,,,,,,,,,,,,,,,,,,,,,,,,,ANONYMIZED_RATER_2,,annotation:span:AUTH-TAD-0291:r2,正确,是时间状语,时间状语,,,
annotation:span:AUTH-TAD-0291:r3,AnnotationDecision,标注者3-AUTH-TAD-0291,,,,,,,,,,,,,,,,,,,,,,,,,,,,,,,,,,,,,,,,,,,,,,,,,,,,ANONYMIZED_RATER_3,,annotation:span:AUTH-TAD-0291:r3,正确,是时间状语,时间状语,,,
sentence:SENT-0266,Sentence,我从家走到学校要三四十分钟。,,,,,,,,,,,,,,,,,,,,,,,,,,,,,,,,,SENT-0266,我从家走到学校要三四十分钟。,我从家走到学校要三四十分钟,国际中文教育中文水平等级标准·语法学习手册（初等）,初等,386,,页面线索缺失,,,,,,,,,,,,,,,,,,,,
span:AUTH-TAD-0292,CandidateSpan,AUTH-TAD-0292｜三四十分钟,,,,,,,,,,,,,,,,,,,,,,,,,,,,,,,,,,三四十分钟,,,,,,,AUTH-TAD-0292,三四十分钟,8.0,13.0,located,candidate_span,,,,,,,,,,,,,,
consensus:AUTH-TAD-0292,ConsensusLabel,AUTH-TAD-0292｜时长/时间补语,,,,,,,,,,,,,,,,,,,,,,,,,,,,,,,,,,,,,,,,,,三四十分钟,,,,,consensus:AUTH-TAD-0292,COMPLEMENT,完全一致,完全一致,完全一致,,,,,,,,,
annotation:span:AUTH-TAD-0292:r1,AnnotationDecision,标注者1-AUTH-TAD-0292,,,,,,,,,,,,,,,,,,,,,,,,,,,,,,,,,,,,,,,,,,,,,,,,,,,,ANONYMIZED_RATER_1,,annotation:span:AUTH-TAD-0292:r1,正确,不是时间状语,时长补语,,,
annotation:span:AUTH-TAD-0292:r2,AnnotationDecision,标注者2-AUTH-TAD-0292,,,,,,,,,,,,,,,,,,,,,,,,,,,,,,,,,,,,,,,,,,,,,,,,,,,,ANONYMIZED_RATER_2,,annotation:span:AUTH-TAD-0292:r2,正确,不是时间状语,时长补语,,,
annotation:span:AUTH-TAD-0292:r3,AnnotationDecision,标注者3-AUTH-TAD-0292,,,,,,,,,,,,,,,,,,,,,,,,,,,,,,,,,,,,,,,,,,,,,,,,,,,,ANONYMIZED_RATER_3,,annotation:span:AUTH-TAD-0292:r3,正确,不是时间状语,时长补语,,,
sentence:SENT-0333,Sentence,明天也许会下雨。,,,,,,,,,,,,,,,,,,,,,,,,,,,,,,,,,SENT-0333,明天也许会下雨。,明天也许会下雨,国际中文教育中文水平等级标准·语法学习手册（初等）,初等,163,,页面线索缺失,,,,,,,,,,,,,,,,,,,,
span:AUTH-TAD-0293,CandidateSpan,AUTH-TAD-0293｜明天,,,,,,,,,,,,,,,,,,,,,,,,,,,,,,,,,,明天,,,,,,,AUTH-TAD-0293,明天,0.0,2.0,located,candidate_span,,,,,,,,,,,,,,
consensus:AUTH-TAD-0293,ConsensusLabel,AUTH-TAD-0293｜时间状语,,,,,,,,,,,,,,,,,,,,,,,,,,,,,,,,,,,,,,,,,,明天,,,,,consensus:AUTH-TAD-0293,TEMPORAL_ADVERBIAL,完全一致,完全一致,完全一致,,,,,,,,,
annotation:span:AUTH-TAD-0293:r1,AnnotationDecision,标注者1-AUTH-TAD-0293,,,,,,,,,,,,,,,,,,,,,,,,,,,,,,,,,,,,,,,,,,,,,,,,,,,,ANONYMIZED_RATER_1,,annotation:span:AUTH-TAD-0293:r1,正确,是时间状语,时间状语,,,
annotation:span:AUTH-TAD-0293:r2,AnnotationDecision,标注者2-AUTH-TAD-0293,,,,,,,,,,,,,,,,,,,,,,,,,,,,,,,,,,,,,,,,,,,,,,,,,,,,ANONYMIZED_RATER_2,,annotation:span:AUTH-TAD-0293:r2,正确,是时间状语,时间状语,,,
annotation:span:AUTH-TAD-0293:r3,AnnotationDecision,标注者3-AUTH-TAD-0293,,,,,,,,,,,,,,,,,,,,,,,,,,,,,,,,,,,,,,,,,,,,,,,,,,,,ANONYMIZED_RATER_3,,annotation:span:AUTH-TAD-0293:r3,正确,是时间状语,时间状语,,,
span:AUTH-TAD-0294,CandidateSpan,AUTH-TAD-0294｜目前,,,,,,,,,,,,,,,,,,,,,,,,,,,,,,,,,,目前,,,,,,,AUTH-TAD-0294,目前,0.0,2.0,located,candidate_span,,,,,,,,,,,,,,
consensus:AUTH-TAD-0294,ConsensusLabel,AUTH-TAD-0294｜时间定语,,,,,,,,,,,,,,,,,,,,,,,,,,,,,,,,,,,,,,,,,,目前,,,,,consensus:AUTH-TAD-0294,ATTRIBUTE,完全一致,完全一致,完全一致,,,,,,,,,
annotation:span:AUTH-TAD-0294:r1,AnnotationDecision,标注者1-AUTH-TAD-0294,,,,,,,,,,,,,,,,,,,,,,,,,,,,,,,,,,,,,,,,,,,,,,,,,,,,ANONYMIZED_RATER_1,,annotation:span:AUTH-TAD-0294:r1,正确,不是时间状语,时间定语,,,
annotation:span:AUTH-TAD-0294:r2,AnnotationDecision,标注者2-AUTH-TAD-0294,,,,,,,,,,,,,,,,,,,,,,,,,,,,,,,,,,,,,,,,,,,,,,,,,,,,ANONYMIZED_RATER_2,,annotation:span:AUTH-TAD-0294:r2,正确,不是时间状语,时间定语,,,
annotation:span:AUTH-TAD-0294:r3,AnnotationDecision,标注者3-AUTH-TAD-0294,,,,,,,,,,,,,,,,,,,,,,,,,,,,,,,,,,,,,,,,,,,,,,,,,,,,ANONYMIZED_RATER_3,,annotation:span:AUTH-TAD-0294:r3,正确,不是时间状语,时间定语,,,
sentence:SENT-0177,Sentence,可不是，警察都已经来了。,,,,,,,,,,,,,,,,,,,,,,,,,,,,,,,,,SENT-0177,可不是，警察都已经来了。,可不是警察都已经来了,国际中文教育中文水平等级标准·语法学习手册（高等）,高等,104,◎ 典型例句和对话 例句 交际实践 可不是，警察都已经 (在小区门口，询问出了什么事) 来了,来源字段完整但仍需正版逐页核验,,,,,,,,,,,,,,,,,,,,
span:AUTH-TAD-0295,CandidateSpan,AUTH-TAD-0295｜已经,,,,,,,,,,,,,,,,,,,,,,,,,,,,,,,,,,已经,,,,,,,AUTH-TAD-0295,已经,7.0,9.0,located,candidate_span,,,,,,,,,,,,,,
consensus:AUTH-TAD-0295,ConsensusLabel,AUTH-TAD-0295｜时间状语,,,,,,,,,,,,,,,,,,,,,,,,,,,,,,,,,,,,,,,,,,已经,,,,,consensus:AUTH-TAD-0295,TEMPORAL_ADVERBIAL,完全一致,完全一致,完全一致,,,,,,,,,
annotation:span:AUTH-TAD-0295:r1,AnnotationDecision,标注者1-AUTH-TAD-0295,,,,,,,,,,,,,,,,,,,,,,,,,,,,,,,,,,,,,,,,,,,,,,,,,,,,ANONYMIZED_RATER_1,,annotation:span:AUTH-TAD-0295:r1,正确,是时间状语,时间状语,,,
annotation:span:AUTH-TAD-0295:r2,AnnotationDecision,标注者2-AUTH-TAD-0295,,,,,,,,,,,,,,,,,,,,,,,,,,,,,,,,,,,,,,,,,,,,,,,,,,,,ANONYMIZED_RATER_2,,annotation:span:AUTH-TAD-0295:r2,正确,是时间状语,时间状语,,,
annotation:span:AUTH-TAD-0295:r3,AnnotationDecision,标注者3-AUTH-TAD-0295,,,,,,,,,,,,,,,,,,,,,,,,,,,,,,,,,,,,,,,,,,,,,,,,,,,,ANONYMIZED_RATER_3,,annotation:span:AUTH-TAD-0295:r3,正确,是时间状语,时间状语,,,
sentence:SENT-0272,Sentence,我们大概走了十分钟。,,,,,,,,,,,,,,,,,,,,,,,,,,,,,,,,,SENT-0272,我们大概走了十分钟。,我们大概走了十分钟,国际中文教育中文水平等级标准·语法学习手册（初等）,初等,300,态副词(1):大概 ◎基本语义及用法 表示对数量、时间不是很精确的估计，也表示对情况的估计,来源字段完整但仍需正版逐页核验,,,,,,,,,,,,,,,,,,,,
span:AUTH-TAD-0296,CandidateSpan,AUTH-TAD-0296｜十分钟,,,,,,,,,,,,,,,,,,,,,,,,,,,,,,,,,,十分钟,,,,,,,AUTH-TAD-0296,十分钟,6.0,9.0,located,candidate_span,,,,,,,,,,,,,,
consensus:AUTH-TAD-0296,ConsensusLabel,AUTH-TAD-0296｜时长/时间补语,,,,,,,,,,,,,,,,,,,,,,,,,,,,,,,,,,,,,,,,,,十分钟,,,,,consensus:AUTH-TAD-0296,COMPLEMENT,完全一致,完全一致,完全一致,,,,,,,,,
annotation:span:AUTH-TAD-0296:r1,AnnotationDecision,标注者1-AUTH-TAD-0296,,,,,,,,,,,,,,,,,,,,,,,,,,,,,,,,,,,,,,,,,,,,,,,,,,,,ANONYMIZED_RATER_1,,annotation:span:AUTH-TAD-0296:r1,正确,不是时间状语,时长补语,,,
annotation:span:AUTH-TAD-0296:r2,AnnotationDecision,标注者2-AUTH-TAD-0296,,,,,,,,,,,,,,,,,,,,,,,,,,,,,,,,,,,,,,,,,,,,,,,,,,,,ANONYMIZED_RATER_2,,annotation:span:AUTH-TAD-0296:r2,正确,不是时间状语,时长补语,,,
annotation:span:AUTH-TAD-0296:r3,AnnotationDecision,标注者3-AUTH-TAD-0296,,,,,,,,,,,,,,,,,,,,,,,,,,,,,,,,,,,,,,,,,,,,,,,,,,,,ANONYMIZED_RATER_3,,annotation:span:AUTH-TAD-0296:r3,正确,不是时间状语,时长补语,,,
sentence:SENT-0427,Sentence,议，正在修改方案。,,,,,,,,,,,,,,,,,,,,,,,,,,,,,,,,,SENT-0427,议，正在修改方案。,议正在修改方案,国际中文教育中文水平等级标准·语法学习手册（中等）,中等,180,议，正在修改方案,来源字段完整但仍需正版逐页核验,,,,,,,,,,,,,,,,,,,,
span:AUTH-TAD-0297,CandidateSpan,AUTH-TAD-0297｜正在,,,,,,,,,,,,,,,,,,,,,,,,,,,,,,,,,,正在,,,,,,,AUTH-TAD-0297,正在,2.0,4.0,located,candidate_span,,,,,,,,,,,,,,
consensus:AUTH-TAD-0297,ConsensusLabel,AUTH-TAD-0297｜时间状语,,,,,,,,,,,,,,,,,,,,,,,,,,,,,,,,,,,,,,,,,,正在,,,,,consensus:AUTH-TAD-0297,TEMPORAL_ADVERBIAL,完全一致,完全一致,完全一致,,,,,,,,,
annotation:span:AUTH-TAD-0297:r1,AnnotationDecision,标注者1-AUTH-TAD-0297,,,,,,,,,,,,,,,,,,,,,,,,,,,,,,,,,,,,,,,,,,,,,,,,,,,,ANONYMIZED_RATER_1,,annotation:span:AUTH-TAD-0297:r1,正确,是时间状语,时间状语,,,
annotation:span:AUTH-TAD-0297:r2,AnnotationDecision,标注者2-AUTH-TAD-0297,,,,,,,,,,,,,,,,,,,,,,,,,,,,,,,,,,,,,,,,,,,,,,,,,,,,ANONYMIZED_RATER_2,,annotation:span:AUTH-TAD-0297:r2,正确,是时间状语,时间状语,,,
annotation:span:AUTH-TAD-0297:r3,AnnotationDecision,标注者3-AUTH-TAD-0297,,,,,,,,,,,,,,,,,,,,,,,,,,,,,,,,,,,,,,,,,,,,,,,,,,,,ANONYMIZED_RATER_3,,annotation:span:AUTH-TAD-0297:r3,正确,是时间状语,时间状语,,,
sentence:SENT-0082,Sentence,他到处借钱，现在借到我们同事头上来了。,,,,,,,,,,,,,,,,,,,,,,,,,,,,,,,,,SENT-0082,他到处借钱，现在借到我们同事头上来了。,他到处借钱现在借到我们同事头上来了,国际中文教育中文水平等级标准·语法学习手册（中等）,中等,362,小妹：那当然，他错 以后不跟他来往 了我就能管,来源字段完整但仍需正版逐页核验,,,,,,,,,,,,,,,,,,,,
span:AUTH-TAD-0298,CandidateSpan,AUTH-TAD-0298｜现在,,,,,,,,,,,,,,,,,,,,,,,,,,,,,,,,,,现在,,,,,,,AUTH-TAD-0298,现在,6.0,8.0,located,candidate_span,,,,,,,,,,,,,,
consensus:AUTH-TAD-0298,ConsensusLabel,AUTH-TAD-0298｜时间状语,,,,,,,,,,,,,,,,,,,,,,,,,,,,,,,,,,,,,,,,,,现在,,,,,consensus:AUTH-TAD-0298,TEMPORAL_ADVERBIAL,完全一致,完全一致,完全一致,,,,,,,,,
annotation:span:AUTH-TAD-0298:r1,AnnotationDecision,标注者1-AUTH-TAD-0298,,,,,,,,,,,,,,,,,,,,,,,,,,,,,,,,,,,,,,,,,,,,,,,,,,,,ANONYMIZED_RATER_1,,annotation:span:AUTH-TAD-0298:r1,正确,是时间状语,时间状语,,,
annotation:span:AUTH-TAD-0298:r2,AnnotationDecision,标注者2-AUTH-TAD-0298,,,,,,,,,,,,,,,,,,,,,,,,,,,,,,,,,,,,,,,,,,,,,,,,,,,,ANONYMIZED_RATER_2,,annotation:span:AUTH-TAD-0298:r2,正确,是时间状语,时间状语,,,
annotation:span:AUTH-TAD-0298:r3,AnnotationDecision,标注者3-AUTH-TAD-0298,,,,,,,,,,,,,,,,,,,,,,,,,,,,,,,,,,,,,,,,,,,,,,,,,,,,ANONYMIZED_RATER_3,,annotation:span:AUTH-TAD-0298:r3,正确,是时间状语,时间状语,,,
sentence:SENT-0285,Sentence,我到北京一个月了。,,,,,,,,,,,,,,,,,,,,,,,,,,,,,,,,,SENT-0285,我到北京一个月了。,我到北京一个月了,国际中文教育中文水平等级标准·语法学习手册（初等）,初等,354,B:我觉得举行庆祝晚 差不多已经 会、让他们去旅行、 习惯了,来源字段完整但仍需正版逐页核验,,,,,,,,,,,,,,,,,,,,
span:AUTH-TAD-0299,CandidateSpan,AUTH-TAD-0299｜一个月,,,,,,,,,,,,,,,,,,,,,,,,,,,,,,,,,,一个月,,,,,,,AUTH-TAD-0299,一个月,4.0,7.0,located,candidate_span,,,,,,,,,,,,,,
consensus:AUTH-TAD-0299,ConsensusLabel,AUTH-TAD-0299｜时长/时间补语,,,,,,,,,,,,,,,,,,,,,,,,,,,,,,,,,,,,,,,,,,一个月,,,,,consensus:AUTH-TAD-0299,COMPLEMENT,完全一致,完全一致,多数一致,,,,,,,,,
annotation:span:AUTH-TAD-0299:r1,AnnotationDecision,标注者1-AUTH-TAD-0299,,,,,,,,,,,,,,,,,,,,,,,,,,,,,,,,,,,,,,,,,,,,,,,,,,,,ANONYMIZED_RATER_1,,annotation:span:AUTH-TAD-0299:r1,正确,不是时间状语,时长补语,,,
annotation:span:AUTH-TAD-0299:r2,AnnotationDecision,标注者2-AUTH-TAD-0299,,,,,,,,,,,,,,,,,,,,,,,,,,,,,,,,,,,,,,,,,,,,,,,,,,,,ANONYMIZED_RATER_2,,annotation:span:AUTH-TAD-0299:r2,正确,不是时间状语,时长补语,,,
annotation:span:AUTH-TAD-0299:r3,AnnotationDecision,标注者3-AUTH-TAD-0299,,,,,,,,,,,,,,,,,,,,,,,,,,,,,,,,,,,,,,,,,,,,,,,,,,,,ANONYMIZED_RATER_3,,annotation:span:AUTH-TAD-0299:r3,正确,不是时间状语,普通时间名词/词语引用,,,
sentence:SENT-0390,Sentence,现在公司的新员工尽是博士。,,,,,,,,,,,,,,,,,,,,,,,,,,,,,,,,,SENT-0390,现在公司的新员工尽是博士。,现在公司的新员工尽是博士,国际中文教育中文水平等级标准·语法学习手册（中等）,中等,270,语法学习手册(中等) ◎ 典型例句和对话 刚上班，分配给 例句 这桌上尽是土,来源字段完整但仍需正版逐页核验,,,,,,,,,,,,,,,,,,,,
span:AUTH-TAD-0300,CandidateSpan,AUTH-TAD-0300｜现在,,,,,,,,,,,,,,,,,,,,,,,,,,,,,,,,,,现在,,,,,,,AUTH-TAD-0300,现在,0.0,2.0,located,candidate_span,,,,,,,,,,,,,,
consensus:AUTH-TAD-0300,ConsensusLabel,AUTH-TAD-0300｜时间状语,,,,,,,,,,,,,,,,,,,,,,,,,,,,,,,,,,,,,,,,,,现在,,,,,consensus:AUTH-TAD-0300,TEMPORAL_ADVERBIAL,完全一致,完全一致,完全一致,,,,,,,,,
annotation:span:AUTH-TAD-0300:r1,AnnotationDecision,标注者1-AUTH-TAD-0300,,,,,,,,,,,,,,,,,,,,,,,,,,,,,,,,,,,,,,,,,,,,,,,,,,,,ANONYMIZED_RATER_1,,annotation:span:AUTH-TAD-0300:r1,正确,是时间状语,时间状语,,,
annotation:span:AUTH-TAD-0300:r2,AnnotationDecision,标注者2-AUTH-TAD-0300,,,,,,,,,,,,,,,,,,,,,,,,,,,,,,,,,,,,,,,,,,,,,,,,,,,,ANONYMIZED_RATER_2,,annotation:span:AUTH-TAD-0300:r2,正确,是时间状语,时间状语,,,
annotation:span:AUTH-TAD-0300:r3,AnnotationDecision,标注者3-AUTH-TAD-0300,,,,,,,,,,,,,,,,,,,,,,,,,,,,,,,,,,,,,,,,,,,,,,,,,,,,ANONYMIZED_RATER_3,,annotation:span:AUTH-TAD-0300:r3,正确,是时间状语,时间状语,,,
sentence:SENT-0245,Sentence,已经下班了，但他的办公室依旧亮着灯。,,,,,,,,,,,,,,,,,,,,,,,,,,,,,,,,,SENT-0245,已经下班了，但他的办公室依旧亮着灯。,已经下班了但他的办公室依旧亮着灯,国际中文教育中文水平等级标准·语法学习手册（中等）,中等,156,A:爷爷现在还住在 A:谁是公司本季度 记者：您已经离开家乡多 老房子里吗? 的金牌销售员?,来源字段完整但仍需正版逐页核验,,,,,,,,,,,,,,,,,,,,
span:AUTH-TAD-0301,CandidateSpan,AUTH-TAD-0301｜已经,,,,,,,,,,,,,,,,,,,,,,,,,,,,,,,,,,已经,,,,,,,AUTH-TAD-0301,已经,0.0,2.0,located,candidate_span,,,,,,,,,,,,,,
consensus:AUTH-TAD-0301,ConsensusLabel,AUTH-TAD-0301｜时间状语,,,,,,,,,,,,,,,,,,,,,,,,,,,,,,,,,,,,,,,,,,已经,,,,,consensus:AUTH-TAD-0301,TEMPORAL_ADVERBIAL,完全一致,完全一致,完全一致,,,,,,,,,
annotation:span:AUTH-TAD-0301:r1,AnnotationDecision,标注者1-AUTH-TAD-0301,,,,,,,,,,,,,,,,,,,,,,,,,,,,,,,,,,,,,,,,,,,,,,,,,,,,ANONYMIZED_RATER_1,,annotation:span:AUTH-TAD-0301:r1,正确,是时间状语,时间状语,,,
annotation:span:AUTH-TAD-0301:r2,AnnotationDecision,标注者2-AUTH-TAD-0301,,,,,,,,,,,,,,,,,,,,,,,,,,,,,,,,,,,,,,,,,,,,,,,,,,,,ANONYMIZED_RATER_2,,annotation:span:AUTH-TAD-0301:r2,正确,是时间状语,时间状语,,,
annotation:span:AUTH-TAD-0301:r3,AnnotationDecision,标注者3-AUTH-TAD-0301,,,,,,,,,,,,,,,,,,,,,,,,,,,,,,,,,,,,,,,,,,,,,,,,,,,,ANONYMIZED_RATER_3,,annotation:span:AUTH-TAD-0301:r3,正确,是时间状语,时间状语,,,
span:AUTH-TAD-0302,CandidateSpan,AUTH-TAD-0302｜十一点,,,,,,,,,,,,,,,,,,,,,,,,,,,,,,,,,,十一点,,,,,,,AUTH-TAD-0302,十一点,2.0,5.0,located,candidate_span,,,,,,,,,,,,,,
consensus:AUTH-TAD-0302,ConsensusLabel,AUTH-TAD-0302｜其他/非目标时间用法,,,,,,,,,,,,,,,,,,,,,,,,,,,,,,,,,,,,,,,,,,十一点,,,,,consensus:AUTH-TAD-0302,OTHER,多数一致,完全一致,多数一致,,,,,,,,,
annotation:span:AUTH-TAD-0302:r1,AnnotationDecision,标注者1-AUTH-TAD-0302,,,,,,,,,,,,,,,,,,,,,,,,,,,,,,,,,,,,,,,,,,,,,,,,,,,,ANONYMIZED_RATER_1,,annotation:span:AUTH-TAD-0302:r1,正确,不是时间状语,普通时间名词/词语引用,,,
annotation:span:AUTH-TAD-0302:r2,AnnotationDecision,标注者2-AUTH-TAD-0302,,,,,,,,,,,,,,,,,,,,,,,,,,,,,,,,,,,,,,,,,,,,,,,,,,,,ANONYMIZED_RATER_2,,annotation:span:AUTH-TAD-0302:r2,边界不完整,不是时间状语,提取错误：边界不完整,已经十一点了,,
annotation:span:AUTH-TAD-0302:r3,AnnotationDecision,标注者3-AUTH-TAD-0302,,,,,,,,,,,,,,,,,,,,,,,,,,,,,,,,,,,,,,,,,,,,,,,,,,,,ANONYMIZED_RATER_3,,annotation:span:AUTH-TAD-0302:r3,边界不完整,不是时间状语,提取错误：边界不完整,已经十一点,,
sentence:SENT-0074,Sentence,他什么他，现在说的是你。,,,,,,,,,,,,,,,,,,,,,,,,,,,,,,,,,SENT-0074,他什么他，现在说的是你。,他什么他现在说的是你,国际中文教育中文水平等级标准·语法学习手册（中等）,中等,262,,页面线索缺失,,,,,,,,,,,,,,,,,,,,
span:AUTH-TAD-0303,CandidateSpan,AUTH-TAD-0303｜现在,,,,,,,,,,,,,,,,,,,,,,,,,,,,,,,,,,现在,,,,,,,AUTH-TAD-0303,现在,5.0,7.0,located,candidate_span,,,,,,,,,,,,,,
consensus:AUTH-TAD-0303,ConsensusLabel,AUTH-TAD-0303｜时间状语,,,,,,,,,,,,,,,,,,,,,,,,,,,,,,,,,,,,,,,,,,现在,,,,,consensus:AUTH-TAD-0303,TEMPORAL_ADVERBIAL,完全一致,完全一致,完全一致,,,,,,,,,
annotation:span:AUTH-TAD-0303:r1,AnnotationDecision,标注者1-AUTH-TAD-0303,,,,,,,,,,,,,,,,,,,,,,,,,,,,,,,,,,,,,,,,,,,,,,,,,,,,ANONYMIZED_RATER_1,,annotation:span:AUTH-TAD-0303:r1,正确,是时间状语,时间状语,,,
annotation:span:AUTH-TAD-0303:r2,AnnotationDecision,标注者2-AUTH-TAD-0303,,,,,,,,,,,,,,,,,,,,,,,,,,,,,,,,,,,,,,,,,,,,,,,,,,,,ANONYMIZED_RATER_2,,annotation:span:AUTH-TAD-0303:r2,正确,是时间状语,时间状语,,,
annotation:span:AUTH-TAD-0303:r3,AnnotationDecision,标注者3-AUTH-TAD-0303,,,,,,,,,,,,,,,,,,,,,,,,,,,,,,,,,,,,,,,,,,,,,,,,,,,,ANONYMIZED_RATER_3,,annotation:span:AUTH-TAD-0303:r3,正确,是时间状语,时间状语,,,
sentence:SENT-0226,Sentence,如果你明天要去超市，顺便帮我买支红圆珠笔吧。,,,,,,,,,,,,,,,,,,,,,,,,,,,,,,,,,SENT-0226,如果你明天要去超市，顺便帮我买支红圆珠笔吧。,如果你明天要去超市顺便帮我买支红圆珠笔吧,国际中文教育中文水平等级标准·语法学习手册（高等）,高等,40,◎ 补充例句 你下楼的时候，顺便把垃圾带下去吧,来源字段完整但仍需正版逐页核验,,,,,,,,,,,,,,,,,,,,
span:AUTH-TAD-0304,CandidateSpan,AUTH-TAD-0304｜明天,,,,,,,,,,,,,,,,,,,,,,,,,,,,,,,,,,明天,,,,,,,AUTH-TAD-0304,明天,3.0,5.0,located,candidate_span,,,,,,,,,,,,,,
consensus:AUTH-TAD-0304,ConsensusLabel,AUTH-TAD-0304｜时间状语,,,,,,,,,,,,,,,,,,,,,,,,,,,,,,,,,,,,,,,,,,明天,,,,,consensus:AUTH-TAD-0304,TEMPORAL_ADVERBIAL,完全一致,完全一致,完全一致,,,,,,,,,
annotation:span:AUTH-TAD-0304:r1,AnnotationDecision,标注者1-AUTH-TAD-0304,,,,,,,,,,,,,,,,,,,,,,,,,,,,,,,,,,,,,,,,,,,,,,,,,,,,ANONYMIZED_RATER_1,,annotation:span:AUTH-TAD-0304:r1,正确,是时间状语,时间状语,,,
annotation:span:AUTH-TAD-0304:r2,AnnotationDecision,标注者2-AUTH-TAD-0304,,,,,,,,,,,,,,,,,,,,,,,,,,,,,,,,,,,,,,,,,,,,,,,,,,,,ANONYMIZED_RATER_2,,annotation:span:AUTH-TAD-0304:r2,正确,是时间状语,时间状语,,,
annotation:span:AUTH-TAD-0304:r3,AnnotationDecision,标注者3-AUTH-TAD-0304,,,,,,,,,,,,,,,,,,,,,,,,,,,,,,,,,,,,,,,,,,,,,,,,,,,,ANONYMIZED_RATER_3,,annotation:span:AUTH-TAD-0304:r3,正确,是时间状语,时间状语,,,
sentence:SENT-0460,Sentence,野炊活动之所以推迟，是由于天气预报说明天下雨。,,,,,,,,,,,,,,,,,,,,,,,,,,,,,,,,,SENT-0460,野炊活动之所以推迟，是由于天气预报说明天下雨。,野炊活动之所以推迟是由于天气预报说明天下雨,国际中文教育中文水平等级标准·语法学习手册（高等）,高等,174,S)+VP? 他 之所以 身体素质好，是因为 他 经常锻炼,来源字段完整但仍需正版逐页核验,,,,,,,,,,,,,,,,,,,,
span:AUTH-TAD-0305,CandidateSpan,AUTH-TAD-0305｜明天,,,,,,,,,,,,,,,,,,,,,,,,,,,,,,,,,,明天,,,,,,,AUTH-TAD-0305,明天,18.0,20.0,located,candidate_span,,,,,,,,,,,,,,
consensus:AUTH-TAD-0305,ConsensusLabel,AUTH-TAD-0305｜时间状语,,,,,,,,,,,,,,,,,,,,,,,,,,,,,,,,,,,,,,,,,,明天,,,,,consensus:AUTH-TAD-0305,TEMPORAL_ADVERBIAL,完全一致,完全一致,完全一致,,,,,,,,,
annotation:span:AUTH-TAD-0305:r1,AnnotationDecision,标注者1-AUTH-TAD-0305,,,,,,,,,,,,,,,,,,,,,,,,,,,,,,,,,,,,,,,,,,,,,,,,,,,,ANONYMIZED_RATER_1,,annotation:span:AUTH-TAD-0305:r1,正确,是时间状语,时间状语,,,
annotation:span:AUTH-TAD-0305:r2,AnnotationDecision,标注者2-AUTH-TAD-0305,,,,,,,,,,,,,,,,,,,,,,,,,,,,,,,,,,,,,,,,,,,,,,,,,,,,ANONYMIZED_RATER_2,,annotation:span:AUTH-TAD-0305:r2,正确,是时间状语,时间状语,,,
annotation:span:AUTH-TAD-0305:r3,AnnotationDecision,标注者3-AUTH-TAD-0305,,,,,,,,,,,,,,,,,,,,,,,,,,,,,,,,,,,,,,,,,,,,,,,,,,,,ANONYMIZED_RATER_3,,annotation:span:AUTH-TAD-0305:r3,正确,是时间状语,时间状语,,,
sentence:SENT-0102,Sentence,他晚上一定又吃方便面了。,,,,,,,,,,,,,,,,,,,,,,,,,,,,,,,,,SENT-0102,他晚上一定又吃方便面了。,他晚上一定又吃方便面了,国际中文教育中文水平等级标准·语法学习手册（初等）,初等,162,你到北京以后，一定 要去看看王老师,来源字段完整但仍需正版逐页核验,,,,,,,,,,,,,,,,,,,,
span:AUTH-TAD-0306,CandidateSpan,AUTH-TAD-0306｜晚上,,,,,,,,,,,,,,,,,,,,,,,,,,,,,,,,,,晚上,,,,,,,AUTH-TAD-0306,晚上,1.0,3.0,located,candidate_span,,,,,,,,,,,,,,
consensus:AUTH-TAD-0306,ConsensusLabel,AUTH-TAD-0306｜时间状语,,,,,,,,,,,,,,,,,,,,,,,,,,,,,,,,,,,,,,,,,,晚上,,,,,consensus:AUTH-TAD-0306,TEMPORAL_ADVERBIAL,完全一致,完全一致,完全一致,,,,,,,,,
annotation:span:AUTH-TAD-0306:r1,AnnotationDecision,标注者1-AUTH-TAD-0306,,,,,,,,,,,,,,,,,,,,,,,,,,,,,,,,,,,,,,,,,,,,,,,,,,,,ANONYMIZED_RATER_1,,annotation:span:AUTH-TAD-0306:r1,正确,是时间状语,时间状语,,,
annotation:span:AUTH-TAD-0306:r2,AnnotationDecision,标注者2-AUTH-TAD-0306,,,,,,,,,,,,,,,,,,,,,,,,,,,,,,,,,,,,,,,,,,,,,,,,,,,,ANONYMIZED_RATER_2,,annotation:span:AUTH-TAD-0306:r2,正确,是时间状语,时间状语,,,
annotation:span:AUTH-TAD-0306:r3,AnnotationDecision,标注者3-AUTH-TAD-0306,,,,,,,,,,,,,,,,,,,,,,,,,,,,,,,,,,,,,,,,,,,,,,,,,,,,ANONYMIZED_RATER_3,,annotation:span:AUTH-TAD-0306:r3,正确,是时间状语,时间状语,,,
sentence:SENT-0128,Sentence,你以前来过北京吗?,,,,,,,,,,,,,,,,,,,,,,,,,,,,,,,,,SENT-0128,你以前来过北京吗?,你以前来过北京吗,国际中文教育中文水平等级标准·语法学习手册（初等）,初等,242,室) (在教室) A:这次你们考得怎么样? A:你以前来过北京吗? A:你住哪儿? B:李明第,来源字段完整但仍需正版逐页核验,,,,,,,,,,,,,,,,,,,,
span:AUTH-TAD-0307,CandidateSpan,AUTH-TAD-0307｜以前,,,,,,,,,,,,,,,,,,,,,,,,,,,,,,,,,,以前,,,,,,,AUTH-TAD-0307,以前,1.0,3.0,located,candidate_span,,,,,,,,,,,,,,
consensus:AUTH-TAD-0307,ConsensusLabel,AUTH-TAD-0307｜时间状语,,,,,,,,,,,,,,,,,,,,,,,,,,,,,,,,,,,,,,,,,,以前,,,,,consensus:AUTH-TAD-0307,TEMPORAL_ADVERBIAL,完全一致,完全一致,完全一致,,,,,,,,,
annotation:span:AUTH-TAD-0307:r1,AnnotationDecision,标注者1-AUTH-TAD-0307,,,,,,,,,,,,,,,,,,,,,,,,,,,,,,,,,,,,,,,,,,,,,,,,,,,,ANONYMIZED_RATER_1,,annotation:span:AUTH-TAD-0307:r1,正确,是时间状语,时间状语,,,
annotation:span:AUTH-TAD-0307:r2,AnnotationDecision,标注者2-AUTH-TAD-0307,,,,,,,,,,,,,,,,,,,,,,,,,,,,,,,,,,,,,,,,,,,,,,,,,,,,ANONYMIZED_RATER_2,,annotation:span:AUTH-TAD-0307:r2,正确,是时间状语,时间状语,,,
annotation:span:AUTH-TAD-0307:r3,AnnotationDecision,标注者3-AUTH-TAD-0307,,,,,,,,,,,,,,,,,,,,,,,,,,,,,,,,,,,,,,,,,,,,,,,,,,,,ANONYMIZED_RATER_3,,annotation:span:AUTH-TAD-0307:r3,正确,是时间状语,时间状语,,,
sentence:SENT-0257,Sentence,怪不得他心里害怕，因为小时候曾被邻居家的狗咬过一回。,,,,,,,,,,,,,,,,,,,,,,,,,,,,,,,,,SENT-0257,怪不得他心里害怕，因为小时候曾被邻居家的狗咬过一回。,怪不得他心里害怕因为小时候曾被邻居家的狗咬过一回,国际中文教育中文水平等级标准·语法学习手册（高等）,高等,55,怪不得他心里害怕，因为小时候曾被邻居家的狗咬过一回,来源字段完整但仍需正版逐页核验,,,,,,,,,,,,,,,,,,,,
span:AUTH-TAD-0308,CandidateSpan,AUTH-TAD-0308｜小时候,,,,,,,,,,,,,,,,,,,,,,,,,,,,,,,,,,小时候,,,,,,,AUTH-TAD-0308,小时候,11.0,14.0,located,candidate_span,,,,,,,,,,,,,,
consensus:AUTH-TAD-0308,ConsensusLabel,AUTH-TAD-0308｜时间状语,,,,,,,,,,,,,,,,,,,,,,,,,,,,,,,,,,,,,,,,,,小时候,,,,,consensus:AUTH-TAD-0308,TEMPORAL_ADVERBIAL,完全一致,完全一致,完全一致,,,,,,,,,
annotation:span:AUTH-TAD-0308:r1,AnnotationDecision,标注者1-AUTH-TAD-0308,,,,,,,,,,,,,,,,,,,,,,,,,,,,,,,,,,,,,,,,,,,,,,,,,,,,ANONYMIZED_RATER_1,,annotation:span:AUTH-TAD-0308:r1,正确,是时间状语,时间状语,,,
annotation:span:AUTH-TAD-0308:r2,AnnotationDecision,标注者2-AUTH-TAD-0308,,,,,,,,,,,,,,,,,,,,,,,,,,,,,,,,,,,,,,,,,,,,,,,,,,,,ANONYMIZED_RATER_2,,annotation:span:AUTH-TAD-0308:r2,正确,是时间状语,时间状语,,,
annotation:span:AUTH-TAD-0308:r3,AnnotationDecision,标注者3-AUTH-TAD-0308,,,,,,,,,,,,,,,,,,,,,,,,,,,,,,,,,,,,,,,,,,,,,,,,,,,,ANONYMIZED_RATER_3,,annotation:span:AUTH-TAD-0308:r3,正确,是时间状语,时间状语,,,
sentence:SENT-0046,Sentence,今天我就要你一个态度，你一定得去。,,,,,,,,,,,,,,,,,,,,,,,,,,,,,,,,,SENT-0046,今天我就要你一个态度，你一定得去。,今天我就要你一个态度你一定得去,国际中文教育中文水平等级标准·语法学习手册（高等）,高等,88,,页面线索缺失,,,,,,,,,,,,,,,,,,,,
span:AUTH-TAD-0309,CandidateSpan,AUTH-TAD-0309｜今天,,,,,,,,,,,,,,,,,,,,,,,,,,,,,,,,,,今天,,,,,,,AUTH-TAD-0309,今天,0.0,2.0,located,candidate_span,,,,,,,,,,,,,,
consensus:AUTH-TAD-0309,ConsensusLabel,AUTH-TAD-0309｜时间状语,,,,,,,,,,,,,,,,,,,,,,,,,,,,,,,,,,,,,,,,,,今天,,,,,consensus:AUTH-TAD-0309,TEMPORAL_ADVERBIAL,完全一致,完全一致,完全一致,,,,,,,,,
annotation:span:AUTH-TAD-0309:r1,AnnotationDecision,标注者1-AUTH-TAD-0309,,,,,,,,,,,,,,,,,,,,,,,,,,,,,,,,,,,,,,,,,,,,,,,,,,,,ANONYMIZED_RATER_1,,annotation:span:AUTH-TAD-0309:r1,正确,是时间状语,时间状语,,,
annotation:span:AUTH-TAD-0309:r2,AnnotationDecision,标注者2-AUTH-TAD-0309,,,,,,,,,,,,,,,,,,,,,,,,,,,,,,,,,,,,,,,,,,,,,,,,,,,,ANONYMIZED_RATER_2,,annotation:span:AUTH-TAD-0309:r2,正确,是时间状语,时间状语,,,
annotation:span:AUTH-TAD-0309:r3,AnnotationDecision,标注者3-AUTH-TAD-0309,,,,,,,,,,,,,,,,,,,,,,,,,,,,,,,,,,,,,,,,,,,,,,,,,,,,ANONYMIZED_RATER_3,,annotation:span:AUTH-TAD-0309:r3,正确,是时间状语,时间状语,,,
sentence:SENT-0262,Sentence,我仅仅在这儿生活了一年而已，好多景点我都没去过。,,,,,,,,,,,,,,,,,,,,,,,,,,,,,,,,,SENT-0262,我仅仅在这儿生活了一年而已，好多景点我都没去过。,我仅仅在这儿生活了一年而已好多景点我都没去过,国际中文教育中文水平等级标准·语法学习手册（高等）,高等,86,：矣 【七一九058】 ◎基本语义及用法 用来描述已经发生或将要发生的事情的发展变化，用在句末,来源字段完整但仍需正版逐页核验,,,,,,,,,,,,,,,,,,,,
span:AUTH-TAD-0310,CandidateSpan,AUTH-TAD-0310｜一年,,,,,,,,,,,,,,,,,,,,,,,,,,,,,,,,,,一年,,,,,,,AUTH-TAD-0310,一年,9.0,11.0,located,candidate_span,,,,,,,,,,,,,,
consensus:AUTH-TAD-0310,ConsensusLabel,AUTH-TAD-0310｜时长/时间补语,,,,,,,,,,,,,,,,,,,,,,,,,,,,,,,,,,,,,,,,,,一年,,,,,consensus:AUTH-TAD-0310,COMPLEMENT,完全一致,完全一致,完全一致,,,,,,,,,
annotation:span:AUTH-TAD-0310:r1,AnnotationDecision,标注者1-AUTH-TAD-0310,,,,,,,,,,,,,,,,,,,,,,,,,,,,,,,,,,,,,,,,,,,,,,,,,,,,ANONYMIZED_RATER_1,,annotation:span:AUTH-TAD-0310:r1,正确,不是时间状语,时长补语,,,
annotation:span:AUTH-TAD-0310:r2,AnnotationDecision,标注者2-AUTH-TAD-0310,,,,,,,,,,,,,,,,,,,,,,,,,,,,,,,,,,,,,,,,,,,,,,,,,,,,ANONYMIZED_RATER_2,,annotation:span:AUTH-TAD-0310:r2,正确,不是时间状语,时长补语,,,
annotation:span:AUTH-TAD-0310:r3,AnnotationDecision,标注者3-AUTH-TAD-0310,,,,,,,,,,,,,,,,,,,,,,,,,,,,,,,,,,,,,,,,,,,,,,,,,,,,ANONYMIZED_RATER_3,,annotation:span:AUTH-TAD-0310:r3,正确,不是时间状语,时长补语,,,
span:AUTH-TAD-0311,CandidateSpan,AUTH-TAD-0311｜明天,,,,,,,,,,,,,,,,,,,,,,,,,,,,,,,,,,明天,,,,,,,AUTH-TAD-0311,明天,10.0,12.0,located,candidate_span,,,,,,,,,,,,,,
consensus:AUTH-TAD-0311,ConsensusLabel,AUTH-TAD-0311｜时间定语,,,,,,,,,,,,,,,,,,,,,,,,,,,,,,,,,,,,,,,,,,明天,,,,,consensus:AUTH-TAD-0311,ATTRIBUTE,完全一致,完全一致,完全一致,,,,,,,,,
annotation:span:AUTH-TAD-0311:r1,AnnotationDecision,标注者1-AUTH-TAD-0311,,,,,,,,,,,,,,,,,,,,,,,,,,,,,,,,,,,,,,,,,,,,,,,,,,,,ANONYMIZED_RATER_1,,annotation:span:AUTH-TAD-0311:r1,正确,不是时间状语,时间定语,,,
annotation:span:AUTH-TAD-0311:r2,AnnotationDecision,标注者2-AUTH-TAD-0311,,,,,,,,,,,,,,,,,,,,,,,,,,,,,,,,,,,,,,,,,,,,,,,,,,,,ANONYMIZED_RATER_2,,annotation:span:AUTH-TAD-0311:r2,正确,不是时间状语,时间定语,,,
annotation:span:AUTH-TAD-0311:r3,AnnotationDecision,标注者3-AUTH-TAD-0311,,,,,,,,,,,,,,,,,,,,,,,,,,,,,,,,,,,,,,,,,,,,,,,,,,,,ANONYMIZED_RATER_3,,annotation:span:AUTH-TAD-0311:r3,正确,不是时间状语,时间定语,,,
sentence:SENT-0309,Sentence,我的票是昨天买的。,,,,,,,,,,,,,,,,,,,,,,,,,,,,,,,,,SENT-0309,我的票是昨天买的。,我的票是昨天买的,国际中文教育中文水平等级标准·语法学习手册（初等）,初等,185,(初等) 小提示 “吧2”具有揣测的语气，所以句中经常有表示揣测、估计的副词，如“也许、大 概,来源字段完整但仍需正版逐页核验,,,,,,,,,,,,,,,,,,,,
span:AUTH-TAD-0312,CandidateSpan,AUTH-TAD-0312｜昨天,,,,,,,,,,,,,,,,,,,,,,,,,,,,,,,,,,昨天,,,,,,,AUTH-TAD-0312,昨天,4.0,6.0,located,candidate_span,,,,,,,,,,,,,,
consensus:AUTH-TAD-0312,ConsensusLabel,AUTH-TAD-0312｜时间状语,,,,,,,,,,,,,,,,,,,,,,,,,,,,,,,,,,,,,,,,,,昨天,,,,,consensus:AUTH-TAD-0312,TEMPORAL_ADVERBIAL,完全一致,多数一致,多数一致,,,,,,,,,
annotation:span:AUTH-TAD-0312:r1,AnnotationDecision,标注者1-AUTH-TAD-0312,,,,,,,,,,,,,,,,,,,,,,,,,,,,,,,,,,,,,,,,,,,,,,,,,,,,ANONYMIZED_RATER_1,,annotation:span:AUTH-TAD-0312:r1,正确,是时间状语,时间状语,,,
annotation:span:AUTH-TAD-0312:r2,AnnotationDecision,标注者2-AUTH-TAD-0312,,,,,,,,,,,,,,,,,,,,,,,,,,,,,,,,,,,,,,,,,,,,,,,,,,,,ANONYMIZED_RATER_2,,annotation:span:AUTH-TAD-0312:r2,正确,是时间状语,时间状语,,,
annotation:span:AUTH-TAD-0312:r3,AnnotationDecision,标注者3-AUTH-TAD-0312,,,,,,,,,,,,,,,,,,,,,,,,,,,,,,,,,,,,,,,,,,,,,,,,,,,,ANONYMIZED_RATER_3,,annotation:span:AUTH-TAD-0312:r3,正确,不是时间状语,时长补语,,,
sentence:SENT-0312,Sentence,我要是知道是今天这结果，何必当初去创业呢?,,,,,,,,,,,,,,,,,,,,,,,,,,,,,,,,,SENT-0312,我要是知道是今天这结果，何必当初去创业呢?,我要是知道是今天这结果何必当初去创业呢,国际中文教育中文水平等级标准·语法学习手册（高等）,高等,190,,页面线索缺失,,,,,,,,,,,,,,,,,,,,
span:AUTH-TAD-0313,CandidateSpan,AUTH-TAD-0313｜今天,,,,,,,,,,,,,,,,,,,,,,,,,,,,,,,,,,今天,,,,,,,AUTH-TAD-0313,今天,6.0,8.0,located,candidate_span,,,,,,,,,,,,,,
consensus:AUTH-TAD-0313,ConsensusLabel,AUTH-TAD-0313｜时间定语,,,,,,,,,,,,,,,,,,,,,,,,,,,,,,,,,,,,,,,,,,今天,,,,,consensus:AUTH-TAD-0313,ATTRIBUTE,完全一致,多数一致,多数一致,,,,,,,,,
annotation:span:AUTH-TAD-0313:r1,AnnotationDecision,标注者1-AUTH-TAD-0313,,,,,,,,,,,,,,,,,,,,,,,,,,,,,,,,,,,,,,,,,,,,,,,,,,,,ANONYMIZED_RATER_1,,annotation:span:AUTH-TAD-0313:r1,正确,不是时间状语,时间定语,,,
annotation:span:AUTH-TAD-0313:r2,AnnotationDecision,标注者2-AUTH-TAD-0313,,,,,,,,,,,,,,,,,,,,,,,,,,,,,,,,,,,,,,,,,,,,,,,,,,,,ANONYMIZED_RATER_2,,annotation:span:AUTH-TAD-0313:r2,正确,不是时间状语,时间定语,,,
annotation:span:AUTH-TAD-0313:r3,AnnotationDecision,标注者3-AUTH-TAD-0313,,,,,,,,,,,,,,,,,,,,,,,,,,,,,,,,,,,,,,,,,,,,,,,,,,,,ANONYMIZED_RATER_3,,annotation:span:AUTH-TAD-0313:r3,正确,是时间状语,时间状语,,,
sentence:SENT-0310,Sentence,我等了半天，你怎么才来?,,,,,,,,,,,,,,,,,,,,,,,,,,,,,,,,,SENT-0310,我等了半天，你怎么才来?,我等了半天你怎么才来,国际中文教育中文水平等级标准·语法学习手册（初等）,初等,279,水平等级标准·语法学习手册(初等) 【三14】19时间副词(2):才2 ◎基本语义及用法 指刚,来源字段完整但仍需正版逐页核验,,,,,,,,,,,,,,,,,,,,
span:AUTH-TAD-0314,CandidateSpan,AUTH-TAD-0314｜半天,,,,,,,,,,,,,,,,,,,,,,,,,,,,,,,,,,半天,,,,,,,AUTH-TAD-0314,半天,3.0,5.0,located,candidate_span,,,,,,,,,,,,,,
consensus:AUTH-TAD-0314,ConsensusLabel,AUTH-TAD-0314｜时长/时间补语,,,,,,,,,,,,,,,,,,,,,,,,,,,,,,,,,,,,,,,,,,半天,,,,,consensus:AUTH-TAD-0314,COMPLEMENT,完全一致,完全一致,完全一致,,,,,,,,,
annotation:span:AUTH-TAD-0314:r1,AnnotationDecision,标注者1-AUTH-TAD-0314,,,,,,,,,,,,,,,,,,,,,,,,,,,,,,,,,,,,,,,,,,,,,,,,,,,,ANONYMIZED_RATER_1,,annotation:span:AUTH-TAD-0314:r1,正确,不是时间状语,时长补语,,,
annotation:span:AUTH-TAD-0314:r2,AnnotationDecision,标注者2-AUTH-TAD-0314,,,,,,,,,,,,,,,,,,,,,,,,,,,,,,,,,,,,,,,,,,,,,,,,,,,,ANONYMIZED_RATER_2,,annotation:span:AUTH-TAD-0314:r2,正确,不是时间状语,时长补语,,,
annotation:span:AUTH-TAD-0314:r3,AnnotationDecision,标注者3-AUTH-TAD-0314,,,,,,,,,,,,,,,,,,,,,,,,,,,,,,,,,,,,,,,,,,,,,,,,,,,,ANONYMIZED_RATER_3,,annotation:span:AUTH-TAD-0314:r3,正确,不是时间状语,时长补语,,,
sentence:SENT-0281,Sentence,我们看到，很多在学校里学习成绩好的学生，工作以后未必表现出色。,,,,,,,,,,,,,,,,,,,,,,,,,,,,,,,,,SENT-0281,我们看到，很多在学校里学习成绩好的学生，工作以后未必表现出色。,我们看到很多在学校里学习成绩好的学生工作以后未必表现出色,国际中文教育中文水平等级标准·语法学习手册（高等）,高等,108,我们看到，很多在学校里学习成绩好的学生，工作以后未必表现出色,来源字段完整但仍需正版逐页核验,,,,,,,,,,,,,,,,,,,,
span:AUTH-TAD-0315,CandidateSpan,AUTH-TAD-0315｜工作以后,,,,,,,,,,,,,,,,,,,,,,,,,,,,,,,,,,工作以后,,,,,,,AUTH-TAD-0315,工作以后,20.0,24.0,located,candidate_span,,,,,,,,,,,,,,
consensus:AUTH-TAD-0315,ConsensusLabel,AUTH-TAD-0315｜时间状语,,,,,,,,,,,,,,,,,,,,,,,,,,,,,,,,,,,,,,,,,,工作以后,,,,,consensus:AUTH-TAD-0315,TEMPORAL_ADVERBIAL,完全一致,完全一致,完全一致,,,,,,,,,
annotation:span:AUTH-TAD-0315:r1,AnnotationDecision,标注者1-AUTH-TAD-0315,,,,,,,,,,,,,,,,,,,,,,,,,,,,,,,,,,,,,,,,,,,,,,,,,,,,ANONYMIZED_RATER_1,,annotation:span:AUTH-TAD-0315:r1,正确,是时间状语,时间状语,,,
annotation:span:AUTH-TAD-0315:r2,AnnotationDecision,标注者2-AUTH-TAD-0315,,,,,,,,,,,,,,,,,,,,,,,,,,,,,,,,,,,,,,,,,,,,,,,,,,,,ANONYMIZED_RATER_2,,annotation:span:AUTH-TAD-0315:r2,正确,是时间状语,时间状语,,,
annotation:span:AUTH-TAD-0315:r3,AnnotationDecision,标注者3-AUTH-TAD-0315,,,,,,,,,,,,,,,,,,,,,,,,,,,,,,,,,,,,,,,,,,,,,,,,,,,,ANONYMIZED_RATER_3,,annotation:span:AUTH-TAD-0315:r3,正确,是时间状语,时间状语,,,
sentence:SENT-0189,Sentence,哪怕明天下雪，他也会准时来。,,,,,,,,,,,,,,,,,,,,,,,,,,,,,,,,,SENT-0189,哪怕明天下雪，他也会准时来。,哪怕明天下雪他也会准时来,国际中文教育中文水平等级标准·语法学习手册（中等）,中等,112,哪怕这件衣服已经打折了，价格还是很高,来源字段完整但仍需正版逐页核验,,,,,,,,,,,,,,,,,,,,
span:AUTH-TAD-0316,CandidateSpan,AUTH-TAD-0316｜明天,,,,,,,,,,,,,,,,,,,,,,,,,,,,,,,,,,明天,,,,,,,AUTH-TAD-0316,明天,2.0,4.0,located,candidate_span,,,,,,,,,,,,,,
consensus:AUTH-TAD-0316,ConsensusLabel,AUTH-TAD-0316｜时间状语,,,,,,,,,,,,,,,,,,,,,,,,,,,,,,,,,,,,,,,,,,明天,,,,,consensus:AUTH-TAD-0316,TEMPORAL_ADVERBIAL,完全一致,完全一致,完全一致,,,,,,,,,
annotation:span:AUTH-TAD-0316:r1,AnnotationDecision,标注者1-AUTH-TAD-0316,,,,,,,,,,,,,,,,,,,,,,,,,,,,,,,,,,,,,,,,,,,,,,,,,,,,ANONYMIZED_RATER_1,,annotation:span:AUTH-TAD-0316:r1,正确,是时间状语,时间状语,,,
annotation:span:AUTH-TAD-0316:r2,AnnotationDecision,标注者2-AUTH-TAD-0316,,,,,,,,,,,,,,,,,,,,,,,,,,,,,,,,,,,,,,,,,,,,,,,,,,,,ANONYMIZED_RATER_2,,annotation:span:AUTH-TAD-0316:r2,正确,是时间状语,时间状语,,,
annotation:span:AUTH-TAD-0316:r3,AnnotationDecision,标注者3-AUTH-TAD-0316,,,,,,,,,,,,,,,,,,,,,,,,,,,,,,,,,,,,,,,,,,,,,,,,,,,,ANONYMIZED_RATER_3,,annotation:span:AUTH-TAD-0316:r3,正确,是时间状语,时间状语,,,
sentence:SENT-0068,Sentence,从去年以来，我一直生活在北京。,,,,,,,,,,,,,,,,,,,,,,,,,,,,,,,,,SENT-0068,从去年以来，我一直生活在北京。,从去年以来我一直生活在北京,国际中文教育中文水平等级标准·语法学习手册（中等）,中等,66,自开业以来，这个饭馆的生意每天都很好,来源字段完整但仍需正版逐页核验,,,,,,,,,,,,,,,,,,,,
span:AUTH-TAD-0317,CandidateSpan,AUTH-TAD-0317｜从去年以来,,,,,,,,,,,,,,,,,,,,,,,,,,,,,,,,,,从去年以来,,,,,,,AUTH-TAD-0317,从去年以来,0.0,5.0,located,candidate_span,,,,,,,,,,,,,,
consensus:AUTH-TAD-0317,ConsensusLabel,AUTH-TAD-0317｜时间状语,,,,,,,,,,,,,,,,,,,,,,,,,,,,,,,,,,,,,,,,,,从去年以来,,,,,consensus:AUTH-TAD-0317,TEMPORAL_ADVERBIAL,完全一致,完全一致,完全一致,,,,,,,,,
annotation:span:AUTH-TAD-0317:r1,AnnotationDecision,标注者1-AUTH-TAD-0317,,,,,,,,,,,,,,,,,,,,,,,,,,,,,,,,,,,,,,,,,,,,,,,,,,,,ANONYMIZED_RATER_1,,annotation:span:AUTH-TAD-0317:r1,正确,是时间状语,时间状语,,,
annotation:span:AUTH-TAD-0317:r2,AnnotationDecision,标注者2-AUTH-TAD-0317,,,,,,,,,,,,,,,,,,,,,,,,,,,,,,,,,,,,,,,,,,,,,,,,,,,,ANONYMIZED_RATER_2,,annotation:span:AUTH-TAD-0317:r2,正确,是时间状语,时间状语,,,
annotation:span:AUTH-TAD-0317:r3,AnnotationDecision,标注者3-AUTH-TAD-0317,,,,,,,,,,,,,,,,,,,,,,,,,,,,,,,,,,,,,,,,,,,,,,,,,,,,ANONYMIZED_RATER_3,,annotation:span:AUTH-TAD-0317:r3,正确,是时间状语,时间状语,,,
sentence:SENT-0347,Sentence,昨天他比我早起二十分钟。,,,,,,,,,,,,,,,,,,,,,,,,,,,,,,,,,SENT-0347,昨天他比我早起二十分钟。,昨天他比我早起二十分钟,国际中文教育中文水平等级标准·语法学习手册（初等）,初等,365,语义及用法 表示A在进行某个动作时，在性状、程度、时间等方面与B相差的具体数量,来源字段完整但仍需正版逐页核验,,,,,,,,,,,,,,,,,,,,
span:AUTH-TAD-0318,CandidateSpan,AUTH-TAD-0318｜二十分钟,,,,,,,,,,,,,,,,,,,,,,,,,,,,,,,,,,二十分钟,,,,,,,AUTH-TAD-0318,二十分钟,7.0,11.0,located,candidate_span,,,,,,,,,,,,,,
consensus:AUTH-TAD-0318,ConsensusLabel,AUTH-TAD-0318｜时长/时间补语,,,,,,,,,,,,,,,,,,,,,,,,,,,,,,,,,,,,,,,,,,二十分钟,,,,,consensus:AUTH-TAD-0318,COMPLEMENT,多数一致,多数一致,多数一致,,,,,,,,,
annotation:span:AUTH-TAD-0318:r1,AnnotationDecision,标注者1-AUTH-TAD-0318,,,,,,,,,,,,,,,,,,,,,,,,,,,,,,,,,,,,,,,,,,,,,,,,,,,,ANONYMIZED_RATER_1,,annotation:span:AUTH-TAD-0318:r1,正确,不是时间状语,时长补语,,,
annotation:span:AUTH-TAD-0318:r2,AnnotationDecision,标注者2-AUTH-TAD-0318,,,,,,,,,,,,,,,,,,,,,,,,,,,,,,,,,,,,,,,,,,,,,,,,,,,,ANONYMIZED_RATER_2,,annotation:span:AUTH-TAD-0318:r2,正确,不是时间状语,时长补语,,,
annotation:span:AUTH-TAD-0318:r3,AnnotationDecision,标注者3-AUTH-TAD-0318,,,,,,,,,,,,,,,,,,,,,,,,,,,,,,,,,,,,,,,,,,,,,,,,,,,,ANONYMIZED_RATER_3,,annotation:span:AUTH-TAD-0318:r3,漏检：有目标时间状语,是时间状语,漏检,昨天,,
sentence:SENT-0146,Sentence,你昨天去见那位老朋友了吗?,,,,,,,,,,,,,,,,,,,,,,,,,,,,,,,,,SENT-0146,你昨天去见那位老朋友了吗?,你昨天去见那位老朋友了吗,国际中文教育中文水平等级标准·语法学习手册（高等）,高等,33,重复副词“再度”一般用在主语后、动词性成分前，作状语,来源字段完整但仍需正版逐页核验,,,,,,,,,,,,,,,,,,,,
span:AUTH-TAD-0319,CandidateSpan,AUTH-TAD-0319｜昨天,,,,,,,,,,,,,,,,,,,,,,,,,,,,,,,,,,昨天,,,,,,,AUTH-TAD-0319,昨天,1.0,3.0,located,candidate_span,,,,,,,,,,,,,,
consensus:AUTH-TAD-0319,ConsensusLabel,AUTH-TAD-0319｜时间状语,,,,,,,,,,,,,,,,,,,,,,,,,,,,,,,,,,,,,,,,,,昨天,,,,,consensus:AUTH-TAD-0319,TEMPORAL_ADVERBIAL,完全一致,完全一致,完全一致,,,,,,,,,
annotation:span:AUTH-TAD-0319:r1,AnnotationDecision,标注者1-AUTH-TAD-0319,,,,,,,,,,,,,,,,,,,,,,,,,,,,,,,,,,,,,,,,,,,,,,,,,,,,ANONYMIZED_RATER_1,,annotation:span:AUTH-TAD-0319:r1,正确,是时间状语,时间状语,,,
annotation:span:AUTH-TAD-0319:r2,AnnotationDecision,标注者2-AUTH-TAD-0319,,,,,,,,,,,,,,,,,,,,,,,,,,,,,,,,,,,,,,,,,,,,,,,,,,,,ANONYMIZED_RATER_2,,annotation:span:AUTH-TAD-0319:r2,正确,是时间状语,时间状语,,,
annotation:span:AUTH-TAD-0319:r3,AnnotationDecision,标注者3-AUTH-TAD-0319,,,,,,,,,,,,,,,,,,,,,,,,,,,,,,,,,,,,,,,,,,,,,,,,,,,,ANONYMIZED_RATER_3,,annotation:span:AUTH-TAD-0319:r3,正确,是时间状语,时间状语,,,
sentence:SENT-0378,Sentence,毕业以后，他时常会去学校拜访以前的老师。,,,,,,,,,,,,,,,,,,,,,,,,,,,,,,,,,SENT-0378,毕业以后，他时常会去学校拜访以前的老师。,毕业以后他时常会去学校拜访以前的老师,国际中文教育中文水平等级标准·语法学习手册（中等）,中等,153,这孩子 已经不怕水了，但 仍旧 不 喜欢游泳,来源字段完整但仍需正版逐页核验,,,,,,,,,,,,,,,,,,,,
span:AUTH-TAD-0320,CandidateSpan,AUTH-TAD-0320｜毕业以后,,,,,,,,,,,,,,,,,,,,,,,,,,,,,,,,,,毕业以后,,,,,,,AUTH-TAD-0320,毕业以后,0.0,4.0,located,candidate_span,,,,,,,,,,,,,,
consensus:AUTH-TAD-0320,ConsensusLabel,AUTH-TAD-0320｜时间状语,,,,,,,,,,,,,,,,,,,,,,,,,,,,,,,,,,,,,,,,,,毕业以后,,,,,consensus:AUTH-TAD-0320,TEMPORAL_ADVERBIAL,完全一致,完全一致,完全一致,,,,,,,,,
annotation:span:AUTH-TAD-0320:r1,AnnotationDecision,标注者1-AUTH-TAD-0320,,,,,,,,,,,,,,,,,,,,,,,,,,,,,,,,,,,,,,,,,,,,,,,,,,,,ANONYMIZED_RATER_1,,annotation:span:AUTH-TAD-0320:r1,正确,是时间状语,时间状语,,,
annotation:span:AUTH-TAD-0320:r2,AnnotationDecision,标注者2-AUTH-TAD-0320,,,,,,,,,,,,,,,,,,,,,,,,,,,,,,,,,,,,,,,,,,,,,,,,,,,,ANONYMIZED_RATER_2,,annotation:span:AUTH-TAD-0320:r2,正确,是时间状语,时间状语,,,
annotation:span:AUTH-TAD-0320:r3,AnnotationDecision,标注者3-AUTH-TAD-0320,,,,,,,,,,,,,,,,,,,,,,,,,,,,,,,,,,,,,,,,,,,,,,,,,,,,ANONYMIZED_RATER_3,,annotation:span:AUTH-TAD-0320:r3,正确,是时间状语,时间状语,,,
sentence:SENT-0305,Sentence,我现在很清醒，异常地清醒。,,,,,,,,,,,,,,,,,,,,,,,,,,,,,,,,,SENT-0305,我现在很清醒，异常地清醒。,我现在很清醒异常地清醒,国际中文教育中文水平等级标准·语法学习手册（中等）,中等,269,考完试以后，同学们的心情异常轻松,来源字段完整但仍需正版逐页核验,,,,,,,,,,,,,,,,,,,,
span:AUTH-TAD-0321,CandidateSpan,AUTH-TAD-0321｜现在,,,,,,,,,,,,,,,,,,,,,,,,,,,,,,,,,,现在,,,,,,,AUTH-TAD-0321,现在,1.0,3.0,located,candidate_span,,,,,,,,,,,,,,
consensus:AUTH-TAD-0321,ConsensusLabel,AUTH-TAD-0321｜时间状语,,,,,,,,,,,,,,,,,,,,,,,,,,,,,,,,,,,,,,,,,,现在,,,,,consensus:AUTH-TAD-0321,TEMPORAL_ADVERBIAL,完全一致,完全一致,完全一致,,,,,,,,,
annotation:span:AUTH-TAD-0321:r1,AnnotationDecision,标注者1-AUTH-TAD-0321,,,,,,,,,,,,,,,,,,,,,,,,,,,,,,,,,,,,,,,,,,,,,,,,,,,,ANONYMIZED_RATER_1,,annotation:span:AUTH-TAD-0321:r1,正确,是时间状语,时间状语,,,
annotation:span:AUTH-TAD-0321:r2,AnnotationDecision,标注者2-AUTH-TAD-0321,,,,,,,,,,,,,,,,,,,,,,,,,,,,,,,,,,,,,,,,,,,,,,,,,,,,ANONYMIZED_RATER_2,,annotation:span:AUTH-TAD-0321:r2,正确,是时间状语,时间状语,,,
annotation:span:AUTH-TAD-0321:r3,AnnotationDecision,标注者3-AUTH-TAD-0321,,,,,,,,,,,,,,,,,,,,,,,,,,,,,,,,,,,,,,,,,,,,,,,,,,,,ANONYMIZED_RATER_3,,annotation:span:AUTH-TAD-0321:r3,正确,是时间状语,时间状语,,,
sentence:SENT-0016,Sentence,不知怎么搞的，他们到现在还没有拿出节目单。,,,,,,,,,,,,,,,,,,,,,,,,,,,,,,,,,SENT-0016,不知怎么搞的，他们到现在还没有拿出节目单。,不知怎么搞的他们到现在还没有拿出节目单,国际中文教育中文水平等级标准·语法学习手册（高等）,高等,199,X经常是含有疑问代词的词语，如“怎么、怎么搞、,来源字段完整但仍需正版逐页核验,,,,,,,,,,,,,,,,,,,,
span:AUTH-TAD-0322,CandidateSpan,AUTH-TAD-0322｜现在,,,,,,,,,,,,,,,,,,,,,,,,,,,,,,,,,,现在,,,,,,,AUTH-TAD-0322,现在,10.0,12.0,located,candidate_span,,,,,,,,,,,,,,
consensus:AUTH-TAD-0322,ConsensusLabel,AUTH-TAD-0322｜时间状语,,,,,,,,,,,,,,,,,,,,,,,,,,,,,,,,,,,,,,,,,,现在,,,,,consensus:AUTH-TAD-0322,TEMPORAL_ADVERBIAL,多数一致,多数一致,多数一致,,,,,,,,,
annotation:span:AUTH-TAD-0322:r1,AnnotationDecision,标注者1-AUTH-TAD-0322,,,,,,,,,,,,,,,,,,,,,,,,,,,,,,,,,,,,,,,,,,,,,,,,,,,,ANONYMIZED_RATER_1,,annotation:span:AUTH-TAD-0322:r1,正确,是时间状语,时间状语,,,
annotation:span:AUTH-TAD-0322:r2,AnnotationDecision,标注者2-AUTH-TAD-0322,,,,,,,,,,,,,,,,,,,,,,,,,,,,,,,,,,,,,,,,,,,,,,,,,,,,ANONYMIZED_RATER_2,,annotation:span:AUTH-TAD-0322:r2,正确,是时间状语,时间状语,,,
annotation:span:AUTH-TAD-0322:r3,AnnotationDecision,标注者3-AUTH-TAD-0322,,,,,,,,,,,,,,,,,,,,,,,,,,,,,,,,,,,,,,,,,,,,,,,,,,,,ANONYMIZED_RATER_3,,annotation:span:AUTH-TAD-0322:r3,边界不完整,不是时间状语,提取错误：边界不完整,到现在,,
sentence:SENT-0106,Sentence,他正在写毕业论文，不管电视也好，电影也好，都没时间看。,,,,,,,,,,,,,,,,,,,,,,,,,,,,,,,,,SENT-0106,他正在写毕业论文，不管电视也好，电影也好，都没时间看。,他正在写毕业论文不管电视也好电影也好都没时间看,国际中文教育中文水平等级标准·语法学习手册（中等）,中等,188,他正在写毕业论文，不管电视也好，电影也好，都没时间看,来源字段完整但仍需正版逐页核验,,,,,,,,,,,,,,,,,,,,
span:AUTH-TAD-0323,CandidateSpan,AUTH-TAD-0323｜正在,,,,,,,,,,,,,,,,,,,,,,,,,,,,,,,,,,正在,,,,,,,AUTH-TAD-0323,正在,1.0,3.0,located,candidate_span,,,,,,,,,,,,,,
consensus:AUTH-TAD-0323,ConsensusLabel,AUTH-TAD-0323｜时间状语,,,,,,,,,,,,,,,,,,,,,,,,,,,,,,,,,,,,,,,,,,正在,,,,,consensus:AUTH-TAD-0323,TEMPORAL_ADVERBIAL,完全一致,完全一致,完全一致,,,,,,,,,
annotation:span:AUTH-TAD-0323:r1,AnnotationDecision,标注者1-AUTH-TAD-0323,,,,,,,,,,,,,,,,,,,,,,,,,,,,,,,,,,,,,,,,,,,,,,,,,,,,ANONYMIZED_RATER_1,,annotation:span:AUTH-TAD-0323:r1,正确,是时间状语,时间状语,,,
annotation:span:AUTH-TAD-0323:r2,AnnotationDecision,标注者2-AUTH-TAD-0323,,,,,,,,,,,,,,,,,,,,,,,,,,,,,,,,,,,,,,,,,,,,,,,,,,,,ANONYMIZED_RATER_2,,annotation:span:AUTH-TAD-0323:r2,正确,是时间状语,时间状语,,,
annotation:span:AUTH-TAD-0323:r3,AnnotationDecision,标注者3-AUTH-TAD-0323,,,,,,,,,,,,,,,,,,,,,,,,,,,,,,,,,,,,,,,,,,,,,,,,,,,,ANONYMIZED_RATER_3,,annotation:span:AUTH-TAD-0323:r3,正确,是时间状语,时间状语,,,
sentence:SENT-0202,Sentence,天变蓝了，水变清了，街道也变得更干净了，总之，现在的环境好多了。,,,,,,,,,,,,,,,,,,,,,,,,,,,,,,,,,SENT-0202,天变蓝了，水变清了，街道也变得更干净了，总之，现在的环境好多了。,天变蓝了水变清了街道也变得更干净了总之现在的环境好多了,国际中文教育中文水平等级标准·语法学习手册（中等）,中等,52,乐，每天开心! 交际实践 你爱唱歌，我爱运动，他,来源字段完整但仍需正版逐页核验,,,,,,,,,,,,,,,,,,,,
span:AUTH-TAD-0324,CandidateSpan,AUTH-TAD-0324｜现在,,,,,,,,,,,,,,,,,,,,,,,,,,,,,,,,,,现在,,,,,,,AUTH-TAD-0324,现在,23.0,25.0,located,candidate_span,,,,,,,,,,,,,,
consensus:AUTH-TAD-0324,ConsensusLabel,AUTH-TAD-0324｜时间定语,,,,,,,,,,,,,,,,,,,,,,,,,,,,,,,,,,,,,,,,,,现在,,,,,consensus:AUTH-TAD-0324,ATTRIBUTE,完全一致,完全一致,完全一致,,,,,,,,,
annotation:span:AUTH-TAD-0324:r1,AnnotationDecision,标注者1-AUTH-TAD-0324,,,,,,,,,,,,,,,,,,,,,,,,,,,,,,,,,,,,,,,,,,,,,,,,,,,,ANONYMIZED_RATER_1,,annotation:span:AUTH-TAD-0324:r1,正确,不是时间状语,时间定语,,,
annotation:span:AUTH-TAD-0324:r2,AnnotationDecision,标注者2-AUTH-TAD-0324,,,,,,,,,,,,,,,,,,,,,,,,,,,,,,,,,,,,,,,,,,,,,,,,,,,,ANONYMIZED_RATER_2,,annotation:span:AUTH-TAD-0324:r2,正确,不是时间状语,时间定语,,,
annotation:span:AUTH-TAD-0324:r3,AnnotationDecision,标注者3-AUTH-TAD-0324,,,,,,,,,,,,,,,,,,,,,,,,,,,,,,,,,,,,,,,,,,,,,,,,,,,,ANONYMIZED_RATER_3,,annotation:span:AUTH-TAD-0324:r3,正确,不是时间状语,时间定语,,,
sentence:SENT-0355,Sentence,昨天的作业，你写了多久呢?,,,,,,,,,,,,,,,,,,,,,,,,,,,,,,,,,SENT-0355,昨天的作业，你写了多久呢?,昨天的作业你写了多久呢,国际中文教育中文水平等级标准·语法学习手册（初等）,初等,121,,页面线索缺失,,,,,,,,,,,,,,,,,,,,
span:AUTH-TAD-0325,CandidateSpan,AUTH-TAD-0325｜昨天,,,,,,,,,,,,,,,,,,,,,,,,,,,,,,,,,,昨天,,,,,,,AUTH-TAD-0325,昨天,0.0,2.0,located,candidate_span,,,,,,,,,,,,,,
consensus:AUTH-TAD-0325,ConsensusLabel,AUTH-TAD-0325｜时间定语,,,,,,,,,,,,,,,,,,,,,,,,,,,,,,,,,,,,,,,,,,昨天,,,,,consensus:AUTH-TAD-0325,ATTRIBUTE,完全一致,完全一致,完全一致,,,,,,,,,
annotation:span:AUTH-TAD-0325:r1,AnnotationDecision,标注者1-AUTH-TAD-0325,,,,,,,,,,,,,,,,,,,,,,,,,,,,,,,,,,,,,,,,,,,,,,,,,,,,ANONYMIZED_RATER_1,,annotation:span:AUTH-TAD-0325:r1,正确,不是时间状语,时间定语,,,
annotation:span:AUTH-TAD-0325:r2,AnnotationDecision,标注者2-AUTH-TAD-0325,,,,,,,,,,,,,,,,,,,,,,,,,,,,,,,,,,,,,,,,,,,,,,,,,,,,ANONYMIZED_RATER_2,,annotation:span:AUTH-TAD-0325:r2,正确,不是时间状语,时间定语,,,
annotation:span:AUTH-TAD-0325:r3,AnnotationDecision,标注者3-AUTH-TAD-0325,,,,,,,,,,,,,,,,,,,,,,,,,,,,,,,,,,,,,,,,,,,,,,,,,,,,ANONYMIZED_RATER_3,,annotation:span:AUTH-TAD-0325:r3,正确,不是时间状语,时间定语,,,
sentence:SENT-0296,Sentence,我常常不吃早饭。,,,,,,,,,,,,,,,,,,,,,,,,,,,,,,,,,SENT-0296,我常常不吃早饭。,我常常不吃早饭,国际中文教育中文水平等级标准·语法学习手册（初等）,初等,58,平等级标准·语法学习手册(初等) (2)“在、正、正在”不能和“了”连用,来源字段完整但仍需正版逐页核验,,,,,,,,,,,,,,,,,,,,
span:AUTH-TAD-0326,CandidateSpan,AUTH-TAD-0326｜常常,,,,,,,,,,,,,,,,,,,,,,,,,,,,,,,,,,常常,,,,,,,AUTH-TAD-0326,常常,1.0,3.0,located,candidate_span,,,,,,,,,,,,,,
consensus:AUTH-TAD-0326,ConsensusLabel,AUTH-TAD-0326｜时间状语,,,,,,,,,,,,,,,,,,,,,,,,,,,,,,,,,,,,,,,,,,常常,,,,,consensus:AUTH-TAD-0326,TEMPORAL_ADVERBIAL,完全一致,完全一致,完全一致,,,,,,,,,
annotation:span:AUTH-TAD-0326:r1,AnnotationDecision,标注者1-AUTH-TAD-0326,,,,,,,,,,,,,,,,,,,,,,,,,,,,,,,,,,,,,,,,,,,,,,,,,,,,ANONYMIZED_RATER_1,,annotation:span:AUTH-TAD-0326:r1,正确,是时间状语,时间状语,,,
annotation:span:AUTH-TAD-0326:r2,AnnotationDecision,标注者2-AUTH-TAD-0326,,,,,,,,,,,,,,,,,,,,,,,,,,,,,,,,,,,,,,,,,,,,,,,,,,,,ANONYMIZED_RATER_2,,annotation:span:AUTH-TAD-0326:r2,正确,是时间状语,时间状语,,,
annotation:span:AUTH-TAD-0326:r3,AnnotationDecision,标注者3-AUTH-TAD-0326,,,,,,,,,,,,,,,,,,,,,,,,,,,,,,,,,,,,,,,,,,,,,,,,,,,,ANONYMIZED_RATER_3,,annotation:span:AUTH-TAD-0326:r3,正确,是时间状语,时间状语,,,
sentence:SENT-0213,Sentence,她最近心情不好，经常为一点儿小事就大吵大闹。,,,,,,,,,,,,,,,,,,,,,,,,,,,,,,,,,SENT-0213,她最近心情不好，经常为一点儿小事就大吵大闹。,她最近心情不好经常为一点儿小事就大吵大闹,国际中文教育中文水平等级标准·语法学习手册（中等）,中等,56,(在家) (在医院) (在商场) 爸爸：儿子上大学以后， 医生：你天天大吃大 A:我觉得这件红,来源字段完整但仍需正版逐页核验,,,,,,,,,,,,,,,,,,,,
span:AUTH-TAD-0327,CandidateSpan,AUTH-TAD-0327｜经常,,,,,,,,,,,,,,,,,,,,,,,,,,,,,,,,,,经常,,,,,,,AUTH-TAD-0327,经常,8.0,10.0,located,candidate_span,,,,,,,,,,,,,,
consensus:AUTH-TAD-0327,ConsensusLabel,AUTH-TAD-0327｜时间状语,,,,,,,,,,,,,,,,,,,,,,,,,,,,,,,,,,,,,,,,,,经常,,,,,consensus:AUTH-TAD-0327,TEMPORAL_ADVERBIAL,完全一致,完全一致,完全一致,,,,,,,,,
annotation:span:AUTH-TAD-0327:r1,AnnotationDecision,标注者1-AUTH-TAD-0327,,,,,,,,,,,,,,,,,,,,,,,,,,,,,,,,,,,,,,,,,,,,,,,,,,,,ANONYMIZED_RATER_1,,annotation:span:AUTH-TAD-0327:r1,正确,是时间状语,时间状语,,,
annotation:span:AUTH-TAD-0327:r2,AnnotationDecision,标注者2-AUTH-TAD-0327,,,,,,,,,,,,,,,,,,,,,,,,,,,,,,,,,,,,,,,,,,,,,,,,,,,,ANONYMIZED_RATER_2,,annotation:span:AUTH-TAD-0327:r2,正确,是时间状语,时间状语,,,
annotation:span:AUTH-TAD-0327:r3,AnnotationDecision,标注者3-AUTH-TAD-0327,,,,,,,,,,,,,,,,,,,,,,,,,,,,,,,,,,,,,,,,,,,,,,,,,,,,ANONYMIZED_RATER_3,,annotation:span:AUTH-TAD-0327:r3,正确,是时间状语,时间状语,,,
span:AUTH-TAD-0328,CandidateSpan,AUTH-TAD-0328｜晚上,,,,,,,,,,,,,,,,,,,,,,,,,,,,,,,,,,晚上,,,,,,,AUTH-TAD-0328,晚上,17.0,19.0,located,candidate_span,,,,,,,,,,,,,,
consensus:AUTH-TAD-0328,ConsensusLabel,AUTH-TAD-0328｜其他/非目标时间用法,,,,,,,,,,,,,,,,,,,,,,,,,,,,,,,,,,,,,,,,,,晚上,,,,,consensus:AUTH-TAD-0328,OTHER,平票,多数一致,平票,,,,,,,,,
annotation:span:AUTH-TAD-0328:r1,AnnotationDecision,标注者1-AUTH-TAD-0328,,,,,,,,,,,,,,,,,,,,,,,,,,,,,,,,,,,,,,,,,,,,,,,,,,,,ANONYMIZED_RATER_1,,annotation:span:AUTH-TAD-0328:r1,边界不完整,不是时间状语,提取错误：边界不完整,一晚上,,
annotation:span:AUTH-TAD-0328:r2,AnnotationDecision,标注者2-AUTH-TAD-0328,,,,,,,,,,,,,,,,,,,,,,,,,,,,,,,,,,,,,,,,,,,,,,,,,,,,ANONYMIZED_RATER_2,,annotation:span:AUTH-TAD-0328:r2,正确,不是时间状语,时间定语,,,
annotation:span:AUTH-TAD-0328:r3,AnnotationDecision,标注者3-AUTH-TAD-0328,,,,,,,,,,,,,,,,,,,,,,,,,,,,,,,,,,,,,,,,,,,,,,,,,,,,ANONYMIZED_RATER_3,,annotation:span:AUTH-TAD-0328:r3,漏检：有目标时间状语,是时间状语,漏检,昨天,,
sentence:SENT-0198,Sentence,在这三年里，我把每天跑步这个习惯坚持下来了。,,,,,,,,,,,,,,,,,,,,,,,,,,,,,,,,,SENT-0198,在这三年里，我把每天跑步这个习惯坚持下来了。,在这三年里我把每天跑步这个习惯坚持下来了,国际中文教育中文水平等级标准·语法学习手册（中等）,中等,210,别紧张，你说 你的中文说得不错， 在这三年里，我把每天 下去,来源字段完整但仍需正版逐页核验,,,,,,,,,,,,,,,,,,,,
span:AUTH-TAD-0329,CandidateSpan,AUTH-TAD-0329｜三年,,,,,,,,,,,,,,,,,,,,,,,,,,,,,,,,,,三年,,,,,,,AUTH-TAD-0329,三年,2.0,4.0,located,candidate_span,,,,,,,,,,,,,,
consensus:AUTH-TAD-0329,ConsensusLabel,AUTH-TAD-0329｜其他/非目标时间用法,,,,,,,,,,,,,,,,,,,,,,,,,,,,,,,,,,,,,,,,,,三年,,,,,consensus:AUTH-TAD-0329,OTHER,多数一致,多数一致,平票,,,,,,,,,
annotation:span:AUTH-TAD-0329:r1,AnnotationDecision,标注者1-AUTH-TAD-0329,,,,,,,,,,,,,,,,,,,,,,,,,,,,,,,,,,,,,,,,,,,,,,,,,,,,ANONYMIZED_RATER_1,,annotation:span:AUTH-TAD-0329:r1,正确,不是时间状语,普通时间名词/词语引用,,,
annotation:span:AUTH-TAD-0329:r2,AnnotationDecision,标注者2-AUTH-TAD-0329,,,,,,,,,,,,,,,,,,,,,,,,,,,,,,,,,,,,,,,,,,,,,,,,,,,,ANONYMIZED_RATER_2,,annotation:span:AUTH-TAD-0329:r2,正确,不是时间状语,时长补语,,,
annotation:span:AUTH-TAD-0329:r3,AnnotationDecision,标注者3-AUTH-TAD-0329,,,,,,,,,,,,,,,,,,,,,,,,,,,,,,,,,,,,,,,,,,,,,,,,,,,,ANONYMIZED_RATER_3,,annotation:span:AUTH-TAD-0329:r3,漏检：有目标时间状语,是时间状语,漏检,每天,,
sentence:SENT-0407,Sentence,看来以后不能熬夜了。,,,,,,,,,,,,,,,,,,,,,,,,,,,,,,,,,SENT-0407,看来以后不能熬夜了。,看来以后不能熬夜了,国际中文教育中文水平等级标准·语法学习手册（高等）,高等,104,◎ 典型例句和对话 例句 交际实践 可不是，警察都已经 (在小区门口，询问出了什么事) 来了,来源字段完整但仍需正版逐页核验,,,,,,,,,,,,,,,,,,,,
span:AUTH-TAD-0330,CandidateSpan,AUTH-TAD-0330｜看来以后,,,,,,,,,,,,,,,,,,,,,,,,,,,,,,,,,,看来以后,,,,,,,AUTH-TAD-0330,以后,0.0,4.0,located,majority_fixed_span,,,,,,,,,,,,,,
consensus:AUTH-TAD-0330,ConsensusLabel,AUTH-TAD-0330｜其他/非目标时间用法,,,,,,,,,,,,,,,,,,,,,,,,,,,,,,,,,,,,,,,,,,以后,,,,,consensus:AUTH-TAD-0330,OTHER,多数一致,完全一致,多数一致,,,,,,,,,
annotation:span:AUTH-TAD-0330:r1,AnnotationDecision,标注者1-AUTH-TAD-0330,,,,,,,,,,,,,,,,,,,,,,,,,,,,,,,,,,,,,,,,,,,,,,,,,,,,ANONYMIZED_RATER_1,,annotation:span:AUTH-TAD-0330:r1,边界过长,不是时间状语,提取错误：边界过长,以后,,
annotation:span:AUTH-TAD-0330:r2,AnnotationDecision,标注者2-AUTH-TAD-0330,,,,,,,,,,,,,,,,,,,,,,,,,,,,,,,,,,,,,,,,,,,,,,,,,,,,ANONYMIZED_RATER_2,,annotation:span:AUTH-TAD-0330:r2,边界不完整,不是时间状语,提取错误：边界不完整,以后,,
annotation:span:AUTH-TAD-0330:r3,AnnotationDecision,标注者3-AUTH-TAD-0330,,,,,,,,,,,,,,,,,,,,,,,,,,,,,,,,,,,,,,,,,,,,,,,,,,,,ANONYMIZED_RATER_3,,annotation:span:AUTH-TAD-0330:r3,边界过长,不是时间状语,提取错误：边界过长,以后,,
sentence:SENT-0216,Sentence,她现在步行上班了，以便能锻炼锻炼身体。,,,,,,,,,,,,,,,,,,,,,,,,,,,,,,,,,SENT-0216,她现在步行上班了，以便能锻炼锻炼身体。,她现在步行上班了以便能锻炼锻炼身体,国际中文教育中文水平等级标准·语法学习手册（中等）,中等,244,,页面线索缺失,,,,,,,,,,,,,,,,,,,,
span:AUTH-TAD-0331,CandidateSpan,AUTH-TAD-0331｜现在,,,,,,,,,,,,,,,,,,,,,,,,,,,,,,,,,,现在,,,,,,,AUTH-TAD-0331,现在,1.0,3.0,located,candidate_span,,,,,,,,,,,,,,
consensus:AUTH-TAD-0331,ConsensusLabel,AUTH-TAD-0331｜时间状语,,,,,,,,,,,,,,,,,,,,,,,,,,,,,,,,,,,,,,,,,,现在,,,,,consensus:AUTH-TAD-0331,TEMPORAL_ADVERBIAL,完全一致,完全一致,完全一致,,,,,,,,,
annotation:span:AUTH-TAD-0331:r1,AnnotationDecision,标注者1-AUTH-TAD-0331,,,,,,,,,,,,,,,,,,,,,,,,,,,,,,,,,,,,,,,,,,,,,,,,,,,,ANONYMIZED_RATER_1,,annotation:span:AUTH-TAD-0331:r1,正确,是时间状语,时间状语,,,
annotation:span:AUTH-TAD-0331:r2,AnnotationDecision,标注者2-AUTH-TAD-0331,,,,,,,,,,,,,,,,,,,,,,,,,,,,,,,,,,,,,,,,,,,,,,,,,,,,ANONYMIZED_RATER_2,,annotation:span:AUTH-TAD-0331:r2,正确,是时间状语,时间状语,,,
annotation:span:AUTH-TAD-0331:r3,AnnotationDecision,标注者3-AUTH-TAD-0331,,,,,,,,,,,,,,,,,,,,,,,,,,,,,,,,,,,,,,,,,,,,,,,,,,,,ANONYMIZED_RATER_3,,annotation:span:AUTH-TAD-0331:r3,正确,是时间状语,时间状语,,,
sentence:SENT-0250,Sentence,幸亏你今天没迟到，否则这个月的奖金就没有了。,,,,,,,,,,,,,,,,,,,,,,,,,,,,,,,,,SENT-0250,幸亏你今天没迟到，否则这个月的奖金就没有了。,幸亏你今天没迟到否则这个月的奖金就没有了,国际中文教育中文水平等级标准·语法学习手册（高等）,高等,68,B:你放心，我什么时候迟到过呀! ◎ 补充例句 幸亏你及时赶来,来源字段完整但仍需正版逐页核验,,,,,,,,,,,,,,,,,,,,
span:AUTH-TAD-0332,CandidateSpan,AUTH-TAD-0332｜这个月,,,,,,,,,,,,,,,,,,,,,,,,,,,,,,,,,,这个月,,,,,,,AUTH-TAD-0332,这个月,11.0,14.0,located,candidate_span,,,,,,,,,,,,,,
consensus:AUTH-TAD-0332,ConsensusLabel,AUTH-TAD-0332｜时间定语,,,,,,,,,,,,,,,,,,,,,,,,,,,,,,,,,,,,,,,,,,这个月,,,,,consensus:AUTH-TAD-0332,ATTRIBUTE,多数一致,多数一致,多数一致,,,,,,,,,
annotation:span:AUTH-TAD-0332:r1,AnnotationDecision,标注者1-AUTH-TAD-0332,,,,,,,,,,,,,,,,,,,,,,,,,,,,,,,,,,,,,,,,,,,,,,,,,,,,ANONYMIZED_RATER_1,,annotation:span:AUTH-TAD-0332:r1,正确,不是时间状语,时间定语,,,
annotation:span:AUTH-TAD-0332:r2,AnnotationDecision,标注者2-AUTH-TAD-0332,,,,,,,,,,,,,,,,,,,,,,,,,,,,,,,,,,,,,,,,,,,,,,,,,,,,ANONYMIZED_RATER_2,,annotation:span:AUTH-TAD-0332:r2,正确,不是时间状语,时间定语,,,
annotation:span:AUTH-TAD-0332:r3,AnnotationDecision,标注者3-AUTH-TAD-0332,,,,,,,,,,,,,,,,,,,,,,,,,,,,,,,,,,,,,,,,,,,,,,,,,,,,ANONYMIZED_RATER_3,,annotation:span:AUTH-TAD-0332:r3,漏检：有目标时间状语,是时间状语,漏检,今天,,
sentence:SENT-0227,Sentence,如果明天下雨，我就不出门了。,,,,,,,,,,,,,,,,,,,,,,,,,,,,,,,,,SENT-0227,如果明天下雨，我就不出门了。,如果明天下雨我就不出门了,国际中文教育中文水平等级标准·语法学习手册（初等）,初等,157,. ◎典型例句和对话 例句 如果明天天气好， 你有时间的话，我们 只要你认真听课， 我就去爬山,来源字段完整但仍需正版逐页核验,,,,,,,,,,,,,,,,,,,,
span:AUTH-TAD-0333,CandidateSpan,AUTH-TAD-0333｜明天,,,,,,,,,,,,,,,,,,,,,,,,,,,,,,,,,,明天,,,,,,,AUTH-TAD-0333,明天,2.0,4.0,located,candidate_span,,,,,,,,,,,,,,
consensus:AUTH-TAD-0333,ConsensusLabel,AUTH-TAD-0333｜时间状语,,,,,,,,,,,,,,,,,,,,,,,,,,,,,,,,,,,,,,,,,,明天,,,,,consensus:AUTH-TAD-0333,TEMPORAL_ADVERBIAL,完全一致,完全一致,完全一致,,,,,,,,,
annotation:span:AUTH-TAD-0333:r1,AnnotationDecision,标注者1-AUTH-TAD-0333,,,,,,,,,,,,,,,,,,,,,,,,,,,,,,,,,,,,,,,,,,,,,,,,,,,,ANONYMIZED_RATER_1,,annotation:span:AUTH-TAD-0333:r1,正确,是时间状语,时间状语,,,
annotation:span:AUTH-TAD-0333:r2,AnnotationDecision,标注者2-AUTH-TAD-0333,,,,,,,,,,,,,,,,,,,,,,,,,,,,,,,,,,,,,,,,,,,,,,,,,,,,ANONYMIZED_RATER_2,,annotation:span:AUTH-TAD-0333:r2,正确,是时间状语,时间状语,,,
annotation:span:AUTH-TAD-0333:r3,AnnotationDecision,标注者3-AUTH-TAD-0333,,,,,,,,,,,,,,,,,,,,,,,,,,,,,,,,,,,,,,,,,,,,,,,,,,,,ANONYMIZED_RATER_3,,annotation:span:AUTH-TAD-0333:r3,正确,是时间状语,时间状语,,,
sentence:SENT-0096,Sentence,他当老师当了几乎三十年了。,,,,,,,,,,,,,,,,,,,,,,,,,,,,,,,,,SENT-0096,他当老师当了几乎三十年了。,他当老师当了几乎三十年了,国际中文教育中文水平等级标准·语法学习手册（中等）,中等,30,路上堵车，我到的时候火车几乎要开了,来源字段完整但仍需正版逐页核验,,,,,,,,,,,,,,,,,,,,
span:AUTH-TAD-0334,CandidateSpan,AUTH-TAD-0334｜三十年,,,,,,,,,,,,,,,,,,,,,,,,,,,,,,,,,,三十年,,,,,,,AUTH-TAD-0334,三十年,8.0,11.0,located,candidate_span,,,,,,,,,,,,,,
consensus:AUTH-TAD-0334,ConsensusLabel,AUTH-TAD-0334｜时长/时间补语,,,,,,,,,,,,,,,,,,,,,,,,,,,,,,,,,,,,,,,,,,三十年,,,,,consensus:AUTH-TAD-0334,COMPLEMENT,完全一致,完全一致,完全一致,,,,,,,,,
annotation:span:AUTH-TAD-0334:r1,AnnotationDecision,标注者1-AUTH-TAD-0334,,,,,,,,,,,,,,,,,,,,,,,,,,,,,,,,,,,,,,,,,,,,,,,,,,,,ANONYMIZED_RATER_1,,annotation:span:AUTH-TAD-0334:r1,正确,不是时间状语,时长补语,,,
annotation:span:AUTH-TAD-0334:r2,AnnotationDecision,标注者2-AUTH-TAD-0334,,,,,,,,,,,,,,,,,,,,,,,,,,,,,,,,,,,,,,,,,,,,,,,,,,,,ANONYMIZED_RATER_2,,annotation:span:AUTH-TAD-0334:r2,正确,不是时间状语,时长补语,,,
annotation:span:AUTH-TAD-0334:r3,AnnotationDecision,标注者3-AUTH-TAD-0334,,,,,,,,,,,,,,,,,,,,,,,,,,,,,,,,,,,,,,,,,,,,,,,,,,,,ANONYMIZED_RATER_3,,annotation:span:AUTH-TAD-0334:r3,正确,不是时间状语,时长补语,,,
sentence:SENT-0433,Sentence,还经常帮助同学。,,,,,,,,,,,,,,,,,,,,,,,,,,,,,,,,,SENT-0433,还经常帮助同学。,还经常帮助同学,国际中文教育中文水平等级标准·语法学习手册（初等）,初等,223,经常帮助同学,来源字段完整但仍需正版逐页核验,,,,,,,,,,,,,,,,,,,,
span:AUTH-TAD-0335,CandidateSpan,AUTH-TAD-0335｜经常,,,,,,,,,,,,,,,,,,,,,,,,,,,,,,,,,,经常,,,,,,,AUTH-TAD-0335,经常,1.0,3.0,located,candidate_span,,,,,,,,,,,,,,
consensus:AUTH-TAD-0335,ConsensusLabel,AUTH-TAD-0335｜时间状语,,,,,,,,,,,,,,,,,,,,,,,,,,,,,,,,,,,,,,,,,,经常,,,,,consensus:AUTH-TAD-0335,TEMPORAL_ADVERBIAL,完全一致,完全一致,完全一致,,,,,,,,,
annotation:span:AUTH-TAD-0335:r1,AnnotationDecision,标注者1-AUTH-TAD-0335,,,,,,,,,,,,,,,,,,,,,,,,,,,,,,,,,,,,,,,,,,,,,,,,,,,,ANONYMIZED_RATER_1,,annotation:span:AUTH-TAD-0335:r1,正确,是时间状语,时间状语,,,
annotation:span:AUTH-TAD-0335:r2,AnnotationDecision,标注者2-AUTH-TAD-0335,,,,,,,,,,,,,,,,,,,,,,,,,,,,,,,,,,,,,,,,,,,,,,,,,,,,ANONYMIZED_RATER_2,,annotation:span:AUTH-TAD-0335:r2,正确,是时间状语,时间状语,,,
annotation:span:AUTH-TAD-0335:r3,AnnotationDecision,标注者3-AUTH-TAD-0335,,,,,,,,,,,,,,,,,,,,,,,,,,,,,,,,,,,,,,,,,,,,,,,,,,,,ANONYMIZED_RATER_3,,annotation:span:AUTH-TAD-0335:r3,正确,是时间状语,时间状语,,,
sentence:SENT-0059,Sentence,今天的练习做没做完?,,,,,,,,,,,,,,,,,,,,,,,,,,,,,,,,,SENT-0059,今天的练习做没做完?,今天的练习做没做完,国际中文教育中文水平等级标准·语法学习手册（初等）,初等,197,◎结构特点 结果补语用于动词后，一般由单个的形容词或动词充当,来源字段完整但仍需正版逐页核验,,,,,,,,,,,,,,,,,,,,
span:AUTH-TAD-0336,CandidateSpan,AUTH-TAD-0336｜今天,,,,,,,,,,,,,,,,,,,,,,,,,,,,,,,,,,今天,,,,,,,AUTH-TAD-0336,今天,0.0,2.0,located,candidate_span,,,,,,,,,,,,,,
consensus:AUTH-TAD-0336,ConsensusLabel,AUTH-TAD-0336｜时间定语,,,,,,,,,,,,,,,,,,,,,,,,,,,,,,,,,,,,,,,,,,今天,,,,,consensus:AUTH-TAD-0336,ATTRIBUTE,完全一致,完全一致,完全一致,,,,,,,,,
annotation:span:AUTH-TAD-0336:r1,AnnotationDecision,标注者1-AUTH-TAD-0336,,,,,,,,,,,,,,,,,,,,,,,,,,,,,,,,,,,,,,,,,,,,,,,,,,,,ANONYMIZED_RATER_1,,annotation:span:AUTH-TAD-0336:r1,正确,不是时间状语,时间定语,,,
annotation:span:AUTH-TAD-0336:r2,AnnotationDecision,标注者2-AUTH-TAD-0336,,,,,,,,,,,,,,,,,,,,,,,,,,,,,,,,,,,,,,,,,,,,,,,,,,,,ANONYMIZED_RATER_2,,annotation:span:AUTH-TAD-0336:r2,正确,不是时间状语,时间定语,,,
annotation:span:AUTH-TAD-0336:r3,AnnotationDecision,标注者3-AUTH-TAD-0336,,,,,,,,,,,,,,,,,,,,,,,,,,,,,,,,,,,,,,,,,,,,,,,,,,,,ANONYMIZED_RATER_3,,annotation:span:AUTH-TAD-0336:r3,正确,不是时间状语,时间定语,,,
sentence:SENT-0465,Sentence,飞机又晚点了，可见今天天气情况不太好。,,,,,,,,,,,,,,,,,,,,,,,,,,,,,,,,,SENT-0465,飞机又晚点了，可见今天天气情况不太好。,飞机又晚点了可见今天天气情况不太好,国际中文教育中文水平等级标准·语法学习手册（中等）,中等,110,例如： *既然这事你已经决定了，就我不说什么了,来源字段完整但仍需正版逐页核验,,,,,,,,,,,,,,,,,,,,
span:AUTH-TAD-0337,CandidateSpan,AUTH-TAD-0337｜今天,,,,,,,,,,,,,,,,,,,,,,,,,,,,,,,,,,今天,,,,,,,AUTH-TAD-0337,今天,9.0,11.0,located,candidate_span,,,,,,,,,,,,,,
consensus:AUTH-TAD-0337,ConsensusLabel,AUTH-TAD-0337｜时间状语,,,,,,,,,,,,,,,,,,,,,,,,,,,,,,,,,,,,,,,,,,今天,,,,,consensus:AUTH-TAD-0337,TEMPORAL_ADVERBIAL,完全一致,多数一致,多数一致,,,,,,,,,
annotation:span:AUTH-TAD-0337:r1,AnnotationDecision,标注者1-AUTH-TAD-0337,,,,,,,,,,,,,,,,,,,,,,,,,,,,,,,,,,,,,,,,,,,,,,,,,,,,ANONYMIZED_RATER_1,,annotation:span:AUTH-TAD-0337:r1,正确,不是时间状语,时间定语,,,
annotation:span:AUTH-TAD-0337:r2,AnnotationDecision,标注者2-AUTH-TAD-0337,,,,,,,,,,,,,,,,,,,,,,,,,,,,,,,,,,,,,,,,,,,,,,,,,,,,ANONYMIZED_RATER_2,,annotation:span:AUTH-TAD-0337:r2,正确,是时间状语,时间状语,,,
annotation:span:AUTH-TAD-0337:r3,AnnotationDecision,标注者3-AUTH-TAD-0337,,,,,,,,,,,,,,,,,,,,,,,,,,,,,,,,,,,,,,,,,,,,,,,,,,,,ANONYMIZED_RATER_3,,annotation:span:AUTH-TAD-0337:r3,正确,是时间状语,时间状语,,,
sentence:SENT-0148,Sentence,你有什么不同意见，不妨现在提出来。,,,,,,,,,,,,,,,,,,,,,,,,,,,,,,,,,SENT-0148,你有什么不同意见，不妨现在提出来。,你有什么不同意见不妨现在提出来,国际中文教育中文水平等级标准·语法学习手册（高等）,高等,46,七一九级语法点 例句 交际实践 你的病已经好多了，下 床走走也不妨,来源字段完整但仍需正版逐页核验,,,,,,,,,,,,,,,,,,,,
span:AUTH-TAD-0338,CandidateSpan,AUTH-TAD-0338｜现在,,,,,,,,,,,,,,,,,,,,,,,,,,,,,,,,,,现在,,,,,,,AUTH-TAD-0338,现在,11.0,13.0,located,candidate_span,,,,,,,,,,,,,,
consensus:AUTH-TAD-0338,ConsensusLabel,AUTH-TAD-0338｜时间状语,,,,,,,,,,,,,,,,,,,,,,,,,,,,,,,,,,,,,,,,,,现在,,,,,consensus:AUTH-TAD-0338,TEMPORAL_ADVERBIAL,完全一致,完全一致,完全一致,,,,,,,,,
annotation:span:AUTH-TAD-0338:r1,AnnotationDecision,标注者1-AUTH-TAD-0338,,,,,,,,,,,,,,,,,,,,,,,,,,,,,,,,,,,,,,,,,,,,,,,,,,,,ANONYMIZED_RATER_1,,annotation:span:AUTH-TAD-0338:r1,正确,是时间状语,时间状语,,,
annotation:span:AUTH-TAD-0338:r2,AnnotationDecision,标注者2-AUTH-TAD-0338,,,,,,,,,,,,,,,,,,,,,,,,,,,,,,,,,,,,,,,,,,,,,,,,,,,,ANONYMIZED_RATER_2,,annotation:span:AUTH-TAD-0338:r2,正确,是时间状语,时间状语,,,
annotation:span:AUTH-TAD-0338:r3,AnnotationDecision,标注者3-AUTH-TAD-0338,,,,,,,,,,,,,,,,,,,,,,,,,,,,,,,,,,,,,,,,,,,,,,,,,,,,ANONYMIZED_RATER_3,,annotation:span:AUTH-TAD-0338:r3,正确,是时间状语,时间状语,,,
sentence:SENT-0255,Sentence,当时大家都不看好她的项目，但是她一直在努力，最终取得了成功。,,,,,,,,,,,,,,,,,,,,,,,,,,,,,,,,,SENT-0255,当时大家都不看好她的项目，但是她一直在努力，最终取得了成功。,当时大家都不看好她的项目但是她一直在努力最终取得了成功,国际中文教育中文水平等级标准·语法学习手册（高等）,高等,108,我们看到，很多在学校里学习成绩好的学生，工作以后未必表现出色,来源字段完整但仍需正版逐页核验,,,,,,,,,,,,,,,,,,,,
span:AUTH-TAD-0339,CandidateSpan,AUTH-TAD-0339｜当时,,,,,,,,,,,,,,,,,,,,,,,,,,,,,,,,,,当时,,,,,,,AUTH-TAD-0339,当时,0.0,2.0,located,candidate_span,,,,,,,,,,,,,,
consensus:AUTH-TAD-0339,ConsensusLabel,AUTH-TAD-0339｜时间状语,,,,,,,,,,,,,,,,,,,,,,,,,,,,,,,,,,,,,,,,,,当时,,,,,consensus:AUTH-TAD-0339,TEMPORAL_ADVERBIAL,完全一致,完全一致,完全一致,,,,,,,,,
annotation:span:AUTH-TAD-0339:r1,AnnotationDecision,标注者1-AUTH-TAD-0339,,,,,,,,,,,,,,,,,,,,,,,,,,,,,,,,,,,,,,,,,,,,,,,,,,,,ANONYMIZED_RATER_1,,annotation:span:AUTH-TAD-0339:r1,正确,是时间状语,时间状语,,,
annotation:span:AUTH-TAD-0339:r2,AnnotationDecision,标注者2-AUTH-TAD-0339,,,,,,,,,,,,,,,,,,,,,,,,,,,,,,,,,,,,,,,,,,,,,,,,,,,,ANONYMIZED_RATER_2,,annotation:span:AUTH-TAD-0339:r2,正确,是时间状语,时间状语,,,
annotation:span:AUTH-TAD-0339:r3,AnnotationDecision,标注者3-AUTH-TAD-0339,,,,,,,,,,,,,,,,,,,,,,,,,,,,,,,,,,,,,,,,,,,,,,,,,,,,ANONYMIZED_RATER_3,,annotation:span:AUTH-TAD-0339:r3,正确,是时间状语,时间状语,,,
sentence:SENT-0235,Sentence,客人没有来，害得他白白忙了一下午。,,,,,,,,,,,,,,,,,,,,,,,,,,,,,,,,,SENT-0235,客人没有来，害得他白白忙了一下午。,客人没有来害得他白白忙了一下午,国际中文教育中文水平等级标准·语法学习手册（高等）,高等,51,,页面线索缺失,,,,,,,,,,,,,,,,,,,,
span:AUTH-TAD-0340,CandidateSpan,AUTH-TAD-0340｜下午,,,,,,,,,,,,,,,,,,,,,,,,,,,,,,,,,,下午,,,,,,,AUTH-TAD-0340,下午,14.0,16.0,located,candidate_span,,,,,,,,,,,,,,
consensus:AUTH-TAD-0340,ConsensusLabel,AUTH-TAD-0340｜时长/时间补语,,,,,,,,,,,,,,,,,,,,,,,,,,,,,,,,,,,,,,,,,,下午,,,,,consensus:AUTH-TAD-0340,COMPLEMENT,多数一致,完全一致,多数一致,,,,,,,,,
annotation:span:AUTH-TAD-0340:r1,AnnotationDecision,标注者1-AUTH-TAD-0340,,,,,,,,,,,,,,,,,,,,,,,,,,,,,,,,,,,,,,,,,,,,,,,,,,,,ANONYMIZED_RATER_1,,annotation:span:AUTH-TAD-0340:r1,边界不完整,不是时间状语,提取错误：边界不完整,一下午,,
annotation:span:AUTH-TAD-0340:r2,AnnotationDecision,标注者2-AUTH-TAD-0340,,,,,,,,,,,,,,,,,,,,,,,,,,,,,,,,,,,,,,,,,,,,,,,,,,,,ANONYMIZED_RATER_2,,annotation:span:AUTH-TAD-0340:r2,正确,不是时间状语,时长补语,,,
annotation:span:AUTH-TAD-0340:r3,AnnotationDecision,标注者3-AUTH-TAD-0340,,,,,,,,,,,,,,,,,,,,,,,,,,,,,,,,,,,,,,,,,,,,,,,,,,,,ANONYMIZED_RATER_3,,annotation:span:AUTH-TAD-0340:r3,正确,不是时间状语,时长补语,,,
sentence:SENT-0431,Sentence,过年过节的时候，他就异常想念远方的亲人。,,,,,,,,,,,,,,,,,,,,,,,,,,,,,,,,,SENT-0431,过年过节的时候，他就异常想念远方的亲人。,过年过节的时候他就异常想念远方的亲人,国际中文教育中文水平等级标准·语法学习手册（中等）,中等,269,考完试以后，同学们的心情异常轻松,来源字段完整但仍需正版逐页核验,,,,,,,,,,,,,,,,,,,,
span:AUTH-TAD-0341,CandidateSpan,AUTH-TAD-0341｜过年过节的时候,,,,,,,,,,,,,,,,,,,,,,,,,,,,,,,,,,过年过节的时候,,,,,,,AUTH-TAD-0341,过年过节的时候,0.0,7.0,located,candidate_span,,,,,,,,,,,,,,
consensus:AUTH-TAD-0341,ConsensusLabel,AUTH-TAD-0341｜时间状语,,,,,,,,,,,,,,,,,,,,,,,,,,,,,,,,,,,,,,,,,,过年过节的时候,,,,,consensus:AUTH-TAD-0341,TEMPORAL_ADVERBIAL,完全一致,完全一致,完全一致,,,,,,,,,
annotation:span:AUTH-TAD-0341:r1,AnnotationDecision,标注者1-AUTH-TAD-0341,,,,,,,,,,,,,,,,,,,,,,,,,,,,,,,,,,,,,,,,,,,,,,,,,,,,ANONYMIZED_RATER_1,,annotation:span:AUTH-TAD-0341:r1,正确,是时间状语,时间状语,,,
annotation:span:AUTH-TAD-0341:r2,AnnotationDecision,标注者2-AUTH-TAD-0341,,,,,,,,,,,,,,,,,,,,,,,,,,,,,,,,,,,,,,,,,,,,,,,,,,,,ANONYMIZED_RATER_2,,annotation:span:AUTH-TAD-0341:r2,正确,是时间状语,时间状语,,,
annotation:span:AUTH-TAD-0341:r3,AnnotationDecision,标注者3-AUTH-TAD-0341,,,,,,,,,,,,,,,,,,,,,,,,,,,,,,,,,,,,,,,,,,,,,,,,,,,,ANONYMIZED_RATER_3,,annotation:span:AUTH-TAD-0341:r3,正确,是时间状语,时间状语,,,
sentence:SENT-0002,Sentence,一眼看过去，周围尽是大山。,,,,,,,,,,,,,,,,,,,,,,,,,,,,,,,,,SENT-0002,一眼看过去，周围尽是大山。,一眼看过去周围尽是大山,国际中文教育中文水平等级标准·语法学习手册（中等）,中等,270,语法学习手册(中等) ◎ 典型例句和对话 刚上班，分配给 例句 这桌上尽是土,来源字段完整但仍需正版逐页核验,,,,,,,,,,,,,,,,,,,,
span:AUTH-TAD-0342,CandidateSpan,AUTH-TAD-0342｜过去,,,,,,,,,,,,,,,,,,,,,,,,,,,,,,,,,,过去,,,,,,,AUTH-TAD-0342,过去,3.0,5.0,located,candidate_span,,,,,,,,,,,,,,
consensus:AUTH-TAD-0342,ConsensusLabel,AUTH-TAD-0342｜其他/非目标时间用法,,,,,,,,,,,,,,,,,,,,,,,,,,,,,,,,,,,,,,,,,,过去,,,,,consensus:AUTH-TAD-0342,OTHER,完全一致,完全一致,完全一致,,,,,,,,,
annotation:span:AUTH-TAD-0342:r1,AnnotationDecision,标注者1-AUTH-TAD-0342,,,,,,,,,,,,,,,,,,,,,,,,,,,,,,,,,,,,,,,,,,,,,,,,,,,,ANONYMIZED_RATER_1,,annotation:span:AUTH-TAD-0342:r1,不是时间表达,不是时间状语,提取错误：不是时间表达,,,
annotation:span:AUTH-TAD-0342:r2,AnnotationDecision,标注者2-AUTH-TAD-0342,,,,,,,,,,,,,,,,,,,,,,,,,,,,,,,,,,,,,,,,,,,,,,,,,,,,ANONYMIZED_RATER_2,,annotation:span:AUTH-TAD-0342:r2,不是时间表达,不是时间状语,提取错误：不是时间表达,无,,
annotation:span:AUTH-TAD-0342:r3,AnnotationDecision,标注者3-AUTH-TAD-0342,,,,,,,,,,,,,,,,,,,,,,,,,,,,,,,,,,,,,,,,,,,,,,,,,,,,ANONYMIZED_RATER_3,,annotation:span:AUTH-TAD-0342:r3,不是时间表达,不是时间状语,提取错误：不是时间表达,无,,
sentence:SENT-0356,Sentence,是几十年的朋友了。,,,,,,,,,,,,,,,,,,,,,,,,,,,,,,,,,SENT-0356,是几十年的朋友了。,是几十年的朋友了,国际中文教育中文水平等级标准·语法学习手册（中等）,中等,331,结构特点 “A一+量词，B一+量词”可以作谓语、定语、状语,来源字段完整但仍需正版逐页核验,,,,,,,,,,,,,,,,,,,,
span:AUTH-TAD-0343,CandidateSpan,AUTH-TAD-0343｜十年,,,,,,,,,,,,,,,,,,,,,,,,,,,,,,,,,,十年,,,,,,,AUTH-TAD-0343,十年,2.0,4.0,located,candidate_span,,,,,,,,,,,,,,
consensus:AUTH-TAD-0343,ConsensusLabel,AUTH-TAD-0343｜时间定语,,,,,,,,,,,,,,,,,,,,,,,,,,,,,,,,,,,,,,,,,,十年,,,,,consensus:AUTH-TAD-0343,ATTRIBUTE,多数一致,完全一致,多数一致,,,,,,,,,
annotation:span:AUTH-TAD-0343:r1,AnnotationDecision,标注者1-AUTH-TAD-0343,,,,,,,,,,,,,,,,,,,,,,,,,,,,,,,,,,,,,,,,,,,,,,,,,,,,ANONYMIZED_RATER_1,,annotation:span:AUTH-TAD-0343:r1,边界不完整,不是时间状语,提取错误：边界不完整,几十年,,
annotation:span:AUTH-TAD-0343:r2,AnnotationDecision,标注者2-AUTH-TAD-0343,,,,,,,,,,,,,,,,,,,,,,,,,,,,,,,,,,,,,,,,,,,,,,,,,,,,ANONYMIZED_RATER_2,,annotation:span:AUTH-TAD-0343:r2,正确,不是时间状语,时间定语,,,
annotation:span:AUTH-TAD-0343:r3,AnnotationDecision,标注者3-AUTH-TAD-0343,,,,,,,,,,,,,,,,,,,,,,,,,,,,,,,,,,,,,,,,,,,,,,,,,,,,ANONYMIZED_RATER_3,,annotation:span:AUTH-TAD-0343:r3,正确,不是时间状语,时间定语,,,
sentence:SENT-0127,Sentence,你以前有女朋友吗?,,,,,,,,,,,,,,,,,,,,,,,,,,,,,,,,,SENT-0127,你以前有女朋友吗?,你以前有女朋友吗,国际中文教育中文水平等级标准·语法学习手册（初等）,初等,181,O 结构特点 “得”一般用在动词和补语之间，补语一般由形容词性成分充当,来源字段完整但仍需正版逐页核验,,,,,,,,,,,,,,,,,,,,
span:AUTH-TAD-0344,CandidateSpan,AUTH-TAD-0344｜以前,,,,,,,,,,,,,,,,,,,,,,,,,,,,,,,,,,以前,,,,,,,AUTH-TAD-0344,以前,1.0,3.0,located,candidate_span,,,,,,,,,,,,,,
consensus:AUTH-TAD-0344,ConsensusLabel,AUTH-TAD-0344｜时间状语,,,,,,,,,,,,,,,,,,,,,,,,,,,,,,,,,,,,,,,,,,以前,,,,,consensus:AUTH-TAD-0344,TEMPORAL_ADVERBIAL,完全一致,完全一致,完全一致,,,,,,,,,
annotation:span:AUTH-TAD-0344:r1,AnnotationDecision,标注者1-AUTH-TAD-0344,,,,,,,,,,,,,,,,,,,,,,,,,,,,,,,,,,,,,,,,,,,,,,,,,,,,ANONYMIZED_RATER_1,,annotation:span:AUTH-TAD-0344:r1,正确,是时间状语,时间状语,,,
annotation:span:AUTH-TAD-0344:r2,AnnotationDecision,标注者2-AUTH-TAD-0344,,,,,,,,,,,,,,,,,,,,,,,,,,,,,,,,,,,,,,,,,,,,,,,,,,,,ANONYMIZED_RATER_2,,annotation:span:AUTH-TAD-0344:r2,正确,是时间状语,时间状语,,,
annotation:span:AUTH-TAD-0344:r3,AnnotationDecision,标注者3-AUTH-TAD-0344,,,,,,,,,,,,,,,,,,,,,,,,,,,,,,,,,,,,,,,,,,,,,,,,,,,,ANONYMIZED_RATER_3,,annotation:span:AUTH-TAD-0344:r3,正确,是时间状语,时间状语,,,
sentence:SENT-0047,Sentence,今天我必须见到他。,,,,,,,,,,,,,,,,,,,,,,,,,,,,,,,,,SENT-0047,今天我必须见到他。,今天我必须见到他,国际中文教育中文水平等级标准·语法学习手册（初等）,初等,159,(在班级) (在公司) (商量事情) A:马上期末考试了， A:经理，明天我可 A:请,来源字段完整但仍需正版逐页核验,,,,,,,,,,,,,,,,,,,,
span:AUTH-TAD-0345,CandidateSpan,AUTH-TAD-0345｜今天,,,,,,,,,,,,,,,,,,,,,,,,,,,,,,,,,,今天,,,,,,,AUTH-TAD-0345,今天,0.0,2.0,located,candidate_span,,,,,,,,,,,,,,
consensus:AUTH-TAD-0345,ConsensusLabel,AUTH-TAD-0345｜时间状语,,,,,,,,,,,,,,,,,,,,,,,,,,,,,,,,,,,,,,,,,,今天,,,,,consensus:AUTH-TAD-0345,TEMPORAL_ADVERBIAL,完全一致,完全一致,完全一致,,,,,,,,,
annotation:span:AUTH-TAD-0345:r1,AnnotationDecision,标注者1-AUTH-TAD-0345,,,,,,,,,,,,,,,,,,,,,,,,,,,,,,,,,,,,,,,,,,,,,,,,,,,,ANONYMIZED_RATER_1,,annotation:span:AUTH-TAD-0345:r1,正确,是时间状语,时间状语,,,
annotation:span:AUTH-TAD-0345:r2,AnnotationDecision,标注者2-AUTH-TAD-0345,,,,,,,,,,,,,,,,,,,,,,,,,,,,,,,,,,,,,,,,,,,,,,,,,,,,ANONYMIZED_RATER_2,,annotation:span:AUTH-TAD-0345:r2,正确,是时间状语,时间状语,,,
annotation:span:AUTH-TAD-0345:r3,AnnotationDecision,标注者3-AUTH-TAD-0345,,,,,,,,,,,,,,,,,,,,,,,,,,,,,,,,,,,,,,,,,,,,,,,,,,,,ANONYMIZED_RATER_3,,annotation:span:AUTH-TAD-0345:r3,正确,是时间状语,时间状语,,,
sentence:SENT-0109,Sentence,他每天都加班，为的是能准时完成工作任务。,,,,,,,,,,,,,,,,,,,,,,,,,,,,,,,,,SENT-0109,他每天都加班，为的是能准时完成工作任务。,他每天都加班为的是能准时完成工作任务,国际中文教育中文水平等级标准·语法学习手册（中等）,中等,242,给你发这个信 老师这节课什么也没 例句 为的是走的时候 息，为的是提醒 讲，为的是让我们有时,来源字段完整但仍需正版逐页核验,,,,,,,,,,,,,,,,,,,,
span:AUTH-TAD-0346,CandidateSpan,AUTH-TAD-0346｜每天,,,,,,,,,,,,,,,,,,,,,,,,,,,,,,,,,,每天,,,,,,,AUTH-TAD-0346,每天,1.0,3.0,located,candidate_span,,,,,,,,,,,,,,
consensus:AUTH-TAD-0346,ConsensusLabel,AUTH-TAD-0346｜时间状语,,,,,,,,,,,,,,,,,,,,,,,,,,,,,,,,,,,,,,,,,,每天,,,,,consensus:AUTH-TAD-0346,TEMPORAL_ADVERBIAL,完全一致,完全一致,完全一致,,,,,,,,,
annotation:span:AUTH-TAD-0346:r1,AnnotationDecision,标注者1-AUTH-TAD-0346,,,,,,,,,,,,,,,,,,,,,,,,,,,,,,,,,,,,,,,,,,,,,,,,,,,,ANONYMIZED_RATER_1,,annotation:span:AUTH-TAD-0346:r1,正确,是时间状语,时间状语,,,
annotation:span:AUTH-TAD-0346:r2,AnnotationDecision,标注者2-AUTH-TAD-0346,,,,,,,,,,,,,,,,,,,,,,,,,,,,,,,,,,,,,,,,,,,,,,,,,,,,ANONYMIZED_RATER_2,,annotation:span:AUTH-TAD-0346:r2,正确,是时间状语,时间状语,,,
annotation:span:AUTH-TAD-0346:r3,AnnotationDecision,标注者3-AUTH-TAD-0346,,,,,,,,,,,,,,,,,,,,,,,,,,,,,,,,,,,,,,,,,,,,,,,,,,,,ANONYMIZED_RATER_3,,annotation:span:AUTH-TAD-0346:r3,正确,是时间状语,时间状语,,,
sentence:SENT-0008,Sentence,下午五点天就黑了。,,,,,,,,,,,,,,,,,,,,,,,,,,,,,,,,,SENT-0008,下午五点天就黑了。,下午五点天就黑了,国际中文教育中文水平等级标准·语法学习手册（初等）,初等,167,她刚毕业就当妈妈了,来源字段完整但仍需正版逐页核验,,,,,,,,,,,,,,,,,,,,
span:AUTH-TAD-0347,CandidateSpan,AUTH-TAD-0347｜五点,,,,,,,,,,,,,,,,,,,,,,,,,,,,,,,,,,五点,,,,,,,AUTH-TAD-0347,下午五点,2.0,4.0,located,majority_fixed_span,,,,,,,,,,,,,,
consensus:AUTH-TAD-0347,ConsensusLabel,AUTH-TAD-0347｜其他/非目标时间用法,,,,,,,,,,,,,,,,,,,,,,,,,,,,,,,,,,,,,,,,,,下午五点,,,,,consensus:AUTH-TAD-0347,OTHER,完全一致,完全一致,完全一致,,,,,,,,,
annotation:span:AUTH-TAD-0347:r1,AnnotationDecision,标注者1-AUTH-TAD-0347,,,,,,,,,,,,,,,,,,,,,,,,,,,,,,,,,,,,,,,,,,,,,,,,,,,,ANONYMIZED_RATER_1,,annotation:span:AUTH-TAD-0347:r1,边界不完整,不是时间状语,提取错误：边界不完整,下午五点,,
annotation:span:AUTH-TAD-0347:r2,AnnotationDecision,标注者2-AUTH-TAD-0347,,,,,,,,,,,,,,,,,,,,,,,,,,,,,,,,,,,,,,,,,,,,,,,,,,,,ANONYMIZED_RATER_2,,annotation:span:AUTH-TAD-0347:r2,边界不完整,不是时间状语,提取错误：边界不完整,下午五点,,
annotation:span:AUTH-TAD-0347:r3,AnnotationDecision,标注者3-AUTH-TAD-0347,,,,,,,,,,,,,,,,,,,,,,,,,,,,,,,,,,,,,,,,,,,,,,,,,,,,ANONYMIZED_RATER_3,,annotation:span:AUTH-TAD-0347:r3,边界不完整,不是时间状语,提取错误：边界不完整,下午五点,,
sentence:SENT-0012,Sentence,不去也好，你就在家休息一天吧。,,,,,,,,,,,,,,,,,,,,,,,,,,,,,,,,,SENT-0012,不去也好，你就在家休息一天吧。,不去也好你就在家休息一天吧,国际中文教育中文水平等级标准·语法学习手册（中等）,中等,188,他正在写毕业论文，不管电视也好，电影也好，都没时间看,来源字段完整但仍需正版逐页核验,,,,,,,,,,,,,,,,,,,,
span:AUTH-TAD-0348,CandidateSpan,AUTH-TAD-0348｜一天,,,,,,,,,,,,,,,,,,,,,,,,,,,,,,,,,,一天,,,,,,,AUTH-TAD-0348,一天,11.0,13.0,located,candidate_span,,,,,,,,,,,,,,
consensus:AUTH-TAD-0348,ConsensusLabel,AUTH-TAD-0348｜时长/时间补语,,,,,,,,,,,,,,,,,,,,,,,,,,,,,,,,,,,,,,,,,,一天,,,,,consensus:AUTH-TAD-0348,COMPLEMENT,完全一致,完全一致,完全一致,,,,,,,,,
annotation:span:AUTH-TAD-0348:r1,AnnotationDecision,标注者1-AUTH-TAD-0348,,,,,,,,,,,,,,,,,,,,,,,,,,,,,,,,,,,,,,,,,,,,,,,,,,,,ANONYMIZED_RATER_1,,annotation:span:AUTH-TAD-0348:r1,正确,不是时间状语,时长补语,,,
annotation:span:AUTH-TAD-0348:r2,AnnotationDecision,标注者2-AUTH-TAD-0348,,,,,,,,,,,,,,,,,,,,,,,,,,,,,,,,,,,,,,,,,,,,,,,,,,,,ANONYMIZED_RATER_2,,annotation:span:AUTH-TAD-0348:r2,正确,不是时间状语,时长补语,,,
annotation:span:AUTH-TAD-0348:r3,AnnotationDecision,标注者3-AUTH-TAD-0348,,,,,,,,,,,,,,,,,,,,,,,,,,,,,,,,,,,,,,,,,,,,,,,,,,,,ANONYMIZED_RATER_3,,annotation:span:AUTH-TAD-0348:r3,正确,不是时间状语,时长补语,,,
sentence:SENT-0207,Sentence,她今天怎么不高兴?,,,,,,,,,,,,,,,,,,,,,,,,,,,,,,,,,SENT-0207,她今天怎么不高兴?,她今天怎么不高兴,国际中文教育中文水平等级标准·语法学习手册（初等）,初等,35,找 谁? 小提示 (1)使用疑问代词“谁”提问的时候，句末可以不用语气助词，也可以加语气 助,来源字段完整但仍需正版逐页核验,,,,,,,,,,,,,,,,,,,,
span:AUTH-TAD-0349,CandidateSpan,AUTH-TAD-0349｜今天,,,,,,,,,,,,,,,,,,,,,,,,,,,,,,,,,,今天,,,,,,,AUTH-TAD-0349,今天,1.0,3.0,located,candidate_span,,,,,,,,,,,,,,
consensus:AUTH-TAD-0349,ConsensusLabel,AUTH-TAD-0349｜时间状语,,,,,,,,,,,,,,,,,,,,,,,,,,,,,,,,,,,,,,,,,,今天,,,,,consensus:AUTH-TAD-0349,TEMPORAL_ADVERBIAL,完全一致,完全一致,完全一致,,,,,,,,,
annotation:span:AUTH-TAD-0349:r1,AnnotationDecision,标注者1-AUTH-TAD-0349,,,,,,,,,,,,,,,,,,,,,,,,,,,,,,,,,,,,,,,,,,,,,,,,,,,,ANONYMIZED_RATER_1,,annotation:span:AUTH-TAD-0349:r1,正确,是时间状语,时间状语,,,
annotation:span:AUTH-TAD-0349:r2,AnnotationDecision,标注者2-AUTH-TAD-0349,,,,,,,,,,,,,,,,,,,,,,,,,,,,,,,,,,,,,,,,,,,,,,,,,,,,ANONYMIZED_RATER_2,,annotation:span:AUTH-TAD-0349:r2,正确,是时间状语,时间状语,,,
annotation:span:AUTH-TAD-0349:r3,AnnotationDecision,标注者3-AUTH-TAD-0349,,,,,,,,,,,,,,,,,,,,,,,,,,,,,,,,,,,,,,,,,,,,,,,,,,,,ANONYMIZED_RATER_3,,annotation:span:AUTH-TAD-0349:r3,正确,是时间状语,时间状语,,,
sentence:SENT-0371,Sentence,来不及了，商场马上就关门了。,,,,,,,,,,,,,,,,,,,,,,,,,,,,,,,,,SENT-0371,来不及了，商场马上就关门了。,来不及了商场马上就关门了,国际中文教育中文水平等级标准·语法学习手册（中等）,中等,60,时间不多了，你还来得及吗? ◎ 结构特点 N,来源字段完整但仍需正版逐页核验,,,,,,,,,,,,,,,,,,,,
span:AUTH-TAD-0350,CandidateSpan,AUTH-TAD-0350｜马上,,,,,,,,,,,,,,,,,,,,,,,,,,,,,,,,,,马上,,,,,,,AUTH-TAD-0350,马上,7.0,9.0,located,candidate_span,,,,,,,,,,,,,,
consensus:AUTH-TAD-0350,ConsensusLabel,AUTH-TAD-0350｜时间状语,,,,,,,,,,,,,,,,,,,,,,,,,,,,,,,,,,,,,,,,,,马上,,,,,consensus:AUTH-TAD-0350,TEMPORAL_ADVERBIAL,完全一致,完全一致,完全一致,,,,,,,,,
annotation:span:AUTH-TAD-0350:r1,AnnotationDecision,标注者1-AUTH-TAD-0350,,,,,,,,,,,,,,,,,,,,,,,,,,,,,,,,,,,,,,,,,,,,,,,,,,,,ANONYMIZED_RATER_1,,annotation:span:AUTH-TAD-0350:r1,正确,是时间状语,时间状语,,,
annotation:span:AUTH-TAD-0350:r2,AnnotationDecision,标注者2-AUTH-TAD-0350,,,,,,,,,,,,,,,,,,,,,,,,,,,,,,,,,,,,,,,,,,,,,,,,,,,,ANONYMIZED_RATER_2,,annotation:span:AUTH-TAD-0350:r2,正确,是时间状语,时间状语,,,
annotation:span:AUTH-TAD-0350:r3,AnnotationDecision,标注者3-AUTH-TAD-0350,,,,,,,,,,,,,,,,,,,,,,,,,,,,,,,,,,,,,,,,,,,,,,,,,,,,ANONYMIZED_RATER_3,,annotation:span:AUTH-TAD-0350:r3,正确,是时间状语,时间状语,,,
sentence:SENT-0113,Sentence,他游了四十分钟的泳。,,,,,,,,,,,,,,,,,,,,,,,,,,,,,,,,,SENT-0113,他游了四十分钟的泳。,他游了四十分钟的泳,国际中文教育中文水平等级标准·语法学习手册（初等）,初等,352,81数量补语4(动词+时量补语):表示动作持续的 时间 【三51】 ◎,来源字段完整但仍需正版逐页核验,,,,,,,,,,,,,,,,,,,,
span:AUTH-TAD-0351,CandidateSpan,AUTH-TAD-0351｜四十分钟,,,,,,,,,,,,,,,,,,,,,,,,,,,,,,,,,,四十分钟,,,,,,,AUTH-TAD-0351,四十分钟,3.0,7.0,located,candidate_span,,,,,,,,,,,,,,
consensus:AUTH-TAD-0351,ConsensusLabel,AUTH-TAD-0351｜时长/时间补语,,,,,,,,,,,,,,,,,,,,,,,,,,,,,,,,,,,,,,,,,,四十分钟,,,,,consensus:AUTH-TAD-0351,COMPLEMENT,完全一致,完全一致,多数一致,,,,,,,,,
annotation:span:AUTH-TAD-0351:r1,AnnotationDecision,标注者1-AUTH-TAD-0351,,,,,,,,,,,,,,,,,,,,,,,,,,,,,,,,,,,,,,,,,,,,,,,,,,,,ANONYMIZED_RATER_1,,annotation:span:AUTH-TAD-0351:r1,正确,不是时间状语,时长补语,,,
annotation:span:AUTH-TAD-0351:r2,AnnotationDecision,标注者2-AUTH-TAD-0351,,,,,,,,,,,,,,,,,,,,,,,,,,,,,,,,,,,,,,,,,,,,,,,,,,,,ANONYMIZED_RATER_2,,annotation:span:AUTH-TAD-0351:r2,正确,不是时间状语,时间定语,,,
annotation:span:AUTH-TAD-0351:r3,AnnotationDecision,标注者3-AUTH-TAD-0351,,,,,,,,,,,,,,,,,,,,,,,,,,,,,,,,,,,,,,,,,,,,,,,,,,,,ANONYMIZED_RATER_3,,annotation:span:AUTH-TAD-0351:r3,正确,不是时间状语,时长补语,,,
sentence:SENT-0384,Sentence,爸爸正生着气呢，你非现在说不可吗?,,,,,,,,,,,,,,,,,,,,,,,,,,,,,,,,,SENT-0384,爸爸正生着气呢，你非现在说不可吗?,爸爸正生着气呢你非现在说不可吗,国际中文教育中文水平等级标准·语法学习手册（中等）,中等,361,例句 不管天气怎么样， 这次演出非他指挥 我们这时候出门， 我们非去不可,来源字段完整但仍需正版逐页核验,,,,,,,,,,,,,,,,,,,,
span:AUTH-TAD-0352,CandidateSpan,AUTH-TAD-0352｜现在,,,,,,,,,,,,,,,,,,,,,,,,,,,,,,,,,,现在,,,,,,,AUTH-TAD-0352,现在,10.0,12.0,located,candidate_span,,,,,,,,,,,,,,
consensus:AUTH-TAD-0352,ConsensusLabel,AUTH-TAD-0352｜时间状语,,,,,,,,,,,,,,,,,,,,,,,,,,,,,,,,,,,,,,,,,,现在,,,,,consensus:AUTH-TAD-0352,TEMPORAL_ADVERBIAL,完全一致,完全一致,完全一致,,,,,,,,,
annotation:span:AUTH-TAD-0352:r1,AnnotationDecision,标注者1-AUTH-TAD-0352,,,,,,,,,,,,,,,,,,,,,,,,,,,,,,,,,,,,,,,,,,,,,,,,,,,,ANONYMIZED_RATER_1,,annotation:span:AUTH-TAD-0352:r1,正确,是时间状语,时间状语,,,
annotation:span:AUTH-TAD-0352:r2,AnnotationDecision,标注者2-AUTH-TAD-0352,,,,,,,,,,,,,,,,,,,,,,,,,,,,,,,,,,,,,,,,,,,,,,,,,,,,ANONYMIZED_RATER_2,,annotation:span:AUTH-TAD-0352:r2,正确,是时间状语,时间状语,,,
annotation:span:AUTH-TAD-0352:r3,AnnotationDecision,标注者3-AUTH-TAD-0352,,,,,,,,,,,,,,,,,,,,,,,,,,,,,,,,,,,,,,,,,,,,,,,,,,,,ANONYMIZED_RATER_3,,annotation:span:AUTH-TAD-0352:r3,正确,是时间状语,时间状语,,,
sentence:SENT-0171,Sentence,到目前为止，我还不敢相信这是真的。,,,,,,,,,,,,,,,,,,,,,,,,,,,,,,,,,SENT-0171,到目前为止，我还不敢相信这是真的。,到目前为止我还不敢相信这是真的,国际中文教育中文水平等级标准·语法学习手册（中等）,中等,203,由于时间关系，我们只能介绍到这里为止了,来源字段完整但仍需正版逐页核验,,,,,,,,,,,,,,,,,,,,
span:AUTH-TAD-0353,CandidateSpan,AUTH-TAD-0353｜目前,,,,,,,,,,,,,,,,,,,,,,,,,,,,,,,,,,目前,,,,,,,AUTH-TAD-0353,到目前为止,1.0,3.0,located,majority_fixed_span,,,,,,,,,,,,,,
consensus:AUTH-TAD-0353,ConsensusLabel,AUTH-TAD-0353｜其他/非目标时间用法,,,,,,,,,,,,,,,,,,,,,,,,,,,,,,,,,,,,,,,,,,到目前为止,,,,,consensus:AUTH-TAD-0353,OTHER,完全一致,完全一致,完全一致,,,,,,,,,
annotation:span:AUTH-TAD-0353:r1,AnnotationDecision,标注者1-AUTH-TAD-0353,,,,,,,,,,,,,,,,,,,,,,,,,,,,,,,,,,,,,,,,,,,,,,,,,,,,ANONYMIZED_RATER_1,,annotation:span:AUTH-TAD-0353:r1,边界不完整,不是时间状语,提取错误：边界不完整,到目前为止,,
annotation:span:AUTH-TAD-0353:r2,AnnotationDecision,标注者2-AUTH-TAD-0353,,,,,,,,,,,,,,,,,,,,,,,,,,,,,,,,,,,,,,,,,,,,,,,,,,,,ANONYMIZED_RATER_2,,annotation:span:AUTH-TAD-0353:r2,边界不完整,不是时间状语,提取错误：边界不完整,到目前为止,,
annotation:span:AUTH-TAD-0353:r3,AnnotationDecision,标注者3-AUTH-TAD-0353,,,,,,,,,,,,,,,,,,,,,,,,,,,,,,,,,,,,,,,,,,,,,,,,,,,,ANONYMIZED_RATER_3,,annotation:span:AUTH-TAD-0353:r3,边界不完整,不是时间状语,提取错误：边界不完整,到目前为止,,
sentence:SENT-0300,Sentence,我把这些零食吃了一个月。,,,,,,,,,,,,,,,,,,,,,,,,,,,,,,,,,SENT-0300,我把这些零食吃了一个月。,我把这些零食吃了一个月,国际中文教育中文水平等级标准·语法学习手册（中等）,中等,82,计划 提前 了 一周 吗? 小提示 (1)带“动量补语/时量补语”的“把”字句中，“把”前不能,来源字段完整但仍需正版逐页核验,,,,,,,,,,,,,,,,,,,,
span:AUTH-TAD-0354,CandidateSpan,AUTH-TAD-0354｜一个月,,,,,,,,,,,,,,,,,,,,,,,,,,,,,,,,,,一个月,,,,,,,AUTH-TAD-0354,一个月,8.0,11.0,located,candidate_span,,,,,,,,,,,,,,
consensus:AUTH-TAD-0354,ConsensusLabel,AUTH-TAD-0354｜时长/时间补语,,,,,,,,,,,,,,,,,,,,,,,,,,,,,,,,,,,,,,,,,,一个月,,,,,consensus:AUTH-TAD-0354,COMPLEMENT,完全一致,完全一致,完全一致,,,,,,,,,
annotation:span:AUTH-TAD-0354:r1,AnnotationDecision,标注者1-AUTH-TAD-0354,,,,,,,,,,,,,,,,,,,,,,,,,,,,,,,,,,,,,,,,,,,,,,,,,,,,ANONYMIZED_RATER_1,,annotation:span:AUTH-TAD-0354:r1,正确,不是时间状语,时长补语,,,
annotation:span:AUTH-TAD-0354:r2,AnnotationDecision,标注者2-AUTH-TAD-0354,,,,,,,,,,,,,,,,,,,,,,,,,,,,,,,,,,,,,,,,,,,,,,,,,,,,ANONYMIZED_RATER_2,,annotation:span:AUTH-TAD-0354:r2,正确,不是时间状语,时长补语,,,
annotation:span:AUTH-TAD-0354:r3,AnnotationDecision,标注者3-AUTH-TAD-0354,,,,,,,,,,,,,,,,,,,,,,,,,,,,,,,,,,,,,,,,,,,,,,,,,,,,ANONYMIZED_RATER_3,,annotation:span:AUTH-TAD-0354:r3,正确,不是时间状语,时长补语,,,
sentence:SENT-0211,Sentence,她当时是不是拿走了这本书?,,,,,,,,,,,,,,,,,,,,,,,,,,,,,,,,,SENT-0211,她当时是不是拿走了这本书?,她当时是不是拿走了这本书,国际中文教育中文水平等级标准·语法学习手册（高等）,高等,12,◎结构特点 “另”一般用于数量短语前边作定语,来源字段完整但仍需正版逐页核验,,,,,,,,,,,,,,,,,,,,
span:AUTH-TAD-0355,CandidateSpan,AUTH-TAD-0355｜当时,,,,,,,,,,,,,,,,,,,,,,,,,,,,,,,,,,当时,,,,,,,AUTH-TAD-0355,当时,1.0,3.0,located,candidate_span,,,,,,,,,,,,,,
consensus:AUTH-TAD-0355,ConsensusLabel,AUTH-TAD-0355｜时间状语,,,,,,,,,,,,,,,,,,,,,,,,,,,,,,,,,,,,,,,,,,当时,,,,,consensus:AUTH-TAD-0355,TEMPORAL_ADVERBIAL,完全一致,完全一致,完全一致,,,,,,,,,
annotation:span:AUTH-TAD-0355:r1,AnnotationDecision,标注者1-AUTH-TAD-0355,,,,,,,,,,,,,,,,,,,,,,,,,,,,,,,,,,,,,,,,,,,,,,,,,,,,ANONYMIZED_RATER_1,,annotation:span:AUTH-TAD-0355:r1,正确,是时间状语,时间状语,,,
annotation:span:AUTH-TAD-0355:r2,AnnotationDecision,标注者2-AUTH-TAD-0355,,,,,,,,,,,,,,,,,,,,,,,,,,,,,,,,,,,,,,,,,,,,,,,,,,,,ANONYMIZED_RATER_2,,annotation:span:AUTH-TAD-0355:r2,正确,是时间状语,时间状语,,,
annotation:span:AUTH-TAD-0355:r3,AnnotationDecision,标注者3-AUTH-TAD-0355,,,,,,,,,,,,,,,,,,,,,,,,,,,,,,,,,,,,,,,,,,,,,,,,,,,,ANONYMIZED_RATER_3,,annotation:span:AUTH-TAD-0355:r3,正确,是时间状语,时间状语,,,
sentence:SENT-0014,Sentence,不客气，你现在赶快做也来得及。,,,,,,,,,,,,,,,,,,,,,,,,,,,,,,,,,SENT-0014,不客气，你现在赶快做也来得及。,不客气你现在赶快做也来得及,国际中文教育中文水平等级标准·语法学习手册（高等）,高等,82,一般位于复句中的后一分句，常与“先、开始、本来”等时间词语 搭配使用,来源字段完整但仍需正版逐页核验,,,,,,,,,,,,,,,,,,,,
span:AUTH-TAD-0356,CandidateSpan,AUTH-TAD-0356｜现在,,,,,,,,,,,,,,,,,,,,,,,,,,,,,,,,,,现在,,,,,,,AUTH-TAD-0356,现在,5.0,7.0,located,candidate_span,,,,,,,,,,,,,,
consensus:AUTH-TAD-0356,ConsensusLabel,AUTH-TAD-0356｜时间状语,,,,,,,,,,,,,,,,,,,,,,,,,,,,,,,,,,,,,,,,,,现在,,,,,consensus:AUTH-TAD-0356,TEMPORAL_ADVERBIAL,完全一致,完全一致,完全一致,,,,,,,,,
annotation:span:AUTH-TAD-0356:r1,AnnotationDecision,标注者1-AUTH-TAD-0356,,,,,,,,,,,,,,,,,,,,,,,,,,,,,,,,,,,,,,,,,,,,,,,,,,,,ANONYMIZED_RATER_1,,annotation:span:AUTH-TAD-0356:r1,正确,是时间状语,时间状语,,,
annotation:span:AUTH-TAD-0356:r2,AnnotationDecision,标注者2-AUTH-TAD-0356,,,,,,,,,,,,,,,,,,,,,,,,,,,,,,,,,,,,,,,,,,,,,,,,,,,,ANONYMIZED_RATER_2,,annotation:span:AUTH-TAD-0356:r2,正确,是时间状语,时间状语,,,
annotation:span:AUTH-TAD-0356:r3,AnnotationDecision,标注者3-AUTH-TAD-0356,,,,,,,,,,,,,,,,,,,,,,,,,,,,,,,,,,,,,,,,,,,,,,,,,,,,ANONYMIZED_RATER_3,,annotation:span:AUTH-TAD-0356:r3,正确,是时间状语,时间状语,,,
sentence:SENT-0416,Sentence,考试的时候别说话。,,,,,,,,,,,,,,,,,,,,,,,,,,,,,,,,,SENT-0416,考试的时候别说话。,考试的时候别说话,国际中文教育中文水平等级标准·语法学习手册（初等）,初等,63,上课的时候别看 手机,来源字段完整但仍需正版逐页核验,,,,,,,,,,,,,,,,,,,,
span:AUTH-TAD-0357,CandidateSpan,AUTH-TAD-0357｜考试的时候,,,,,,,,,,,,,,,,,,,,,,,,,,,,,,,,,,考试的时候,,,,,,,AUTH-TAD-0357,考试的时候,0.0,5.0,located,candidate_span,,,,,,,,,,,,,,
consensus:AUTH-TAD-0357,ConsensusLabel,AUTH-TAD-0357｜时间状语,,,,,,,,,,,,,,,,,,,,,,,,,,,,,,,,,,,,,,,,,,考试的时候,,,,,consensus:AUTH-TAD-0357,TEMPORAL_ADVERBIAL,完全一致,完全一致,完全一致,,,,,,,,,
annotation:span:AUTH-TAD-0357:r1,AnnotationDecision,标注者1-AUTH-TAD-0357,,,,,,,,,,,,,,,,,,,,,,,,,,,,,,,,,,,,,,,,,,,,,,,,,,,,ANONYMIZED_RATER_1,,annotation:span:AUTH-TAD-0357:r1,正确,是时间状语,时间状语,,,
annotation:span:AUTH-TAD-0357:r2,AnnotationDecision,标注者2-AUTH-TAD-0357,,,,,,,,,,,,,,,,,,,,,,,,,,,,,,,,,,,,,,,,,,,,,,,,,,,,ANONYMIZED_RATER_2,,annotation:span:AUTH-TAD-0357:r2,正确,是时间状语,时间状语,,,
annotation:span:AUTH-TAD-0357:r3,AnnotationDecision,标注者3-AUTH-TAD-0357,,,,,,,,,,,,,,,,,,,,,,,,,,,,,,,,,,,,,,,,,,,,,,,,,,,,ANONYMIZED_RATER_3,,annotation:span:AUTH-TAD-0357:r3,正确,是时间状语,时间状语,,,
span:AUTH-TAD-0358,CandidateSpan,AUTH-TAD-0358｜现在,,,,,,,,,,,,,,,,,,,,,,,,,,,,,,,,,,现在,,,,,,,AUTH-TAD-0358,现在,0.0,2.0,located,candidate_span,,,,,,,,,,,,,,
consensus:AUTH-TAD-0358,ConsensusLabel,AUTH-TAD-0358｜时间状语,,,,,,,,,,,,,,,,,,,,,,,,,,,,,,,,,,,,,,,,,,现在,,,,,consensus:AUTH-TAD-0358,TEMPORAL_ADVERBIAL,多数一致,多数一致,多数一致,,,,,,,,,
annotation:span:AUTH-TAD-0358:r1,AnnotationDecision,标注者1-AUTH-TAD-0358,,,,,,,,,,,,,,,,,,,,,,,,,,,,,,,,,,,,,,,,,,,,,,,,,,,,ANONYMIZED_RATER_1,,annotation:span:AUTH-TAD-0358:r1,正确,是时间状语,时间状语,,,
annotation:span:AUTH-TAD-0358:r2,AnnotationDecision,标注者2-AUTH-TAD-0358,,,,,,,,,,,,,,,,,,,,,,,,,,,,,,,,,,,,,,,,,,,,,,,,,,,,ANONYMIZED_RATER_2,,annotation:span:AUTH-TAD-0358:r2,边界不完整,不是时间状语,提取错误：边界不完整,现在都五月了,,
annotation:span:AUTH-TAD-0358:r3,AnnotationDecision,标注者3-AUTH-TAD-0358,,,,,,,,,,,,,,,,,,,,,,,,,,,,,,,,,,,,,,,,,,,,,,,,,,,,ANONYMIZED_RATER_3,,annotation:span:AUTH-TAD-0358:r3,正确,是时间状语,时间状语,,,
span:AUTH-TAD-0359,CandidateSpan,AUTH-TAD-0359｜过去,,,,,,,,,,,,,,,,,,,,,,,,,,,,,,,,,,过去,,,,,,,AUTH-TAD-0359,十年过去了,2.0,4.0,located,majority_fixed_span,,,,,,,,,,,,,,
consensus:AUTH-TAD-0359,ConsensusLabel,AUTH-TAD-0359｜其他/非目标时间用法,,,,,,,,,,,,,,,,,,,,,,,,,,,,,,,,,,,,,,,,,,十年过去了,,,,,consensus:AUTH-TAD-0359,OTHER,多数一致,完全一致,多数一致,,,,,,,,,
annotation:span:AUTH-TAD-0359:r1,AnnotationDecision,标注者1-AUTH-TAD-0359,,,,,,,,,,,,,,,,,,,,,,,,,,,,,,,,,,,,,,,,,,,,,,,,,,,,ANONYMIZED_RATER_1,,annotation:span:AUTH-TAD-0359:r1,不是时间表达,不是时间状语,提取错误：不是时间表达,,,
annotation:span:AUTH-TAD-0359:r2,AnnotationDecision,标注者2-AUTH-TAD-0359,,,,,,,,,,,,,,,,,,,,,,,,,,,,,,,,,,,,,,,,,,,,,,,,,,,,ANONYMIZED_RATER_2,,annotation:span:AUTH-TAD-0359:r2,边界不完整,不是时间状语,提取错误：边界不完整,十年过去了,,
annotation:span:AUTH-TAD-0359:r3,AnnotationDecision,标注者3-AUTH-TAD-0359,,,,,,,,,,,,,,,,,,,,,,,,,,,,,,,,,,,,,,,,,,,,,,,,,,,,ANONYMIZED_RATER_3,,annotation:span:AUTH-TAD-0359:r3,边界不完整,不是时间状语,提取错误：边界不完整,十年过去了,,
sentence:SENT-0100,Sentence,他昨天差不多三点才回家。,,,,,,,,,,,,,,,,,,,,,,,,,,,,,,,,,SENT-0100,他昨天差不多三点才回家。,他昨天差不多三点才回家,国际中文教育中文水平等级标准·语法学习手册（初等）,初等,160,一般用在主语后，动词性成分、形容词或数量短语前，作状语,来源字段完整但仍需正版逐页核验,,,,,,,,,,,,,,,,,,,,
span:AUTH-TAD-0360,CandidateSpan,AUTH-TAD-0360｜三点,,,,,,,,,,,,,,,,,,,,,,,,,,,,,,,,,,三点,,,,,,,AUTH-TAD-0360,三点,6.0,8.0,located,candidate_span,,,,,,,,,,,,,,
consensus:AUTH-TAD-0360,ConsensusLabel,AUTH-TAD-0360｜时间状语,,,,,,,,,,,,,,,,,,,,,,,,,,,,,,,,,,,,,,,,,,三点,,,,,consensus:AUTH-TAD-0360,TEMPORAL_ADVERBIAL,多数一致,多数一致,多数一致,,,,,,,,,
annotation:span:AUTH-TAD-0360:r1,AnnotationDecision,标注者1-AUTH-TAD-0360,,,,,,,,,,,,,,,,,,,,,,,,,,,,,,,,,,,,,,,,,,,,,,,,,,,,ANONYMIZED_RATER_1,,annotation:span:AUTH-TAD-0360:r1,正确,是时间状语,时间状语,,,
annotation:span:AUTH-TAD-0360:r2,AnnotationDecision,标注者2-AUTH-TAD-0360,,,,,,,,,,,,,,,,,,,,,,,,,,,,,,,,,,,,,,,,,,,,,,,,,,,,ANONYMIZED_RATER_2,,annotation:span:AUTH-TAD-0360:r2,边界不完整,不是时间状语,提取错误：边界不完整,昨天差不多三点,,
annotation:span:AUTH-TAD-0360:r3,AnnotationDecision,标注者3-AUTH-TAD-0360,,,,,,,,,,,,,,,,,,,,,,,,,,,,,,,,,,,,,,,,,,,,,,,,,,,,ANONYMIZED_RATER_3,,annotation:span:AUTH-TAD-0360:r3,正确,是时间状语,时间状语,,,
sentence:SENT-0013,Sentence,不去就不去吧，以后别后悔就好。,,,,,,,,,,,,,,,,,,,,,,,,,,,,,,,,,SENT-0013,不去就不去吧，以后别后悔就好。,不去就不去吧以后别后悔就好,国际中文教育中文水平等级标准·语法学习手册（高等）,高等,189,不去就不去吧，以后别后悔就好,来源字段完整但仍需正版逐页核验,,,,,,,,,,,,,,,,,,,,
span:AUTH-TAD-0361,CandidateSpan,AUTH-TAD-0361｜以后,,,,,,,,,,,,,,,,,,,,,,,,,,,,,,,,,,以后,,,,,,,AUTH-TAD-0361,以后,7.0,9.0,located,candidate_span,,,,,,,,,,,,,,
consensus:AUTH-TAD-0361,ConsensusLabel,AUTH-TAD-0361｜时间状语,,,,,,,,,,,,,,,,,,,,,,,,,,,,,,,,,,,,,,,,,,以后,,,,,consensus:AUTH-TAD-0361,TEMPORAL_ADVERBIAL,完全一致,完全一致,完全一致,,,,,,,,,
annotation:span:AUTH-TAD-0361:r1,AnnotationDecision,标注者1-AUTH-TAD-0361,,,,,,,,,,,,,,,,,,,,,,,,,,,,,,,,,,,,,,,,,,,,,,,,,,,,ANONYMIZED_RATER_1,,annotation:span:AUTH-TAD-0361:r1,正确,是时间状语,时间状语,,,
annotation:span:AUTH-TAD-0361:r2,AnnotationDecision,标注者2-AUTH-TAD-0361,,,,,,,,,,,,,,,,,,,,,,,,,,,,,,,,,,,,,,,,,,,,,,,,,,,,ANONYMIZED_RATER_2,,annotation:span:AUTH-TAD-0361:r2,正确,是时间状语,时间状语,,,
annotation:span:AUTH-TAD-0361:r3,AnnotationDecision,标注者3-AUTH-TAD-0361,,,,,,,,,,,,,,,,,,,,,,,,,,,,,,,,,,,,,,,,,,,,,,,,,,,,ANONYMIZED_RATER_3,,annotation:span:AUTH-TAD-0361:r3,正确,是时间状语,时间状语,,,
sentence:SENT-0434,Sentence,这一去时间或长或短，长的话要一两年，短的话两三个月就能回来。,,,,,,,,,,,,,,,,,,,,,,,,,,,,,,,,,SENT-0434,这一去时间或长或短，长的话要一两年，短的话两三个月就能回来。,这一去时间或长或短长的话要一两年短的话两三个月就能回来,国际中文教育中文水平等级标准·语法学习手册（中等）,中等,317,这一去时间或长或短，长的话要一两年，短的话两三个月,来源字段完整但仍需正版逐页核验,,,,,,,,,,,,,,,,,,,,
span:AUTH-TAD-0362,CandidateSpan,AUTH-TAD-0362｜两三个月,,,,,,,,,,,,,,,,,,,,,,,,,,,,,,,,,,两三个月,,,,,,,AUTH-TAD-0362,两三个月,21.0,25.0,located,candidate_span,,,,,,,,,,,,,,
consensus:AUTH-TAD-0362,ConsensusLabel,AUTH-TAD-0362｜时间状语,,,,,,,,,,,,,,,,,,,,,,,,,,,,,,,,,,,,,,,,,,两三个月,,,,,consensus:AUTH-TAD-0362,TEMPORAL_ADVERBIAL,完全一致,多数一致,多数一致,,,,,,,,,
annotation:span:AUTH-TAD-0362:r1,AnnotationDecision,标注者1-AUTH-TAD-0362,,,,,,,,,,,,,,,,,,,,,,,,,,,,,,,,,,,,,,,,,,,,,,,,,,,,ANONYMIZED_RATER_1,,annotation:span:AUTH-TAD-0362:r1,正确,是时间状语,时间状语,,,
annotation:span:AUTH-TAD-0362:r2,AnnotationDecision,标注者2-AUTH-TAD-0362,,,,,,,,,,,,,,,,,,,,,,,,,,,,,,,,,,,,,,,,,,,,,,,,,,,,ANONYMIZED_RATER_2,,annotation:span:AUTH-TAD-0362:r2,正确,不是时间状语,时长补语,,,
annotation:span:AUTH-TAD-0362:r3,AnnotationDecision,标注者3-AUTH-TAD-0362,,,,,,,,,,,,,,,,,,,,,,,,,,,,,,,,,,,,,,,,,,,,,,,,,,,,ANONYMIZED_RATER_3,,annotation:span:AUTH-TAD-0362:r3,正确,是时间状语,时间状语,,,
sentence:SENT-0261,Sentence,我不知道图书馆今天不开门，白白地跑了一趟。,,,,,,,,,,,,,,,,,,,,,,,,,,,,,,,,,SENT-0261,我不知道图书馆今天不开门，白白地跑了一趟。,我不知道图书馆今天不开门白白地跑了一趟,国际中文教育中文水平等级标准·语法学习手册（高等）,高等,50,交际实践 我白白排了两个小 (在售票处，感叹等待时间长) 时的队呢! 工作人员：对不起，今天,来源字段完整但仍需正版逐页核验,,,,,,,,,,,,,,,,,,,,
span:AUTH-TAD-0363,CandidateSpan,AUTH-TAD-0363｜今天,,,,,,,,,,,,,,,,,,,,,,,,,,,,,,,,,,今天,,,,,,,AUTH-TAD-0363,今天,7.0,9.0,located,candidate_span,,,,,,,,,,,,,,
consensus:AUTH-TAD-0363,ConsensusLabel,AUTH-TAD-0363｜时间状语,,,,,,,,,,,,,,,,,,,,,,,,,,,,,,,,,,,,,,,,,,今天,,,,,consensus:AUTH-TAD-0363,TEMPORAL_ADVERBIAL,完全一致,完全一致,完全一致,,,,,,,,,
annotation:span:AUTH-TAD-0363:r1,AnnotationDecision,标注者1-AUTH-TAD-0363,,,,,,,,,,,,,,,,,,,,,,,,,,,,,,,,,,,,,,,,,,,,,,,,,,,,ANONYMIZED_RATER_1,,annotation:span:AUTH-TAD-0363:r1,正确,是时间状语,时间状语,,,
annotation:span:AUTH-TAD-0363:r2,AnnotationDecision,标注者2-AUTH-TAD-0363,,,,,,,,,,,,,,,,,,,,,,,,,,,,,,,,,,,,,,,,,,,,,,,,,,,,ANONYMIZED_RATER_2,,annotation:span:AUTH-TAD-0363:r2,正确,是时间状语,时间状语,,,
annotation:span:AUTH-TAD-0363:r3,AnnotationDecision,标注者3-AUTH-TAD-0363,,,,,,,,,,,,,,,,,,,,,,,,,,,,,,,,,,,,,,,,,,,,,,,,,,,,ANONYMIZED_RATER_3,,annotation:span:AUTH-TAD-0363:r3,正确,是时间状语,时间状语,,,
sentence:SENT-0107,Sentence,他正在邮局寄信。,,,,,,,,,,,,,,,,,,,,,,,,,,,,,,,,,SENT-0107,他正在邮局寄信。,他正在邮局寄信,国际中文教育中文水平等级标准·语法学习手册（初等）,初等,241,*他正在邮局寄着信,来源字段完整但仍需正版逐页核验,,,,,,,,,,,,,,,,,,,,
span:AUTH-TAD-0364,CandidateSpan,AUTH-TAD-0364｜正在,,,,,,,,,,,,,,,,,,,,,,,,,,,,,,,,,,正在,,,,,,,AUTH-TAD-0364,正在,1.0,3.0,located,candidate_span,,,,,,,,,,,,,,
consensus:AUTH-TAD-0364,ConsensusLabel,AUTH-TAD-0364｜时间状语,,,,,,,,,,,,,,,,,,,,,,,,,,,,,,,,,,,,,,,,,,正在,,,,,consensus:AUTH-TAD-0364,TEMPORAL_ADVERBIAL,完全一致,完全一致,完全一致,,,,,,,,,
annotation:span:AUTH-TAD-0364:r1,AnnotationDecision,标注者1-AUTH-TAD-0364,,,,,,,,,,,,,,,,,,,,,,,,,,,,,,,,,,,,,,,,,,,,,,,,,,,,ANONYMIZED_RATER_1,,annotation:span:AUTH-TAD-0364:r1,正确,是时间状语,时间状语,,,
annotation:span:AUTH-TAD-0364:r2,AnnotationDecision,标注者2-AUTH-TAD-0364,,,,,,,,,,,,,,,,,,,,,,,,,,,,,,,,,,,,,,,,,,,,,,,,,,,,ANONYMIZED_RATER_2,,annotation:span:AUTH-TAD-0364:r2,正确,是时间状语,时间状语,,,
annotation:span:AUTH-TAD-0364:r3,AnnotationDecision,标注者3-AUTH-TAD-0364,,,,,,,,,,,,,,,,,,,,,,,,,,,,,,,,,,,,,,,,,,,,,,,,,,,,ANONYMIZED_RATER_3,,annotation:span:AUTH-TAD-0364:r3,正确,是时间状语,时间状语,,,
sentence:SENT-0361,Sentence,晓雨今天没来学校，莫非出了什么事?,,,,,,,,,,,,,,,,,,,,,,,,,,,,,,,,,SENT-0361,晓雨今天没来学校，莫非出了什么事?,晓雨今天没来学校莫非出了什么事,国际中文教育中文水平等级标准·语法学习手册（高等）,高等,48,(又+)何必+呢? 事情已经解决了，这 又 何必 呢? 为这点儿小事,来源字段完整但仍需正版逐页核验,,,,,,,,,,,,,,,,,,,,
span:AUTH-TAD-0365,CandidateSpan,AUTH-TAD-0365｜今天,,,,,,,,,,,,,,,,,,,,,,,,,,,,,,,,,,今天,,,,,,,AUTH-TAD-0365,今天,2.0,4.0,located,candidate_span,,,,,,,,,,,,,,
consensus:AUTH-TAD-0365,ConsensusLabel,AUTH-TAD-0365｜时间状语,,,,,,,,,,,,,,,,,,,,,,,,,,,,,,,,,,,,,,,,,,今天,,,,,consensus:AUTH-TAD-0365,TEMPORAL_ADVERBIAL,完全一致,完全一致,完全一致,,,,,,,,,
annotation:span:AUTH-TAD-0365:r1,AnnotationDecision,标注者1-AUTH-TAD-0365,,,,,,,,,,,,,,,,,,,,,,,,,,,,,,,,,,,,,,,,,,,,,,,,,,,,ANONYMIZED_RATER_1,,annotation:span:AUTH-TAD-0365:r1,正确,是时间状语,时间状语,,,
annotation:span:AUTH-TAD-0365:r2,AnnotationDecision,标注者2-AUTH-TAD-0365,,,,,,,,,,,,,,,,,,,,,,,,,,,,,,,,,,,,,,,,,,,,,,,,,,,,ANONYMIZED_RATER_2,,annotation:span:AUTH-TAD-0365:r2,正确,是时间状语,时间状语,,,
annotation:span:AUTH-TAD-0365:r3,AnnotationDecision,标注者3-AUTH-TAD-0365,,,,,,,,,,,,,,,,,,,,,,,,,,,,,,,,,,,,,,,,,,,,,,,,,,,,ANONYMIZED_RATER_3,,annotation:span:AUTH-TAD-0365:r3,正确,是时间状语,时间状语,,,
span:AUTH-TAD-0366,CandidateSpan,AUTH-TAD-0366｜每天,,,,,,,,,,,,,,,,,,,,,,,,,,,,,,,,,,每天,,,,,,,AUTH-TAD-0366,每天,8.0,10.0,located,candidate_span,,,,,,,,,,,,,,
consensus:AUTH-TAD-0366,ConsensusLabel,AUTH-TAD-0366｜时间状语,,,,,,,,,,,,,,,,,,,,,,,,,,,,,,,,,,,,,,,,,,每天,,,,,consensus:AUTH-TAD-0366,TEMPORAL_ADVERBIAL,完全一致,完全一致,完全一致,,,,,,,,,
annotation:span:AUTH-TAD-0366:r1,AnnotationDecision,标注者1-AUTH-TAD-0366,,,,,,,,,,,,,,,,,,,,,,,,,,,,,,,,,,,,,,,,,,,,,,,,,,,,ANONYMIZED_RATER_1,,annotation:span:AUTH-TAD-0366:r1,正确,是时间状语,时间状语,,,
annotation:span:AUTH-TAD-0366:r2,AnnotationDecision,标注者2-AUTH-TAD-0366,,,,,,,,,,,,,,,,,,,,,,,,,,,,,,,,,,,,,,,,,,,,,,,,,,,,ANONYMIZED_RATER_2,,annotation:span:AUTH-TAD-0366:r2,正确,是时间状语,时间状语,,,
annotation:span:AUTH-TAD-0366:r3,AnnotationDecision,标注者3-AUTH-TAD-0366,,,,,,,,,,,,,,,,,,,,,,,,,,,,,,,,,,,,,,,,,,,,,,,,,,,,ANONYMIZED_RATER_3,,annotation:span:AUTH-TAD-0366:r3,正确,是时间状语,时间状语,,,
sentence:SENT-0027,Sentence,事情下午就弄清楚了。,,,,,,,,,,,,,,,,,,,,,,,,,,,,,,,,,SENT-0027,事情下午就弄清楚了。,事情下午就弄清楚了,国际中文教育中文水平等级标准·语法学习手册（初等）,初等,167,她刚毕业就当妈妈了,来源字段完整但仍需正版逐页核验,,,,,,,,,,,,,,,,,,,,
span:AUTH-TAD-0367,CandidateSpan,AUTH-TAD-0367｜下午,,,,,,,,,,,,,,,,,,,,,,,,,,,,,,,,,,下午,,,,,,,AUTH-TAD-0367,下午,2.0,4.0,located,candidate_span,,,,,,,,,,,,,,
consensus:AUTH-TAD-0367,ConsensusLabel,AUTH-TAD-0367｜时间状语,,,,,,,,,,,,,,,,,,,,,,,,,,,,,,,,,,,,,,,,,,下午,,,,,consensus:AUTH-TAD-0367,TEMPORAL_ADVERBIAL,完全一致,完全一致,完全一致,,,,,,,,,
annotation:span:AUTH-TAD-0367:r1,AnnotationDecision,标注者1-AUTH-TAD-0367,,,,,,,,,,,,,,,,,,,,,,,,,,,,,,,,,,,,,,,,,,,,,,,,,,,,ANONYMIZED_RATER_1,,annotation:span:AUTH-TAD-0367:r1,正确,是时间状语,时间状语,,,
annotation:span:AUTH-TAD-0367:r2,AnnotationDecision,标注者2-AUTH-TAD-0367,,,,,,,,,,,,,,,,,,,,,,,,,,,,,,,,,,,,,,,,,,,,,,,,,,,,ANONYMIZED_RATER_2,,annotation:span:AUTH-TAD-0367:r2,正确,是时间状语,时间状语,,,
annotation:span:AUTH-TAD-0367:r3,AnnotationDecision,标注者3-AUTH-TAD-0367,,,,,,,,,,,,,,,,,,,,,,,,,,,,,,,,,,,,,,,,,,,,,,,,,,,,ANONYMIZED_RATER_3,,annotation:span:AUTH-TAD-0367:r3,正确,是时间状语,时间状语,,,
span:AUTH-TAD-0368,CandidateSpan,AUTH-TAD-0368｜今年,,,,,,,,,,,,,,,,,,,,,,,,,,,,,,,,,,今年,,,,,,,AUTH-TAD-0368,今年,0.0,2.0,located,candidate_span,,,,,,,,,,,,,,
consensus:AUTH-TAD-0368,ConsensusLabel,AUTH-TAD-0368｜时间状语,,,,,,,,,,,,,,,,,,,,,,,,,,,,,,,,,,,,,,,,,,今年,,,,,consensus:AUTH-TAD-0368,TEMPORAL_ADVERBIAL,完全一致,完全一致,完全一致,,,,,,,,,
annotation:span:AUTH-TAD-0368:r1,AnnotationDecision,标注者1-AUTH-TAD-0368,,,,,,,,,,,,,,,,,,,,,,,,,,,,,,,,,,,,,,,,,,,,,,,,,,,,ANONYMIZED_RATER_1,,annotation:span:AUTH-TAD-0368:r1,正确,是时间状语,时间状语,,,
annotation:span:AUTH-TAD-0368:r2,AnnotationDecision,标注者2-AUTH-TAD-0368,,,,,,,,,,,,,,,,,,,,,,,,,,,,,,,,,,,,,,,,,,,,,,,,,,,,ANONYMIZED_RATER_2,,annotation:span:AUTH-TAD-0368:r2,正确,是时间状语,时间状语,,,
annotation:span:AUTH-TAD-0368:r3,AnnotationDecision,标注者3-AUTH-TAD-0368,,,,,,,,,,,,,,,,,,,,,,,,,,,,,,,,,,,,,,,,,,,,,,,,,,,,ANONYMIZED_RATER_3,,annotation:span:AUTH-TAD-0368:r3,正确,是时间状语,时间状语,,,
span:AUTH-TAD-0369,CandidateSpan,AUTH-TAD-0369｜今天,,,,,,,,,,,,,,,,,,,,,,,,,,,,,,,,,,今天,,,,,,,AUTH-TAD-0369,今天,8.0,10.0,located,candidate_span,,,,,,,,,,,,,,
consensus:AUTH-TAD-0369,ConsensusLabel,AUTH-TAD-0369｜时间状语,,,,,,,,,,,,,,,,,,,,,,,,,,,,,,,,,,,,,,,,,,今天,,,,,consensus:AUTH-TAD-0369,TEMPORAL_ADVERBIAL,完全一致,完全一致,完全一致,,,,,,,,,
annotation:span:AUTH-TAD-0369:r1,AnnotationDecision,标注者1-AUTH-TAD-0369,,,,,,,,,,,,,,,,,,,,,,,,,,,,,,,,,,,,,,,,,,,,,,,,,,,,ANONYMIZED_RATER_1,,annotation:span:AUTH-TAD-0369:r1,正确,是时间状语,时间状语,,,
annotation:span:AUTH-TAD-0369:r2,AnnotationDecision,标注者2-AUTH-TAD-0369,,,,,,,,,,,,,,,,,,,,,,,,,,,,,,,,,,,,,,,,,,,,,,,,,,,,ANONYMIZED_RATER_2,,annotation:span:AUTH-TAD-0369:r2,正确,是时间状语,时间状语,,,
annotation:span:AUTH-TAD-0369:r3,AnnotationDecision,标注者3-AUTH-TAD-0369,,,,,,,,,,,,,,,,,,,,,,,,,,,,,,,,,,,,,,,,,,,,,,,,,,,,ANONYMIZED_RATER_3,,annotation:span:AUTH-TAD-0369:r3,正确,是时间状语,时间状语,,,
sentence:SENT-0440,Sentence,这个话题常常被提到。,,,,,,,,,,,,,,,,,,,,,,,,,,,,,,,,,SENT-0440,这个话题常常被提到。,这个话题常常被提到,国际中文教育中文水平等级标准·语法学习手册（中等）,中等,83,这个话题常常被提到,来源字段完整但仍需正版逐页核验,,,,,,,,,,,,,,,,,,,,
span:AUTH-TAD-0370,CandidateSpan,AUTH-TAD-0370｜常常,,,,,,,,,,,,,,,,,,,,,,,,,,,,,,,,,,常常,,,,,,,AUTH-TAD-0370,常常,4.0,6.0,located,candidate_span,,,,,,,,,,,,,,
consensus:AUTH-TAD-0370,ConsensusLabel,AUTH-TAD-0370｜时间状语,,,,,,,,,,,,,,,,,,,,,,,,,,,,,,,,,,,,,,,,,,常常,,,,,consensus:AUTH-TAD-0370,TEMPORAL_ADVERBIAL,完全一致,完全一致,完全一致,,,,,,,,,
annotation:span:AUTH-TAD-0370:r1,AnnotationDecision,标注者1-AUTH-TAD-0370,,,,,,,,,,,,,,,,,,,,,,,,,,,,,,,,,,,,,,,,,,,,,,,,,,,,ANONYMIZED_RATER_1,,annotation:span:AUTH-TAD-0370:r1,正确,是时间状语,时间状语,,,
annotation:span:AUTH-TAD-0370:r2,AnnotationDecision,标注者2-AUTH-TAD-0370,,,,,,,,,,,,,,,,,,,,,,,,,,,,,,,,,,,,,,,,,,,,,,,,,,,,ANONYMIZED_RATER_2,,annotation:span:AUTH-TAD-0370:r2,正确,是时间状语,时间状语,,,
annotation:span:AUTH-TAD-0370:r3,AnnotationDecision,标注者3-AUTH-TAD-0370,,,,,,,,,,,,,,,,,,,,,,,,,,,,,,,,,,,,,,,,,,,,,,,,,,,,ANONYMIZED_RATER_3,,annotation:span:AUTH-TAD-0370:r3,正确,是时间状语,时间状语,,,
sentence:SENT-0024,Sentence,为了保持健康，他每天坚持运动。,,,,,,,,,,,,,,,,,,,,,,,,,,,,,,,,,SENT-0024,为了保持健康，他每天坚持运动。,为了保持健康他每天坚持运动,国际中文教育中文水平等级标准·语法学习手册（初等）,初等,384,例如： *他每天坚持运动，为了保持健康,来源字段完整但仍需正版逐页核验,,,,,,,,,,,,,,,,,,,,
span:AUTH-TAD-0371,CandidateSpan,AUTH-TAD-0371｜每天,,,,,,,,,,,,,,,,,,,,,,,,,,,,,,,,,,每天,,,,,,,AUTH-TAD-0371,每天,8.0,10.0,located,candidate_span,,,,,,,,,,,,,,
consensus:AUTH-TAD-0371,ConsensusLabel,AUTH-TAD-0371｜时间状语,,,,,,,,,,,,,,,,,,,,,,,,,,,,,,,,,,,,,,,,,,每天,,,,,consensus:AUTH-TAD-0371,TEMPORAL_ADVERBIAL,完全一致,完全一致,完全一致,,,,,,,,,
annotation:span:AUTH-TAD-0371:r1,AnnotationDecision,标注者1-AUTH-TAD-0371,,,,,,,,,,,,,,,,,,,,,,,,,,,,,,,,,,,,,,,,,,,,,,,,,,,,ANONYMIZED_RATER_1,,annotation:span:AUTH-TAD-0371:r1,正确,是时间状语,时间状语,,,
annotation:span:AUTH-TAD-0371:r2,AnnotationDecision,标注者2-AUTH-TAD-0371,,,,,,,,,,,,,,,,,,,,,,,,,,,,,,,,,,,,,,,,,,,,,,,,,,,,ANONYMIZED_RATER_2,,annotation:span:AUTH-TAD-0371:r2,正确,是时间状语,时间状语,,,
annotation:span:AUTH-TAD-0371:r3,AnnotationDecision,标注者3-AUTH-TAD-0371,,,,,,,,,,,,,,,,,,,,,,,,,,,,,,,,,,,,,,,,,,,,,,,,,,,,ANONYMIZED_RATER_3,,annotation:span:AUTH-TAD-0371:r3,正确,是时间状语,时间状语,,,
sentence:SENT-0313,Sentence,我要马上离开这儿，一天都不想留了。,,,,,,,,,,,,,,,,,,,,,,,,,,,,,,,,,SENT-0313,我要马上离开这儿，一天都不想留了。,我要马上离开这儿一天都不想留了,国际中文教育中文水平等级标准·语法学习手册（中等）,中等,123,我要马上离开这儿，一天都不想留了,来源字段完整但仍需正版逐页核验,,,,,,,,,,,,,,,,,,,,
span:AUTH-TAD-0372,CandidateSpan,AUTH-TAD-0372｜马上,,,,,,,,,,,,,,,,,,,,,,,,,,,,,,,,,,马上,,,,,,,AUTH-TAD-0372,马上,2.0,4.0,located,candidate_span,,,,,,,,,,,,,,
consensus:AUTH-TAD-0372,ConsensusLabel,AUTH-TAD-0372｜时间状语,,,,,,,,,,,,,,,,,,,,,,,,,,,,,,,,,,,,,,,,,,马上,,,,,consensus:AUTH-TAD-0372,TEMPORAL_ADVERBIAL,完全一致,完全一致,完全一致,,,,,,,,,
annotation:span:AUTH-TAD-0372:r1,AnnotationDecision,标注者1-AUTH-TAD-0372,,,,,,,,,,,,,,,,,,,,,,,,,,,,,,,,,,,,,,,,,,,,,,,,,,,,ANONYMIZED_RATER_1,,annotation:span:AUTH-TAD-0372:r1,正确,是时间状语,时间状语,,,
annotation:span:AUTH-TAD-0372:r2,AnnotationDecision,标注者2-AUTH-TAD-0372,,,,,,,,,,,,,,,,,,,,,,,,,,,,,,,,,,,,,,,,,,,,,,,,,,,,ANONYMIZED_RATER_2,,annotation:span:AUTH-TAD-0372:r2,正确,是时间状语,时间状语,,,
annotation:span:AUTH-TAD-0372:r3,AnnotationDecision,标注者3-AUTH-TAD-0372,,,,,,,,,,,,,,,,,,,,,,,,,,,,,,,,,,,,,,,,,,,,,,,,,,,,ANONYMIZED_RATER_3,,annotation:span:AUTH-TAD-0372:r3,正确,是时间状语,时间状语,,,
sentence:SENT-0252,Sentence,张华现在说的话我都不知该不该信了。,,,,,,,,,,,,,,,,,,,,,,,,,,,,,,,,,SENT-0252,张华现在说的话我都不知该不该信了。,张华现在说的话我都不知该不该信了,国际中文教育中文水平等级标准·语法学习手册（高等）,高等,90,等市场快关门的时候，蔬菜都是半卖半送了,来源字段完整但仍需正版逐页核验,,,,,,,,,,,,,,,,,,,,
span:AUTH-TAD-0373,CandidateSpan,AUTH-TAD-0373｜现在,,,,,,,,,,,,,,,,,,,,,,,,,,,,,,,,,,现在,,,,,,,AUTH-TAD-0373,现在,2.0,4.0,located,candidate_span,,,,,,,,,,,,,,
consensus:AUTH-TAD-0373,ConsensusLabel,AUTH-TAD-0373｜时间状语,,,,,,,,,,,,,,,,,,,,,,,,,,,,,,,,,,,,,,,,,,现在,,,,,consensus:AUTH-TAD-0373,TEMPORAL_ADVERBIAL,完全一致,多数一致,多数一致,,,,,,,,,
annotation:span:AUTH-TAD-0373:r1,AnnotationDecision,标注者1-AUTH-TAD-0373,,,,,,,,,,,,,,,,,,,,,,,,,,,,,,,,,,,,,,,,,,,,,,,,,,,,ANONYMIZED_RATER_1,,annotation:span:AUTH-TAD-0373:r1,正确,不是时间状语,时间定语,,,
annotation:span:AUTH-TAD-0373:r2,AnnotationDecision,标注者2-AUTH-TAD-0373,,,,,,,,,,,,,,,,,,,,,,,,,,,,,,,,,,,,,,,,,,,,,,,,,,,,ANONYMIZED_RATER_2,,annotation:span:AUTH-TAD-0373:r2,正确,是时间状语,时间状语,,,
annotation:span:AUTH-TAD-0373:r3,AnnotationDecision,标注者3-AUTH-TAD-0373,,,,,,,,,,,,,,,,,,,,,,,,,,,,,,,,,,,,,,,,,,,,,,,,,,,,ANONYMIZED_RATER_3,,annotation:span:AUTH-TAD-0373:r3,正确,是时间状语,时间状语,,,
sentence:SENT-0430,Sentence,车来了，我马上下去。,,,,,,,,,,,,,,,,,,,,,,,,,,,,,,,,,SENT-0430,车来了，我马上下去。,车来了我马上下去,国际中文教育中文水平等级标准·语法学习手册（初等）,初等,54,30 时间副词(1):马上 【一11】 ◎基本语义及用法 表示动作,来源字段完整但仍需正版逐页核验,,,,,,,,,,,,,,,,,,,,
span:AUTH-TAD-0374,CandidateSpan,AUTH-TAD-0374｜马上,,,,,,,,,,,,,,,,,,,,,,,,,,,,,,,,,,马上,,,,,,,AUTH-TAD-0374,马上,5.0,7.0,located,candidate_span,,,,,,,,,,,,,,
consensus:AUTH-TAD-0374,ConsensusLabel,AUTH-TAD-0374｜时间状语,,,,,,,,,,,,,,,,,,,,,,,,,,,,,,,,,,,,,,,,,,马上,,,,,consensus:AUTH-TAD-0374,TEMPORAL_ADVERBIAL,完全一致,完全一致,完全一致,,,,,,,,,
annotation:span:AUTH-TAD-0374:r1,AnnotationDecision,标注者1-AUTH-TAD-0374,,,,,,,,,,,,,,,,,,,,,,,,,,,,,,,,,,,,,,,,,,,,,,,,,,,,ANONYMIZED_RATER_1,,annotation:span:AUTH-TAD-0374:r1,正确,是时间状语,时间状语,,,
annotation:span:AUTH-TAD-0374:r2,AnnotationDecision,标注者2-AUTH-TAD-0374,,,,,,,,,,,,,,,,,,,,,,,,,,,,,,,,,,,,,,,,,,,,,,,,,,,,ANONYMIZED_RATER_2,,annotation:span:AUTH-TAD-0374:r2,正确,是时间状语,时间状语,,,
annotation:span:AUTH-TAD-0374:r3,AnnotationDecision,标注者3-AUTH-TAD-0374,,,,,,,,,,,,,,,,,,,,,,,,,,,,,,,,,,,,,,,,,,,,,,,,,,,,ANONYMIZED_RATER_3,,annotation:span:AUTH-TAD-0374:r3,正确,是时间状语,时间状语,,,
sentence:SENT-0402,Sentence,病人正在休息，你不能进去。,,,,,,,,,,,,,,,,,,,,,,,,,,,,,,,,,SENT-0402,病人正在休息，你不能进去。,病人正在休息你不能进去,国际中文教育中文水平等级标准·语法学习手册（初等）,初等,57,级语法点 33时间副词(4):在、正、正在 【一11】 ◎基本语义及用法 表示某个,来源字段完整但仍需正版逐页核验,,,,,,,,,,,,,,,,,,,,
span:AUTH-TAD-0375,CandidateSpan,AUTH-TAD-0375｜正在,,,,,,,,,,,,,,,,,,,,,,,,,,,,,,,,,,正在,,,,,,,AUTH-TAD-0375,正在,2.0,4.0,located,candidate_span,,,,,,,,,,,,,,
consensus:AUTH-TAD-0375,ConsensusLabel,AUTH-TAD-0375｜时间状语,,,,,,,,,,,,,,,,,,,,,,,,,,,,,,,,,,,,,,,,,,正在,,,,,consensus:AUTH-TAD-0375,TEMPORAL_ADVERBIAL,完全一致,完全一致,完全一致,,,,,,,,,
annotation:span:AUTH-TAD-0375:r1,AnnotationDecision,标注者1-AUTH-TAD-0375,,,,,,,,,,,,,,,,,,,,,,,,,,,,,,,,,,,,,,,,,,,,,,,,,,,,ANONYMIZED_RATER_1,,annotation:span:AUTH-TAD-0375:r1,正确,是时间状语,时间状语,,,
annotation:span:AUTH-TAD-0375:r2,AnnotationDecision,标注者2-AUTH-TAD-0375,,,,,,,,,,,,,,,,,,,,,,,,,,,,,,,,,,,,,,,,,,,,,,,,,,,,ANONYMIZED_RATER_2,,annotation:span:AUTH-TAD-0375:r2,正确,是时间状语,时间状语,,,
annotation:span:AUTH-TAD-0375:r3,AnnotationDecision,标注者3-AUTH-TAD-0375,,,,,,,,,,,,,,,,,,,,,,,,,,,,,,,,,,,,,,,,,,,,,,,,,,,,ANONYMIZED_RATER_3,,annotation:span:AUTH-TAD-0375:r3,正确,是时间状语,时间状语,,,
sentence:SENT-0426,Sentence,让我三天就完成，你分明是在为难我。,,,,,,,,,,,,,,,,,,,,,,,,,,,,,,,,,SENT-0426,让我三天就完成，你分明是在为难我。,让我三天就完成你分明是在为难我,国际中文教育中文水平等级标准·语法学习手册（高等）,高等,53,让我三天就完成， (在公司，说明任务时间短) 你分明是在为难我,来源字段完整但仍需正版逐页核验,,,,,,,,,,,,,,,,,,,,
span:AUTH-TAD-0376,CandidateSpan,AUTH-TAD-0376｜三天,,,,,,,,,,,,,,,,,,,,,,,,,,,,,,,,,,三天,,,,,,,AUTH-TAD-0376,三天,2.0,4.0,located,candidate_span,,,,,,,,,,,,,,
consensus:AUTH-TAD-0376,ConsensusLabel,AUTH-TAD-0376｜时间状语,,,,,,,,,,,,,,,,,,,,,,,,,,,,,,,,,,,,,,,,,,三天,,,,,consensus:AUTH-TAD-0376,TEMPORAL_ADVERBIAL,完全一致,多数一致,多数一致,,,,,,,,,
annotation:span:AUTH-TAD-0376:r1,AnnotationDecision,标注者1-AUTH-TAD-0376,,,,,,,,,,,,,,,,,,,,,,,,,,,,,,,,,,,,,,,,,,,,,,,,,,,,ANONYMIZED_RATER_1,,annotation:span:AUTH-TAD-0376:r1,正确,是时间状语,时间状语,,,
annotation:span:AUTH-TAD-0376:r2,AnnotationDecision,标注者2-AUTH-TAD-0376,,,,,,,,,,,,,,,,,,,,,,,,,,,,,,,,,,,,,,,,,,,,,,,,,,,,ANONYMIZED_RATER_2,,annotation:span:AUTH-TAD-0376:r2,正确,不是时间状语,时长补语,,,
annotation:span:AUTH-TAD-0376:r3,AnnotationDecision,标注者3-AUTH-TAD-0376,,,,,,,,,,,,,,,,,,,,,,,,,,,,,,,,,,,,,,,,,,,,,,,,,,,,ANONYMIZED_RATER_3,,annotation:span:AUTH-TAD-0376:r3,正确,是时间状语,时间状语,,,
sentence:SENT-0030,Sentence,什么爱情不爱情的，你现在什么都不懂。,,,,,,,,,,,,,,,,,,,,,,,,,,,,,,,,,SENT-0030,什么爱情不爱情的，你现在什么都不懂。,什么爱情不爱情的你现在什么都不懂,国际中文教育中文水平等级标准·语法学习手册（中等）,中等,263,,页面线索缺失,,,,,,,,,,,,,,,,,,,,
span:AUTH-TAD-0377,CandidateSpan,AUTH-TAD-0377｜现在,,,,,,,,,,,,,,,,,,,,,,,,,,,,,,,,,,现在,,,,,,,AUTH-TAD-0377,现在,10.0,12.0,located,candidate_span,,,,,,,,,,,,,,
consensus:AUTH-TAD-0377,ConsensusLabel,AUTH-TAD-0377｜时间状语,,,,,,,,,,,,,,,,,,,,,,,,,,,,,,,,,,,,,,,,,,现在,,,,,consensus:AUTH-TAD-0377,TEMPORAL_ADVERBIAL,完全一致,完全一致,完全一致,,,,,,,,,
annotation:span:AUTH-TAD-0377:r1,AnnotationDecision,标注者1-AUTH-TAD-0377,,,,,,,,,,,,,,,,,,,,,,,,,,,,,,,,,,,,,,,,,,,,,,,,,,,,ANONYMIZED_RATER_1,,annotation:span:AUTH-TAD-0377:r1,正确,是时间状语,时间状语,,,
annotation:span:AUTH-TAD-0377:r2,AnnotationDecision,标注者2-AUTH-TAD-0377,,,,,,,,,,,,,,,,,,,,,,,,,,,,,,,,,,,,,,,,,,,,,,,,,,,,ANONYMIZED_RATER_2,,annotation:span:AUTH-TAD-0377:r2,正确,是时间状语,时间状语,,,
annotation:span:AUTH-TAD-0377:r3,AnnotationDecision,标注者3-AUTH-TAD-0377,,,,,,,,,,,,,,,,,,,,,,,,,,,,,,,,,,,,,,,,,,,,,,,,,,,,ANONYMIZED_RATER_3,,annotation:span:AUTH-TAD-0377:r3,正确,是时间状语,时间状语,,,
sentence:SENT-0103,Sentence,他更喜欢早上洗澡。,,,,,,,,,,,,,,,,,,,,,,,,,,,,,,,,,SENT-0103,他更喜欢早上洗澡。,他更喜欢早上洗澡,国际中文教育中文水平等级标准·语法学习手册（初等）,初等,138,,页面线索缺失,,,,,,,,,,,,,,,,,,,,
span:AUTH-TAD-0378,CandidateSpan,AUTH-TAD-0378｜早上,,,,,,,,,,,,,,,,,,,,,,,,,,,,,,,,,,早上,,,,,,,AUTH-TAD-0378,早上,4.0,6.0,located,candidate_span,,,,,,,,,,,,,,
consensus:AUTH-TAD-0378,ConsensusLabel,AUTH-TAD-0378｜时间状语,,,,,,,,,,,,,,,,,,,,,,,,,,,,,,,,,,,,,,,,,,早上,,,,,consensus:AUTH-TAD-0378,TEMPORAL_ADVERBIAL,完全一致,完全一致,完全一致,,,,,,,,,
annotation:span:AUTH-TAD-0378:r1,AnnotationDecision,标注者1-AUTH-TAD-0378,,,,,,,,,,,,,,,,,,,,,,,,,,,,,,,,,,,,,,,,,,,,,,,,,,,,ANONYMIZED_RATER_1,,annotation:span:AUTH-TAD-0378:r1,正确,是时间状语,时间状语,,,
annotation:span:AUTH-TAD-0378:r2,AnnotationDecision,标注者2-AUTH-TAD-0378,,,,,,,,,,,,,,,,,,,,,,,,,,,,,,,,,,,,,,,,,,,,,,,,,,,,ANONYMIZED_RATER_2,,annotation:span:AUTH-TAD-0378:r2,正确,是时间状语,时间状语,,,
annotation:span:AUTH-TAD-0378:r3,AnnotationDecision,标注者3-AUTH-TAD-0378,,,,,,,,,,,,,,,,,,,,,,,,,,,,,,,,,,,,,,,,,,,,,,,,,,,,ANONYMIZED_RATER_3,,annotation:span:AUTH-TAD-0378:r3,正确,是时间状语,时间状语,,,
sentence:SENT-0080,Sentence,他们队去年连前八名都没有进入，不料今年竟夺得了冠军。,,,,,,,,,,,,,,,,,,,,,,,,,,,,,,,,,SENT-0080,他们队去年连前八名都没有进入，不料今年竟夺得了冠军。,他们队去年连前八名都没有进入不料今年竟夺得了冠军,国际中文教育中文水平等级标准·语法学习手册（中等）,中等,306,,页面线索缺失,,,,,,,,,,,,,,,,,,,,
span:AUTH-TAD-0379,CandidateSpan,AUTH-TAD-0379｜今年,,,,,,,,,,,,,,,,,,,,,,,,,,,,,,,,,,今年,,,,,,,AUTH-TAD-0379,今年,17.0,19.0,located,candidate_span,,,,,,,,,,,,,,
consensus:AUTH-TAD-0379,ConsensusLabel,AUTH-TAD-0379｜时间状语,,,,,,,,,,,,,,,,,,,,,,,,,,,,,,,,,,,,,,,,,,今年,,,,,consensus:AUTH-TAD-0379,TEMPORAL_ADVERBIAL,完全一致,完全一致,完全一致,,,,,,,,,
annotation:span:AUTH-TAD-0379:r1,AnnotationDecision,标注者1-AUTH-TAD-0379,,,,,,,,,,,,,,,,,,,,,,,,,,,,,,,,,,,,,,,,,,,,,,,,,,,,ANONYMIZED_RATER_1,,annotation:span:AUTH-TAD-0379:r1,正确,是时间状语,时间状语,,,
annotation:span:AUTH-TAD-0379:r2,AnnotationDecision,标注者2-AUTH-TAD-0379,,,,,,,,,,,,,,,,,,,,,,,,,,,,,,,,,,,,,,,,,,,,,,,,,,,,ANONYMIZED_RATER_2,,annotation:span:AUTH-TAD-0379:r2,正确,是时间状语,时间状语,,,
annotation:span:AUTH-TAD-0379:r3,AnnotationDecision,标注者3-AUTH-TAD-0379,,,,,,,,,,,,,,,,,,,,,,,,,,,,,,,,,,,,,,,,,,,,,,,,,,,,ANONYMIZED_RATER_3,,annotation:span:AUTH-TAD-0379:r3,正确,是时间状语,时间状语,,,
sentence:SENT-0459,Sentence,采访中，这位明星提到了小时候的经历。,,,,,,,,,,,,,,,,,,,,,,,,,,,,,,,,,SENT-0459,采访中，这位明星提到了小时候的经历。,采访中这位明星提到了小时候的经历,国际中文教育中文水平等级标准·语法学习手册（中等）,中等,73,习手册(中等) 小提示 “在……中”用在主语前边作状语时，“在”可以省略,来源字段完整但仍需正版逐页核验,,,,,,,,,,,,,,,,,,,,
span:AUTH-TAD-0380,CandidateSpan,AUTH-TAD-0380｜小时候,,,,,,,,,,,,,,,,,,,,,,,,,,,,,,,,,,小时候,,,,,,,AUTH-TAD-0380,小时候,11.0,14.0,located,candidate_span,,,,,,,,,,,,,,
consensus:AUTH-TAD-0380,ConsensusLabel,AUTH-TAD-0380｜时间定语,,,,,,,,,,,,,,,,,,,,,,,,,,,,,,,,,,,,,,,,,,小时候,,,,,consensus:AUTH-TAD-0380,ATTRIBUTE,完全一致,完全一致,完全一致,,,,,,,,,
annotation:span:AUTH-TAD-0380:r1,AnnotationDecision,标注者1-AUTH-TAD-0380,,,,,,,,,,,,,,,,,,,,,,,,,,,,,,,,,,,,,,,,,,,,,,,,,,,,ANONYMIZED_RATER_1,,annotation:span:AUTH-TAD-0380:r1,正确,不是时间状语,时间定语,,,
annotation:span:AUTH-TAD-0380:r2,AnnotationDecision,标注者2-AUTH-TAD-0380,,,,,,,,,,,,,,,,,,,,,,,,,,,,,,,,,,,,,,,,,,,,,,,,,,,,ANONYMIZED_RATER_2,,annotation:span:AUTH-TAD-0380:r2,正确,不是时间状语,时间定语,,,
annotation:span:AUTH-TAD-0380:r3,AnnotationDecision,标注者3-AUTH-TAD-0380,,,,,,,,,,,,,,,,,,,,,,,,,,,,,,,,,,,,,,,,,,,,,,,,,,,,ANONYMIZED_RATER_3,,annotation:span:AUTH-TAD-0380:r3,正确,不是时间状语,时间定语,,,
sentence:SENT-0253,Sentence,张老师对学生可有耐心了，不但如此，还经常鼓励他们。,,,,,,,,,,,,,,,,,,,,,,,,,,,,,,,,,SENT-0253,张老师对学生可有耐心了，不但如此，还经常鼓励他们。,张老师对学生可有耐心了不但如此还经常鼓励他们,国际中文教育中文水平等级标准·语法学习手册（中等）,中等,139,我每天 觉怎么样? 啊! 都要喝咖啡，天天 B,来源字段完整但仍需正版逐页核验,,,,,,,,,,,,,,,,,,,,
span:AUTH-TAD-0381,CandidateSpan,AUTH-TAD-0381｜经常,,,,,,,,,,,,,,,,,,,,,,,,,,,,,,,,,,经常,,,,,,,AUTH-TAD-0381,经常,18.0,20.0,located,candidate_span,,,,,,,,,,,,,,
consensus:AUTH-TAD-0381,ConsensusLabel,AUTH-TAD-0381｜时间状语,,,,,,,,,,,,,,,,,,,,,,,,,,,,,,,,,,,,,,,,,,经常,,,,,consensus:AUTH-TAD-0381,TEMPORAL_ADVERBIAL,完全一致,完全一致,完全一致,,,,,,,,,
annotation:span:AUTH-TAD-0381:r1,AnnotationDecision,标注者1-AUTH-TAD-0381,,,,,,,,,,,,,,,,,,,,,,,,,,,,,,,,,,,,,,,,,,,,,,,,,,,,ANONYMIZED_RATER_1,,annotation:span:AUTH-TAD-0381:r1,正确,是时间状语,时间状语,,,
annotation:span:AUTH-TAD-0381:r2,AnnotationDecision,标注者2-AUTH-TAD-0381,,,,,,,,,,,,,,,,,,,,,,,,,,,,,,,,,,,,,,,,,,,,,,,,,,,,ANONYMIZED_RATER_2,,annotation:span:AUTH-TAD-0381:r2,正确,是时间状语,时间状语,,,
annotation:span:AUTH-TAD-0381:r3,AnnotationDecision,标注者3-AUTH-TAD-0381,,,,,,,,,,,,,,,,,,,,,,,,,,,,,,,,,,,,,,,,,,,,,,,,,,,,ANONYMIZED_RATER_3,,annotation:span:AUTH-TAD-0381:r3,正确,是时间状语,时间状语,,,
sentence:SENT-0467,Sentence,马上去还来得及。,,,,,,,,,,,,,,,,,,,,,,,,,,,,,,,,,SENT-0467,马上去还来得及。,马上去还来得及,国际中文教育中文水平等级标准·语法学习手册（中等）,中等,59,"(中等) 看来(+S)+P?,S+P? 看来 还有时间，我们 不用着急，可以慢慢吃",来源字段完整但仍需正版逐页核验,,,,,,,,,,,,,,,,,,,,
span:AUTH-TAD-0382,CandidateSpan,AUTH-TAD-0382｜马上,,,,,,,,,,,,,,,,,,,,,,,,,,,,,,,,,,马上,,,,,,,AUTH-TAD-0382,马上,0.0,2.0,located,candidate_span,,,,,,,,,,,,,,
consensus:AUTH-TAD-0382,ConsensusLabel,AUTH-TAD-0382｜时间状语,,,,,,,,,,,,,,,,,,,,,,,,,,,,,,,,,,,,,,,,,,马上,,,,,consensus:AUTH-TAD-0382,TEMPORAL_ADVERBIAL,完全一致,完全一致,完全一致,,,,,,,,,
annotation:span:AUTH-TAD-0382:r1,AnnotationDecision,标注者1-AUTH-TAD-0382,,,,,,,,,,,,,,,,,,,,,,,,,,,,,,,,,,,,,,,,,,,,,,,,,,,,ANONYMIZED_RATER_1,,annotation:span:AUTH-TAD-0382:r1,正确,是时间状语,时间状语,,,
annotation:span:AUTH-TAD-0382:r2,AnnotationDecision,标注者2-AUTH-TAD-0382,,,,,,,,,,,,,,,,,,,,,,,,,,,,,,,,,,,,,,,,,,,,,,,,,,,,ANONYMIZED_RATER_2,,annotation:span:AUTH-TAD-0382:r2,正确,是时间状语,时间状语,,,
annotation:span:AUTH-TAD-0382:r3,AnnotationDecision,标注者3-AUTH-TAD-0382,,,,,,,,,,,,,,,,,,,,,,,,,,,,,,,,,,,,,,,,,,,,,,,,,,,,ANONYMIZED_RATER_3,,annotation:span:AUTH-TAD-0382:r3,正确,是时间状语,时间状语,,,
sentence:SENT-0373,Sentence,根据他平时的表现，这次比赛应该能获奖。,,,,,,,,,,,,,,,,,,,,,,,,,,,,,,,,,SENT-0373,根据他平时的表现，这次比赛应该能获奖。,根据他平时的表现这次比赛应该能获奖,国际中文教育中文水平等级标准·语法学习手册（中等）,中等,44,法点 ◎结构特点 “替”跟名词或代词组合，在句中作状语,来源字段完整但仍需正版逐页核验,,,,,,,,,,,,,,,,,,,,
span:AUTH-TAD-0383,CandidateSpan,AUTH-TAD-0383｜平时,,,,,,,,,,,,,,,,,,,,,,,,,,,,,,,,,,平时,,,,,,,AUTH-TAD-0383,平时,3.0,5.0,located,candidate_span,,,,,,,,,,,,,,
consensus:AUTH-TAD-0383,ConsensusLabel,AUTH-TAD-0383｜时间定语,,,,,,,,,,,,,,,,,,,,,,,,,,,,,,,,,,,,,,,,,,平时,,,,,consensus:AUTH-TAD-0383,ATTRIBUTE,多数一致,多数一致,多数一致,,,,,,,,,
annotation:span:AUTH-TAD-0383:r1,AnnotationDecision,标注者1-AUTH-TAD-0383,,,,,,,,,,,,,,,,,,,,,,,,,,,,,,,,,,,,,,,,,,,,,,,,,,,,ANONYMIZED_RATER_1,,annotation:span:AUTH-TAD-0383:r1,正确,不是时间状语,时间定语,,,
annotation:span:AUTH-TAD-0383:r2,AnnotationDecision,标注者2-AUTH-TAD-0383,,,,,,,,,,,,,,,,,,,,,,,,,,,,,,,,,,,,,,,,,,,,,,,,,,,,ANONYMIZED_RATER_2,,annotation:span:AUTH-TAD-0383:r2,正确,不是时间状语,时间定语,,,
annotation:span:AUTH-TAD-0383:r3,AnnotationDecision,标注者3-AUTH-TAD-0383,,,,,,,,,,,,,,,,,,,,,,,,,,,,,,,,,,,,,,,,,,,,,,,,,,,,ANONYMIZED_RATER_3,,annotation:span:AUTH-TAD-0383:r3,漏检：有目标时间状语,是时间状语,漏检,这次比赛,,
sentence:SENT-0299,Sentence,我打算今天下课后先运动，完了回教室写作业。,,,,,,,,,,,,,,,,,,,,,,,,,,,,,,,,,SENT-0299,我打算今天下课后先运动，完了回教室写作业。,我打算今天下课后先运动完了回教室写作业,国际中文教育中文水平等级标准·语法学习手册（中等）,中等,186,旦 【五15】 ◎基本语义及用法 表示不确定的某一时间或某一天,来源字段完整但仍需正版逐页核验,,,,,,,,,,,,,,,,,,,,
span:AUTH-TAD-0384,CandidateSpan,AUTH-TAD-0384｜今天,,,,,,,,,,,,,,,,,,,,,,,,,,,,,,,,,,今天,,,,,,,AUTH-TAD-0384,今天,3.0,5.0,located,candidate_span,,,,,,,,,,,,,,
consensus:AUTH-TAD-0384,ConsensusLabel,AUTH-TAD-0384｜时间状语,,,,,,,,,,,,,,,,,,,,,,,,,,,,,,,,,,,,,,,,,,今天,,,,,consensus:AUTH-TAD-0384,TEMPORAL_ADVERBIAL,完全一致,完全一致,完全一致,,,,,,,,,
annotation:span:AUTH-TAD-0384:r1,AnnotationDecision,标注者1-AUTH-TAD-0384,,,,,,,,,,,,,,,,,,,,,,,,,,,,,,,,,,,,,,,,,,,,,,,,,,,,ANONYMIZED_RATER_1,,annotation:span:AUTH-TAD-0384:r1,正确,是时间状语,时间状语,,,
annotation:span:AUTH-TAD-0384:r2,AnnotationDecision,标注者2-AUTH-TAD-0384,,,,,,,,,,,,,,,,,,,,,,,,,,,,,,,,,,,,,,,,,,,,,,,,,,,,ANONYMIZED_RATER_2,,annotation:span:AUTH-TAD-0384:r2,正确,是时间状语,时间状语,,,
annotation:span:AUTH-TAD-0384:r3,AnnotationDecision,标注者3-AUTH-TAD-0384,,,,,,,,,,,,,,,,,,,,,,,,,,,,,,,,,,,,,,,,,,,,,,,,,,,,ANONYMIZED_RATER_3,,annotation:span:AUTH-TAD-0384:r3,正确,是时间状语,时间状语,,,
sentence:SENT-0370,Sentence,本来以为明天可以去爬山，不料却突然降温了。,,,,,,,,,,,,,,,,,,,,,,,,,,,,,,,,,SENT-0370,本来以为明天可以去爬山，不料却突然降温了。,本来以为明天可以去爬山不料却突然降温了,国际中文教育中文水平等级标准·语法学习手册（中等）,中等,306,,页面线索缺失,,,,,,,,,,,,,,,,,,,,
span:AUTH-TAD-0385,CandidateSpan,AUTH-TAD-0385｜明天,,,,,,,,,,,,,,,,,,,,,,,,,,,,,,,,,,明天,,,,,,,AUTH-TAD-0385,明天,4.0,6.0,located,candidate_span,,,,,,,,,,,,,,
consensus:AUTH-TAD-0385,ConsensusLabel,AUTH-TAD-0385｜时间状语,,,,,,,,,,,,,,,,,,,,,,,,,,,,,,,,,,,,,,,,,,明天,,,,,consensus:AUTH-TAD-0385,TEMPORAL_ADVERBIAL,完全一致,完全一致,完全一致,,,,,,,,,
annotation:span:AUTH-TAD-0385:r1,AnnotationDecision,标注者1-AUTH-TAD-0385,,,,,,,,,,,,,,,,,,,,,,,,,,,,,,,,,,,,,,,,,,,,,,,,,,,,ANONYMIZED_RATER_1,,annotation:span:AUTH-TAD-0385:r1,正确,是时间状语,时间状语,,,
annotation:span:AUTH-TAD-0385:r2,AnnotationDecision,标注者2-AUTH-TAD-0385,,,,,,,,,,,,,,,,,,,,,,,,,,,,,,,,,,,,,,,,,,,,,,,,,,,,ANONYMIZED_RATER_2,,annotation:span:AUTH-TAD-0385:r2,正确,是时间状语,时间状语,,,
annotation:span:AUTH-TAD-0385:r3,AnnotationDecision,标注者3-AUTH-TAD-0385,,,,,,,,,,,,,,,,,,,,,,,,,,,,,,,,,,,,,,,,,,,,,,,,,,,,ANONYMIZED_RATER_3,,annotation:span:AUTH-TAD-0385:r3,正确,是时间状语,时间状语,,,
sentence:SENT-0076,Sentence,他今天早饭都没吃就急忙去学校了。,,,,,,,,,,,,,,,,,,,,,,,,,,,,,,,,,SENT-0076,他今天早饭都没吃就急忙去学校了。,他今天早饭都没吃就急忙去学校了,国际中文教育中文水平等级标准·语法学习手册（中等）,中等,21,例句 例句 快上课了，他急忙跑 我一接到老板的电 刚下班他就急忙收 进教室,来源字段完整但仍需正版逐页核验,,,,,,,,,,,,,,,,,,,,
span:AUTH-TAD-0386,CandidateSpan,AUTH-TAD-0386｜今天,,,,,,,,,,,,,,,,,,,,,,,,,,,,,,,,,,今天,,,,,,,AUTH-TAD-0386,今天,1.0,3.0,located,candidate_span,,,,,,,,,,,,,,
consensus:AUTH-TAD-0386,ConsensusLabel,AUTH-TAD-0386｜时间状语,,,,,,,,,,,,,,,,,,,,,,,,,,,,,,,,,,,,,,,,,,今天,,,,,consensus:AUTH-TAD-0386,TEMPORAL_ADVERBIAL,完全一致,完全一致,完全一致,,,,,,,,,
annotation:span:AUTH-TAD-0386:r1,AnnotationDecision,标注者1-AUTH-TAD-0386,,,,,,,,,,,,,,,,,,,,,,,,,,,,,,,,,,,,,,,,,,,,,,,,,,,,ANONYMIZED_RATER_1,,annotation:span:AUTH-TAD-0386:r1,正确,是时间状语,时间状语,,,
annotation:span:AUTH-TAD-0386:r2,AnnotationDecision,标注者2-AUTH-TAD-0386,,,,,,,,,,,,,,,,,,,,,,,,,,,,,,,,,,,,,,,,,,,,,,,,,,,,ANONYMIZED_RATER_2,,annotation:span:AUTH-TAD-0386:r2,正确,是时间状语,时间状语,,,
annotation:span:AUTH-TAD-0386:r3,AnnotationDecision,标注者3-AUTH-TAD-0386,,,,,,,,,,,,,,,,,,,,,,,,,,,,,,,,,,,,,,,,,,,,,,,,,,,,ANONYMIZED_RATER_3,,annotation:span:AUTH-TAD-0386:r3,正确,是时间状语,时间状语,,,
sentence:SENT-0274,Sentence,我们已经尽力了，再不成功就算了。,,,,,,,,,,,,,,,,,,,,,,,,,,,,,,,,,SENT-0274,我们已经尽力了，再不成功就算了。,我们已经尽力了再不成功就算了,国际中文教育中文水平等级标准·语法学习手册（中等）,中等,329,我们已经尽力了，再不成功就算了,来源字段完整但仍需正版逐页核验,,,,,,,,,,,,,,,,,,,,
span:AUTH-TAD-0387,CandidateSpan,AUTH-TAD-0387｜已经,,,,,,,,,,,,,,,,,,,,,,,,,,,,,,,,,,已经,,,,,,,AUTH-TAD-0387,已经,2.0,4.0,located,candidate_span,,,,,,,,,,,,,,
consensus:AUTH-TAD-0387,ConsensusLabel,AUTH-TAD-0387｜时间状语,,,,,,,,,,,,,,,,,,,,,,,,,,,,,,,,,,,,,,,,,,已经,,,,,consensus:AUTH-TAD-0387,TEMPORAL_ADVERBIAL,完全一致,完全一致,完全一致,,,,,,,,,
annotation:span:AUTH-TAD-0387:r1,AnnotationDecision,标注者1-AUTH-TAD-0387,,,,,,,,,,,,,,,,,,,,,,,,,,,,,,,,,,,,,,,,,,,,,,,,,,,,ANONYMIZED_RATER_1,,annotation:span:AUTH-TAD-0387:r1,正确,是时间状语,时间状语,,,
annotation:span:AUTH-TAD-0387:r2,AnnotationDecision,标注者2-AUTH-TAD-0387,,,,,,,,,,,,,,,,,,,,,,,,,,,,,,,,,,,,,,,,,,,,,,,,,,,,ANONYMIZED_RATER_2,,annotation:span:AUTH-TAD-0387:r2,正确,是时间状语,时间状语,,,
annotation:span:AUTH-TAD-0387:r3,AnnotationDecision,标注者3-AUTH-TAD-0387,,,,,,,,,,,,,,,,,,,,,,,,,,,,,,,,,,,,,,,,,,,,,,,,,,,,ANONYMIZED_RATER_3,,annotation:span:AUTH-TAD-0387:r3,正确,是时间状语,时间状语,,,
span:AUTH-TAD-0388,CandidateSpan,AUTH-TAD-0388｜一两周,,,,,,,,,,,,,,,,,,,,,,,,,,,,,,,,,,一两周,,,,,,,AUTH-TAD-0388,一两周,18.0,21.0,located,candidate_span,,,,,,,,,,,,,,
consensus:AUTH-TAD-0388,ConsensusLabel,AUTH-TAD-0388｜时长/时间补语,,,,,,,,,,,,,,,,,,,,,,,,,,,,,,,,,,,,,,,,,,一两周,,,,,consensus:AUTH-TAD-0388,COMPLEMENT,完全一致,完全一致,多数一致,,,,,,,,,
annotation:span:AUTH-TAD-0388:r1,AnnotationDecision,标注者1-AUTH-TAD-0388,,,,,,,,,,,,,,,,,,,,,,,,,,,,,,,,,,,,,,,,,,,,,,,,,,,,ANONYMIZED_RATER_1,,annotation:span:AUTH-TAD-0388:r1,正确,不是时间状语,普通时间名词/词语引用,,,
annotation:span:AUTH-TAD-0388:r2,AnnotationDecision,标注者2-AUTH-TAD-0388,,,,,,,,,,,,,,,,,,,,,,,,,,,,,,,,,,,,,,,,,,,,,,,,,,,,ANONYMIZED_RATER_2,,annotation:span:AUTH-TAD-0388:r2,正确,不是时间状语,时长补语,,,
annotation:span:AUTH-TAD-0388:r3,AnnotationDecision,标注者3-AUTH-TAD-0388,,,,,,,,,,,,,,,,,,,,,,,,,,,,,,,,,,,,,,,,,,,,,,,,,,,,ANONYMIZED_RATER_3,,annotation:span:AUTH-TAD-0388:r3,正确,不是时间状语,时长补语,,,
sentence:SENT-0414,Sentence,老师不时地提醒我们别忘了今天的作业。,,,,,,,,,,,,,,,,,,,,,,,,,,,,,,,,,SENT-0414,老师不时地提醒我们别忘了今天的作业。,老师不时地提醒我们别忘了今天的作业,国际中文教育中文水平等级标准·语法学习手册（中等）,中等,149,出国以后，我不时会给父母打电话,来源字段完整但仍需正版逐页核验,,,,,,,,,,,,,,,,,,,,
span:AUTH-TAD-0389,CandidateSpan,AUTH-TAD-0389｜今天,,,,,,,,,,,,,,,,,,,,,,,,,,,,,,,,,,今天,,,,,,,AUTH-TAD-0389,今天,12.0,14.0,located,candidate_span,,,,,,,,,,,,,,
consensus:AUTH-TAD-0389,ConsensusLabel,AUTH-TAD-0389｜时间定语,,,,,,,,,,,,,,,,,,,,,,,,,,,,,,,,,,,,,,,,,,今天,,,,,consensus:AUTH-TAD-0389,ATTRIBUTE,完全一致,完全一致,完全一致,,,,,,,,,
annotation:span:AUTH-TAD-0389:r1,AnnotationDecision,标注者1-AUTH-TAD-0389,,,,,,,,,,,,,,,,,,,,,,,,,,,,,,,,,,,,,,,,,,,,,,,,,,,,ANONYMIZED_RATER_1,,annotation:span:AUTH-TAD-0389:r1,正确,不是时间状语,时间定语,,,
annotation:span:AUTH-TAD-0389:r2,AnnotationDecision,标注者2-AUTH-TAD-0389,,,,,,,,,,,,,,,,,,,,,,,,,,,,,,,,,,,,,,,,,,,,,,,,,,,,ANONYMIZED_RATER_2,,annotation:span:AUTH-TAD-0389:r2,正确,不是时间状语,时间定语,,,
annotation:span:AUTH-TAD-0389:r3,AnnotationDecision,标注者3-AUTH-TAD-0389,,,,,,,,,,,,,,,,,,,,,,,,,,,,,,,,,,,,,,,,,,,,,,,,,,,,ANONYMIZED_RATER_3,,annotation:span:AUTH-TAD-0389:r3,正确,不是时间状语,时间定语,,,
sentence:SENT-0389,Sentence,现在八点二十分。,,,,,,,,,,,,,,,,,,,,,,,,,,,,,,,,,SENT-0389,现在八点二十分。,现在八点二十分,国际中文教育中文水平等级标准·语法学习手册（初等）,初等,204,◎ 结构特点 形容词后的数量补语一般由数量短语和表示数量的“一点儿、一些,来源字段完整但仍需正版逐页核验,,,,,,,,,,,,,,,,,,,,
span:AUTH-TAD-0390,CandidateSpan,AUTH-TAD-0390｜现在,,,,,,,,,,,,,,,,,,,,,,,,,,,,,,,,,,现在,,,,,,,AUTH-TAD-0390,现在,0.0,2.0,located,candidate_span,,,,,,,,,,,,,,
consensus:AUTH-TAD-0390,ConsensusLabel,AUTH-TAD-0390｜时间状语,,,,,,,,,,,,,,,,,,,,,,,,,,,,,,,,,,,,,,,,,,现在,,,,,consensus:AUTH-TAD-0390,TEMPORAL_ADVERBIAL,完全一致,完全一致,完全一致,,,,,,,,,
annotation:span:AUTH-TAD-0390:r1,AnnotationDecision,标注者1-AUTH-TAD-0390,,,,,,,,,,,,,,,,,,,,,,,,,,,,,,,,,,,,,,,,,,,,,,,,,,,,ANONYMIZED_RATER_1,,annotation:span:AUTH-TAD-0390:r1,正确,是时间状语,时间状语,,,
annotation:span:AUTH-TAD-0390:r2,AnnotationDecision,标注者2-AUTH-TAD-0390,,,,,,,,,,,,,,,,,,,,,,,,,,,,,,,,,,,,,,,,,,,,,,,,,,,,ANONYMIZED_RATER_2,,annotation:span:AUTH-TAD-0390:r2,正确,是时间状语,时间状语,,,
annotation:span:AUTH-TAD-0390:r3,AnnotationDecision,标注者3-AUTH-TAD-0390,,,,,,,,,,,,,,,,,,,,,,,,,,,,,,,,,,,,,,,,,,,,,,,,,,,,ANONYMIZED_RATER_3,,annotation:span:AUTH-TAD-0390:r3,正确,是时间状语,时间状语,,,
sentence:SENT-0149,Sentence,你未免把她说得太幼稚了，她已经是个大学生了。,,,,,,,,,,,,,,,,,,,,,,,,,,,,,,,,,SENT-0149,你未免把她说得太幼稚了，她已经是个大学生了。,你未免把她说得太幼稚了她已经是个大学生了,国际中文教育中文水平等级标准·语法学习手册（高等）,高等,64,B:他未免过分自信了，平时考试他都在第十名以后,来源字段完整但仍需正版逐页核验,,,,,,,,,,,,,,,,,,,,
span:AUTH-TAD-0391,CandidateSpan,AUTH-TAD-0391｜已经,,,,,,,,,,,,,,,,,,,,,,,,,,,,,,,,,,已经,,,,,,,AUTH-TAD-0391,已经,13.0,15.0,located,candidate_span,,,,,,,,,,,,,,
consensus:AUTH-TAD-0391,ConsensusLabel,AUTH-TAD-0391｜时间状语,,,,,,,,,,,,,,,,,,,,,,,,,,,,,,,,,,,,,,,,,,已经,,,,,consensus:AUTH-TAD-0391,TEMPORAL_ADVERBIAL,完全一致,完全一致,完全一致,,,,,,,,,
annotation:span:AUTH-TAD-0391:r1,AnnotationDecision,标注者1-AUTH-TAD-0391,,,,,,,,,,,,,,,,,,,,,,,,,,,,,,,,,,,,,,,,,,,,,,,,,,,,ANONYMIZED_RATER_1,,annotation:span:AUTH-TAD-0391:r1,正确,是时间状语,时间状语,,,
annotation:span:AUTH-TAD-0391:r2,AnnotationDecision,标注者2-AUTH-TAD-0391,,,,,,,,,,,,,,,,,,,,,,,,,,,,,,,,,,,,,,,,,,,,,,,,,,,,ANONYMIZED_RATER_2,,annotation:span:AUTH-TAD-0391:r2,正确,是时间状语,时间状语,,,
annotation:span:AUTH-TAD-0391:r3,AnnotationDecision,标注者3-AUTH-TAD-0391,,,,,,,,,,,,,,,,,,,,,,,,,,,,,,,,,,,,,,,,,,,,,,,,,,,,ANONYMIZED_RATER_3,,annotation:span:AUTH-TAD-0391:r3,正确,是时间状语,时间状语,,,
sentence:SENT-0117,Sentence,他离开家乡一年了。,,,,,,,,,,,,,,,,,,,,,,,,,,,,,,,,,SENT-0117,他离开家乡一年了。,他离开家乡一年了,国际中文教育中文水平等级标准·语法学习手册（初等）,初等,353,文水平等级标准·语法学习手册(初等) S+V+时量补语 我们 休息了 十分钟,来源字段完整但仍需正版逐页核验,,,,,,,,,,,,,,,,,,,,
span:AUTH-TAD-0392,CandidateSpan,AUTH-TAD-0392｜一年,,,,,,,,,,,,,,,,,,,,,,,,,,,,,,,,,,一年,,,,,,,AUTH-TAD-0392,一年,5.0,7.0,located,candidate_span,,,,,,,,,,,,,,
consensus:AUTH-TAD-0392,ConsensusLabel,AUTH-TAD-0392｜时长/时间补语,,,,,,,,,,,,,,,,,,,,,,,,,,,,,,,,,,,,,,,,,,一年,,,,,consensus:AUTH-TAD-0392,COMPLEMENT,完全一致,完全一致,完全一致,,,,,,,,,
annotation:span:AUTH-TAD-0392:r1,AnnotationDecision,标注者1-AUTH-TAD-0392,,,,,,,,,,,,,,,,,,,,,,,,,,,,,,,,,,,,,,,,,,,,,,,,,,,,ANONYMIZED_RATER_1,,annotation:span:AUTH-TAD-0392:r1,正确,不是时间状语,时长补语,,,
annotation:span:AUTH-TAD-0392:r2,AnnotationDecision,标注者2-AUTH-TAD-0392,,,,,,,,,,,,,,,,,,,,,,,,,,,,,,,,,,,,,,,,,,,,,,,,,,,,ANONYMIZED_RATER_2,,annotation:span:AUTH-TAD-0392:r2,正确,不是时间状语,时长补语,,,
annotation:span:AUTH-TAD-0392:r3,AnnotationDecision,标注者3-AUTH-TAD-0392,,,,,,,,,,,,,,,,,,,,,,,,,,,,,,,,,,,,,,,,,,,,,,,,,,,,ANONYMIZED_RATER_3,,annotation:span:AUTH-TAD-0392:r3,正确,不是时间状语,时长补语,,,
sentence:SENT-0009,Sentence,下午哥哥去医院看病。,,,,,,,,,,,,,,,,,,,,,,,,,,,,,,,,,SENT-0009,下午哥哥去医院看病。,下午哥哥去医院看病,国际中文教育中文水平等级标准·语法学习手册（初等）,初等,208,84 比较句2(1):A比B+形容词+数量补语【二58】 ◎ 基本语义及用法 在“比”,来源字段完整但仍需正版逐页核验,,,,,,,,,,,,,,,,,,,,
span:AUTH-TAD-0393,CandidateSpan,AUTH-TAD-0393｜下午,,,,,,,,,,,,,,,,,,,,,,,,,,,,,,,,,,下午,,,,,,,AUTH-TAD-0393,下午,0.0,2.0,located,candidate_span,,,,,,,,,,,,,,
consensus:AUTH-TAD-0393,ConsensusLabel,AUTH-TAD-0393｜时间状语,,,,,,,,,,,,,,,,,,,,,,,,,,,,,,,,,,,,,,,,,,下午,,,,,consensus:AUTH-TAD-0393,TEMPORAL_ADVERBIAL,完全一致,完全一致,完全一致,,,,,,,,,
annotation:span:AUTH-TAD-0393:r1,AnnotationDecision,标注者1-AUTH-TAD-0393,,,,,,,,,,,,,,,,,,,,,,,,,,,,,,,,,,,,,,,,,,,,,,,,,,,,ANONYMIZED_RATER_1,,annotation:span:AUTH-TAD-0393:r1,正确,是时间状语,时间状语,,,
annotation:span:AUTH-TAD-0393:r2,AnnotationDecision,标注者2-AUTH-TAD-0393,,,,,,,,,,,,,,,,,,,,,,,,,,,,,,,,,,,,,,,,,,,,,,,,,,,,ANONYMIZED_RATER_2,,annotation:span:AUTH-TAD-0393:r2,正确,是时间状语,时间状语,,,
annotation:span:AUTH-TAD-0393:r3,AnnotationDecision,标注者3-AUTH-TAD-0393,,,,,,,,,,,,,,,,,,,,,,,,,,,,,,,,,,,,,,,,,,,,,,,,,,,,ANONYMIZED_RATER_3,,annotation:span:AUTH-TAD-0393:r3,正确,是时间状语,时间状语,,,
sentence:SENT-0332,Sentence,明天上课，我们不能去看电影了。,,,,,,,,,,,,,,,,,,,,,,,,,,,,,,,,,SENT-0332,明天上课，我们不能去看电影了。,明天上课我们不能去看电影了,国际中文教育中文水平等级标准·语法学习手册（初等）,初等,116,,页面线索缺失,,,,,,,,,,,,,,,,,,,,
span:AUTH-TAD-0394,CandidateSpan,AUTH-TAD-0394｜明天,,,,,,,,,,,,,,,,,,,,,,,,,,,,,,,,,,明天,,,,,,,AUTH-TAD-0394,明天,0.0,2.0,located,candidate_span,,,,,,,,,,,,,,
consensus:AUTH-TAD-0394,ConsensusLabel,AUTH-TAD-0394｜时间状语,,,,,,,,,,,,,,,,,,,,,,,,,,,,,,,,,,,,,,,,,,明天,,,,,consensus:AUTH-TAD-0394,TEMPORAL_ADVERBIAL,完全一致,多数一致,多数一致,,,,,,,,,
annotation:span:AUTH-TAD-0394:r1,AnnotationDecision,标注者1-AUTH-TAD-0394,,,,,,,,,,,,,,,,,,,,,,,,,,,,,,,,,,,,,,,,,,,,,,,,,,,,ANONYMIZED_RATER_1,,annotation:span:AUTH-TAD-0394:r1,正确,是时间状语,时间状语,,,
annotation:span:AUTH-TAD-0394:r2,AnnotationDecision,标注者2-AUTH-TAD-0394,,,,,,,,,,,,,,,,,,,,,,,,,,,,,,,,,,,,,,,,,,,,,,,,,,,,ANONYMIZED_RATER_2,,annotation:span:AUTH-TAD-0394:r2,正确,是时间状语,时间状语,,,
annotation:span:AUTH-TAD-0394:r3,AnnotationDecision,标注者3-AUTH-TAD-0394,,,,,,,,,,,,,,,,,,,,,,,,,,,,,,,,,,,,,,,,,,,,,,,,,,,,ANONYMIZED_RATER_3,,annotation:span:AUTH-TAD-0394:r3,正确,不是时间状语,普通时间名词/词语引用,,,
sentence:SENT-0251,Sentence,开学以来，我从来没见过麦克。,,,,,,,,,,,,,,,,,,,,,,,,,,,,,,,,,SENT-0251,开学以来，我从来没见过麦克。,开学以来我从来没见过麦克,国际中文教育中文水平等级标准·语法学习手册（中等）,中等,66,自开业以来，这个饭馆的生意每天都很好,来源字段完整但仍需正版逐页核验,,,,,,,,,,,,,,,,,,,,
span:AUTH-TAD-0395,CandidateSpan,AUTH-TAD-0395｜开学以来,,,,,,,,,,,,,,,,,,,,,,,,,,,,,,,,,,开学以来,,,,,,,AUTH-TAD-0395,开学以来,0.0,4.0,located,candidate_span,,,,,,,,,,,,,,
consensus:AUTH-TAD-0395,ConsensusLabel,AUTH-TAD-0395｜时间状语,,,,,,,,,,,,,,,,,,,,,,,,,,,,,,,,,,,,,,,,,,开学以来,,,,,consensus:AUTH-TAD-0395,TEMPORAL_ADVERBIAL,完全一致,完全一致,完全一致,,,,,,,,,
annotation:span:AUTH-TAD-0395:r1,AnnotationDecision,标注者1-AUTH-TAD-0395,,,,,,,,,,,,,,,,,,,,,,,,,,,,,,,,,,,,,,,,,,,,,,,,,,,,ANONYMIZED_RATER_1,,annotation:span:AUTH-TAD-0395:r1,正确,是时间状语,时间状语,,,
annotation:span:AUTH-TAD-0395:r2,AnnotationDecision,标注者2-AUTH-TAD-0395,,,,,,,,,,,,,,,,,,,,,,,,,,,,,,,,,,,,,,,,,,,,,,,,,,,,ANONYMIZED_RATER_2,,annotation:span:AUTH-TAD-0395:r2,正确,是时间状语,时间状语,,,
annotation:span:AUTH-TAD-0395:r3,AnnotationDecision,标注者3-AUTH-TAD-0395,,,,,,,,,,,,,,,,,,,,,,,,,,,,,,,,,,,,,,,,,,,,,,,,,,,,ANONYMIZED_RATER_3,,annotation:span:AUTH-TAD-0395:r3,正确,是时间状语,时间状语,,,
sentence:SENT-0447,Sentence,这台电脑我用了三年了。,,,,,,,,,,,,,,,,,,,,,,,,,,,,,,,,,SENT-0447,这台电脑我用了三年了。,这台电脑我用了三年了,国际中文教育中文水平等级标准·语法学习手册（初等）,初等,355,,页面线索缺失,,,,,,,,,,,,,,,,,,,,
span:AUTH-TAD-0396,CandidateSpan,AUTH-TAD-0396｜三年,,,,,,,,,,,,,,,,,,,,,,,,,,,,,,,,,,三年,,,,,,,AUTH-TAD-0396,三年,7.0,9.0,located,candidate_span,,,,,,,,,,,,,,
consensus:AUTH-TAD-0396,ConsensusLabel,AUTH-TAD-0396｜时长/时间补语,,,,,,,,,,,,,,,,,,,,,,,,,,,,,,,,,,,,,,,,,,三年,,,,,consensus:AUTH-TAD-0396,COMPLEMENT,完全一致,完全一致,完全一致,,,,,,,,,
annotation:span:AUTH-TAD-0396:r1,AnnotationDecision,标注者1-AUTH-TAD-0396,,,,,,,,,,,,,,,,,,,,,,,,,,,,,,,,,,,,,,,,,,,,,,,,,,,,ANONYMIZED_RATER_1,,annotation:span:AUTH-TAD-0396:r1,正确,不是时间状语,时长补语,,,
annotation:span:AUTH-TAD-0396:r2,AnnotationDecision,标注者2-AUTH-TAD-0396,,,,,,,,,,,,,,,,,,,,,,,,,,,,,,,,,,,,,,,,,,,,,,,,,,,,ANONYMIZED_RATER_2,,annotation:span:AUTH-TAD-0396:r2,正确,不是时间状语,时长补语,,,
annotation:span:AUTH-TAD-0396:r3,AnnotationDecision,标注者3-AUTH-TAD-0396,,,,,,,,,,,,,,,,,,,,,,,,,,,,,,,,,,,,,,,,,,,,,,,,,,,,ANONYMIZED_RATER_3,,annotation:span:AUTH-TAD-0396:r3,正确,不是时间状语,时长补语,,,
sentence:SENT-0182,Sentence,后坚持每天练习。,,,,,,,,,,,,,,,,,,,,,,,,,,,,,,,,,SENT-0182,后坚持每天练习。,后坚持每天练习,国际中文教育中文水平等级标准·语法学习手册（初等）,初等,372,后坚持每天练习,来源字段完整但仍需正版逐页核验,,,,,,,,,,,,,,,,,,,,
span:AUTH-TAD-0397,CandidateSpan,AUTH-TAD-0397｜每天,,,,,,,,,,,,,,,,,,,,,,,,,,,,,,,,,,每天,,,,,,,AUTH-TAD-0397,每天,3.0,5.0,located,candidate_span,,,,,,,,,,,,,,
consensus:AUTH-TAD-0397,ConsensusLabel,AUTH-TAD-0397｜时间状语,,,,,,,,,,,,,,,,,,,,,,,,,,,,,,,,,,,,,,,,,,每天,,,,,consensus:AUTH-TAD-0397,TEMPORAL_ADVERBIAL,完全一致,完全一致,完全一致,,,,,,,,,
annotation:span:AUTH-TAD-0397:r1,AnnotationDecision,标注者1-AUTH-TAD-0397,,,,,,,,,,,,,,,,,,,,,,,,,,,,,,,,,,,,,,,,,,,,,,,,,,,,ANONYMIZED_RATER_1,,annotation:span:AUTH-TAD-0397:r1,正确,是时间状语,时间状语,,,
annotation:span:AUTH-TAD-0397:r2,AnnotationDecision,标注者2-AUTH-TAD-0397,,,,,,,,,,,,,,,,,,,,,,,,,,,,,,,,,,,,,,,,,,,,,,,,,,,,ANONYMIZED_RATER_2,,annotation:span:AUTH-TAD-0397:r2,正确,是时间状语,时间状语,,,
annotation:span:AUTH-TAD-0397:r3,AnnotationDecision,标注者3-AUTH-TAD-0397,,,,,,,,,,,,,,,,,,,,,,,,,,,,,,,,,,,,,,,,,,,,,,,,,,,,ANONYMIZED_RATER_3,,annotation:span:AUTH-TAD-0397:r3,正确,是时间状语,时间状语,,,
sentence:SENT-0247,Sentence,已经快九点了，我连忙出门打车。,,,,,,,,,,,,,,,,,,,,,,,,,,,,,,,,,SENT-0247,已经快九点了，我连忙出门打车。,已经快九点了我连忙出门打车,国际中文教育中文水平等级标准·语法学习手册（初等）,初等,286,? 出的建议有什么 儿子：有个同学生病了，看 B:刚看到一位老人 想法吗? 他不舒服，我们连,来源字段完整但仍需正版逐页核验,,,,,,,,,,,,,,,,,,,,
span:AUTH-TAD-0398,CandidateSpan,AUTH-TAD-0398｜九点,,,,,,,,,,,,,,,,,,,,,,,,,,,,,,,,,,九点,,,,,,,AUTH-TAD-0398,九点,3.0,5.0,located,candidate_span,,,,,,,,,,,,,,
consensus:AUTH-TAD-0398,ConsensusLabel,AUTH-TAD-0398｜其他/非目标时间用法,,,,,,,,,,,,,,,,,,,,,,,,,,,,,,,,,,,,,,,,,,九点,,,,,consensus:AUTH-TAD-0398,OTHER,平票,多数一致,平票,,,,,,,,,
annotation:span:AUTH-TAD-0398:r1,AnnotationDecision,标注者1-AUTH-TAD-0398,,,,,,,,,,,,,,,,,,,,,,,,,,,,,,,,,,,,,,,,,,,,,,,,,,,,ANONYMIZED_RATER_1,,annotation:span:AUTH-TAD-0398:r1,正确,不是时间状语,普通时间名词/词语引用,,,
annotation:span:AUTH-TAD-0398:r2,AnnotationDecision,标注者2-AUTH-TAD-0398,,,,,,,,,,,,,,,,,,,,,,,,,,,,,,,,,,,,,,,,,,,,,,,,,,,,ANONYMIZED_RATER_2,,annotation:span:AUTH-TAD-0398:r2,边界不完整,不是时间状语,提取错误：边界不完整,已经快九点了,,
annotation:span:AUTH-TAD-0398:r3,AnnotationDecision,标注者3-AUTH-TAD-0398,,,,,,,,,,,,,,,,,,,,,,,,,,,,,,,,,,,,,,,,,,,,,,,,,,,,ANONYMIZED_RATER_3,,annotation:span:AUTH-TAD-0398:r3,漏检：有目标时间状语,是时间状语,漏检,已经,,
sentence:SENT-0225,Sentence,如果不从小培养孩子的独立生活能力，他们以后可能这也不懂，那也不会。,,,,,,,,,,,,,,,,,,,,,,,,,,,,,,,,,SENT-0225,如果不从小培养孩子的独立生活能力，他们以后可能这也不懂，那也不会。,如果不从小培养孩子的独立生活能力他们以后可能这也不懂那也不会,国际中文教育中文水平等级标准·语法学习手册（中等）,中等,375,如果不从小培养孩子的独立生活能力，他们以后可能这也不懂，那也不会,来源字段完整但仍需正版逐页核验,,,,,,,,,,,,,,,,,,,,
span:AUTH-TAD-0399,CandidateSpan,AUTH-TAD-0399｜他们以后,,,,,,,,,,,,,,,,,,,,,,,,,,,,,,,,,,他们以后,,,,,,,AUTH-TAD-0399,以后,17.0,21.0,located,majority_fixed_span,,,,,,,,,,,,,,
consensus:AUTH-TAD-0399,ConsensusLabel,AUTH-TAD-0399｜其他/非目标时间用法,,,,,,,,,,,,,,,,,,,,,,,,,,,,,,,,,,,,,,,,,,以后,,,,,consensus:AUTH-TAD-0399,OTHER,多数一致,完全一致,多数一致,,,,,,,,,
annotation:span:AUTH-TAD-0399:r1,AnnotationDecision,标注者1-AUTH-TAD-0399,,,,,,,,,,,,,,,,,,,,,,,,,,,,,,,,,,,,,,,,,,,,,,,,,,,,ANONYMIZED_RATER_1,,annotation:span:AUTH-TAD-0399:r1,边界过长,不是时间状语,提取错误：边界过长,以后,,
annotation:span:AUTH-TAD-0399:r2,AnnotationDecision,标注者2-AUTH-TAD-0399,,,,,,,,,,,,,,,,,,,,,,,,,,,,,,,,,,,,,,,,,,,,,,,,,,,,ANONYMIZED_RATER_2,,annotation:span:AUTH-TAD-0399:r2,边界不完整,不是时间状语,提取错误：边界不完整,以后,,
annotation:span:AUTH-TAD-0399:r3,AnnotationDecision,标注者3-AUTH-TAD-0399,,,,,,,,,,,,,,,,,,,,,,,,,,,,,,,,,,,,,,,,,,,,,,,,,,,,ANONYMIZED_RATER_3,,annotation:span:AUTH-TAD-0399:r3,边界过长,不是时间状语,提取错误：边界过长,以后,,
sentence:SENT-0176,Sentence,可不是，女儿已经长大了，你应该让她自己做决定。,,,,,,,,,,,,,,,,,,,,,,,,,,,,,,,,,SENT-0176,可不是，女儿已经长大了，你应该让她自己做决定。,可不是女儿已经长大了你应该让她自己做决定,国际中文教育中文水平等级标准·语法学习手册（高等）,高等,104,◎ 典型例句和对话 例句 交际实践 可不是，警察都已经 (在小区门口，询问出了什么事) 来了,来源字段完整但仍需正版逐页核验,,,,,,,,,,,,,,,,,,,,
span:AUTH-TAD-0400,CandidateSpan,AUTH-TAD-0400｜已经,,,,,,,,,,,,,,,,,,,,,,,,,,,,,,,,,,已经,,,,,,,AUTH-TAD-0400,已经,6.0,8.0,located,candidate_span,,,,,,,,,,,,,,
consensus:AUTH-TAD-0400,ConsensusLabel,AUTH-TAD-0400｜时间状语,,,,,,,,,,,,,,,,,,,,,,,,,,,,,,,,,,,,,,,,,,已经,,,,,consensus:AUTH-TAD-0400,TEMPORAL_ADVERBIAL,完全一致,完全一致,完全一致,,,,,,,,,
annotation:span:AUTH-TAD-0400:r1,AnnotationDecision,标注者1-AUTH-TAD-0400,,,,,,,,,,,,,,,,,,,,,,,,,,,,,,,,,,,,,,,,,,,,,,,,,,,,ANONYMIZED_RATER_1,,annotation:span:AUTH-TAD-0400:r1,正确,是时间状语,时间状语,,,
annotation:span:AUTH-TAD-0400:r2,AnnotationDecision,标注者2-AUTH-TAD-0400,,,,,,,,,,,,,,,,,,,,,,,,,,,,,,,,,,,,,,,,,,,,,,,,,,,,ANONYMIZED_RATER_2,,annotation:span:AUTH-TAD-0400:r2,正确,是时间状语,时间状语,,,
annotation:span:AUTH-TAD-0400:r3,AnnotationDecision,标注者3-AUTH-TAD-0400,,,,,,,,,,,,,,,,,,,,,,,,,,,,,,,,,,,,,,,,,,,,,,,,,,,,ANONYMIZED_RATER_3,,annotation:span:AUTH-TAD-0400:r3,正确,是时间状语,时间状语,,,
sentence:SENT-0058,Sentence,今天的电影不好看。,,,,,,,,,,,,,,,,,,,,,,,,,,,,,,,,,SENT-0058,今天的电影不好看。,今天的电影不好看,国际中文教育中文水平等级标准·语法学习手册（初等）,初等,64,◎结构特点 “不”在动词性或形容词性成分前，作状语,来源字段完整但仍需正版逐页核验,,,,,,,,,,,,,,,,,,,,
span:AUTH-TAD-0401,CandidateSpan,AUTH-TAD-0401｜今天,,,,,,,,,,,,,,,,,,,,,,,,,,,,,,,,,,今天,,,,,,,AUTH-TAD-0401,今天,0.0,2.0,located,candidate_span,,,,,,,,,,,,,,
consensus:AUTH-TAD-0401,ConsensusLabel,AUTH-TAD-0401｜时间定语,,,,,,,,,,,,,,,,,,,,,,,,,,,,,,,,,,,,,,,,,,今天,,,,,consensus:AUTH-TAD-0401,ATTRIBUTE,完全一致,完全一致,完全一致,,,,,,,,,
annotation:span:AUTH-TAD-0401:r1,AnnotationDecision,标注者1-AUTH-TAD-0401,,,,,,,,,,,,,,,,,,,,,,,,,,,,,,,,,,,,,,,,,,,,,,,,,,,,ANONYMIZED_RATER_1,,annotation:span:AUTH-TAD-0401:r1,正确,不是时间状语,时间定语,,,
annotation:span:AUTH-TAD-0401:r2,AnnotationDecision,标注者2-AUTH-TAD-0401,,,,,,,,,,,,,,,,,,,,,,,,,,,,,,,,,,,,,,,,,,,,,,,,,,,,ANONYMIZED_RATER_2,,annotation:span:AUTH-TAD-0401:r2,正确,不是时间状语,时间定语,,,
annotation:span:AUTH-TAD-0401:r3,AnnotationDecision,标注者3-AUTH-TAD-0401,,,,,,,,,,,,,,,,,,,,,,,,,,,,,,,,,,,,,,,,,,,,,,,,,,,,ANONYMIZED_RATER_3,,annotation:span:AUTH-TAD-0401:r3,正确,不是时间状语,时间定语,,,
sentence:SENT-0143,Sentence,你明天必须去考试。,,,,,,,,,,,,,,,,,,,,,,,,,,,,,,,,,SENT-0143,你明天必须去考试。,你明天必须去考试,国际中文教育中文水平等级标准·语法学习手册（初等）,初等,159,(在班级) (在公司) (商量事情) A:马上期末考试了， A:经理，明天我可 A:请,来源字段完整但仍需正版逐页核验,,,,,,,,,,,,,,,,,,,,
span:AUTH-TAD-0402,CandidateSpan,AUTH-TAD-0402｜明天,,,,,,,,,,,,,,,,,,,,,,,,,,,,,,,,,,明天,,,,,,,AUTH-TAD-0402,明天,1.0,3.0,located,candidate_span,,,,,,,,,,,,,,
consensus:AUTH-TAD-0402,ConsensusLabel,AUTH-TAD-0402｜时间状语,,,,,,,,,,,,,,,,,,,,,,,,,,,,,,,,,,,,,,,,,,明天,,,,,consensus:AUTH-TAD-0402,TEMPORAL_ADVERBIAL,完全一致,完全一致,完全一致,,,,,,,,,
annotation:span:AUTH-TAD-0402:r1,AnnotationDecision,标注者1-AUTH-TAD-0402,,,,,,,,,,,,,,,,,,,,,,,,,,,,,,,,,,,,,,,,,,,,,,,,,,,,ANONYMIZED_RATER_1,,annotation:span:AUTH-TAD-0402:r1,正确,是时间状语,时间状语,,,
annotation:span:AUTH-TAD-0402:r2,AnnotationDecision,标注者2-AUTH-TAD-0402,,,,,,,,,,,,,,,,,,,,,,,,,,,,,,,,,,,,,,,,,,,,,,,,,,,,ANONYMIZED_RATER_2,,annotation:span:AUTH-TAD-0402:r2,正确,是时间状语,时间状语,,,
annotation:span:AUTH-TAD-0402:r3,AnnotationDecision,标注者3-AUTH-TAD-0402,,,,,,,,,,,,,,,,,,,,,,,,,,,,,,,,,,,,,,,,,,,,,,,,,,,,ANONYMIZED_RATER_3,,annotation:span:AUTH-TAD-0402:r3,正确,是时间状语,时间状语,,,
sentence:SENT-0454,Sentence,进公司一看表刚好是九点。,,,,,,,,,,,,,,,,,,,,,,,,,,,,,,,,,SENT-0454,进公司一看表刚好是九点。,进公司一看表刚好是九点,国际中文教育中文水平等级标准·语法学习手册（中等）,中等,289,◎典型例句和对话 ◎补充例句 例句 我要出门找他的时候 他刚好回来了,来源字段完整但仍需正版逐页核验,,,,,,,,,,,,,,,,,,,,
span:AUTH-TAD-0403,CandidateSpan,AUTH-TAD-0403｜九点,,,,,,,,,,,,,,,,,,,,,,,,,,,,,,,,,,九点,,,,,,,AUTH-TAD-0403,九点,9.0,11.0,located,candidate_span,,,,,,,,,,,,,,
consensus:AUTH-TAD-0403,ConsensusLabel,AUTH-TAD-0403｜其他/非目标时间用法,,,,,,,,,,,,,,,,,,,,,,,,,,,,,,,,,,,,,,,,,,九点,,,,,consensus:AUTH-TAD-0403,OTHER,多数一致,完全一致,平票,,,,,,,,,
annotation:span:AUTH-TAD-0403:r1,AnnotationDecision,标注者1-AUTH-TAD-0403,,,,,,,,,,,,,,,,,,,,,,,,,,,,,,,,,,,,,,,,,,,,,,,,,,,,ANONYMIZED_RATER_1,,annotation:span:AUTH-TAD-0403:r1,正确,不是时间状语,普通时间名词/词语引用,,,
annotation:span:AUTH-TAD-0403:r2,AnnotationDecision,标注者2-AUTH-TAD-0403,,,,,,,,,,,,,,,,,,,,,,,,,,,,,,,,,,,,,,,,,,,,,,,,,,,,ANONYMIZED_RATER_2,,annotation:span:AUTH-TAD-0403:r2,不是时间表达,不是时间状语,提取错误：不是时间表达,无,,
annotation:span:AUTH-TAD-0403:r3,AnnotationDecision,标注者3-AUTH-TAD-0403,,,,,,,,,,,,,,,,,,,,,,,,,,,,,,,,,,,,,,,,,,,,,,,,,,,,ANONYMIZED_RATER_3,,annotation:span:AUTH-TAD-0403:r3,正确,不是时间状语,时长补语,,,
sentence:SENT-0098,Sentence,他快考试了，因而每天都去图书馆看书。,,,,,,,,,,,,,,,,,,,,,,,,,,,,,,,,,SENT-0098,他快考试了，因而每天都去图书馆看书。,他快考试了因而每天都去图书馆看书,国际中文教育中文水平等级标准·语法学习手册（中等）,中等,240,他快考试了，因而每天都去图书馆看书,来源字段完整但仍需正版逐页核验,,,,,,,,,,,,,,,,,,,,
span:AUTH-TAD-0404,CandidateSpan,AUTH-TAD-0404｜每天,,,,,,,,,,,,,,,,,,,,,,,,,,,,,,,,,,每天,,,,,,,AUTH-TAD-0404,每天,8.0,10.0,located,candidate_span,,,,,,,,,,,,,,
consensus:AUTH-TAD-0404,ConsensusLabel,AUTH-TAD-0404｜时间状语,,,,,,,,,,,,,,,,,,,,,,,,,,,,,,,,,,,,,,,,,,每天,,,,,consensus:AUTH-TAD-0404,TEMPORAL_ADVERBIAL,完全一致,完全一致,完全一致,,,,,,,,,
annotation:span:AUTH-TAD-0404:r1,AnnotationDecision,标注者1-AUTH-TAD-0404,,,,,,,,,,,,,,,,,,,,,,,,,,,,,,,,,,,,,,,,,,,,,,,,,,,,ANONYMIZED_RATER_1,,annotation:span:AUTH-TAD-0404:r1,正确,是时间状语,时间状语,,,
annotation:span:AUTH-TAD-0404:r2,AnnotationDecision,标注者2-AUTH-TAD-0404,,,,,,,,,,,,,,,,,,,,,,,,,,,,,,,,,,,,,,,,,,,,,,,,,,,,ANONYMIZED_RATER_2,,annotation:span:AUTH-TAD-0404:r2,正确,是时间状语,时间状语,,,
annotation:span:AUTH-TAD-0404:r3,AnnotationDecision,标注者3-AUTH-TAD-0404,,,,,,,,,,,,,,,,,,,,,,,,,,,,,,,,,,,,,,,,,,,,,,,,,,,,ANONYMIZED_RATER_3,,annotation:span:AUTH-TAD-0404:r3,正确,是时间状语,时间状语,,,
sentence:SENT-0034,Sentence,今天他特别地高兴。,,,,,,,,,,,,,,,,,,,,,,,,,,,,,,,,,SENT-0034,今天他特别地高兴。,今天他特别地高兴,国际中文教育中文水平等级标准·语法学习手册（初等）,初等,141,◎结构特点 “特别”用于形容词和心理动词前，作状语,来源字段完整但仍需正版逐页核验,,,,,,,,,,,,,,,,,,,,
span:AUTH-TAD-0405,CandidateSpan,AUTH-TAD-0405｜今天,,,,,,,,,,,,,,,,,,,,,,,,,,,,,,,,,,今天,,,,,,,AUTH-TAD-0405,今天,0.0,2.0,located,candidate_span,,,,,,,,,,,,,,
consensus:AUTH-TAD-0405,ConsensusLabel,AUTH-TAD-0405｜时间状语,,,,,,,,,,,,,,,,,,,,,,,,,,,,,,,,,,,,,,,,,,今天,,,,,consensus:AUTH-TAD-0405,TEMPORAL_ADVERBIAL,完全一致,完全一致,完全一致,,,,,,,,,
annotation:span:AUTH-TAD-0405:r1,AnnotationDecision,标注者1-AUTH-TAD-0405,,,,,,,,,,,,,,,,,,,,,,,,,,,,,,,,,,,,,,,,,,,,,,,,,,,,ANONYMIZED_RATER_1,,annotation:span:AUTH-TAD-0405:r1,正确,是时间状语,时间状语,,,
annotation:span:AUTH-TAD-0405:r2,AnnotationDecision,标注者2-AUTH-TAD-0405,,,,,,,,,,,,,,,,,,,,,,,,,,,,,,,,,,,,,,,,,,,,,,,,,,,,ANONYMIZED_RATER_2,,annotation:span:AUTH-TAD-0405:r2,正确,是时间状语,时间状语,,,
annotation:span:AUTH-TAD-0405:r3,AnnotationDecision,标注者3-AUTH-TAD-0405,,,,,,,,,,,,,,,,,,,,,,,,,,,,,,,,,,,,,,,,,,,,,,,,,,,,ANONYMIZED_RATER_3,,annotation:span:AUTH-TAD-0405:r3,正确,是时间状语,时间状语,,,
sentence:SENT-0209,Sentence,她在大学期间一直半工半读，非常辛苦。,,,,,,,,,,,,,,,,,,,,,,,,,,,,,,,,,SENT-0209,她在大学期间一直半工半读，非常辛苦。,她在大学期间一直半工半读非常辛苦,国际中文教育中文水平等级标准·语法学习手册（高等）,高等,90,等市场快关门的时候，蔬菜都是半卖半送了,来源字段完整但仍需正版逐页核验,,,,,,,,,,,,,,,,,,,,
span:AUTH-TAD-0406,CandidateSpan,AUTH-TAD-0406｜她在大学期间,,,,,,,,,,,,,,,,,,,,,,,,,,,,,,,,,,她在大学期间,,,,,,,AUTH-TAD-0406,在大学期间,0.0,6.0,located,majority_fixed_span,,,,,,,,,,,,,,
consensus:AUTH-TAD-0406,ConsensusLabel,AUTH-TAD-0406｜其他/非目标时间用法,,,,,,,,,,,,,,,,,,,,,,,,,,,,,,,,,,,,,,,,,,在大学期间,,,,,consensus:AUTH-TAD-0406,OTHER,多数一致,完全一致,多数一致,,,,,,,,,
annotation:span:AUTH-TAD-0406:r1,AnnotationDecision,标注者1-AUTH-TAD-0406,,,,,,,,,,,,,,,,,,,,,,,,,,,,,,,,,,,,,,,,,,,,,,,,,,,,ANONYMIZED_RATER_1,,annotation:span:AUTH-TAD-0406:r1,边界过长,不是时间状语,提取错误：边界过长,在大学期间,,
annotation:span:AUTH-TAD-0406:r2,AnnotationDecision,标注者2-AUTH-TAD-0406,,,,,,,,,,,,,,,,,,,,,,,,,,,,,,,,,,,,,,,,,,,,,,,,,,,,ANONYMIZED_RATER_2,,annotation:span:AUTH-TAD-0406:r2,边界不完整,不是时间状语,提取错误：边界不完整,在大学期间,,
annotation:span:AUTH-TAD-0406:r3,AnnotationDecision,标注者3-AUTH-TAD-0406,,,,,,,,,,,,,,,,,,,,,,,,,,,,,,,,,,,,,,,,,,,,,,,,,,,,ANONYMIZED_RATER_3,,annotation:span:AUTH-TAD-0406:r3,边界过长,不是时间状语,提取错误：边界过长,大学期间,,
sentence:SENT-0129,Sentence,你们晚上吃什么?,,,,,,,,,,,,,,,,,,,,,,,,,,,,,,,,,SENT-0129,你们晚上吃什么?,你们晚上吃什么,国际中文教育中文水平等级标准·语法学习手册（初等）,初等,110,上吃什么? ◎结构特点 疑问代词可以作主语、宾语、定语、状语,来源字段完整但仍需正版逐页核验,,,,,,,,,,,,,,,,,,,,
span:AUTH-TAD-0407,CandidateSpan,AUTH-TAD-0407｜晚上,,,,,,,,,,,,,,,,,,,,,,,,,,,,,,,,,,晚上,,,,,,,AUTH-TAD-0407,晚上,2.0,4.0,located,candidate_span,,,,,,,,,,,,,,
consensus:AUTH-TAD-0407,ConsensusLabel,AUTH-TAD-0407｜时间状语,,,,,,,,,,,,,,,,,,,,,,,,,,,,,,,,,,,,,,,,,,晚上,,,,,consensus:AUTH-TAD-0407,TEMPORAL_ADVERBIAL,完全一致,完全一致,完全一致,,,,,,,,,
annotation:span:AUTH-TAD-0407:r1,AnnotationDecision,标注者1-AUTH-TAD-0407,,,,,,,,,,,,,,,,,,,,,,,,,,,,,,,,,,,,,,,,,,,,,,,,,,,,ANONYMIZED_RATER_1,,annotation:span:AUTH-TAD-0407:r1,正确,是时间状语,时间状语,,,
annotation:span:AUTH-TAD-0407:r2,AnnotationDecision,标注者2-AUTH-TAD-0407,,,,,,,,,,,,,,,,,,,,,,,,,,,,,,,,,,,,,,,,,,,,,,,,,,,,ANONYMIZED_RATER_2,,annotation:span:AUTH-TAD-0407:r2,正确,是时间状语,时间状语,,,
annotation:span:AUTH-TAD-0407:r3,AnnotationDecision,标注者3-AUTH-TAD-0407,,,,,,,,,,,,,,,,,,,,,,,,,,,,,,,,,,,,,,,,,,,,,,,,,,,,ANONYMIZED_RATER_3,,annotation:span:AUTH-TAD-0407:r3,正确,是时间状语,时间状语,,,
sentence:SENT-0340,Sentence,明天比今天更热。,,,,,,,,,,,,,,,,,,,,,,,,,,,,,,,,,SENT-0340,明天比今天更热。,明天比今天更热,国际中文教育中文水平等级标准·语法学习手册（初等）,初等,138,,页面线索缺失,,,,,,,,,,,,,,,,,,,,
span:AUTH-TAD-0408,CandidateSpan,AUTH-TAD-0408｜明天,,,,,,,,,,,,,,,,,,,,,,,,,,,,,,,,,,明天,,,,,,,AUTH-TAD-0408,明天,0.0,2.0,located,candidate_span,,,,,,,,,,,,,,
consensus:AUTH-TAD-0408,ConsensusLabel,AUTH-TAD-0408｜其他/非目标时间用法,,,,,,,,,,,,,,,,,,,,,,,,,,,,,,,,,,,,,,,,,,明天,,,,,consensus:AUTH-TAD-0408,OTHER,多数一致,完全一致,多数一致,,,,,,,,,
annotation:span:AUTH-TAD-0408:r1,AnnotationDecision,标注者1-AUTH-TAD-0408,,,,,,,,,,,,,,,,,,,,,,,,,,,,,,,,,,,,,,,,,,,,,,,,,,,,ANONYMIZED_RATER_1,,annotation:span:AUTH-TAD-0408:r1,正确,不是时间状语,普通时间名词/词语引用,,,
annotation:span:AUTH-TAD-0408:r2,AnnotationDecision,标注者2-AUTH-TAD-0408,,,,,,,,,,,,,,,,,,,,,,,,,,,,,,,,,,,,,,,,,,,,,,,,,,,,ANONYMIZED_RATER_2,,annotation:span:AUTH-TAD-0408:r2,不是时间表达,不是时间状语,提取错误：不是时间表达,无,,
annotation:span:AUTH-TAD-0408:r3,AnnotationDecision,标注者3-AUTH-TAD-0408,,,,,,,,,,,,,,,,,,,,,,,,,,,,,,,,,,,,,,,,,,,,,,,,,,,,ANONYMIZED_RATER_3,,annotation:span:AUTH-TAD-0408:r3,正确,不是时间状语,普通时间名词/词语引用,,,
span:AUTH-TAD-0409,CandidateSpan,AUTH-TAD-0409｜马上,,,,,,,,,,,,,,,,,,,,,,,,,,,,,,,,,,马上,,,,,,,AUTH-TAD-0409,马上,3.0,5.0,located,candidate_span,,,,,,,,,,,,,,
consensus:AUTH-TAD-0409,ConsensusLabel,AUTH-TAD-0409｜时间状语,,,,,,,,,,,,,,,,,,,,,,,,,,,,,,,,,,,,,,,,,,马上,,,,,consensus:AUTH-TAD-0409,TEMPORAL_ADVERBIAL,完全一致,完全一致,完全一致,,,,,,,,,
annotation:span:AUTH-TAD-0409:r1,AnnotationDecision,标注者1-AUTH-TAD-0409,,,,,,,,,,,,,,,,,,,,,,,,,,,,,,,,,,,,,,,,,,,,,,,,,,,,ANONYMIZED_RATER_1,,annotation:span:AUTH-TAD-0409:r1,正确,是时间状语,时间状语,,,
annotation:span:AUTH-TAD-0409:r2,AnnotationDecision,标注者2-AUTH-TAD-0409,,,,,,,,,,,,,,,,,,,,,,,,,,,,,,,,,,,,,,,,,,,,,,,,,,,,ANONYMIZED_RATER_2,,annotation:span:AUTH-TAD-0409:r2,正确,是时间状语,时间状语,,,
annotation:span:AUTH-TAD-0409:r3,AnnotationDecision,标注者3-AUTH-TAD-0409,,,,,,,,,,,,,,,,,,,,,,,,,,,,,,,,,,,,,,,,,,,,,,,,,,,,ANONYMIZED_RATER_3,,annotation:span:AUTH-TAD-0409:r3,正确,是时间状语,时间状语,,,
sentence:SENT-0359,Sentence,是啊，幸好现在有空调。,,,,,,,,,,,,,,,,,,,,,,,,,,,,,,,,,SENT-0359,是啊，幸好现在有空调。,是啊幸好现在有空调,国际中文教育中文水平等级标准·语法学习手册（高等）,高等,17,等) ◎结构特点 “颇”用在形容词或动词性成分前作状语,来源字段完整但仍需正版逐页核验,,,,,,,,,,,,,,,,,,,,
span:AUTH-TAD-0410,CandidateSpan,AUTH-TAD-0410｜现在,,,,,,,,,,,,,,,,,,,,,,,,,,,,,,,,,,现在,,,,,,,AUTH-TAD-0410,现在,5.0,7.0,located,candidate_span,,,,,,,,,,,,,,
consensus:AUTH-TAD-0410,ConsensusLabel,AUTH-TAD-0410｜时间状语,,,,,,,,,,,,,,,,,,,,,,,,,,,,,,,,,,,,,,,,,,现在,,,,,consensus:AUTH-TAD-0410,TEMPORAL_ADVERBIAL,完全一致,完全一致,完全一致,,,,,,,,,
annotation:span:AUTH-TAD-0410:r1,AnnotationDecision,标注者1-AUTH-TAD-0410,,,,,,,,,,,,,,,,,,,,,,,,,,,,,,,,,,,,,,,,,,,,,,,,,,,,ANONYMIZED_RATER_1,,annotation:span:AUTH-TAD-0410:r1,正确,是时间状语,时间状语,,,
annotation:span:AUTH-TAD-0410:r2,AnnotationDecision,标注者2-AUTH-TAD-0410,,,,,,,,,,,,,,,,,,,,,,,,,,,,,,,,,,,,,,,,,,,,,,,,,,,,ANONYMIZED_RATER_2,,annotation:span:AUTH-TAD-0410:r2,正确,是时间状语,时间状语,,,
annotation:span:AUTH-TAD-0410:r3,AnnotationDecision,标注者3-AUTH-TAD-0410,,,,,,,,,,,,,,,,,,,,,,,,,,,,,,,,,,,,,,,,,,,,,,,,,,,,ANONYMIZED_RATER_3,,annotation:span:AUTH-TAD-0410:r3,正确,是时间状语,时间状语,,,
sentence:SENT-0075,Sentence,他今天尽说伤人的话。,,,,,,,,,,,,,,,,,,,,,,,,,,,,,,,,,SENT-0075,他今天尽说伤人的话。,他今天尽说伤人的话,国际中文教育中文水平等级标准·语法学习手册（中等）,中等,270,语法学习手册(中等) ◎ 典型例句和对话 刚上班，分配给 例句 这桌上尽是土,来源字段完整但仍需正版逐页核验,,,,,,,,,,,,,,,,,,,,
span:AUTH-TAD-0411,CandidateSpan,AUTH-TAD-0411｜今天,,,,,,,,,,,,,,,,,,,,,,,,,,,,,,,,,,今天,,,,,,,AUTH-TAD-0411,今天,1.0,3.0,located,candidate_span,,,,,,,,,,,,,,
consensus:AUTH-TAD-0411,ConsensusLabel,AUTH-TAD-0411｜时间状语,,,,,,,,,,,,,,,,,,,,,,,,,,,,,,,,,,,,,,,,,,今天,,,,,consensus:AUTH-TAD-0411,TEMPORAL_ADVERBIAL,完全一致,完全一致,完全一致,,,,,,,,,
annotation:span:AUTH-TAD-0411:r1,AnnotationDecision,标注者1-AUTH-TAD-0411,,,,,,,,,,,,,,,,,,,,,,,,,,,,,,,,,,,,,,,,,,,,,,,,,,,,ANONYMIZED_RATER_1,,annotation:span:AUTH-TAD-0411:r1,正确,是时间状语,时间状语,,,
annotation:span:AUTH-TAD-0411:r2,AnnotationDecision,标注者2-AUTH-TAD-0411,,,,,,,,,,,,,,,,,,,,,,,,,,,,,,,,,,,,,,,,,,,,,,,,,,,,ANONYMIZED_RATER_2,,annotation:span:AUTH-TAD-0411:r2,正确,是时间状语,时间状语,,,
annotation:span:AUTH-TAD-0411:r3,AnnotationDecision,标注者3-AUTH-TAD-0411,,,,,,,,,,,,,,,,,,,,,,,,,,,,,,,,,,,,,,,,,,,,,,,,,,,,ANONYMIZED_RATER_3,,annotation:span:AUTH-TAD-0411:r3,正确,是时间状语,时间状语,,,
sentence:SENT-0031,Sentence,今天一下雨，气温就降下来了。,,,,,,,,,,,,,,,,,,,,,,,,,,,,,,,,,SENT-0031,今天一下雨，气温就降下来了。,今天一下雨气温就降下来了,国际中文教育中文水平等级标准·语法学习手册（高等）,高等,129,,页面线索缺失,,,,,,,,,,,,,,,,,,,,
span:AUTH-TAD-0412,CandidateSpan,AUTH-TAD-0412｜今天,,,,,,,,,,,,,,,,,,,,,,,,,,,,,,,,,,今天,,,,,,,AUTH-TAD-0412,今天,0.0,2.0,located,candidate_span,,,,,,,,,,,,,,
consensus:AUTH-TAD-0412,ConsensusLabel,AUTH-TAD-0412｜时间状语,,,,,,,,,,,,,,,,,,,,,,,,,,,,,,,,,,,,,,,,,,今天,,,,,consensus:AUTH-TAD-0412,TEMPORAL_ADVERBIAL,完全一致,完全一致,完全一致,,,,,,,,,
annotation:span:AUTH-TAD-0412:r1,AnnotationDecision,标注者1-AUTH-TAD-0412,,,,,,,,,,,,,,,,,,,,,,,,,,,,,,,,,,,,,,,,,,,,,,,,,,,,ANONYMIZED_RATER_1,,annotation:span:AUTH-TAD-0412:r1,正确,是时间状语,时间状语,,,
annotation:span:AUTH-TAD-0412:r2,AnnotationDecision,标注者2-AUTH-TAD-0412,,,,,,,,,,,,,,,,,,,,,,,,,,,,,,,,,,,,,,,,,,,,,,,,,,,,ANONYMIZED_RATER_2,,annotation:span:AUTH-TAD-0412:r2,正确,是时间状语,时间状语,,,
annotation:span:AUTH-TAD-0412:r3,AnnotationDecision,标注者3-AUTH-TAD-0412,,,,,,,,,,,,,,,,,,,,,,,,,,,,,,,,,,,,,,,,,,,,,,,,,,,,ANONYMIZED_RATER_3,,annotation:span:AUTH-TAD-0412:r3,正确,是时间状语,时间状语,,,
sentence:SENT-0205,Sentence,她二十岁结了婚，此后丈夫生病，她照顾了四年。,,,,,,,,,,,,,,,,,,,,,,,,,,,,,,,,,SENT-0205,她二十岁结了婚，此后丈夫生病，她照顾了四年。,她二十岁结了婚此后丈夫生病她照顾了四年,国际中文教育中文水平等级标准·语法学习手册（高等）,高等,135,分句间是承接关系，前后分句说出两种情况，后一情况因时间推移或某种原 因而与前一情况相反,来源字段完整但仍需正版逐页核验,,,,,,,,,,,,,,,,,,,,
span:AUTH-TAD-0413,CandidateSpan,AUTH-TAD-0413｜四年,,,,,,,,,,,,,,,,,,,,,,,,,,,,,,,,,,四年,,,,,,,AUTH-TAD-0413,四年,19.0,21.0,located,candidate_span,,,,,,,,,,,,,,
consensus:AUTH-TAD-0413,ConsensusLabel,AUTH-TAD-0413｜时长/时间补语,,,,,,,,,,,,,,,,,,,,,,,,,,,,,,,,,,,,,,,,,,四年,,,,,consensus:AUTH-TAD-0413,COMPLEMENT,多数一致,多数一致,多数一致,,,,,,,,,
annotation:span:AUTH-TAD-0413:r1,AnnotationDecision,标注者1-AUTH-TAD-0413,,,,,,,,,,,,,,,,,,,,,,,,,,,,,,,,,,,,,,,,,,,,,,,,,,,,ANONYMIZED_RATER_1,,annotation:span:AUTH-TAD-0413:r1,正确,不是时间状语,时长补语,,,
annotation:span:AUTH-TAD-0413:r2,AnnotationDecision,标注者2-AUTH-TAD-0413,,,,,,,,,,,,,,,,,,,,,,,,,,,,,,,,,,,,,,,,,,,,,,,,,,,,ANONYMIZED_RATER_2,,annotation:span:AUTH-TAD-0413:r2,正确,不是时间状语,时长补语,,,
annotation:span:AUTH-TAD-0413:r3,AnnotationDecision,标注者3-AUTH-TAD-0413,,,,,,,,,,,,,,,,,,,,,,,,,,,,,,,,,,,,,,,,,,,,,,,,,,,,ANONYMIZED_RATER_3,,annotation:span:AUTH-TAD-0413:r3,漏检：有目标时间状语,是时间状语,漏检,此后,,
span:AUTH-TAD-0414,CandidateSpan,AUTH-TAD-0414｜晚上,,,,,,,,,,,,,,,,,,,,,,,,,,,,,,,,,,晚上,,,,,,,AUTH-TAD-0414,晚上,5.0,7.0,located,candidate_span,,,,,,,,,,,,,,
consensus:AUTH-TAD-0414,ConsensusLabel,AUTH-TAD-0414｜其他/非目标时间用法,,,,,,,,,,,,,,,,,,,,,,,,,,,,,,,,,,,,,,,,,,晚上,,,,,consensus:AUTH-TAD-0414,OTHER,平票,多数一致,平票,,,,,,,,,
annotation:span:AUTH-TAD-0414:r1,AnnotationDecision,标注者1-AUTH-TAD-0414,,,,,,,,,,,,,,,,,,,,,,,,,,,,,,,,,,,,,,,,,,,,,,,,,,,,ANONYMIZED_RATER_1,,annotation:span:AUTH-TAD-0414:r1,边界不完整,不是时间状语,提取错误：边界不完整,一晚上,,
annotation:span:AUTH-TAD-0414:r2,AnnotationDecision,标注者2-AUTH-TAD-0414,,,,,,,,,,,,,,,,,,,,,,,,,,,,,,,,,,,,,,,,,,,,,,,,,,,,ANONYMIZED_RATER_2,,annotation:span:AUTH-TAD-0414:r2,正确,不是时间状语,时长补语,,,
annotation:span:AUTH-TAD-0414:r3,AnnotationDecision,标注者3-AUTH-TAD-0414,,,,,,,,,,,,,,,,,,,,,,,,,,,,,,,,,,,,,,,,,,,,,,,,,,,,ANONYMIZED_RATER_3,,annotation:span:AUTH-TAD-0414:r3,漏检：有目标时间状语,是时间状语,漏检,今天,,
sentence:SENT-0452,Sentence,这次考试非常难，甚至平时学习好的学生都不及格。,,,,,,,,,,,,,,,,,,,,,,,,,,,,,,,,,SENT-0452,这次考试非常难，甚至平时学习好的学生都不及格。,这次考试非常难甚至平时学习好的学生都不及格,国际中文教育中文水平等级标准·语法学习手册（中等）,中等,98,交际实践 补充例句 他学习的时候非常专心，甚至忘了吃饭,来源字段完整但仍需正版逐页核验,,,,,,,,,,,,,,,,,,,,
span:AUTH-TAD-0415,CandidateSpan,AUTH-TAD-0415｜平时,,,,,,,,,,,,,,,,,,,,,,,,,,,,,,,,,,平时,,,,,,,AUTH-TAD-0415,平时,10.0,12.0,located,candidate_span,,,,,,,,,,,,,,
consensus:AUTH-TAD-0415,ConsensusLabel,AUTH-TAD-0415｜时间状语,,,,,,,,,,,,,,,,,,,,,,,,,,,,,,,,,,,,,,,,,,平时,,,,,consensus:AUTH-TAD-0415,TEMPORAL_ADVERBIAL,完全一致,多数一致,多数一致,,,,,,,,,
annotation:span:AUTH-TAD-0415:r1,AnnotationDecision,标注者1-AUTH-TAD-0415,,,,,,,,,,,,,,,,,,,,,,,,,,,,,,,,,,,,,,,,,,,,,,,,,,,,ANONYMIZED_RATER_1,,annotation:span:AUTH-TAD-0415:r1,正确,不是时间状语,时间定语,,,
annotation:span:AUTH-TAD-0415:r2,AnnotationDecision,标注者2-AUTH-TAD-0415,,,,,,,,,,,,,,,,,,,,,,,,,,,,,,,,,,,,,,,,,,,,,,,,,,,,ANONYMIZED_RATER_2,,annotation:span:AUTH-TAD-0415:r2,正确,是时间状语,时间状语,,,
annotation:span:AUTH-TAD-0415:r3,AnnotationDecision,标注者3-AUTH-TAD-0415,,,,,,,,,,,,,,,,,,,,,,,,,,,,,,,,,,,,,,,,,,,,,,,,,,,,ANONYMIZED_RATER_3,,annotation:span:AUTH-TAD-0415:r3,正确,是时间状语,时间状语,,,
sentence:SENT-0101,Sentence,他昨天没来，今天又没来。,,,,,,,,,,,,,,,,,,,,,,,,,,,,,,,,,SENT-0101,他昨天没来，今天又没来。,他昨天没来今天又没来,国际中文教育中文水平等级标准·语法学习手册（初等）,初等,156,你怎么又不高兴了? 今天刚开完会，明天又要开会,来源字段完整但仍需正版逐页核验,,,,,,,,,,,,,,,,,,,,
span:AUTH-TAD-0416,CandidateSpan,AUTH-TAD-0416｜今天,,,,,,,,,,,,,,,,,,,,,,,,,,,,,,,,,,今天,,,,,,,AUTH-TAD-0416,今天,6.0,8.0,located,candidate_span,,,,,,,,,,,,,,
consensus:AUTH-TAD-0416,ConsensusLabel,AUTH-TAD-0416｜时间状语,,,,,,,,,,,,,,,,,,,,,,,,,,,,,,,,,,,,,,,,,,今天,,,,,consensus:AUTH-TAD-0416,TEMPORAL_ADVERBIAL,完全一致,多数一致,多数一致,,,,,,,,,
annotation:span:AUTH-TAD-0416:r1,AnnotationDecision,标注者1-AUTH-TAD-0416,,,,,,,,,,,,,,,,,,,,,,,,,,,,,,,,,,,,,,,,,,,,,,,,,,,,ANONYMIZED_RATER_1,,annotation:span:AUTH-TAD-0416:r1,正确,不是时间状语,普通时间名词/词语引用,,,
annotation:span:AUTH-TAD-0416:r2,AnnotationDecision,标注者2-AUTH-TAD-0416,,,,,,,,,,,,,,,,,,,,,,,,,,,,,,,,,,,,,,,,,,,,,,,,,,,,ANONYMIZED_RATER_2,,annotation:span:AUTH-TAD-0416:r2,正确,是时间状语,时间状语,,,
annotation:span:AUTH-TAD-0416:r3,AnnotationDecision,标注者3-AUTH-TAD-0416,,,,,,,,,,,,,,,,,,,,,,,,,,,,,,,,,,,,,,,,,,,,,,,,,,,,ANONYMIZED_RATER_3,,annotation:span:AUTH-TAD-0416:r3,正确,是时间状语,时间状语,,,
sentence:SENT-0119,Sentence,他经常帮我的忙。,,,,,,,,,,,,,,,,,,,,,,,,,,,,,,,,,SENT-0119,他经常帮我的忙。,他经常帮我的忙,国际中文教育中文水平等级标准·语法学习手册（初等）,初等,260,例如： *他经常帮忙我,来源字段完整但仍需正版逐页核验,,,,,,,,,,,,,,,,,,,,
span:AUTH-TAD-0417,CandidateSpan,AUTH-TAD-0417｜经常,,,,,,,,,,,,,,,,,,,,,,,,,,,,,,,,,,经常,,,,,,,AUTH-TAD-0417,经常,1.0,3.0,located,candidate_span,,,,,,,,,,,,,,
consensus:AUTH-TAD-0417,ConsensusLabel,AUTH-TAD-0417｜时间状语,,,,,,,,,,,,,,,,,,,,,,,,,,,,,,,,,,,,,,,,,,经常,,,,,consensus:AUTH-TAD-0417,TEMPORAL_ADVERBIAL,完全一致,完全一致,完全一致,,,,,,,,,
annotation:span:AUTH-TAD-0417:r1,AnnotationDecision,标注者1-AUTH-TAD-0417,,,,,,,,,,,,,,,,,,,,,,,,,,,,,,,,,,,,,,,,,,,,,,,,,,,,ANONYMIZED_RATER_1,,annotation:span:AUTH-TAD-0417:r1,正确,是时间状语,时间状语,,,
annotation:span:AUTH-TAD-0417:r2,AnnotationDecision,标注者2-AUTH-TAD-0417,,,,,,,,,,,,,,,,,,,,,,,,,,,,,,,,,,,,,,,,,,,,,,,,,,,,ANONYMIZED_RATER_2,,annotation:span:AUTH-TAD-0417:r2,正确,是时间状语,时间状语,,,
annotation:span:AUTH-TAD-0417:r3,AnnotationDecision,标注者3-AUTH-TAD-0417,,,,,,,,,,,,,,,,,,,,,,,,,,,,,,,,,,,,,,,,,,,,,,,,,,,,ANONYMIZED_RATER_3,,annotation:span:AUTH-TAD-0417:r3,正确,是时间状语,时间状语,,,
sentence:SENT-0173,Sentence,去年她一直在外做生意，钱没挣着，却把老公跑了。,,,,,,,,,,,,,,,,,,,,,,,,,,,,,,,,,SENT-0173,去年她一直在外做生意，钱没挣着，却把老公跑了。,去年她一直在外做生意钱没挣着却把老公跑了,国际中文教育中文水平等级标准·语法学习手册（高等）,高等,124,七一九级语法点 ◎ 结构特点 由“个”引导的状态补语有两种形式：肯定形式的补语和否定形式的补,来源字段完整但仍需正版逐页核验,,,,,,,,,,,,,,,,,,,,
span:AUTH-TAD-0418,CandidateSpan,AUTH-TAD-0418｜去年,,,,,,,,,,,,,,,,,,,,,,,,,,,,,,,,,,去年,,,,,,,AUTH-TAD-0418,去年,0.0,2.0,located,candidate_span,,,,,,,,,,,,,,
consensus:AUTH-TAD-0418,ConsensusLabel,AUTH-TAD-0418｜时间状语,,,,,,,,,,,,,,,,,,,,,,,,,,,,,,,,,,,,,,,,,,去年,,,,,consensus:AUTH-TAD-0418,TEMPORAL_ADVERBIAL,完全一致,完全一致,完全一致,,,,,,,,,
annotation:span:AUTH-TAD-0418:r1,AnnotationDecision,标注者1-AUTH-TAD-0418,,,,,,,,,,,,,,,,,,,,,,,,,,,,,,,,,,,,,,,,,,,,,,,,,,,,ANONYMIZED_RATER_1,,annotation:span:AUTH-TAD-0418:r1,正确,是时间状语,时间状语,,,
annotation:span:AUTH-TAD-0418:r2,AnnotationDecision,标注者2-AUTH-TAD-0418,,,,,,,,,,,,,,,,,,,,,,,,,,,,,,,,,,,,,,,,,,,,,,,,,,,,ANONYMIZED_RATER_2,,annotation:span:AUTH-TAD-0418:r2,正确,是时间状语,时间状语,,,
annotation:span:AUTH-TAD-0418:r3,AnnotationDecision,标注者3-AUTH-TAD-0418,,,,,,,,,,,,,,,,,,,,,,,,,,,,,,,,,,,,,,,,,,,,,,,,,,,,ANONYMIZED_RATER_3,,annotation:span:AUTH-TAD-0418:r3,正确,是时间状语,时间状语,,,
span:AUTH-TAD-0419,CandidateSpan,AUTH-TAD-0419｜平时,,,,,,,,,,,,,,,,,,,,,,,,,,,,,,,,,,平时,,,,,,,AUTH-TAD-0419,平时,9.0,11.0,located,candidate_span,,,,,,,,,,,,,,
consensus:AUTH-TAD-0419,ConsensusLabel,AUTH-TAD-0419｜时间定语,,,,,,,,,,,,,,,,,,,,,,,,,,,,,,,,,,,,,,,,,,平时,,,,,consensus:AUTH-TAD-0419,ATTRIBUTE,完全一致,多数一致,平票,,,,,,,,,
annotation:span:AUTH-TAD-0419:r1,AnnotationDecision,标注者1-AUTH-TAD-0419,,,,,,,,,,,,,,,,,,,,,,,,,,,,,,,,,,,,,,,,,,,,,,,,,,,,ANONYMIZED_RATER_1,,annotation:span:AUTH-TAD-0419:r1,正确,不是时间状语,时间定语,,,
annotation:span:AUTH-TAD-0419:r2,AnnotationDecision,标注者2-AUTH-TAD-0419,,,,,,,,,,,,,,,,,,,,,,,,,,,,,,,,,,,,,,,,,,,,,,,,,,,,ANONYMIZED_RATER_2,,annotation:span:AUTH-TAD-0419:r2,正确,是时间状语,时间状语,,,
annotation:span:AUTH-TAD-0419:r3,AnnotationDecision,标注者3-AUTH-TAD-0419,,,,,,,,,,,,,,,,,,,,,,,,,,,,,,,,,,,,,,,,,,,,,,,,,,,,ANONYMIZED_RATER_3,,annotation:span:AUTH-TAD-0419:r3,正确,不是时间状语,普通时间名词/词语引用,,,
span:AUTH-TAD-0420,CandidateSpan,AUTH-TAD-0420｜今年,,,,,,,,,,,,,,,,,,,,,,,,,,,,,,,,,,今年,,,,,,,AUTH-TAD-0420,今年,0.0,2.0,located,candidate_span,,,,,,,,,,,,,,
consensus:AUTH-TAD-0420,ConsensusLabel,AUTH-TAD-0420｜时间状语,,,,,,,,,,,,,,,,,,,,,,,,,,,,,,,,,,,,,,,,,,今年,,,,,consensus:AUTH-TAD-0420,TEMPORAL_ADVERBIAL,完全一致,多数一致,多数一致,,,,,,,,,
annotation:span:AUTH-TAD-0420:r1,AnnotationDecision,标注者1-AUTH-TAD-0420,,,,,,,,,,,,,,,,,,,,,,,,,,,,,,,,,,,,,,,,,,,,,,,,,,,,ANONYMIZED_RATER_1,,annotation:span:AUTH-TAD-0420:r1,正确,不是时间状语,时间定语,,,
annotation:span:AUTH-TAD-0420:r2,AnnotationDecision,标注者2-AUTH-TAD-0420,,,,,,,,,,,,,,,,,,,,,,,,,,,,,,,,,,,,,,,,,,,,,,,,,,,,ANONYMIZED_RATER_2,,annotation:span:AUTH-TAD-0420:r2,正确,是时间状语,时间状语,,,
annotation:span:AUTH-TAD-0420:r3,AnnotationDecision,标注者3-AUTH-TAD-0420,,,,,,,,,,,,,,,,,,,,,,,,,,,,,,,,,,,,,,,,,,,,,,,,,,,,ANONYMIZED_RATER_3,,annotation:span:AUTH-TAD-0420:r3,正确,是时间状语,时间状语,,,
sentence:SENT-0271,Sentence,我们分开以后，彼此的联系少了。,,,,,,,,,,,,,,,,,,,,,,,,,,,,,,,,,SENT-0271,我们分开以后，彼此的联系少了。,我们分开以后彼此的联系少了,国际中文教育中文水平等级标准·语法学习手册（中等）,中等,138,我们分开以后，彼此的联系少了,来源字段完整但仍需正版逐页核验,,,,,,,,,,,,,,,,,,,,
span:AUTH-TAD-0421,CandidateSpan,AUTH-TAD-0421｜我们分开以后,,,,,,,,,,,,,,,,,,,,,,,,,,,,,,,,,,我们分开以后,,,,,,,AUTH-TAD-0421,我们分开以后,0.0,6.0,located,candidate_span,,,,,,,,,,,,,,
consensus:AUTH-TAD-0421,ConsensusLabel,AUTH-TAD-0421｜时间状语,,,,,,,,,,,,,,,,,,,,,,,,,,,,,,,,,,,,,,,,,,我们分开以后,,,,,consensus:AUTH-TAD-0421,TEMPORAL_ADVERBIAL,完全一致,完全一致,完全一致,,,,,,,,,
annotation:span:AUTH-TAD-0421:r1,AnnotationDecision,标注者1-AUTH-TAD-0421,,,,,,,,,,,,,,,,,,,,,,,,,,,,,,,,,,,,,,,,,,,,,,,,,,,,ANONYMIZED_RATER_1,,annotation:span:AUTH-TAD-0421:r1,正确,是时间状语,时间状语,,,
annotation:span:AUTH-TAD-0421:r2,AnnotationDecision,标注者2-AUTH-TAD-0421,,,,,,,,,,,,,,,,,,,,,,,,,,,,,,,,,,,,,,,,,,,,,,,,,,,,ANONYMIZED_RATER_2,,annotation:span:AUTH-TAD-0421:r2,正确,是时间状语,时间状语,,,
annotation:span:AUTH-TAD-0421:r3,AnnotationDecision,标注者3-AUTH-TAD-0421,,,,,,,,,,,,,,,,,,,,,,,,,,,,,,,,,,,,,,,,,,,,,,,,,,,,ANONYMIZED_RATER_3,,annotation:span:AUTH-TAD-0421:r3,正确,是时间状语,时间状语,,,
sentence:SENT-0445,Sentence,这几年的冬天都很冷，而今年冬天格外冷。,,,,,,,,,,,,,,,,,,,,,,,,,,,,,,,,,SENT-0445,这几年的冬天都很冷，而今年冬天格外冷。,这几年的冬天都很冷而今年冬天格外冷,国际中文教育中文水平等级标准·语法学习手册（中等）,中等,51,典型例句和对话 ◎补充例句 最近北方下雪越 读书的时候应该静 我们学校的三个队都取 例句 来越,来源字段完整但仍需正版逐页核验,,,,,,,,,,,,,,,,,,,,
span:AUTH-TAD-0422,CandidateSpan,AUTH-TAD-0422｜今年,,,,,,,,,,,,,,,,,,,,,,,,,,,,,,,,,,今年,,,,,,,AUTH-TAD-0422,今年,11.0,13.0,located,candidate_span,,,,,,,,,,,,,,
consensus:AUTH-TAD-0422,ConsensusLabel,AUTH-TAD-0422｜时间状语,,,,,,,,,,,,,,,,,,,,,,,,,,,,,,,,,,,,,,,,,,今年,,,,,consensus:AUTH-TAD-0422,TEMPORAL_ADVERBIAL,完全一致,多数一致,多数一致,,,,,,,,,
annotation:span:AUTH-TAD-0422:r1,AnnotationDecision,标注者1-AUTH-TAD-0422,,,,,,,,,,,,,,,,,,,,,,,,,,,,,,,,,,,,,,,,,,,,,,,,,,,,ANONYMIZED_RATER_1,,annotation:span:AUTH-TAD-0422:r1,正确,不是时间状语,时间定语,,,
annotation:span:AUTH-TAD-0422:r2,AnnotationDecision,标注者2-AUTH-TAD-0422,,,,,,,,,,,,,,,,,,,,,,,,,,,,,,,,,,,,,,,,,,,,,,,,,,,,ANONYMIZED_RATER_2,,annotation:span:AUTH-TAD-0422:r2,正确,是时间状语,时间状语,,,
annotation:span:AUTH-TAD-0422:r3,AnnotationDecision,标注者3-AUTH-TAD-0422,,,,,,,,,,,,,,,,,,,,,,,,,,,,,,,,,,,,,,,,,,,,,,,,,,,,ANONYMIZED_RATER_3,,annotation:span:AUTH-TAD-0422:r3,正确,是时间状语,时间状语,,,
sentence:SENT-0017,Sentence,不知谁说的，下个月要期末考试了。,,,,,,,,,,,,,,,,,,,,,,,,,,,,,,,,,SENT-0017,不知谁说的，下个月要期末考试了。,不知谁说的下个月要期末考试了,国际中文教育中文水平等级标准·语法学习手册（高等）,高等,199,X经常是含有疑问代词的词语，如“怎么、怎么搞、,来源字段完整但仍需正版逐页核验,,,,,,,,,,,,,,,,,,,,
span:AUTH-TAD-0423,CandidateSpan,AUTH-TAD-0423｜下个月,,,,,,,,,,,,,,,,,,,,,,,,,,,,,,,,,,下个月,,,,,,,AUTH-TAD-0423,下个月,6.0,9.0,located,candidate_span,,,,,,,,,,,,,,
consensus:AUTH-TAD-0423,ConsensusLabel,AUTH-TAD-0423｜时间状语,,,,,,,,,,,,,,,,,,,,,,,,,,,,,,,,,,,,,,,,,,下个月,,,,,consensus:AUTH-TAD-0423,TEMPORAL_ADVERBIAL,完全一致,完全一致,完全一致,,,,,,,,,
annotation:span:AUTH-TAD-0423:r1,AnnotationDecision,标注者1-AUTH-TAD-0423,,,,,,,,,,,,,,,,,,,,,,,,,,,,,,,,,,,,,,,,,,,,,,,,,,,,ANONYMIZED_RATER_1,,annotation:span:AUTH-TAD-0423:r1,正确,是时间状语,时间状语,,,
annotation:span:AUTH-TAD-0423:r2,AnnotationDecision,标注者2-AUTH-TAD-0423,,,,,,,,,,,,,,,,,,,,,,,,,,,,,,,,,,,,,,,,,,,,,,,,,,,,ANONYMIZED_RATER_2,,annotation:span:AUTH-TAD-0423:r2,正确,是时间状语,时间状语,,,
annotation:span:AUTH-TAD-0423:r3,AnnotationDecision,标注者3-AUTH-TAD-0423,,,,,,,,,,,,,,,,,,,,,,,,,,,,,,,,,,,,,,,,,,,,,,,,,,,,ANONYMIZED_RATER_3,,annotation:span:AUTH-TAD-0423:r3,正确,是时间状语,时间状语,,,
sentence:SENT-0221,Sentence,她连续工作了那么多天，今天好容易才有空儿休息。,,,,,,,,,,,,,,,,,,,,,,,,,,,,,,,,,SENT-0221,她连续工作了那么多天，今天好容易才有空儿休息。,她连续工作了那么多天今天好容易才有空儿休息,国际中文教育中文水平等级标准·语法学习手册（中等）,中等,325,,页面线索缺失,,,,,,,,,,,,,,,,,,,,
span:AUTH-TAD-0424,CandidateSpan,AUTH-TAD-0424｜今天,,,,,,,,,,,,,,,,,,,,,,,,,,,,,,,,,,今天,,,,,,,AUTH-TAD-0424,今天,11.0,13.0,located,candidate_span,,,,,,,,,,,,,,
consensus:AUTH-TAD-0424,ConsensusLabel,AUTH-TAD-0424｜时间状语,,,,,,,,,,,,,,,,,,,,,,,,,,,,,,,,,,,,,,,,,,今天,,,,,consensus:AUTH-TAD-0424,TEMPORAL_ADVERBIAL,完全一致,完全一致,完全一致,,,,,,,,,
annotation:span:AUTH-TAD-0424:r1,AnnotationDecision,标注者1-AUTH-TAD-0424,,,,,,,,,,,,,,,,,,,,,,,,,,,,,,,,,,,,,,,,,,,,,,,,,,,,ANONYMIZED_RATER_1,,annotation:span:AUTH-TAD-0424:r1,正确,是时间状语,时间状语,,,
annotation:span:AUTH-TAD-0424:r2,AnnotationDecision,标注者2-AUTH-TAD-0424,,,,,,,,,,,,,,,,,,,,,,,,,,,,,,,,,,,,,,,,,,,,,,,,,,,,ANONYMIZED_RATER_2,,annotation:span:AUTH-TAD-0424:r2,正确,是时间状语,时间状语,,,
annotation:span:AUTH-TAD-0424:r3,AnnotationDecision,标注者3-AUTH-TAD-0424,,,,,,,,,,,,,,,,,,,,,,,,,,,,,,,,,,,,,,,,,,,,,,,,,,,,ANONYMIZED_RATER_3,,annotation:span:AUTH-TAD-0424:r3,正确,是时间状语,时间状语,,,
sentence:SENT-0429,Sentence,距离交作业的日期还有几天呢，明天做来得及。,,,,,,,,,,,,,,,,,,,,,,,,,,,,,,,,,SENT-0429,距离交作业的日期还有几天呢，明天做来得及。,距离交作业的日期还有几天呢明天做来得及,国际中文教育中文水平等级标准·语法学习手册（中等）,中等,59,"(中等) 看来(+S)+P?,S+P? 看来 还有时间，我们 不用着急，可以慢慢吃",来源字段完整但仍需正版逐页核验,,,,,,,,,,,,,,,,,,,,
span:AUTH-TAD-0425,CandidateSpan,AUTH-TAD-0425｜明天,,,,,,,,,,,,,,,,,,,,,,,,,,,,,,,,,,明天,,,,,,,AUTH-TAD-0425,明天,14.0,16.0,located,candidate_span,,,,,,,,,,,,,,
consensus:AUTH-TAD-0425,ConsensusLabel,AUTH-TAD-0425｜时间状语,,,,,,,,,,,,,,,,,,,,,,,,,,,,,,,,,,,,,,,,,,明天,,,,,consensus:AUTH-TAD-0425,TEMPORAL_ADVERBIAL,完全一致,多数一致,多数一致,,,,,,,,,
annotation:span:AUTH-TAD-0425:r1,AnnotationDecision,标注者1-AUTH-TAD-0425,,,,,,,,,,,,,,,,,,,,,,,,,,,,,,,,,,,,,,,,,,,,,,,,,,,,ANONYMIZED_RATER_1,,annotation:span:AUTH-TAD-0425:r1,正确,是时间状语,时间状语,,,
annotation:span:AUTH-TAD-0425:r2,AnnotationDecision,标注者2-AUTH-TAD-0425,,,,,,,,,,,,,,,,,,,,,,,,,,,,,,,,,,,,,,,,,,,,,,,,,,,,ANONYMIZED_RATER_2,,annotation:span:AUTH-TAD-0425:r2,正确,是时间状语,时间状语,,,
annotation:span:AUTH-TAD-0425:r3,AnnotationDecision,标注者3-AUTH-TAD-0425,,,,,,,,,,,,,,,,,,,,,,,,,,,,,,,,,,,,,,,,,,,,,,,,,,,,ANONYMIZED_RATER_3,,annotation:span:AUTH-TAD-0425:r3,正确,不是时间状语,普通时间名词/词语引用,,,
sentence:SENT-0043,Sentence,今天学校举办国际文化节，校园里热闹得不行。,,,,,,,,,,,,,,,,,,,,,,,,,,,,,,,,,SENT-0043,今天学校举办国际文化节，校园里热闹得不行。,今天学校举办国际文化节校园里热闹得不行,国际中文教育中文水平等级标准·语法学习手册（高等）,高等,121,育中文水平等级标准·语法学习手册(高等) 84程度补语3(1):形容词/动词+得+不行【七一九,来源字段完整但仍需正版逐页核验,,,,,,,,,,,,,,,,,,,,
span:AUTH-TAD-0426,CandidateSpan,AUTH-TAD-0426｜今天,,,,,,,,,,,,,,,,,,,,,,,,,,,,,,,,,,今天,,,,,,,AUTH-TAD-0426,今天,0.0,2.0,located,candidate_span,,,,,,,,,,,,,,
consensus:AUTH-TAD-0426,ConsensusLabel,AUTH-TAD-0426｜时间状语,,,,,,,,,,,,,,,,,,,,,,,,,,,,,,,,,,,,,,,,,,今天,,,,,consensus:AUTH-TAD-0426,TEMPORAL_ADVERBIAL,完全一致,完全一致,完全一致,,,,,,,,,
annotation:span:AUTH-TAD-0426:r1,AnnotationDecision,标注者1-AUTH-TAD-0426,,,,,,,,,,,,,,,,,,,,,,,,,,,,,,,,,,,,,,,,,,,,,,,,,,,,ANONYMIZED_RATER_1,,annotation:span:AUTH-TAD-0426:r1,正确,是时间状语,时间状语,,,
annotation:span:AUTH-TAD-0426:r2,AnnotationDecision,标注者2-AUTH-TAD-0426,,,,,,,,,,,,,,,,,,,,,,,,,,,,,,,,,,,,,,,,,,,,,,,,,,,,ANONYMIZED_RATER_2,,annotation:span:AUTH-TAD-0426:r2,正确,是时间状语,时间状语,,,
annotation:span:AUTH-TAD-0426:r3,AnnotationDecision,标注者3-AUTH-TAD-0426,,,,,,,,,,,,,,,,,,,,,,,,,,,,,,,,,,,,,,,,,,,,,,,,,,,,ANONYMIZED_RATER_3,,annotation:span:AUTH-TAD-0426:r3,正确,是时间状语,时间状语,,,
sentence:SENT-0343,Sentence,明年我们将去国外考察。,,,,,,,,,,,,,,,,,,,,,,,,,,,,,,,,,SENT-0343,明年我们将去国外考察。,明年我们将去国外考察,国际中文教育中文水平等级标准·语法学习手册（中等）,中等,150,考察，所以要讨论 妈妈：天气将晴转 B:我已经想好了，不 一下儿具体的细节,来源字段完整但仍需正版逐页核验,,,,,,,,,,,,,,,,,,,,
span:AUTH-TAD-0427,CandidateSpan,AUTH-TAD-0427｜明年,,,,,,,,,,,,,,,,,,,,,,,,,,,,,,,,,,明年,,,,,,,AUTH-TAD-0427,明年,0.0,2.0,located,candidate_span,,,,,,,,,,,,,,
consensus:AUTH-TAD-0427,ConsensusLabel,AUTH-TAD-0427｜时间状语,,,,,,,,,,,,,,,,,,,,,,,,,,,,,,,,,,,,,,,,,,明年,,,,,consensus:AUTH-TAD-0427,TEMPORAL_ADVERBIAL,完全一致,完全一致,完全一致,,,,,,,,,
annotation:span:AUTH-TAD-0427:r1,AnnotationDecision,标注者1-AUTH-TAD-0427,,,,,,,,,,,,,,,,,,,,,,,,,,,,,,,,,,,,,,,,,,,,,,,,,,,,ANONYMIZED_RATER_1,,annotation:span:AUTH-TAD-0427:r1,正确,是时间状语,时间状语,,,
annotation:span:AUTH-TAD-0427:r2,AnnotationDecision,标注者2-AUTH-TAD-0427,,,,,,,,,,,,,,,,,,,,,,,,,,,,,,,,,,,,,,,,,,,,,,,,,,,,ANONYMIZED_RATER_2,,annotation:span:AUTH-TAD-0427:r2,正确,是时间状语,时间状语,,,
annotation:span:AUTH-TAD-0427:r3,AnnotationDecision,标注者3-AUTH-TAD-0427,,,,,,,,,,,,,,,,,,,,,,,,,,,,,,,,,,,,,,,,,,,,,,,,,,,,ANONYMIZED_RATER_3,,annotation:span:AUTH-TAD-0427:r3,正确,是时间状语,时间状语,,,
sentence:SENT-0160,Sentence,公司下周将要举行开业典礼。,,,,,,,,,,,,,,,,,,,,,,,,,,,,,,,,,SENT-0160,公司下周将要举行开业典礼。,公司下周将要举行开业典礼,国际中文教育中文水平等级标准·语法学习手册（中等）,中等,151,水平等级标准·语法学习手册(中等) 【五05】11时间副词(3):将要 ◎ 基本语义及用法 (,来源字段完整但仍需正版逐页核验,,,,,,,,,,,,,,,,,,,,
span:AUTH-TAD-0428,CandidateSpan,AUTH-TAD-0428｜下周,,,,,,,,,,,,,,,,,,,,,,,,,,,,,,,,,,下周,,,,,,,AUTH-TAD-0428,下周,2.0,4.0,located,candidate_span,,,,,,,,,,,,,,
consensus:AUTH-TAD-0428,ConsensusLabel,AUTH-TAD-0428｜时间状语,,,,,,,,,,,,,,,,,,,,,,,,,,,,,,,,,,,,,,,,,,下周,,,,,consensus:AUTH-TAD-0428,TEMPORAL_ADVERBIAL,完全一致,完全一致,完全一致,,,,,,,,,
annotation:span:AUTH-TAD-0428:r1,AnnotationDecision,标注者1-AUTH-TAD-0428,,,,,,,,,,,,,,,,,,,,,,,,,,,,,,,,,,,,,,,,,,,,,,,,,,,,ANONYMIZED_RATER_1,,annotation:span:AUTH-TAD-0428:r1,正确,是时间状语,时间状语,,,
annotation:span:AUTH-TAD-0428:r2,AnnotationDecision,标注者2-AUTH-TAD-0428,,,,,,,,,,,,,,,,,,,,,,,,,,,,,,,,,,,,,,,,,,,,,,,,,,,,ANONYMIZED_RATER_2,,annotation:span:AUTH-TAD-0428:r2,正确,是时间状语,时间状语,,,
annotation:span:AUTH-TAD-0428:r3,AnnotationDecision,标注者3-AUTH-TAD-0428,,,,,,,,,,,,,,,,,,,,,,,,,,,,,,,,,,,,,,,,,,,,,,,,,,,,ANONYMIZED_RATER_3,,annotation:span:AUTH-TAD-0428:r3,正确,是时间状语,时间状语,,,
span:AUTH-TAD-0429,CandidateSpan,AUTH-TAD-0429｜昨天,,,,,,,,,,,,,,,,,,,,,,,,,,,,,,,,,,昨天,,,,,,,AUTH-TAD-0429,昨天,1.0,3.0,located,candidate_span,,,,,,,,,,,,,,
consensus:AUTH-TAD-0429,ConsensusLabel,AUTH-TAD-0429｜时间状语,,,,,,,,,,,,,,,,,,,,,,,,,,,,,,,,,,,,,,,,,,昨天,,,,,consensus:AUTH-TAD-0429,TEMPORAL_ADVERBIAL,完全一致,完全一致,完全一致,,,,,,,,,
annotation:span:AUTH-TAD-0429:r1,AnnotationDecision,标注者1-AUTH-TAD-0429,,,,,,,,,,,,,,,,,,,,,,,,,,,,,,,,,,,,,,,,,,,,,,,,,,,,ANONYMIZED_RATER_1,,annotation:span:AUTH-TAD-0429:r1,正确,是时间状语,时间状语,,,
annotation:span:AUTH-TAD-0429:r2,AnnotationDecision,标注者2-AUTH-TAD-0429,,,,,,,,,,,,,,,,,,,,,,,,,,,,,,,,,,,,,,,,,,,,,,,,,,,,ANONYMIZED_RATER_2,,annotation:span:AUTH-TAD-0429:r2,正确,是时间状语,时间状语,,,
annotation:span:AUTH-TAD-0429:r3,AnnotationDecision,标注者3-AUTH-TAD-0429,,,,,,,,,,,,,,,,,,,,,,,,,,,,,,,,,,,,,,,,,,,,,,,,,,,,ANONYMIZED_RATER_3,,annotation:span:AUTH-TAD-0429:r3,正确,是时间状语,时间状语,,,
sentence:SENT-0263,Sentence,我今天回来得晚，幸好没有被爸爸发现。,,,,,,,,,,,,,,,,,,,,,,,,,,,,,,,,,SENT-0263,我今天回来得晚，幸好没有被爸爸发现。,我今天回来得晚幸好没有被爸爸发现,国际中文教育中文水平等级标准·语法学习手册（高等）,高等,67,小提示 “幸好”在承接上文后，如果语义已经很明确时，后面的分句可以不出现,来源字段完整但仍需正版逐页核验,,,,,,,,,,,,,,,,,,,,
span:AUTH-TAD-0430,CandidateSpan,AUTH-TAD-0430｜今天,,,,,,,,,,,,,,,,,,,,,,,,,,,,,,,,,,今天,,,,,,,AUTH-TAD-0430,今天,1.0,3.0,located,candidate_span,,,,,,,,,,,,,,
consensus:AUTH-TAD-0430,ConsensusLabel,AUTH-TAD-0430｜时间状语,,,,,,,,,,,,,,,,,,,,,,,,,,,,,,,,,,,,,,,,,,今天,,,,,consensus:AUTH-TAD-0430,TEMPORAL_ADVERBIAL,完全一致,完全一致,完全一致,,,,,,,,,
annotation:span:AUTH-TAD-0430:r1,AnnotationDecision,标注者1-AUTH-TAD-0430,,,,,,,,,,,,,,,,,,,,,,,,,,,,,,,,,,,,,,,,,,,,,,,,,,,,ANONYMIZED_RATER_1,,annotation:span:AUTH-TAD-0430:r1,正确,是时间状语,时间状语,,,
annotation:span:AUTH-TAD-0430:r2,AnnotationDecision,标注者2-AUTH-TAD-0430,,,,,,,,,,,,,,,,,,,,,,,,,,,,,,,,,,,,,,,,,,,,,,,,,,,,ANONYMIZED_RATER_2,,annotation:span:AUTH-TAD-0430:r2,正确,是时间状语,时间状语,,,
annotation:span:AUTH-TAD-0430:r3,AnnotationDecision,标注者3-AUTH-TAD-0430,,,,,,,,,,,,,,,,,,,,,,,,,,,,,,,,,,,,,,,,,,,,,,,,,,,,ANONYMIZED_RATER_3,,annotation:span:AUTH-TAD-0430:r3,正确,是时间状语,时间状语,,,
sentence:SENT-0279,Sentence,我们现在买不买机票?,,,,,,,,,,,,,,,,,,,,,,,,,,,,,,,,,SENT-0279,我们现在买不买机票?,我们现在买不买机票,国际中文教育中文水平等级标准·语法学习手册（初等）,初等,111,B:不用，马上就干完了,来源字段完整但仍需正版逐页核验,,,,,,,,,,,,,,,,,,,,
span:AUTH-TAD-0431,CandidateSpan,AUTH-TAD-0431｜现在,,,,,,,,,,,,,,,,,,,,,,,,,,,,,,,,,,现在,,,,,,,AUTH-TAD-0431,现在,2.0,4.0,located,candidate_span,,,,,,,,,,,,,,
consensus:AUTH-TAD-0431,ConsensusLabel,AUTH-TAD-0431｜时间状语,,,,,,,,,,,,,,,,,,,,,,,,,,,,,,,,,,,,,,,,,,现在,,,,,consensus:AUTH-TAD-0431,TEMPORAL_ADVERBIAL,完全一致,完全一致,完全一致,,,,,,,,,
annotation:span:AUTH-TAD-0431:r1,AnnotationDecision,标注者1-AUTH-TAD-0431,,,,,,,,,,,,,,,,,,,,,,,,,,,,,,,,,,,,,,,,,,,,,,,,,,,,ANONYMIZED_RATER_1,,annotation:span:AUTH-TAD-0431:r1,正确,是时间状语,时间状语,,,
annotation:span:AUTH-TAD-0431:r2,AnnotationDecision,标注者2-AUTH-TAD-0431,,,,,,,,,,,,,,,,,,,,,,,,,,,,,,,,,,,,,,,,,,,,,,,,,,,,ANONYMIZED_RATER_2,,annotation:span:AUTH-TAD-0431:r2,正确,是时间状语,时间状语,,,
annotation:span:AUTH-TAD-0431:r3,AnnotationDecision,标注者3-AUTH-TAD-0431,,,,,,,,,,,,,,,,,,,,,,,,,,,,,,,,,,,,,,,,,,,,,,,,,,,,ANONYMIZED_RATER_3,,annotation:span:AUTH-TAD-0431:r3,正确,是时间状语,时间状语,,,
sentence:SENT-0232,Sentence,学校一月前后放假。,,,,,,,,,,,,,,,,,,,,,,,,,,,,,,,,,SENT-0232,学校一月前后放假。,学校一月前后放假,国际中文教育中文水平等级标准·语法学习手册（初等）,初等,388,级语法点 ◎典型例句和对话 例句 我的中文老师 我每天八点左右 公司的晚会在春节前后 三十岁左,来源字段完整但仍需正版逐页核验,,,,,,,,,,,,,,,,,,,,
span:AUTH-TAD-0432,CandidateSpan,AUTH-TAD-0432｜一月,,,,,,,,,,,,,,,,,,,,,,,,,,,,,,,,,,一月,,,,,,,AUTH-TAD-0432,一月前后,2.0,4.0,located,majority_fixed_span,,,,,,,,,,,,,,
consensus:AUTH-TAD-0432,ConsensusLabel,AUTH-TAD-0432｜其他/非目标时间用法,,,,,,,,,,,,,,,,,,,,,,,,,,,,,,,,,,,,,,,,,,一月前后,,,,,consensus:AUTH-TAD-0432,OTHER,多数一致,多数一致,多数一致,,,,,,,,,
annotation:span:AUTH-TAD-0432:r1,AnnotationDecision,标注者1-AUTH-TAD-0432,,,,,,,,,,,,,,,,,,,,,,,,,,,,,,,,,,,,,,,,,,,,,,,,,,,,ANONYMIZED_RATER_1,,annotation:span:AUTH-TAD-0432:r1,正确,是时间状语,时间状语,,,
annotation:span:AUTH-TAD-0432:r2,AnnotationDecision,标注者2-AUTH-TAD-0432,,,,,,,,,,,,,,,,,,,,,,,,,,,,,,,,,,,,,,,,,,,,,,,,,,,,ANONYMIZED_RATER_2,,annotation:span:AUTH-TAD-0432:r2,边界不完整,不是时间状语,提取错误：边界不完整,一月前后,,
annotation:span:AUTH-TAD-0432:r3,AnnotationDecision,标注者3-AUTH-TAD-0432,,,,,,,,,,,,,,,,,,,,,,,,,,,,,,,,,,,,,,,,,,,,,,,,,,,,ANONYMIZED_RATER_3,,annotation:span:AUTH-TAD-0432:r3,边界不完整,不是时间状语,提取错误：边界不完整,一月前后,,
sentence:SENT-0123,Sentence,他那里保存着每年的检查报告。,,,,,,,,,,,,,,,,,,,,,,,,,,,,,,,,,SENT-0123,他那里保存着每年的检查报告。,他那里保存着每年的检查报告,国际中文教育中文水平等级标准·语法学习手册（初等）,初等,266,B:办公室已经发了通 知，每位员工都要 参加这次会议,来源字段完整但仍需正版逐页核验,,,,,,,,,,,,,,,,,,,,
span:AUTH-TAD-0433,CandidateSpan,AUTH-TAD-0433｜每年,,,,,,,,,,,,,,,,,,,,,,,,,,,,,,,,,,每年,,,,,,,AUTH-TAD-0433,每年,6.0,8.0,located,candidate_span,,,,,,,,,,,,,,
consensus:AUTH-TAD-0433,ConsensusLabel,AUTH-TAD-0433｜时间定语,,,,,,,,,,,,,,,,,,,,,,,,,,,,,,,,,,,,,,,,,,每年,,,,,consensus:AUTH-TAD-0433,ATTRIBUTE,完全一致,完全一致,完全一致,,,,,,,,,
annotation:span:AUTH-TAD-0433:r1,AnnotationDecision,标注者1-AUTH-TAD-0433,,,,,,,,,,,,,,,,,,,,,,,,,,,,,,,,,,,,,,,,,,,,,,,,,,,,ANONYMIZED_RATER_1,,annotation:span:AUTH-TAD-0433:r1,正确,不是时间状语,时间定语,,,
annotation:span:AUTH-TAD-0433:r2,AnnotationDecision,标注者2-AUTH-TAD-0433,,,,,,,,,,,,,,,,,,,,,,,,,,,,,,,,,,,,,,,,,,,,,,,,,,,,ANONYMIZED_RATER_2,,annotation:span:AUTH-TAD-0433:r2,正确,不是时间状语,时间定语,,,
annotation:span:AUTH-TAD-0433:r3,AnnotationDecision,标注者3-AUTH-TAD-0433,,,,,,,,,,,,,,,,,,,,,,,,,,,,,,,,,,,,,,,,,,,,,,,,,,,,ANONYMIZED_RATER_3,,annotation:span:AUTH-TAD-0433:r3,正确,不是时间状语,时间定语,,,
sentence:SENT-0420,Sentence,自开学以来，我已经读完三本小说了。,,,,,,,,,,,,,,,,,,,,,,,,,,,,,,,,,SENT-0420,自开学以来，我已经读完三本小说了。,自开学以来我已经读完三本小说了,国际中文教育中文水平等级标准·语法学习手册（中等）,中等,39,准·语法学习手册(中等) 【四13】22介词(引出时间、处所):自 ◎基本语义及用法 表示时间,来源字段完整但仍需正版逐页核验,,,,,,,,,,,,,,,,,,,,
span:AUTH-TAD-0434,CandidateSpan,AUTH-TAD-0434｜自开学以来,,,,,,,,,,,,,,,,,,,,,,,,,,,,,,,,,,自开学以来,,,,,,,AUTH-TAD-0434,自开学以来,0.0,5.0,located,candidate_span,,,,,,,,,,,,,,
consensus:AUTH-TAD-0434,ConsensusLabel,AUTH-TAD-0434｜时间状语,,,,,,,,,,,,,,,,,,,,,,,,,,,,,,,,,,,,,,,,,,自开学以来,,,,,consensus:AUTH-TAD-0434,TEMPORAL_ADVERBIAL,完全一致,完全一致,完全一致,,,,,,,,,
annotation:span:AUTH-TAD-0434:r1,AnnotationDecision,标注者1-AUTH-TAD-0434,,,,,,,,,,,,,,,,,,,,,,,,,,,,,,,,,,,,,,,,,,,,,,,,,,,,ANONYMIZED_RATER_1,,annotation:span:AUTH-TAD-0434:r1,正确,是时间状语,时间状语,,,
annotation:span:AUTH-TAD-0434:r2,AnnotationDecision,标注者2-AUTH-TAD-0434,,,,,,,,,,,,,,,,,,,,,,,,,,,,,,,,,,,,,,,,,,,,,,,,,,,,ANONYMIZED_RATER_2,,annotation:span:AUTH-TAD-0434:r2,正确,是时间状语,时间状语,,,
annotation:span:AUTH-TAD-0434:r3,AnnotationDecision,标注者3-AUTH-TAD-0434,,,,,,,,,,,,,,,,,,,,,,,,,,,,,,,,,,,,,,,,,,,,,,,,,,,,ANONYMIZED_RATER_3,,annotation:span:AUTH-TAD-0434:r3,正确,是时间状语,时间状语,,,
sentence:SENT-0191,Sentence,喝，现在渴极了。,,,,,,,,,,,,,,,,,,,,,,,,,,,,,,,,,SENT-0191,喝，现在渴极了。,喝现在渴极了,国际中文教育中文水平等级标准·语法学习手册（初等）,初等,342,,页面线索缺失,,,,,,,,,,,,,,,,,,,,
span:AUTH-TAD-0435,CandidateSpan,AUTH-TAD-0435｜现在,,,,,,,,,,,,,,,,,,,,,,,,,,,,,,,,,,现在,,,,,,,AUTH-TAD-0435,现在,2.0,4.0,located,candidate_span,,,,,,,,,,,,,,
consensus:AUTH-TAD-0435,ConsensusLabel,AUTH-TAD-0435｜时间状语,,,,,,,,,,,,,,,,,,,,,,,,,,,,,,,,,,,,,,,,,,现在,,,,,consensus:AUTH-TAD-0435,TEMPORAL_ADVERBIAL,完全一致,完全一致,完全一致,,,,,,,,,
annotation:span:AUTH-TAD-0435:r1,AnnotationDecision,标注者1-AUTH-TAD-0435,,,,,,,,,,,,,,,,,,,,,,,,,,,,,,,,,,,,,,,,,,,,,,,,,,,,ANONYMIZED_RATER_1,,annotation:span:AUTH-TAD-0435:r1,正确,是时间状语,时间状语,,,
annotation:span:AUTH-TAD-0435:r2,AnnotationDecision,标注者2-AUTH-TAD-0435,,,,,,,,,,,,,,,,,,,,,,,,,,,,,,,,,,,,,,,,,,,,,,,,,,,,ANONYMIZED_RATER_2,,annotation:span:AUTH-TAD-0435:r2,正确,是时间状语,时间状语,,,
annotation:span:AUTH-TAD-0435:r3,AnnotationDecision,标注者3-AUTH-TAD-0435,,,,,,,,,,,,,,,,,,,,,,,,,,,,,,,,,,,,,,,,,,,,,,,,,,,,ANONYMIZED_RATER_3,,annotation:span:AUTH-TAD-0435:r3,正确,是时间状语,时间状语,,,
span:AUTH-TAD-0436,CandidateSpan,AUTH-TAD-0436｜十二点,,,,,,,,,,,,,,,,,,,,,,,,,,,,,,,,,,十二点,,,,,,,AUTH-TAD-0436,十二点,3.0,6.0,located,candidate_span,,,,,,,,,,,,,,
consensus:AUTH-TAD-0436,ConsensusLabel,AUTH-TAD-0436｜其他/非目标时间用法,,,,,,,,,,,,,,,,,,,,,,,,,,,,,,,,,,,,,,,,,,十二点,,,,,consensus:AUTH-TAD-0436,OTHER,多数一致,完全一致,多数一致,,,,,,,,,
annotation:span:AUTH-TAD-0436:r1,AnnotationDecision,标注者1-AUTH-TAD-0436,,,,,,,,,,,,,,,,,,,,,,,,,,,,,,,,,,,,,,,,,,,,,,,,,,,,ANONYMIZED_RATER_1,,annotation:span:AUTH-TAD-0436:r1,正确,不是时间状语,普通时间名词/词语引用,,,
annotation:span:AUTH-TAD-0436:r2,AnnotationDecision,标注者2-AUTH-TAD-0436,,,,,,,,,,,,,,,,,,,,,,,,,,,,,,,,,,,,,,,,,,,,,,,,,,,,ANONYMIZED_RATER_2,,annotation:span:AUTH-TAD-0436:r2,边界不完整,不是时间状语,提取错误：边界不完整,现在都十二点了,,
annotation:span:AUTH-TAD-0436:r3,AnnotationDecision,标注者3-AUTH-TAD-0436,,,,,,,,,,,,,,,,,,,,,,,,,,,,,,,,,,,,,,,,,,,,,,,,,,,,ANONYMIZED_RATER_3,,annotation:span:AUTH-TAD-0436:r3,正确,不是时间状语,普通时间名词/词语引用,,,
sentence:SENT-0086,Sentence,他周末去了哪些地方?,,,,,,,,,,,,,,,,,,,,,,,,,,,,,,,,,SENT-0086,他周末去了哪些地方?,他周末去了哪些地方,国际中文教育中文水平等级标准·语法学习手册（初等）,初等,32,? ◎ 结构特点 疑问代词“哪些”常用在名词前，作定语；也可以直接作主语,来源字段完整但仍需正版逐页核验,,,,,,,,,,,,,,,,,,,,
span:AUTH-TAD-0437,CandidateSpan,AUTH-TAD-0437｜周末,,,,,,,,,,,,,,,,,,,,,,,,,,,,,,,,,,周末,,,,,,,AUTH-TAD-0437,周末,1.0,3.0,located,candidate_span,,,,,,,,,,,,,,
consensus:AUTH-TAD-0437,ConsensusLabel,AUTH-TAD-0437｜时间状语,,,,,,,,,,,,,,,,,,,,,,,,,,,,,,,,,,,,,,,,,,周末,,,,,consensus:AUTH-TAD-0437,TEMPORAL_ADVERBIAL,完全一致,完全一致,完全一致,,,,,,,,,
annotation:span:AUTH-TAD-0437:r1,AnnotationDecision,标注者1-AUTH-TAD-0437,,,,,,,,,,,,,,,,,,,,,,,,,,,,,,,,,,,,,,,,,,,,,,,,,,,,ANONYMIZED_RATER_1,,annotation:span:AUTH-TAD-0437:r1,正确,是时间状语,时间状语,,,
annotation:span:AUTH-TAD-0437:r2,AnnotationDecision,标注者2-AUTH-TAD-0437,,,,,,,,,,,,,,,,,,,,,,,,,,,,,,,,,,,,,,,,,,,,,,,,,,,,ANONYMIZED_RATER_2,,annotation:span:AUTH-TAD-0437:r2,正确,是时间状语,时间状语,,,
annotation:span:AUTH-TAD-0437:r3,AnnotationDecision,标注者3-AUTH-TAD-0437,,,,,,,,,,,,,,,,,,,,,,,,,,,,,,,,,,,,,,,,,,,,,,,,,,,,ANONYMIZED_RATER_3,,annotation:span:AUTH-TAD-0437:r3,正确,是时间状语,时间状语,,,
sentence:SENT-0006,Sentence,上午来办公室的那个人莫非是咱们老板的夫人?,,,,,,,,,,,,,,,,,,,,,,,,,,,,,,,,,SENT-0006,上午来办公室的那个人莫非是咱们老板的夫人?,上午来办公室的那个人莫非是咱们老板的夫人,国际中文教育中文水平等级标准·语法学习手册（高等）,高等,49,(2)“莫非”也可以用于单句，位于动词性成分前，作状语,来源字段完整但仍需正版逐页核验,,,,,,,,,,,,,,,,,,,,
span:AUTH-TAD-0438,CandidateSpan,AUTH-TAD-0438｜上午,,,,,,,,,,,,,,,,,,,,,,,,,,,,,,,,,,上午,,,,,,,AUTH-TAD-0438,上午,0.0,2.0,located,candidate_span,,,,,,,,,,,,,,
consensus:AUTH-TAD-0438,ConsensusLabel,AUTH-TAD-0438｜时间状语,,,,,,,,,,,,,,,,,,,,,,,,,,,,,,,,,,,,,,,,,,上午,,,,,consensus:AUTH-TAD-0438,TEMPORAL_ADVERBIAL,完全一致,完全一致,完全一致,,,,,,,,,
annotation:span:AUTH-TAD-0438:r1,AnnotationDecision,标注者1-AUTH-TAD-0438,,,,,,,,,,,,,,,,,,,,,,,,,,,,,,,,,,,,,,,,,,,,,,,,,,,,ANONYMIZED_RATER_1,,annotation:span:AUTH-TAD-0438:r1,正确,是时间状语,时间状语,,,
annotation:span:AUTH-TAD-0438:r2,AnnotationDecision,标注者2-AUTH-TAD-0438,,,,,,,,,,,,,,,,,,,,,,,,,,,,,,,,,,,,,,,,,,,,,,,,,,,,ANONYMIZED_RATER_2,,annotation:span:AUTH-TAD-0438:r2,正确,是时间状语,时间状语,,,
annotation:span:AUTH-TAD-0438:r3,AnnotationDecision,标注者3-AUTH-TAD-0438,,,,,,,,,,,,,,,,,,,,,,,,,,,,,,,,,,,,,,,,,,,,,,,,,,,,ANONYMIZED_RATER_3,,annotation:span:AUTH-TAD-0438:r3,正确,是时间状语,时间状语,,,
sentence:SENT-0208,Sentence,她前年本科毕业，完了先去工作了一年，然后又读的研究生。,,,,,,,,,,,,,,,,,,,,,,,,,,,,,,,,,SENT-0208,她前年本科毕业，完了先去工作了一年，然后又读的研究生。,她前年本科毕业完了先去工作了一年然后又读的研究生,国际中文教育中文水平等级标准·语法学习手册（中等）,中等,185,他从小身体不好，加上缺少锻炼，所以经常生病,来源字段完整但仍需正版逐页核验,,,,,,,,,,,,,,,,,,,,
span:AUTH-TAD-0439,CandidateSpan,AUTH-TAD-0439｜一年,,,,,,,,,,,,,,,,,,,,,,,,,,,,,,,,,,一年,,,,,,,AUTH-TAD-0439,一年,15.0,17.0,located,candidate_span,,,,,,,,,,,,,,
consensus:AUTH-TAD-0439,ConsensusLabel,AUTH-TAD-0439｜时长/时间补语,,,,,,,,,,,,,,,,,,,,,,,,,,,,,,,,,,,,,,,,,,一年,,,,,consensus:AUTH-TAD-0439,COMPLEMENT,多数一致,多数一致,多数一致,,,,,,,,,
annotation:span:AUTH-TAD-0439:r1,AnnotationDecision,标注者1-AUTH-TAD-0439,,,,,,,,,,,,,,,,,,,,,,,,,,,,,,,,,,,,,,,,,,,,,,,,,,,,ANONYMIZED_RATER_1,,annotation:span:AUTH-TAD-0439:r1,正确,不是时间状语,时长补语,,,
annotation:span:AUTH-TAD-0439:r2,AnnotationDecision,标注者2-AUTH-TAD-0439,,,,,,,,,,,,,,,,,,,,,,,,,,,,,,,,,,,,,,,,,,,,,,,,,,,,ANONYMIZED_RATER_2,,annotation:span:AUTH-TAD-0439:r2,正确,不是时间状语,时长补语,,,
annotation:span:AUTH-TAD-0439:r3,AnnotationDecision,标注者3-AUTH-TAD-0439,,,,,,,,,,,,,,,,,,,,,,,,,,,,,,,,,,,,,,,,,,,,,,,,,,,,ANONYMIZED_RATER_3,,annotation:span:AUTH-TAD-0439:r3,漏检：有目标时间状语,是时间状语,漏检,前年,,
sentence:SENT-0054,Sentence,今天的晚饭是爸爸做的。,,,,,,,,,,,,,,,,,,,,,,,,,,,,,,,,,SENT-0054,今天的晚饭是爸爸做的。,今天的晚饭是爸爸做的,国际中文教育中文水平等级标准·语法学习手册（初等）,初等,215,·语法学习手册(初等) 90“是……的”句1:强调时间、地点、方式、动作 者等 【二60】 ◎,来源字段完整但仍需正版逐页核验,,,,,,,,,,,,,,,,,,,,
span:AUTH-TAD-0440,CandidateSpan,AUTH-TAD-0440｜今天,,,,,,,,,,,,,,,,,,,,,,,,,,,,,,,,,,今天,,,,,,,AUTH-TAD-0440,今天,0.0,2.0,located,candidate_span,,,,,,,,,,,,,,
consensus:AUTH-TAD-0440,ConsensusLabel,AUTH-TAD-0440｜时间定语,,,,,,,,,,,,,,,,,,,,,,,,,,,,,,,,,,,,,,,,,,今天,,,,,consensus:AUTH-TAD-0440,ATTRIBUTE,完全一致,完全一致,完全一致,,,,,,,,,
annotation:span:AUTH-TAD-0440:r1,AnnotationDecision,标注者1-AUTH-TAD-0440,,,,,,,,,,,,,,,,,,,,,,,,,,,,,,,,,,,,,,,,,,,,,,,,,,,,ANONYMIZED_RATER_1,,annotation:span:AUTH-TAD-0440:r1,正确,不是时间状语,时间定语,,,
annotation:span:AUTH-TAD-0440:r2,AnnotationDecision,标注者2-AUTH-TAD-0440,,,,,,,,,,,,,,,,,,,,,,,,,,,,,,,,,,,,,,,,,,,,,,,,,,,,ANONYMIZED_RATER_2,,annotation:span:AUTH-TAD-0440:r2,正确,不是时间状语,时间定语,,,
annotation:span:AUTH-TAD-0440:r3,AnnotationDecision,标注者3-AUTH-TAD-0440,,,,,,,,,,,,,,,,,,,,,,,,,,,,,,,,,,,,,,,,,,,,,,,,,,,,ANONYMIZED_RATER_3,,annotation:span:AUTH-TAD-0440:r3,正确,不是时间状语,时间定语,,,
sentence:SENT-0466,Sentence,饮料同蛋糕已经准备好了，我们开始吧。,,,,,,,,,,,,,,,,,,,,,,,,,,,,,,,,,SENT-0466,饮料同蛋糕已经准备好了，我们开始吧。,饮料同蛋糕已经准备好了我们开始吧,国际中文教育中文水平等级标准·语法学习手册（中等）,中等,304,饮料同蛋糕已经准备好了，我们开始吧,来源字段完整但仍需正版逐页核验,,,,,,,,,,,,,,,,,,,,
span:AUTH-TAD-0441,CandidateSpan,AUTH-TAD-0441｜已经,,,,,,,,,,,,,,,,,,,,,,,,,,,,,,,,,,已经,,,,,,,AUTH-TAD-0441,已经,5.0,7.0,located,candidate_span,,,,,,,,,,,,,,
consensus:AUTH-TAD-0441,ConsensusLabel,AUTH-TAD-0441｜时间状语,,,,,,,,,,,,,,,,,,,,,,,,,,,,,,,,,,,,,,,,,,已经,,,,,consensus:AUTH-TAD-0441,TEMPORAL_ADVERBIAL,完全一致,完全一致,完全一致,,,,,,,,,
annotation:span:AUTH-TAD-0441:r1,AnnotationDecision,标注者1-AUTH-TAD-0441,,,,,,,,,,,,,,,,,,,,,,,,,,,,,,,,,,,,,,,,,,,,,,,,,,,,ANONYMIZED_RATER_1,,annotation:span:AUTH-TAD-0441:r1,正确,是时间状语,时间状语,,,
annotation:span:AUTH-TAD-0441:r2,AnnotationDecision,标注者2-AUTH-TAD-0441,,,,,,,,,,,,,,,,,,,,,,,,,,,,,,,,,,,,,,,,,,,,,,,,,,,,ANONYMIZED_RATER_2,,annotation:span:AUTH-TAD-0441:r2,正确,是时间状语,时间状语,,,
annotation:span:AUTH-TAD-0441:r3,AnnotationDecision,标注者3-AUTH-TAD-0441,,,,,,,,,,,,,,,,,,,,,,,,,,,,,,,,,,,,,,,,,,,,,,,,,,,,ANONYMIZED_RATER_3,,annotation:span:AUTH-TAD-0441:r3,正确,是时间状语,时间状语,,,
sentence:SENT-0222,Sentence,好像明天还要下雪。,,,,,,,,,,,,,,,,,,,,,,,,,,,,,,,,,SENT-0222,好像明天还要下雪。,好像明天还要下雪,国际中文教育中文水平等级标准·语法学习手册（初等）,初等,161,◎ 结构特点 情态副词“好像”作状语，可以用在主语后，也可以用在主语前，有时,来源字段完整但仍需正版逐页核验,,,,,,,,,,,,,,,,,,,,
span:AUTH-TAD-0442,CandidateSpan,AUTH-TAD-0442｜明天,,,,,,,,,,,,,,,,,,,,,,,,,,,,,,,,,,明天,,,,,,,AUTH-TAD-0442,明天,2.0,4.0,located,candidate_span,,,,,,,,,,,,,,
consensus:AUTH-TAD-0442,ConsensusLabel,AUTH-TAD-0442｜时间状语,,,,,,,,,,,,,,,,,,,,,,,,,,,,,,,,,,,,,,,,,,明天,,,,,consensus:AUTH-TAD-0442,TEMPORAL_ADVERBIAL,完全一致,完全一致,完全一致,,,,,,,,,
annotation:span:AUTH-TAD-0442:r1,AnnotationDecision,标注者1-AUTH-TAD-0442,,,,,,,,,,,,,,,,,,,,,,,,,,,,,,,,,,,,,,,,,,,,,,,,,,,,ANONYMIZED_RATER_1,,annotation:span:AUTH-TAD-0442:r1,正确,是时间状语,时间状语,,,
annotation:span:AUTH-TAD-0442:r2,AnnotationDecision,标注者2-AUTH-TAD-0442,,,,,,,,,,,,,,,,,,,,,,,,,,,,,,,,,,,,,,,,,,,,,,,,,,,,ANONYMIZED_RATER_2,,annotation:span:AUTH-TAD-0442:r2,正确,是时间状语,时间状语,,,
annotation:span:AUTH-TAD-0442:r3,AnnotationDecision,标注者3-AUTH-TAD-0442,,,,,,,,,,,,,,,,,,,,,,,,,,,,,,,,,,,,,,,,,,,,,,,,,,,,ANONYMIZED_RATER_3,,annotation:span:AUTH-TAD-0442:r3,正确,是时间状语,时间状语,,,
sentence:SENT-0342,Sentence,明天还有什么需要带的?,,,,,,,,,,,,,,,,,,,,,,,,,,,,,,,,,SENT-0342,明天还有什么需要带的?,明天还有什么需要带的,国际中文教育中文水平等级标准·语法学习手册（高等）,高等,87,,页面线索缺失,,,,,,,,,,,,,,,,,,,,
span:AUTH-TAD-0443,CandidateSpan,AUTH-TAD-0443｜明天,,,,,,,,,,,,,,,,,,,,,,,,,,,,,,,,,,明天,,,,,,,AUTH-TAD-0443,明天,0.0,2.0,located,candidate_span,,,,,,,,,,,,,,
consensus:AUTH-TAD-0443,ConsensusLabel,AUTH-TAD-0443｜时间状语,,,,,,,,,,,,,,,,,,,,,,,,,,,,,,,,,,,,,,,,,,明天,,,,,consensus:AUTH-TAD-0443,TEMPORAL_ADVERBIAL,完全一致,完全一致,完全一致,,,,,,,,,
annotation:span:AUTH-TAD-0443:r1,AnnotationDecision,标注者1-AUTH-TAD-0443,,,,,,,,,,,,,,,,,,,,,,,,,,,,,,,,,,,,,,,,,,,,,,,,,,,,ANONYMIZED_RATER_1,,annotation:span:AUTH-TAD-0443:r1,正确,是时间状语,时间状语,,,
annotation:span:AUTH-TAD-0443:r2,AnnotationDecision,标注者2-AUTH-TAD-0443,,,,,,,,,,,,,,,,,,,,,,,,,,,,,,,,,,,,,,,,,,,,,,,,,,,,ANONYMIZED_RATER_2,,annotation:span:AUTH-TAD-0443:r2,正确,是时间状语,时间状语,,,
annotation:span:AUTH-TAD-0443:r3,AnnotationDecision,标注者3-AUTH-TAD-0443,,,,,,,,,,,,,,,,,,,,,,,,,,,,,,,,,,,,,,,,,,,,,,,,,,,,ANONYMIZED_RATER_3,,annotation:span:AUTH-TAD-0443:r3,正确,是时间状语,时间状语,,,
sentence:SENT-0145,Sentence,你昨天做什么了?,,,,,,,,,,,,,,,,,,,,,,,,,,,,,,,,,SENT-0145,你昨天做什么了?,你昨天做什么了,国际中文教育中文水平等级标准·语法学习手册（初等）,初等,101,示 【一41】 ◎基本语义及用法 表示某个动作行为已经完成，其标记是动词后的动态助词“了”,来源字段完整但仍需正版逐页核验,,,,,,,,,,,,,,,,,,,,
span:AUTH-TAD-0444,CandidateSpan,AUTH-TAD-0444｜昨天,,,,,,,,,,,,,,,,,,,,,,,,,,,,,,,,,,昨天,,,,,,,AUTH-TAD-0444,昨天,1.0,3.0,located,candidate_span,,,,,,,,,,,,,,
consensus:AUTH-TAD-0444,ConsensusLabel,AUTH-TAD-0444｜时间状语,,,,,,,,,,,,,,,,,,,,,,,,,,,,,,,,,,,,,,,,,,昨天,,,,,consensus:AUTH-TAD-0444,TEMPORAL_ADVERBIAL,完全一致,完全一致,完全一致,,,,,,,,,
annotation:span:AUTH-TAD-0444:r1,AnnotationDecision,标注者1-AUTH-TAD-0444,,,,,,,,,,,,,,,,,,,,,,,,,,,,,,,,,,,,,,,,,,,,,,,,,,,,ANONYMIZED_RATER_1,,annotation:span:AUTH-TAD-0444:r1,正确,是时间状语,时间状语,,,
annotation:span:AUTH-TAD-0444:r2,AnnotationDecision,标注者2-AUTH-TAD-0444,,,,,,,,,,,,,,,,,,,,,,,,,,,,,,,,,,,,,,,,,,,,,,,,,,,,ANONYMIZED_RATER_2,,annotation:span:AUTH-TAD-0444:r2,正确,是时间状语,时间状语,,,
annotation:span:AUTH-TAD-0444:r3,AnnotationDecision,标注者3-AUTH-TAD-0444,,,,,,,,,,,,,,,,,,,,,,,,,,,,,,,,,,,,,,,,,,,,,,,,,,,,ANONYMIZED_RATER_3,,annotation:span:AUTH-TAD-0444:r3,正确,是时间状语,时间状语,,,
sentence:SENT-0155,Sentence,你的电脑我已经帮你修好了。,,,,,,,,,,,,,,,,,,,,,,,,,,,,,,,,,SENT-0155,你的电脑我已经帮你修好了。,你的电脑我已经帮你修好了,国际中文教育中文水平等级标准·语法学习手册（高等）,高等,163,A:你的电脑我已经帮你修好了,来源字段完整但仍需正版逐页核验,,,,,,,,,,,,,,,,,,,,
span:AUTH-TAD-0445,CandidateSpan,AUTH-TAD-0445｜已经,,,,,,,,,,,,,,,,,,,,,,,,,,,,,,,,,,已经,,,,,,,AUTH-TAD-0445,已经,5.0,7.0,located,candidate_span,,,,,,,,,,,,,,
consensus:AUTH-TAD-0445,ConsensusLabel,AUTH-TAD-0445｜时间状语,,,,,,,,,,,,,,,,,,,,,,,,,,,,,,,,,,,,,,,,,,已经,,,,,consensus:AUTH-TAD-0445,TEMPORAL_ADVERBIAL,完全一致,完全一致,完全一致,,,,,,,,,
annotation:span:AUTH-TAD-0445:r1,AnnotationDecision,标注者1-AUTH-TAD-0445,,,,,,,,,,,,,,,,,,,,,,,,,,,,,,,,,,,,,,,,,,,,,,,,,,,,ANONYMIZED_RATER_1,,annotation:span:AUTH-TAD-0445:r1,正确,是时间状语,时间状语,,,
annotation:span:AUTH-TAD-0445:r2,AnnotationDecision,标注者2-AUTH-TAD-0445,,,,,,,,,,,,,,,,,,,,,,,,,,,,,,,,,,,,,,,,,,,,,,,,,,,,ANONYMIZED_RATER_2,,annotation:span:AUTH-TAD-0445:r2,正确,是时间状语,时间状语,,,
annotation:span:AUTH-TAD-0445:r3,AnnotationDecision,标注者3-AUTH-TAD-0445,,,,,,,,,,,,,,,,,,,,,,,,,,,,,,,,,,,,,,,,,,,,,,,,,,,,ANONYMIZED_RATER_3,,annotation:span:AUTH-TAD-0445:r3,正确,是时间状语,时间状语,,,
sentence:SENT-0010,Sentence,下午的考试我还没复习好，不由得紧张起来了。,,,,,,,,,,,,,,,,,,,,,,,,,,,,,,,,,SENT-0010,下午的考试我还没复习好，不由得紧张起来了。,下午的考试我还没复习好不由得紧张起来了,国际中文教育中文水平等级标准·语法学习手册（高等）,高等,38,儿子：奶奶怎么哭了? 妈妈：刚才奶奶翻出了一堆旧照片，看着照片，不由,来源字段完整但仍需正版逐页核验,,,,,,,,,,,,,,,,,,,,
span:AUTH-TAD-0446,CandidateSpan,AUTH-TAD-0446｜下午,,,,,,,,,,,,,,,,,,,,,,,,,,,,,,,,,,下午,,,,,,,AUTH-TAD-0446,下午,0.0,2.0,located,candidate_span,,,,,,,,,,,,,,
consensus:AUTH-TAD-0446,ConsensusLabel,AUTH-TAD-0446｜时间定语,,,,,,,,,,,,,,,,,,,,,,,,,,,,,,,,,,,,,,,,,,下午,,,,,consensus:AUTH-TAD-0446,ATTRIBUTE,完全一致,完全一致,完全一致,,,,,,,,,
annotation:span:AUTH-TAD-0446:r1,AnnotationDecision,标注者1-AUTH-TAD-0446,,,,,,,,,,,,,,,,,,,,,,,,,,,,,,,,,,,,,,,,,,,,,,,,,,,,ANONYMIZED_RATER_1,,annotation:span:AUTH-TAD-0446:r1,正确,不是时间状语,时间定语,,,
annotation:span:AUTH-TAD-0446:r2,AnnotationDecision,标注者2-AUTH-TAD-0446,,,,,,,,,,,,,,,,,,,,,,,,,,,,,,,,,,,,,,,,,,,,,,,,,,,,ANONYMIZED_RATER_2,,annotation:span:AUTH-TAD-0446:r2,正确,不是时间状语,时间定语,,,
annotation:span:AUTH-TAD-0446:r3,AnnotationDecision,标注者3-AUTH-TAD-0446,,,,,,,,,,,,,,,,,,,,,,,,,,,,,,,,,,,,,,,,,,,,,,,,,,,,ANONYMIZED_RATER_3,,annotation:span:AUTH-TAD-0446:r3,正确,不是时间状语,时间定语,,,
span:AUTH-TAD-0447,CandidateSpan,AUTH-TAD-0447｜已经,,,,,,,,,,,,,,,,,,,,,,,,,,,,,,,,,,已经,,,,,,,AUTH-TAD-0447,已经快九点了,0.0,2.0,located,majority_fixed_span,,,,,,,,,,,,,,
consensus:AUTH-TAD-0447,ConsensusLabel,AUTH-TAD-0447｜其他/非目标时间用法,,,,,,,,,,,,,,,,,,,,,,,,,,,,,,,,,,,,,,,,,,已经快九点了,,,,,consensus:AUTH-TAD-0447,OTHER,多数一致,多数一致,多数一致,,,,,,,,,
annotation:span:AUTH-TAD-0447:r1,AnnotationDecision,标注者1-AUTH-TAD-0447,,,,,,,,,,,,,,,,,,,,,,,,,,,,,,,,,,,,,,,,,,,,,,,,,,,,ANONYMIZED_RATER_1,,annotation:span:AUTH-TAD-0447:r1,正确,是时间状语,时间状语,,,
annotation:span:AUTH-TAD-0447:r2,AnnotationDecision,标注者2-AUTH-TAD-0447,,,,,,,,,,,,,,,,,,,,,,,,,,,,,,,,,,,,,,,,,,,,,,,,,,,,ANONYMIZED_RATER_2,,annotation:span:AUTH-TAD-0447:r2,边界不完整,不是时间状语,提取错误：边界不完整,已经快九点了,,
annotation:span:AUTH-TAD-0447:r3,AnnotationDecision,标注者3-AUTH-TAD-0447,,,,,,,,,,,,,,,,,,,,,,,,,,,,,,,,,,,,,,,,,,,,,,,,,,,,ANONYMIZED_RATER_3,,annotation:span:AUTH-TAD-0447:r3,边界不完整,不是时间状语,提取错误：边界不完整,已经快九点了,,
sentence:SENT-0432,Sentence,还名牌儿手机呢，没用一年就坏了。,,,,,,,,,,,,,,,,,,,,,,,,,,,,,,,,,SENT-0432,还名牌儿手机呢，没用一年就坏了。,还名牌儿手机呢没用一年就坏了,国际中文教育中文水平等级标准·语法学习手册（中等）,中等,133,,页面线索缺失,,,,,,,,,,,,,,,,,,,,
span:AUTH-TAD-0448,CandidateSpan,AUTH-TAD-0448｜一年,,,,,,,,,,,,,,,,,,,,,,,,,,,,,,,,,,一年,,,,,,,AUTH-TAD-0448,一年,10.0,12.0,located,candidate_span,,,,,,,,,,,,,,
consensus:AUTH-TAD-0448,ConsensusLabel,AUTH-TAD-0448｜时长/时间补语,,,,,,,,,,,,,,,,,,,,,,,,,,,,,,,,,,,,,,,,,,一年,,,,,consensus:AUTH-TAD-0448,COMPLEMENT,完全一致,完全一致,完全一致,,,,,,,,,
annotation:span:AUTH-TAD-0448:r1,AnnotationDecision,标注者1-AUTH-TAD-0448,,,,,,,,,,,,,,,,,,,,,,,,,,,,,,,,,,,,,,,,,,,,,,,,,,,,ANONYMIZED_RATER_1,,annotation:span:AUTH-TAD-0448:r1,正确,不是时间状语,时长补语,,,
annotation:span:AUTH-TAD-0448:r2,AnnotationDecision,标注者2-AUTH-TAD-0448,,,,,,,,,,,,,,,,,,,,,,,,,,,,,,,,,,,,,,,,,,,,,,,,,,,,ANONYMIZED_RATER_2,,annotation:span:AUTH-TAD-0448:r2,正确,不是时间状语,时长补语,,,
annotation:span:AUTH-TAD-0448:r3,AnnotationDecision,标注者3-AUTH-TAD-0448,,,,,,,,,,,,,,,,,,,,,,,,,,,,,,,,,,,,,,,,,,,,,,,,,,,,ANONYMIZED_RATER_3,,annotation:span:AUTH-TAD-0448:r3,正确,不是时间状语,时长补语,,,
sentence:SENT-0036,Sentence,今天公共汽车没有按时到站，所以我迟到了。,,,,,,,,,,,,,,,,,,,,,,,,,,,,,,,,,SENT-0036,今天公共汽车没有按时到站，所以我迟到了。,今天公共汽车没有按时到站所以我迟到了,国际中文教育中文水平等级标准·语法学习手册（中等）,中等,18,6时间副词(1):按时 【四07】 ◎基本语义,来源字段完整但仍需正版逐页核验,,,,,,,,,,,,,,,,,,,,
span:AUTH-TAD-0449,CandidateSpan,AUTH-TAD-0449｜今天,,,,,,,,,,,,,,,,,,,,,,,,,,,,,,,,,,今天,,,,,,,AUTH-TAD-0449,今天,0.0,2.0,located,candidate_span,,,,,,,,,,,,,,
consensus:AUTH-TAD-0449,ConsensusLabel,AUTH-TAD-0449｜时间状语,,,,,,,,,,,,,,,,,,,,,,,,,,,,,,,,,,,,,,,,,,今天,,,,,consensus:AUTH-TAD-0449,TEMPORAL_ADVERBIAL,完全一致,完全一致,完全一致,,,,,,,,,
annotation:span:AUTH-TAD-0449:r1,AnnotationDecision,标注者1-AUTH-TAD-0449,,,,,,,,,,,,,,,,,,,,,,,,,,,,,,,,,,,,,,,,,,,,,,,,,,,,ANONYMIZED_RATER_1,,annotation:span:AUTH-TAD-0449:r1,正确,是时间状语,时间状语,,,
annotation:span:AUTH-TAD-0449:r2,AnnotationDecision,标注者2-AUTH-TAD-0449,,,,,,,,,,,,,,,,,,,,,,,,,,,,,,,,,,,,,,,,,,,,,,,,,,,,ANONYMIZED_RATER_2,,annotation:span:AUTH-TAD-0449:r2,正确,是时间状语,时间状语,,,
annotation:span:AUTH-TAD-0449:r3,AnnotationDecision,标注者3-AUTH-TAD-0449,,,,,,,,,,,,,,,,,,,,,,,,,,,,,,,,,,,,,,,,,,,,,,,,,,,,ANONYMIZED_RATER_3,,annotation:span:AUTH-TAD-0449:r3,正确,是时间状语,时间状语,,,
sentence:SENT-0239,Sentence,小的时候盼望着长大，长大了反倒开始怀念童年了。,,,,,,,,,,,,,,,,,,,,,,,,,,,,,,,,,SENT-0239,小的时候盼望着长大，长大了反倒开始怀念童年了。,小的时候盼望着长大长大了反倒开始怀念童年了,国际中文教育中文水平等级标准·语法学习手册（高等）,高等,52,经过这场病，他的身体反倒比以前好了,来源字段完整但仍需正版逐页核验,,,,,,,,,,,,,,,,,,,,
span:AUTH-TAD-0450,CandidateSpan,AUTH-TAD-0450｜小的时候,,,,,,,,,,,,,,,,,,,,,,,,,,,,,,,,,,小的时候,,,,,,,AUTH-TAD-0450,小的时候,0.0,4.0,located,candidate_span,,,,,,,,,,,,,,
consensus:AUTH-TAD-0450,ConsensusLabel,AUTH-TAD-0450｜时间状语,,,,,,,,,,,,,,,,,,,,,,,,,,,,,,,,,,,,,,,,,,小的时候,,,,,consensus:AUTH-TAD-0450,TEMPORAL_ADVERBIAL,完全一致,完全一致,完全一致,,,,,,,,,
annotation:span:AUTH-TAD-0450:r1,AnnotationDecision,标注者1-AUTH-TAD-0450,,,,,,,,,,,,,,,,,,,,,,,,,,,,,,,,,,,,,,,,,,,,,,,,,,,,ANONYMIZED_RATER_1,,annotation:span:AUTH-TAD-0450:r1,正确,是时间状语,时间状语,,,
annotation:span:AUTH-TAD-0450:r2,AnnotationDecision,标注者2-AUTH-TAD-0450,,,,,,,,,,,,,,,,,,,,,,,,,,,,,,,,,,,,,,,,,,,,,,,,,,,,ANONYMIZED_RATER_2,,annotation:span:AUTH-TAD-0450:r2,正确,是时间状语,时间状语,,,
annotation:span:AUTH-TAD-0450:r3,AnnotationDecision,标注者3-AUTH-TAD-0450,,,,,,,,,,,,,,,,,,,,,,,,,,,,,,,,,,,,,,,,,,,,,,,,,,,,ANONYMIZED_RATER_3,,annotation:span:AUTH-TAD-0450:r3,正确,是时间状语,时间状语,,,
sentence:SENT-0364,Sentence,晚上的公园十分地安静。,,,,,,,,,,,,,,,,,,,,,,,,,,,,,,,,,SENT-0364,晚上的公园十分地安静。,晚上的公园十分地安静,国际中文教育中文水平等级标准·语法学习手册（初等）,初等,140,结构特点 “十分”一般用于形容词和心理动词前，作状语,来源字段完整但仍需正版逐页核验,,,,,,,,,,,,,,,,,,,,
span:AUTH-TAD-0451,CandidateSpan,AUTH-TAD-0451｜晚上,,,,,,,,,,,,,,,,,,,,,,,,,,,,,,,,,,晚上,,,,,,,AUTH-TAD-0451,晚上,0.0,2.0,located,candidate_span,,,,,,,,,,,,,,
consensus:AUTH-TAD-0451,ConsensusLabel,AUTH-TAD-0451｜时间定语,,,,,,,,,,,,,,,,,,,,,,,,,,,,,,,,,,,,,,,,,,晚上,,,,,consensus:AUTH-TAD-0451,ATTRIBUTE,完全一致,完全一致,完全一致,,,,,,,,,
annotation:span:AUTH-TAD-0451:r1,AnnotationDecision,标注者1-AUTH-TAD-0451,,,,,,,,,,,,,,,,,,,,,,,,,,,,,,,,,,,,,,,,,,,,,,,,,,,,ANONYMIZED_RATER_1,,annotation:span:AUTH-TAD-0451:r1,正确,不是时间状语,时间定语,,,
annotation:span:AUTH-TAD-0451:r2,AnnotationDecision,标注者2-AUTH-TAD-0451,,,,,,,,,,,,,,,,,,,,,,,,,,,,,,,,,,,,,,,,,,,,,,,,,,,,ANONYMIZED_RATER_2,,annotation:span:AUTH-TAD-0451:r2,正确,不是时间状语,时间定语,,,
annotation:span:AUTH-TAD-0451:r3,AnnotationDecision,标注者3-AUTH-TAD-0451,,,,,,,,,,,,,,,,,,,,,,,,,,,,,,,,,,,,,,,,,,,,,,,,,,,,ANONYMIZED_RATER_3,,annotation:span:AUTH-TAD-0451:r3,正确,不是时间状语,时间定语,,,
sentence:SENT-0163,Sentence,准备了一天，客人却没来，她白白忙活了一天。,,,,,,,,,,,,,,,,,,,,,,,,,,,,,,,,,SENT-0163,准备了一天，客人却没来，她白白忙活了一天。,准备了一天客人却没来她白白忙活了一天,国际中文教育中文水平等级标准·语法学习手册（高等）,高等,50,交际实践 我白白排了两个小 (在售票处，感叹等待时间长) 时的队呢! 工作人员：对不起，今天,来源字段完整但仍需正版逐页核验,,,,,,,,,,,,,,,,,,,,
span:AUTH-TAD-0452,CandidateSpan,AUTH-TAD-0452｜一天,,,,,,,,,,,,,,,,,,,,,,,,,,,,,,,,,,一天,,,,,,,AUTH-TAD-0452,一天,3.0,5.0,located,candidate_span,,,,,,,,,,,,,,
consensus:AUTH-TAD-0452,ConsensusLabel,AUTH-TAD-0452｜时长/时间补语,,,,,,,,,,,,,,,,,,,,,,,,,,,,,,,,,,,,,,,,,,一天,,,,,consensus:AUTH-TAD-0452,COMPLEMENT,完全一致,完全一致,多数一致,,,,,,,,,
annotation:span:AUTH-TAD-0452:r1,AnnotationDecision,标注者1-AUTH-TAD-0452,,,,,,,,,,,,,,,,,,,,,,,,,,,,,,,,,,,,,,,,,,,,,,,,,,,,ANONYMIZED_RATER_1,,annotation:span:AUTH-TAD-0452:r1,正确,不是时间状语,时长补语,,,
annotation:span:AUTH-TAD-0452:r2,AnnotationDecision,标注者2-AUTH-TAD-0452,,,,,,,,,,,,,,,,,,,,,,,,,,,,,,,,,,,,,,,,,,,,,,,,,,,,ANONYMIZED_RATER_2,,annotation:span:AUTH-TAD-0452:r2,正确,不是时间状语,时长补语,,,
annotation:span:AUTH-TAD-0452:r3,AnnotationDecision,标注者3-AUTH-TAD-0452,,,,,,,,,,,,,,,,,,,,,,,,,,,,,,,,,,,,,,,,,,,,,,,,,,,,ANONYMIZED_RATER_3,,annotation:span:AUTH-TAD-0452:r3,正确,不是时间状语,时间定语,,,
sentence:SENT-0417,Sentence,考试的时候，大家不要东张西望。,,,,,,,,,,,,,,,,,,,,,,,,,,,,,,,,,SENT-0417,考试的时候，大家不要东张西望。,考试的时候大家不要东张西望,国际中文教育中文水平等级标准·语法学习手册（高等）,高等,92,考试的时候，大家不要东张西望,来源字段完整但仍需正版逐页核验,,,,,,,,,,,,,,,,,,,,
span:AUTH-TAD-0453,CandidateSpan,AUTH-TAD-0453｜考试的时候,,,,,,,,,,,,,,,,,,,,,,,,,,,,,,,,,,考试的时候,,,,,,,AUTH-TAD-0453,考试的时候,0.0,5.0,located,candidate_span,,,,,,,,,,,,,,
consensus:AUTH-TAD-0453,ConsensusLabel,AUTH-TAD-0453｜时间状语,,,,,,,,,,,,,,,,,,,,,,,,,,,,,,,,,,,,,,,,,,考试的时候,,,,,consensus:AUTH-TAD-0453,TEMPORAL_ADVERBIAL,完全一致,完全一致,完全一致,,,,,,,,,
annotation:span:AUTH-TAD-0453:r1,AnnotationDecision,标注者1-AUTH-TAD-0453,,,,,,,,,,,,,,,,,,,,,,,,,,,,,,,,,,,,,,,,,,,,,,,,,,,,ANONYMIZED_RATER_1,,annotation:span:AUTH-TAD-0453:r1,正确,是时间状语,时间状语,,,
annotation:span:AUTH-TAD-0453:r2,AnnotationDecision,标注者2-AUTH-TAD-0453,,,,,,,,,,,,,,,,,,,,,,,,,,,,,,,,,,,,,,,,,,,,,,,,,,,,ANONYMIZED_RATER_2,,annotation:span:AUTH-TAD-0453:r2,正确,是时间状语,时间状语,,,
annotation:span:AUTH-TAD-0453:r3,AnnotationDecision,标注者3-AUTH-TAD-0453,,,,,,,,,,,,,,,,,,,,,,,,,,,,,,,,,,,,,,,,,,,,,,,,,,,,ANONYMIZED_RATER_3,,annotation:span:AUTH-TAD-0453:r3,正确,是时间状语,时间状语,,,
sentence:SENT-0112,Sentence,他洗澡洗了十分钟。,,,,,,,,,,,,,,,,,,,,,,,,,,,,,,,,,SENT-0112,他洗澡洗了十分钟。,他洗澡洗了十分钟,国际中文教育中文水平等级标准·语法学习手册（初等）,初等,352,81数量补语4(动词+时量补语):表示动作持续的 时间 【三51】 ◎,来源字段完整但仍需正版逐页核验,,,,,,,,,,,,,,,,,,,,
span:AUTH-TAD-0454,CandidateSpan,AUTH-TAD-0454｜十分钟,,,,,,,,,,,,,,,,,,,,,,,,,,,,,,,,,,十分钟,,,,,,,AUTH-TAD-0454,十分钟,5.0,8.0,located,candidate_span,,,,,,,,,,,,,,
consensus:AUTH-TAD-0454,ConsensusLabel,AUTH-TAD-0454｜时长/时间补语,,,,,,,,,,,,,,,,,,,,,,,,,,,,,,,,,,,,,,,,,,十分钟,,,,,consensus:AUTH-TAD-0454,COMPLEMENT,完全一致,完全一致,完全一致,,,,,,,,,
annotation:span:AUTH-TAD-0454:r1,AnnotationDecision,标注者1-AUTH-TAD-0454,,,,,,,,,,,,,,,,,,,,,,,,,,,,,,,,,,,,,,,,,,,,,,,,,,,,ANONYMIZED_RATER_1,,annotation:span:AUTH-TAD-0454:r1,正确,不是时间状语,时长补语,,,
annotation:span:AUTH-TAD-0454:r2,AnnotationDecision,标注者2-AUTH-TAD-0454,,,,,,,,,,,,,,,,,,,,,,,,,,,,,,,,,,,,,,,,,,,,,,,,,,,,ANONYMIZED_RATER_2,,annotation:span:AUTH-TAD-0454:r2,正确,不是时间状语,时长补语,,,
annotation:span:AUTH-TAD-0454:r3,AnnotationDecision,标注者3-AUTH-TAD-0454,,,,,,,,,,,,,,,,,,,,,,,,,,,,,,,,,,,,,,,,,,,,,,,,,,,,ANONYMIZED_RATER_3,,annotation:span:AUTH-TAD-0454:r3,正确,不是时间状语,时长补语,,,
sentence:SENT-0219,Sentence,她的生日是今天还是明天?,,,,,,,,,,,,,,,,,,,,,,,,,,,,,,,,,SENT-0219,她的生日是今天还是明天?,她的生日是今天还是明天,国际中文教育中文水平等级标准·语法学习手册（初等）,初等,72,(1):的 【一20】 ◎基本语义及用法 一般用于定语后、名词前，是定语的标志,来源字段完整但仍需正版逐页核验,,,,,,,,,,,,,,,,,,,,
span:AUTH-TAD-0455,CandidateSpan,AUTH-TAD-0455｜今天,,,,,,,,,,,,,,,,,,,,,,,,,,,,,,,,,,今天,,,,,,,AUTH-TAD-0455,今天,5.0,7.0,located,candidate_span,,,,,,,,,,,,,,
consensus:AUTH-TAD-0455,ConsensusLabel,AUTH-TAD-0455｜其他/非目标时间用法,,,,,,,,,,,,,,,,,,,,,,,,,,,,,,,,,,,,,,,,,,今天,,,,,consensus:AUTH-TAD-0455,OTHER,多数一致,完全一致,多数一致,,,,,,,,,
annotation:span:AUTH-TAD-0455:r1,AnnotationDecision,标注者1-AUTH-TAD-0455,,,,,,,,,,,,,,,,,,,,,,,,,,,,,,,,,,,,,,,,,,,,,,,,,,,,ANONYMIZED_RATER_1,,annotation:span:AUTH-TAD-0455:r1,正确,不是时间状语,普通时间名词/词语引用,,,
annotation:span:AUTH-TAD-0455:r2,AnnotationDecision,标注者2-AUTH-TAD-0455,,,,,,,,,,,,,,,,,,,,,,,,,,,,,,,,,,,,,,,,,,,,,,,,,,,,ANONYMIZED_RATER_2,,annotation:span:AUTH-TAD-0455:r2,不是时间表达,不是时间状语,提取错误：不是时间表达,无,,
annotation:span:AUTH-TAD-0455:r3,AnnotationDecision,标注者3-AUTH-TAD-0455,,,,,,,,,,,,,,,,,,,,,,,,,,,,,,,,,,,,,,,,,,,,,,,,,,,,ANONYMIZED_RATER_3,,annotation:span:AUTH-TAD-0455:r3,正确,不是时间状语,普通时间名词/词语引用,,,
sentence:SENT-0234,Sentence,安娜：我这几天累得不行，周末想在家休息。,,,,,,,,,,,,,,,,,,,,,,,,,,,,,,,,,SENT-0234,安娜：我这几天累得不行，周末想在家休息。,安娜我这几天累得不行周末想在家休息,国际中文教育中文水平等级标准·语法学习手册（高等）,高等,121,育中文水平等级标准·语法学习手册(高等) 84程度补语3(1):形容词/动词+得+不行【七一九,来源字段完整但仍需正版逐页核验,,,,,,,,,,,,,,,,,,,,
span:AUTH-TAD-0456,CandidateSpan,AUTH-TAD-0456｜周末,,,,,,,,,,,,,,,,,,,,,,,,,,,,,,,,,,周末,,,,,,,AUTH-TAD-0456,周末,12.0,14.0,located,candidate_span,,,,,,,,,,,,,,
consensus:AUTH-TAD-0456,ConsensusLabel,AUTH-TAD-0456｜时间状语,,,,,,,,,,,,,,,,,,,,,,,,,,,,,,,,,,,,,,,,,,周末,,,,,consensus:AUTH-TAD-0456,TEMPORAL_ADVERBIAL,完全一致,完全一致,完全一致,,,,,,,,,
annotation:span:AUTH-TAD-0456:r1,AnnotationDecision,标注者1-AUTH-TAD-0456,,,,,,,,,,,,,,,,,,,,,,,,,,,,,,,,,,,,,,,,,,,,,,,,,,,,ANONYMIZED_RATER_1,,annotation:span:AUTH-TAD-0456:r1,正确,是时间状语,时间状语,,,
annotation:span:AUTH-TAD-0456:r2,AnnotationDecision,标注者2-AUTH-TAD-0456,,,,,,,,,,,,,,,,,,,,,,,,,,,,,,,,,,,,,,,,,,,,,,,,,,,,ANONYMIZED_RATER_2,,annotation:span:AUTH-TAD-0456:r2,正确,是时间状语,时间状语,,,
annotation:span:AUTH-TAD-0456:r3,AnnotationDecision,标注者3-AUTH-TAD-0456,,,,,,,,,,,,,,,,,,,,,,,,,,,,,,,,,,,,,,,,,,,,,,,,,,,,ANONYMIZED_RATER_3,,annotation:span:AUTH-TAD-0456:r3,正确,是时间状语,时间状语,,,
sentence:SENT-0352,Sentence,昨天我们去爬山，由于山高林密，手机无法导航，以致迷失了方向。,,,,,,,,,,,,,,,,,,,,,,,,,,,,,,,,,SENT-0352,昨天我们去爬山，由于山高林密，手机无法导航，以致迷失了方向。,昨天我们去爬山由于山高林密手机无法导航以致迷失了方向,国际中文教育中文水平等级标准·语法学习手册（高等）,高等,171,她整天为了工作奔波，以致没时间陪孩子,来源字段完整但仍需正版逐页核验,,,,,,,,,,,,,,,,,,,,
span:AUTH-TAD-0457,CandidateSpan,AUTH-TAD-0457｜昨天,,,,,,,,,,,,,,,,,,,,,,,,,,,,,,,,,,昨天,,,,,,,AUTH-TAD-0457,昨天,0.0,2.0,located,candidate_span,,,,,,,,,,,,,,
consensus:AUTH-TAD-0457,ConsensusLabel,AUTH-TAD-0457｜时间状语,,,,,,,,,,,,,,,,,,,,,,,,,,,,,,,,,,,,,,,,,,昨天,,,,,consensus:AUTH-TAD-0457,TEMPORAL_ADVERBIAL,完全一致,完全一致,完全一致,,,,,,,,,
annotation:span:AUTH-TAD-0457:r1,AnnotationDecision,标注者1-AUTH-TAD-0457,,,,,,,,,,,,,,,,,,,,,,,,,,,,,,,,,,,,,,,,,,,,,,,,,,,,ANONYMIZED_RATER_1,,annotation:span:AUTH-TAD-0457:r1,正确,是时间状语,时间状语,,,
annotation:span:AUTH-TAD-0457:r2,AnnotationDecision,标注者2-AUTH-TAD-0457,,,,,,,,,,,,,,,,,,,,,,,,,,,,,,,,,,,,,,,,,,,,,,,,,,,,ANONYMIZED_RATER_2,,annotation:span:AUTH-TAD-0457:r2,正确,是时间状语,时间状语,,,
annotation:span:AUTH-TAD-0457:r3,AnnotationDecision,标注者3-AUTH-TAD-0457,,,,,,,,,,,,,,,,,,,,,,,,,,,,,,,,,,,,,,,,,,,,,,,,,,,,ANONYMIZED_RATER_3,,annotation:span:AUTH-TAD-0457:r3,正确,是时间状语,时间状语,,,
sentence:SENT-0307,Sentence,我现在越发害怕传染上这种病了。,,,,,,,,,,,,,,,,,,,,,,,,,,,,,,,,,SENT-0307,我现在越发害怕传染上这种病了。,我现在越发害怕传染上这种病了,国际中文教育中文水平等级标准·语法学习手册（高等）,高等,21,特点 “越发”用于比较句，句中一般要出现两个不同的时间，有时表示两个时间的成 分在上下文中可以,来源字段完整但仍需正版逐页核验,,,,,,,,,,,,,,,,,,,,
span:AUTH-TAD-0458,CandidateSpan,AUTH-TAD-0458｜现在,,,,,,,,,,,,,,,,,,,,,,,,,,,,,,,,,,现在,,,,,,,AUTH-TAD-0458,现在,1.0,3.0,located,candidate_span,,,,,,,,,,,,,,
consensus:AUTH-TAD-0458,ConsensusLabel,AUTH-TAD-0458｜时间状语,,,,,,,,,,,,,,,,,,,,,,,,,,,,,,,,,,,,,,,,,,现在,,,,,consensus:AUTH-TAD-0458,TEMPORAL_ADVERBIAL,完全一致,完全一致,完全一致,,,,,,,,,
annotation:span:AUTH-TAD-0458:r1,AnnotationDecision,标注者1-AUTH-TAD-0458,,,,,,,,,,,,,,,,,,,,,,,,,,,,,,,,,,,,,,,,,,,,,,,,,,,,ANONYMIZED_RATER_1,,annotation:span:AUTH-TAD-0458:r1,正确,是时间状语,时间状语,,,
annotation:span:AUTH-TAD-0458:r2,AnnotationDecision,标注者2-AUTH-TAD-0458,,,,,,,,,,,,,,,,,,,,,,,,,,,,,,,,,,,,,,,,,,,,,,,,,,,,ANONYMIZED_RATER_2,,annotation:span:AUTH-TAD-0458:r2,正确,是时间状语,时间状语,,,
annotation:span:AUTH-TAD-0458:r3,AnnotationDecision,标注者3-AUTH-TAD-0458,,,,,,,,,,,,,,,,,,,,,,,,,,,,,,,,,,,,,,,,,,,,,,,,,,,,ANONYMIZED_RATER_3,,annotation:span:AUTH-TAD-0458:r3,正确,是时间状语,时间状语,,,
sentence:SENT-0383,Sentence,爸爸昨天跟我说起他上小学时的事。,,,,,,,,,,,,,,,,,,,,,,,,,,,,,,,,,SENT-0383,爸爸昨天跟我说起他上小学时的事。,爸爸昨天跟我说起他上小学时的事,国际中文教育中文水平等级标准·语法学习手册（中等）,中等,76,A:他们俩的关系什么 A:他终于想起了当 么? 时候这么好了? 时的情况，觉得 儿子：爷爷用,来源字段完整但仍需正版逐页核验,,,,,,,,,,,,,,,,,,,,
span:AUTH-TAD-0459,CandidateSpan,AUTH-TAD-0459｜昨天,,,,,,,,,,,,,,,,,,,,,,,,,,,,,,,,,,昨天,,,,,,,AUTH-TAD-0459,昨天,2.0,4.0,located,candidate_span,,,,,,,,,,,,,,
consensus:AUTH-TAD-0459,ConsensusLabel,AUTH-TAD-0459｜时间状语,,,,,,,,,,,,,,,,,,,,,,,,,,,,,,,,,,,,,,,,,,昨天,,,,,consensus:AUTH-TAD-0459,TEMPORAL_ADVERBIAL,完全一致,完全一致,完全一致,,,,,,,,,
annotation:span:AUTH-TAD-0459:r1,AnnotationDecision,标注者1-AUTH-TAD-0459,,,,,,,,,,,,,,,,,,,,,,,,,,,,,,,,,,,,,,,,,,,,,,,,,,,,ANONYMIZED_RATER_1,,annotation:span:AUTH-TAD-0459:r1,正确,是时间状语,时间状语,,,
annotation:span:AUTH-TAD-0459:r2,AnnotationDecision,标注者2-AUTH-TAD-0459,,,,,,,,,,,,,,,,,,,,,,,,,,,,,,,,,,,,,,,,,,,,,,,,,,,,ANONYMIZED_RATER_2,,annotation:span:AUTH-TAD-0459:r2,正确,是时间状语,时间状语,,,
annotation:span:AUTH-TAD-0459:r3,AnnotationDecision,标注者3-AUTH-TAD-0459,,,,,,,,,,,,,,,,,,,,,,,,,,,,,,,,,,,,,,,,,,,,,,,,,,,,ANONYMIZED_RATER_3,,annotation:span:AUTH-TAD-0459:r3,正确,是时间状语,时间状语,,,
sentence:SENT-0409,Sentence,突然听到明天放假的消息，我一直半信半疑。,,,,,,,,,,,,,,,,,,,,,,,,,,,,,,,,,SENT-0409,突然听到明天放假的消息，我一直半信半疑。,突然听到明天放假的消息我一直半信半疑,国际中文教育中文水平等级标准·语法学习手册（高等）,高等,90,等市场快关门的时候，蔬菜都是半卖半送了,来源字段完整但仍需正版逐页核验,,,,,,,,,,,,,,,,,,,,
span:AUTH-TAD-0460,CandidateSpan,AUTH-TAD-0460｜明天,,,,,,,,,,,,,,,,,,,,,,,,,,,,,,,,,,明天,,,,,,,AUTH-TAD-0460,明天,4.0,6.0,located,candidate_span,,,,,,,,,,,,,,
consensus:AUTH-TAD-0460,ConsensusLabel,AUTH-TAD-0460｜时间状语,,,,,,,,,,,,,,,,,,,,,,,,,,,,,,,,,,,,,,,,,,明天,,,,,consensus:AUTH-TAD-0460,TEMPORAL_ADVERBIAL,完全一致,完全一致,完全一致,,,,,,,,,
annotation:span:AUTH-TAD-0460:r1,AnnotationDecision,标注者1-AUTH-TAD-0460,,,,,,,,,,,,,,,,,,,,,,,,,,,,,,,,,,,,,,,,,,,,,,,,,,,,ANONYMIZED_RATER_1,,annotation:span:AUTH-TAD-0460:r1,正确,是时间状语,时间状语,,,
annotation:span:AUTH-TAD-0460:r2,AnnotationDecision,标注者2-AUTH-TAD-0460,,,,,,,,,,,,,,,,,,,,,,,,,,,,,,,,,,,,,,,,,,,,,,,,,,,,ANONYMIZED_RATER_2,,annotation:span:AUTH-TAD-0460:r2,正确,是时间状语,时间状语,,,
annotation:span:AUTH-TAD-0460:r3,AnnotationDecision,标注者3-AUTH-TAD-0460,,,,,,,,,,,,,,,,,,,,,,,,,,,,,,,,,,,,,,,,,,,,,,,,,,,,ANONYMIZED_RATER_3,,annotation:span:AUTH-TAD-0460:r3,正确,是时间状语,时间状语,,,
sentence:SENT-0135,Sentence,你哪怕非常不愿意，明天也得去一趟，这是工作。,,,,,,,,,,,,,,,,,,,,,,,,,,,,,,,,,SENT-0135,你哪怕非常不愿意，明天也得去一趟，这是工作。,你哪怕非常不愿意明天也得去一趟这是工作,国际中文教育中文水平等级标准·语法学习手册（中等）,中等,112,哪怕这件衣服已经打折了，价格还是很高,来源字段完整但仍需正版逐页核验,,,,,,,,,,,,,,,,,,,,
span:AUTH-TAD-0461,CandidateSpan,AUTH-TAD-0461｜明天,,,,,,,,,,,,,,,,,,,,,,,,,,,,,,,,,,明天,,,,,,,AUTH-TAD-0461,明天,9.0,11.0,located,candidate_span,,,,,,,,,,,,,,
consensus:AUTH-TAD-0461,ConsensusLabel,AUTH-TAD-0461｜时间状语,,,,,,,,,,,,,,,,,,,,,,,,,,,,,,,,,,,,,,,,,,明天,,,,,consensus:AUTH-TAD-0461,TEMPORAL_ADVERBIAL,完全一致,完全一致,完全一致,,,,,,,,,
annotation:span:AUTH-TAD-0461:r1,AnnotationDecision,标注者1-AUTH-TAD-0461,,,,,,,,,,,,,,,,,,,,,,,,,,,,,,,,,,,,,,,,,,,,,,,,,,,,ANONYMIZED_RATER_1,,annotation:span:AUTH-TAD-0461:r1,正确,是时间状语,时间状语,,,
annotation:span:AUTH-TAD-0461:r2,AnnotationDecision,标注者2-AUTH-TAD-0461,,,,,,,,,,,,,,,,,,,,,,,,,,,,,,,,,,,,,,,,,,,,,,,,,,,,ANONYMIZED_RATER_2,,annotation:span:AUTH-TAD-0461:r2,正确,是时间状语,时间状语,,,
annotation:span:AUTH-TAD-0461:r3,AnnotationDecision,标注者3-AUTH-TAD-0461,,,,,,,,,,,,,,,,,,,,,,,,,,,,,,,,,,,,,,,,,,,,,,,,,,,,ANONYMIZED_RATER_3,,annotation:span:AUTH-TAD-0461:r3,正确,是时间状语,时间状语,,,
sentence:SENT-0190,Sentence,哪怕这件衣服已经打折了，价格还是很高。,,,,,,,,,,,,,,,,,,,,,,,,,,,,,,,,,SENT-0190,哪怕这件衣服已经打折了，价格还是很高。,哪怕这件衣服已经打折了价格还是很高,国际中文教育中文水平等级标准·语法学习手册（中等）,中等,112,哪怕这件衣服已经打折了，价格还是很高,来源字段完整但仍需正版逐页核验,,,,,,,,,,,,,,,,,,,,
span:AUTH-TAD-0462,CandidateSpan,AUTH-TAD-0462｜已经,,,,,,,,,,,,,,,,,,,,,,,,,,,,,,,,,,已经,,,,,,,AUTH-TAD-0462,已经,6.0,8.0,located,candidate_span,,,,,,,,,,,,,,
consensus:AUTH-TAD-0462,ConsensusLabel,AUTH-TAD-0462｜时间状语,,,,,,,,,,,,,,,,,,,,,,,,,,,,,,,,,,,,,,,,,,已经,,,,,consensus:AUTH-TAD-0462,TEMPORAL_ADVERBIAL,完全一致,完全一致,完全一致,,,,,,,,,
annotation:span:AUTH-TAD-0462:r1,AnnotationDecision,标注者1-AUTH-TAD-0462,,,,,,,,,,,,,,,,,,,,,,,,,,,,,,,,,,,,,,,,,,,,,,,,,,,,ANONYMIZED_RATER_1,,annotation:span:AUTH-TAD-0462:r1,正确,是时间状语,时间状语,,,
annotation:span:AUTH-TAD-0462:r2,AnnotationDecision,标注者2-AUTH-TAD-0462,,,,,,,,,,,,,,,,,,,,,,,,,,,,,,,,,,,,,,,,,,,,,,,,,,,,ANONYMIZED_RATER_2,,annotation:span:AUTH-TAD-0462:r2,正确,是时间状语,时间状语,,,
annotation:span:AUTH-TAD-0462:r3,AnnotationDecision,标注者3-AUTH-TAD-0462,,,,,,,,,,,,,,,,,,,,,,,,,,,,,,,,,,,,,,,,,,,,,,,,,,,,ANONYMIZED_RATER_3,,annotation:span:AUTH-TAD-0462:r3,正确,是时间状语,时间状语,,,
sentence:SENT-0344,Sentence,明年的这个时候，我已经工作了。,,,,,,,,,,,,,,,,,,,,,,,,,,,,,,,,,SENT-0344,明年的这个时候，我已经工作了。,明年的这个时候我已经工作了,国际中文教育中文水平等级标准·语法学习手册（初等）,初等,152,级语法点 例句 校长已经下班了,来源字段完整但仍需正版逐页核验,,,,,,,,,,,,,,,,,,,,
span:AUTH-TAD-0463,CandidateSpan,AUTH-TAD-0463｜明年,,,,,,,,,,,,,,,,,,,,,,,,,,,,,,,,,,明年,,,,,,,AUTH-TAD-0463,明年,0.0,2.0,located,candidate_span,,,,,,,,,,,,,,
consensus:AUTH-TAD-0463,ConsensusLabel,AUTH-TAD-0463｜时间状语,,,,,,,,,,,,,,,,,,,,,,,,,,,,,,,,,,,,,,,,,,明年,,,,,consensus:AUTH-TAD-0463,TEMPORAL_ADVERBIAL,平票,多数一致,平票,,,,,,,,,
annotation:span:AUTH-TAD-0463:r1,AnnotationDecision,标注者1-AUTH-TAD-0463,,,,,,,,,,,,,,,,,,,,,,,,,,,,,,,,,,,,,,,,,,,,,,,,,,,,ANONYMIZED_RATER_1,,annotation:span:AUTH-TAD-0463:r1,正确,是时间状语,时间状语,,,
annotation:span:AUTH-TAD-0463:r2,AnnotationDecision,标注者2-AUTH-TAD-0463,,,,,,,,,,,,,,,,,,,,,,,,,,,,,,,,,,,,,,,,,,,,,,,,,,,,ANONYMIZED_RATER_2,,annotation:span:AUTH-TAD-0463:r2,边界不完整,不是时间状语,提取错误：边界不完整,明年的这个时候,,
annotation:span:AUTH-TAD-0463:r3,AnnotationDecision,标注者3-AUTH-TAD-0463,,,,,,,,,,,,,,,,,,,,,,,,,,,,,,,,,,,,,,,,,,,,,,,,,,,,ANONYMIZED_RATER_3,,annotation:span:AUTH-TAD-0463:r3,漏检：有目标时间状语,不是时间状语,漏检,已经,,
span:AUTH-TAD-0464,CandidateSpan,AUTH-TAD-0464｜去年,,,,,,,,,,,,,,,,,,,,,,,,,,,,,,,,,,去年,,,,,,,AUTH-TAD-0464,去年,17.0,19.0,located,candidate_span,,,,,,,,,,,,,,
consensus:AUTH-TAD-0464,ConsensusLabel,AUTH-TAD-0464｜其他/非目标时间用法,,,,,,,,,,,,,,,,,,,,,,,,,,,,,,,,,,,,,,,,,,去年,,,,,consensus:AUTH-TAD-0464,OTHER,多数一致,完全一致,多数一致,,,,,,,,,
annotation:span:AUTH-TAD-0464:r1,AnnotationDecision,标注者1-AUTH-TAD-0464,,,,,,,,,,,,,,,,,,,,,,,,,,,,,,,,,,,,,,,,,,,,,,,,,,,,ANONYMIZED_RATER_1,,annotation:span:AUTH-TAD-0464:r1,正确,不是时间状语,普通时间名词/词语引用,,,
annotation:span:AUTH-TAD-0464:r2,AnnotationDecision,标注者2-AUTH-TAD-0464,,,,,,,,,,,,,,,,,,,,,,,,,,,,,,,,,,,,,,,,,,,,,,,,,,,,ANONYMIZED_RATER_2,,annotation:span:AUTH-TAD-0464:r2,不是时间表达,不是时间状语,提取错误：不是时间表达,无,,
annotation:span:AUTH-TAD-0464:r3,AnnotationDecision,标注者3-AUTH-TAD-0464,,,,,,,,,,,,,,,,,,,,,,,,,,,,,,,,,,,,,,,,,,,,,,,,,,,,ANONYMIZED_RATER_3,,annotation:span:AUTH-TAD-0464:r3,正确,不是时间状语,普通时间名词/词语引用,,,
sentence:SENT-0278,Sentence,我们有时在图书馆见面。,,,,,,,,,,,,,,,,,,,,,,,,,,,,,,,,,SENT-0278,我们有时在图书馆见面。,我们有时在图书馆见面,国际中文教育中文水平等级标准·语法学习手册（初等）,初等,56,32 时间副词(3):有时 【一11】 ○ 基本语,来源字段完整但仍需正版逐页核验,,,,,,,,,,,,,,,,,,,,
span:AUTH-TAD-0465,CandidateSpan,AUTH-TAD-0465｜有时,,,,,,,,,,,,,,,,,,,,,,,,,,,,,,,,,,有时,,,,,,,AUTH-TAD-0465,有时,2.0,4.0,located,candidate_span,,,,,,,,,,,,,,
consensus:AUTH-TAD-0465,ConsensusLabel,AUTH-TAD-0465｜时间状语,,,,,,,,,,,,,,,,,,,,,,,,,,,,,,,,,,,,,,,,,,有时,,,,,consensus:AUTH-TAD-0465,TEMPORAL_ADVERBIAL,完全一致,完全一致,完全一致,,,,,,,,,
annotation:span:AUTH-TAD-0465:r1,AnnotationDecision,标注者1-AUTH-TAD-0465,,,,,,,,,,,,,,,,,,,,,,,,,,,,,,,,,,,,,,,,,,,,,,,,,,,,ANONYMIZED_RATER_1,,annotation:span:AUTH-TAD-0465:r1,正确,是时间状语,时间状语,,,
annotation:span:AUTH-TAD-0465:r2,AnnotationDecision,标注者2-AUTH-TAD-0465,,,,,,,,,,,,,,,,,,,,,,,,,,,,,,,,,,,,,,,,,,,,,,,,,,,,ANONYMIZED_RATER_2,,annotation:span:AUTH-TAD-0465:r2,正确,是时间状语,时间状语,,,
annotation:span:AUTH-TAD-0465:r3,AnnotationDecision,标注者3-AUTH-TAD-0465,,,,,,,,,,,,,,,,,,,,,,,,,,,,,,,,,,,,,,,,,,,,,,,,,,,,ANONYMIZED_RATER_3,,annotation:span:AUTH-TAD-0465:r3,正确,是时间状语,时间状语,,,
sentence:SENT-0186,Sentence,周末的时候，她一向会去看场电影。,,,,,,,,,,,,,,,,,,,,,,,,,,,,,,,,,SENT-0186,周末的时候，她一向会去看场电影。,周末的时候她一向会去看场电影,国际中文教育中文水平等级标准·语法学习手册（中等）,中等,157,水平等级标准·语法学习手册(中等) 【五05】16时间副词(8):一向 ○ 基本语义及用法 表,来源字段完整但仍需正版逐页核验,,,,,,,,,,,,,,,,,,,,
span:AUTH-TAD-0466,CandidateSpan,AUTH-TAD-0466｜周末,,,,,,,,,,,,,,,,,,,,,,,,,,,,,,,,,,周末,,,,,,,AUTH-TAD-0466,周末的时候,0.0,2.0,located,majority_fixed_span,,,,,,,,,,,,,,
consensus:AUTH-TAD-0466,ConsensusLabel,AUTH-TAD-0466｜其他/非目标时间用法,,,,,,,,,,,,,,,,,,,,,,,,,,,,,,,,,,,,,,,,,,周末的时候,,,,,consensus:AUTH-TAD-0466,OTHER,多数一致,完全一致,多数一致,,,,,,,,,
annotation:span:AUTH-TAD-0466:r1,AnnotationDecision,标注者1-AUTH-TAD-0466,,,,,,,,,,,,,,,,,,,,,,,,,,,,,,,,,,,,,,,,,,,,,,,,,,,,ANONYMIZED_RATER_1,,annotation:span:AUTH-TAD-0466:r1,正确,不是时间状语,时间定语,,,
annotation:span:AUTH-TAD-0466:r2,AnnotationDecision,标注者2-AUTH-TAD-0466,,,,,,,,,,,,,,,,,,,,,,,,,,,,,,,,,,,,,,,,,,,,,,,,,,,,ANONYMIZED_RATER_2,,annotation:span:AUTH-TAD-0466:r2,边界不完整,不是时间状语,提取错误：边界不完整,周末的时候,,
annotation:span:AUTH-TAD-0466:r3,AnnotationDecision,标注者3-AUTH-TAD-0466,,,,,,,,,,,,,,,,,,,,,,,,,,,,,,,,,,,,,,,,,,,,,,,,,,,,ANONYMIZED_RATER_3,,annotation:span:AUTH-TAD-0466:r3,边界不完整,不是时间状语,提取错误：边界不完整,周末的时候,,
sentence:SENT-0210,Sentence,她已经不在这里工作了。,,,,,,,,,,,,,,,,,,,,,,,,,,,,,,,,,SENT-0210,她已经不在这里工作了。,她已经不在这里工作了,国际中文教育中文水平等级标准·语法学习手册（初等）,初等,152,级语法点 例句 校长已经下班了,来源字段完整但仍需正版逐页核验,,,,,,,,,,,,,,,,,,,,
span:AUTH-TAD-0467,CandidateSpan,AUTH-TAD-0467｜已经,,,,,,,,,,,,,,,,,,,,,,,,,,,,,,,,,,已经,,,,,,,AUTH-TAD-0467,已经,1.0,3.0,located,candidate_span,,,,,,,,,,,,,,
consensus:AUTH-TAD-0467,ConsensusLabel,AUTH-TAD-0467｜时间状语,,,,,,,,,,,,,,,,,,,,,,,,,,,,,,,,,,,,,,,,,,已经,,,,,consensus:AUTH-TAD-0467,TEMPORAL_ADVERBIAL,完全一致,完全一致,完全一致,,,,,,,,,
annotation:span:AUTH-TAD-0467:r1,AnnotationDecision,标注者1-AUTH-TAD-0467,,,,,,,,,,,,,,,,,,,,,,,,,,,,,,,,,,,,,,,,,,,,,,,,,,,,ANONYMIZED_RATER_1,,annotation:span:AUTH-TAD-0467:r1,正确,是时间状语,时间状语,,,
annotation:span:AUTH-TAD-0467:r2,AnnotationDecision,标注者2-AUTH-TAD-0467,,,,,,,,,,,,,,,,,,,,,,,,,,,,,,,,,,,,,,,,,,,,,,,,,,,,ANONYMIZED_RATER_2,,annotation:span:AUTH-TAD-0467:r2,正确,是时间状语,时间状语,,,
annotation:span:AUTH-TAD-0467:r3,AnnotationDecision,标注者3-AUTH-TAD-0467,,,,,,,,,,,,,,,,,,,,,,,,,,,,,,,,,,,,,,,,,,,,,,,,,,,,ANONYMIZED_RATER_3,,annotation:span:AUTH-TAD-0467:r3,正确,是时间状语,时间状语,,,
sentence:SENT-0142,Sentence,你明天去看看奶奶。,,,,,,,,,,,,,,,,,,,,,,,,,,,,,,,,,SENT-0142,你明天去看看奶奶。,你明天去看看奶奶,国际中文教育中文水平等级标准·语法学习手册（初等）,初等,120,AA、A一 A”用于未发生的动作，“A了A”用于 已经完成的动作,来源字段完整但仍需正版逐页核验,,,,,,,,,,,,,,,,,,,,
span:AUTH-TAD-0468,CandidateSpan,AUTH-TAD-0468｜明天,,,,,,,,,,,,,,,,,,,,,,,,,,,,,,,,,,明天,,,,,,,AUTH-TAD-0468,明天,1.0,3.0,located,candidate_span,,,,,,,,,,,,,,
consensus:AUTH-TAD-0468,ConsensusLabel,AUTH-TAD-0468｜时间状语,,,,,,,,,,,,,,,,,,,,,,,,,,,,,,,,,,,,,,,,,,明天,,,,,consensus:AUTH-TAD-0468,TEMPORAL_ADVERBIAL,完全一致,完全一致,完全一致,,,,,,,,,
annotation:span:AUTH-TAD-0468:r1,AnnotationDecision,标注者1-AUTH-TAD-0468,,,,,,,,,,,,,,,,,,,,,,,,,,,,,,,,,,,,,,,,,,,,,,,,,,,,ANONYMIZED_RATER_1,,annotation:span:AUTH-TAD-0468:r1,正确,是时间状语,时间状语,,,
annotation:span:AUTH-TAD-0468:r2,AnnotationDecision,标注者2-AUTH-TAD-0468,,,,,,,,,,,,,,,,,,,,,,,,,,,,,,,,,,,,,,,,,,,,,,,,,,,,ANONYMIZED_RATER_2,,annotation:span:AUTH-TAD-0468:r2,正确,是时间状语,时间状语,,,
annotation:span:AUTH-TAD-0468:r3,AnnotationDecision,标注者3-AUTH-TAD-0468,,,,,,,,,,,,,,,,,,,,,,,,,,,,,,,,,,,,,,,,,,,,,,,,,,,,ANONYMIZED_RATER_3,,annotation:span:AUTH-TAD-0468:r3,正确,是时间状语,时间状语,,,
sentence:SENT-0289,Sentence,我回家的时候，他正在写作业。,,,,,,,,,,,,,,,,,,,,,,,,,,,,,,,,,SENT-0289,我回家的时候，他正在写作业。,我回家的时候他正在写作业,国际中文教育中文水平等级标准·语法学习手册（初等）,初等,103,外边正在下雨,来源字段完整但仍需正版逐页核验,,,,,,,,,,,,,,,,,,,,
span:AUTH-TAD-0469,CandidateSpan,AUTH-TAD-0469｜正在,,,,,,,,,,,,,,,,,,,,,,,,,,,,,,,,,,正在,,,,,,,AUTH-TAD-0469,正在,8.0,10.0,located,candidate_span,,,,,,,,,,,,,,
consensus:AUTH-TAD-0469,ConsensusLabel,AUTH-TAD-0469｜时间状语,,,,,,,,,,,,,,,,,,,,,,,,,,,,,,,,,,,,,,,,,,正在,,,,,consensus:AUTH-TAD-0469,TEMPORAL_ADVERBIAL,完全一致,完全一致,完全一致,,,,,,,,,
annotation:span:AUTH-TAD-0469:r1,AnnotationDecision,标注者1-AUTH-TAD-0469,,,,,,,,,,,,,,,,,,,,,,,,,,,,,,,,,,,,,,,,,,,,,,,,,,,,ANONYMIZED_RATER_1,,annotation:span:AUTH-TAD-0469:r1,正确,是时间状语,时间状语,,,
annotation:span:AUTH-TAD-0469:r2,AnnotationDecision,标注者2-AUTH-TAD-0469,,,,,,,,,,,,,,,,,,,,,,,,,,,,,,,,,,,,,,,,,,,,,,,,,,,,ANONYMIZED_RATER_2,,annotation:span:AUTH-TAD-0469:r2,正确,是时间状语,时间状语,,,
annotation:span:AUTH-TAD-0469:r3,AnnotationDecision,标注者3-AUTH-TAD-0469,,,,,,,,,,,,,,,,,,,,,,,,,,,,,,,,,,,,,,,,,,,,,,,,,,,,ANONYMIZED_RATER_3,,annotation:span:AUTH-TAD-0469:r3,正确,是时间状语,时间状语,,,
sentence:SENT-0133,Sentence,你刚才做什么呢?,,,,,,,,,,,,,,,,,,,,,,,,,,,,,,,,,SENT-0133,你刚才做什么呢?,你刚才做什么呢,国际中文教育中文水平等级标准·语法学习手册（初等）,初等,385,:这个手机不错， A:你的中文老师多大了? A:你刚才做什么呢? 贵吗? B:我的中文老师大,来源字段完整但仍需正版逐页核验,,,,,,,,,,,,,,,,,,,,
span:AUTH-TAD-0470,CandidateSpan,AUTH-TAD-0470｜刚才,,,,,,,,,,,,,,,,,,,,,,,,,,,,,,,,,,刚才,,,,,,,AUTH-TAD-0470,刚才,1.0,3.0,located,candidate_span,,,,,,,,,,,,,,
consensus:AUTH-TAD-0470,ConsensusLabel,AUTH-TAD-0470｜时间状语,,,,,,,,,,,,,,,,,,,,,,,,,,,,,,,,,,,,,,,,,,刚才,,,,,consensus:AUTH-TAD-0470,TEMPORAL_ADVERBIAL,完全一致,完全一致,完全一致,,,,,,,,,
annotation:span:AUTH-TAD-0470:r1,AnnotationDecision,标注者1-AUTH-TAD-0470,,,,,,,,,,,,,,,,,,,,,,,,,,,,,,,,,,,,,,,,,,,,,,,,,,,,ANONYMIZED_RATER_1,,annotation:span:AUTH-TAD-0470:r1,正确,是时间状语,时间状语,,,
annotation:span:AUTH-TAD-0470:r2,AnnotationDecision,标注者2-AUTH-TAD-0470,,,,,,,,,,,,,,,,,,,,,,,,,,,,,,,,,,,,,,,,,,,,,,,,,,,,ANONYMIZED_RATER_2,,annotation:span:AUTH-TAD-0470:r2,正确,是时间状语,时间状语,,,
annotation:span:AUTH-TAD-0470:r3,AnnotationDecision,标注者3-AUTH-TAD-0470,,,,,,,,,,,,,,,,,,,,,,,,,,,,,,,,,,,,,,,,,,,,,,,,,,,,ANONYMIZED_RATER_3,,annotation:span:AUTH-TAD-0470:r3,正确,是时间状语,时间状语,,,
sentence:SENT-0121,Sentence,他经常问老师问题。,,,,,,,,,,,,,,,,,,,,,,,,,,,,,,,,,SENT-0121,他经常问老师问题。,他经常问老师问题,国际中文教育中文水平等级标准·语法学习手册（初等）,初等,154,级语法点 34频率、重复副词(2):经常 【二16】 ◎基本语义及用法 表示某动,来源字段完整但仍需正版逐页核验,,,,,,,,,,,,,,,,,,,,
span:AUTH-TAD-0471,CandidateSpan,AUTH-TAD-0471｜经常,,,,,,,,,,,,,,,,,,,,,,,,,,,,,,,,,,经常,,,,,,,AUTH-TAD-0471,经常,1.0,3.0,located,candidate_span,,,,,,,,,,,,,,
consensus:AUTH-TAD-0471,ConsensusLabel,AUTH-TAD-0471｜时间状语,,,,,,,,,,,,,,,,,,,,,,,,,,,,,,,,,,,,,,,,,,经常,,,,,consensus:AUTH-TAD-0471,TEMPORAL_ADVERBIAL,完全一致,完全一致,完全一致,,,,,,,,,
annotation:span:AUTH-TAD-0471:r1,AnnotationDecision,标注者1-AUTH-TAD-0471,,,,,,,,,,,,,,,,,,,,,,,,,,,,,,,,,,,,,,,,,,,,,,,,,,,,ANONYMIZED_RATER_1,,annotation:span:AUTH-TAD-0471:r1,正确,是时间状语,时间状语,,,
annotation:span:AUTH-TAD-0471:r2,AnnotationDecision,标注者2-AUTH-TAD-0471,,,,,,,,,,,,,,,,,,,,,,,,,,,,,,,,,,,,,,,,,,,,,,,,,,,,ANONYMIZED_RATER_2,,annotation:span:AUTH-TAD-0471:r2,正确,是时间状语,时间状语,,,
annotation:span:AUTH-TAD-0471:r3,AnnotationDecision,标注者3-AUTH-TAD-0471,,,,,,,,,,,,,,,,,,,,,,,,,,,,,,,,,,,,,,,,,,,,,,,,,,,,ANONYMIZED_RATER_3,,annotation:span:AUTH-TAD-0471:r3,正确,是时间状语,时间状语,,,
sentence:SENT-0220,Sentence,她起初不适应这里的气候，后来才慢慢习惯了。,,,,,,,,,,,,,,,,,,,,,,,,,,,,,,,,,SENT-0220,她起初不适应这里的气候，后来才慢慢习惯了。,她起初不适应这里的气候后来才慢慢习惯了,国际中文教育中文水平等级标准·语法学习手册（高等）,高等,136,,页面线索缺失,,,,,,,,,,,,,,,,,,,,
span:AUTH-TAD-0472,CandidateSpan,AUTH-TAD-0472｜后来,,,,,,,,,,,,,,,,,,,,,,,,,,,,,,,,,,后来,,,,,,,AUTH-TAD-0472,后来,12.0,14.0,located,candidate_span,,,,,,,,,,,,,,
consensus:AUTH-TAD-0472,ConsensusLabel,AUTH-TAD-0472｜时间状语,,,,,,,,,,,,,,,,,,,,,,,,,,,,,,,,,,,,,,,,,,后来,,,,,consensus:AUTH-TAD-0472,TEMPORAL_ADVERBIAL,多数一致,完全一致,多数一致,,,,,,,,,
annotation:span:AUTH-TAD-0472:r1,AnnotationDecision,标注者1-AUTH-TAD-0472,,,,,,,,,,,,,,,,,,,,,,,,,,,,,,,,,,,,,,,,,,,,,,,,,,,,ANONYMIZED_RATER_1,,annotation:span:AUTH-TAD-0472:r1,正确,是时间状语,时间状语,,,
annotation:span:AUTH-TAD-0472:r2,AnnotationDecision,标注者2-AUTH-TAD-0472,,,,,,,,,,,,,,,,,,,,,,,,,,,,,,,,,,,,,,,,,,,,,,,,,,,,ANONYMIZED_RATER_2,,annotation:span:AUTH-TAD-0472:r2,正确,是时间状语,时间状语,,,
annotation:span:AUTH-TAD-0472:r3,AnnotationDecision,标注者3-AUTH-TAD-0472,,,,,,,,,,,,,,,,,,,,,,,,,,,,,,,,,,,,,,,,,,,,,,,,,,,,ANONYMIZED_RATER_3,,annotation:span:AUTH-TAD-0472:r3,漏检：有目标时间状语,是时间状语,漏检,起初,,
sentence:SENT-0256,Sentence,当时我真着急了，不知说什么好。,,,,,,,,,,,,,,,,,,,,,,,,,,,,,,,,,SENT-0256,当时我真着急了，不知说什么好。,当时我真着急了不知说什么好,国际中文教育中文水平等级标准·语法学习手册（高等）,高等,115,固定短语“不知……好”中间一般加动词性成分，动词经常受“怎么、如何、什 么”等代词的修饰,来源字段完整但仍需正版逐页核验,,,,,,,,,,,,,,,,,,,,
span:AUTH-TAD-0473,CandidateSpan,AUTH-TAD-0473｜当时,,,,,,,,,,,,,,,,,,,,,,,,,,,,,,,,,,当时,,,,,,,AUTH-TAD-0473,当时,0.0,2.0,located,candidate_span,,,,,,,,,,,,,,
consensus:AUTH-TAD-0473,ConsensusLabel,AUTH-TAD-0473｜时间状语,,,,,,,,,,,,,,,,,,,,,,,,,,,,,,,,,,,,,,,,,,当时,,,,,consensus:AUTH-TAD-0473,TEMPORAL_ADVERBIAL,完全一致,完全一致,完全一致,,,,,,,,,
annotation:span:AUTH-TAD-0473:r1,AnnotationDecision,标注者1-AUTH-TAD-0473,,,,,,,,,,,,,,,,,,,,,,,,,,,,,,,,,,,,,,,,,,,,,,,,,,,,ANONYMIZED_RATER_1,,annotation:span:AUTH-TAD-0473:r1,正确,是时间状语,时间状语,,,
annotation:span:AUTH-TAD-0473:r2,AnnotationDecision,标注者2-AUTH-TAD-0473,,,,,,,,,,,,,,,,,,,,,,,,,,,,,,,,,,,,,,,,,,,,,,,,,,,,ANONYMIZED_RATER_2,,annotation:span:AUTH-TAD-0473:r2,正确,是时间状语,时间状语,,,
annotation:span:AUTH-TAD-0473:r3,AnnotationDecision,标注者3-AUTH-TAD-0473,,,,,,,,,,,,,,,,,,,,,,,,,,,,,,,,,,,,,,,,,,,,,,,,,,,,ANONYMIZED_RATER_3,,annotation:span:AUTH-TAD-0473:r3,正确,是时间状语,时间状语,,,
sentence:SENT-0392,Sentence,现在我的愿望终于实现了。,,,,,,,,,,,,,,,,,,,,,,,,,,,,,,,,,SENT-0392,现在我的愿望终于实现了。,现在我的愿望终于实现了,国际中文教育中文水平等级标准·语法学习手册（初等）,初等,318,,页面线索缺失,,,,,,,,,,,,,,,,,,,,
span:AUTH-TAD-0474,CandidateSpan,AUTH-TAD-0474｜现在,,,,,,,,,,,,,,,,,,,,,,,,,,,,,,,,,,现在,,,,,,,AUTH-TAD-0474,现在,0.0,2.0,located,candidate_span,,,,,,,,,,,,,,
consensus:AUTH-TAD-0474,ConsensusLabel,AUTH-TAD-0474｜时间状语,,,,,,,,,,,,,,,,,,,,,,,,,,,,,,,,,,,,,,,,,,现在,,,,,consensus:AUTH-TAD-0474,TEMPORAL_ADVERBIAL,完全一致,完全一致,完全一致,,,,,,,,,
annotation:span:AUTH-TAD-0474:r1,AnnotationDecision,标注者1-AUTH-TAD-0474,,,,,,,,,,,,,,,,,,,,,,,,,,,,,,,,,,,,,,,,,,,,,,,,,,,,ANONYMIZED_RATER_1,,annotation:span:AUTH-TAD-0474:r1,正确,是时间状语,时间状语,,,
annotation:span:AUTH-TAD-0474:r2,AnnotationDecision,标注者2-AUTH-TAD-0474,,,,,,,,,,,,,,,,,,,,,,,,,,,,,,,,,,,,,,,,,,,,,,,,,,,,ANONYMIZED_RATER_2,,annotation:span:AUTH-TAD-0474:r2,正确,是时间状语,时间状语,,,
annotation:span:AUTH-TAD-0474:r3,AnnotationDecision,标注者3-AUTH-TAD-0474,,,,,,,,,,,,,,,,,,,,,,,,,,,,,,,,,,,,,,,,,,,,,,,,,,,,ANONYMIZED_RATER_3,,annotation:span:AUTH-TAD-0474:r3,正确,是时间状语,时间状语,,,
sentence:SENT-0007,Sentence,上午的比赛因过于紧张而失败了。,,,,,,,,,,,,,,,,,,,,,,,,,,,,,,,,,SENT-0007,上午的比赛因过于紧张而失败了。,上午的比赛因过于紧张而失败了,国际中文教育中文水平等级标准·语法学习手册（高等）,高等,120,◎ 补充例句 他每天因睡不够而没有时间吃早饭,来源字段完整但仍需正版逐页核验,,,,,,,,,,,,,,,,,,,,
span:AUTH-TAD-0475,CandidateSpan,AUTH-TAD-0475｜上午,,,,,,,,,,,,,,,,,,,,,,,,,,,,,,,,,,上午,,,,,,,AUTH-TAD-0475,上午,0.0,2.0,located,candidate_span,,,,,,,,,,,,,,
consensus:AUTH-TAD-0475,ConsensusLabel,AUTH-TAD-0475｜时间定语,,,,,,,,,,,,,,,,,,,,,,,,,,,,,,,,,,,,,,,,,,上午,,,,,consensus:AUTH-TAD-0475,ATTRIBUTE,完全一致,完全一致,完全一致,,,,,,,,,
annotation:span:AUTH-TAD-0475:r1,AnnotationDecision,标注者1-AUTH-TAD-0475,,,,,,,,,,,,,,,,,,,,,,,,,,,,,,,,,,,,,,,,,,,,,,,,,,,,ANONYMIZED_RATER_1,,annotation:span:AUTH-TAD-0475:r1,正确,不是时间状语,时间定语,,,
annotation:span:AUTH-TAD-0475:r2,AnnotationDecision,标注者2-AUTH-TAD-0475,,,,,,,,,,,,,,,,,,,,,,,,,,,,,,,,,,,,,,,,,,,,,,,,,,,,ANONYMIZED_RATER_2,,annotation:span:AUTH-TAD-0475:r2,正确,不是时间状语,时间定语,,,
annotation:span:AUTH-TAD-0475:r3,AnnotationDecision,标注者3-AUTH-TAD-0475,,,,,,,,,,,,,,,,,,,,,,,,,,,,,,,,,,,,,,,,,,,,,,,,,,,,ANONYMIZED_RATER_3,,annotation:span:AUTH-TAD-0475:r3,正确,不是时间状语,时间定语,,,
sentence:SENT-0223,Sentence,好，好，我马上写。,,,,,,,,,,,,,,,,,,,,,,,,,,,,,,,,,SENT-0223,好，好，我马上写。,好好我马上写,国际中文教育中文水平等级标准·语法学习手册（高等）,高等,48,(又+)何必+呢? 事情已经解决了，这 又 何必 呢? 为这点儿小事,来源字段完整但仍需正版逐页核验,,,,,,,,,,,,,,,,,,,,
span:AUTH-TAD-0476,CandidateSpan,AUTH-TAD-0476｜马上,,,,,,,,,,,,,,,,,,,,,,,,,,,,,,,,,,马上,,,,,,,AUTH-TAD-0476,马上,5.0,7.0,located,candidate_span,,,,,,,,,,,,,,
consensus:AUTH-TAD-0476,ConsensusLabel,AUTH-TAD-0476｜时间状语,,,,,,,,,,,,,,,,,,,,,,,,,,,,,,,,,,,,,,,,,,马上,,,,,consensus:AUTH-TAD-0476,TEMPORAL_ADVERBIAL,完全一致,完全一致,完全一致,,,,,,,,,
annotation:span:AUTH-TAD-0476:r1,AnnotationDecision,标注者1-AUTH-TAD-0476,,,,,,,,,,,,,,,,,,,,,,,,,,,,,,,,,,,,,,,,,,,,,,,,,,,,ANONYMIZED_RATER_1,,annotation:span:AUTH-TAD-0476:r1,正确,是时间状语,时间状语,,,
annotation:span:AUTH-TAD-0476:r2,AnnotationDecision,标注者2-AUTH-TAD-0476,,,,,,,,,,,,,,,,,,,,,,,,,,,,,,,,,,,,,,,,,,,,,,,,,,,,ANONYMIZED_RATER_2,,annotation:span:AUTH-TAD-0476:r2,正确,是时间状语,时间状语,,,
annotation:span:AUTH-TAD-0476:r3,AnnotationDecision,标注者3-AUTH-TAD-0476,,,,,,,,,,,,,,,,,,,,,,,,,,,,,,,,,,,,,,,,,,,,,,,,,,,,ANONYMIZED_RATER_3,,annotation:span:AUTH-TAD-0476:r3,正确,是时间状语,时间状语,,,
sentence:SENT-0360,Sentence,是啊，我经常看到他因一件小事而快乐。,,,,,,,,,,,,,,,,,,,,,,,,,,,,,,,,,SENT-0360,是啊，我经常看到他因一件小事而快乐。,是啊我经常看到他因一件小事而快乐,国际中文教育中文水平等级标准·语法学习手册（高等）,高等,119,◎ 典型例句和对话 例句 交际实践 我经常看到他因 (在教室，谈论大卫) 一件小事,来源字段完整但仍需正版逐页核验,,,,,,,,,,,,,,,,,,,,
span:AUTH-TAD-0477,CandidateSpan,AUTH-TAD-0477｜经常,,,,,,,,,,,,,,,,,,,,,,,,,,,,,,,,,,经常,,,,,,,AUTH-TAD-0477,经常,4.0,6.0,located,candidate_span,,,,,,,,,,,,,,
consensus:AUTH-TAD-0477,ConsensusLabel,AUTH-TAD-0477｜时间状语,,,,,,,,,,,,,,,,,,,,,,,,,,,,,,,,,,,,,,,,,,经常,,,,,consensus:AUTH-TAD-0477,TEMPORAL_ADVERBIAL,完全一致,完全一致,完全一致,,,,,,,,,
annotation:span:AUTH-TAD-0477:r1,AnnotationDecision,标注者1-AUTH-TAD-0477,,,,,,,,,,,,,,,,,,,,,,,,,,,,,,,,,,,,,,,,,,,,,,,,,,,,ANONYMIZED_RATER_1,,annotation:span:AUTH-TAD-0477:r1,正确,是时间状语,时间状语,,,
annotation:span:AUTH-TAD-0477:r2,AnnotationDecision,标注者2-AUTH-TAD-0477,,,,,,,,,,,,,,,,,,,,,,,,,,,,,,,,,,,,,,,,,,,,,,,,,,,,ANONYMIZED_RATER_2,,annotation:span:AUTH-TAD-0477:r2,正确,是时间状语,时间状语,,,
annotation:span:AUTH-TAD-0477:r3,AnnotationDecision,标注者3-AUTH-TAD-0477,,,,,,,,,,,,,,,,,,,,,,,,,,,,,,,,,,,,,,,,,,,,,,,,,,,,ANONYMIZED_RATER_3,,annotation:span:AUTH-TAD-0477:r3,正确,是时间状语,时间状语,,,
sentence:SENT-0387,Sentence,王经理今年的销售业绩又拿了第一。,,,,,,,,,,,,,,,,,,,,,,,,,,,,,,,,,SENT-0387,王经理今年的销售业绩又拿了第一。,王经理今年的销售业绩又拿了第一,国际中文教育中文水平等级标准·语法学习手册（高等）,高等,118,,页面线索缺失,,,,,,,,,,,,,,,,,,,,
span:AUTH-TAD-0478,CandidateSpan,AUTH-TAD-0478｜今年,,,,,,,,,,,,,,,,,,,,,,,,,,,,,,,,,,今年,,,,,,,AUTH-TAD-0478,今年,3.0,5.0,located,candidate_span,,,,,,,,,,,,,,
consensus:AUTH-TAD-0478,ConsensusLabel,AUTH-TAD-0478｜时间定语,,,,,,,,,,,,,,,,,,,,,,,,,,,,,,,,,,,,,,,,,,今年,,,,,consensus:AUTH-TAD-0478,ATTRIBUTE,完全一致,完全一致,完全一致,,,,,,,,,
annotation:span:AUTH-TAD-0478:r1,AnnotationDecision,标注者1-AUTH-TAD-0478,,,,,,,,,,,,,,,,,,,,,,,,,,,,,,,,,,,,,,,,,,,,,,,,,,,,ANONYMIZED_RATER_1,,annotation:span:AUTH-TAD-0478:r1,正确,不是时间状语,时间定语,,,
annotation:span:AUTH-TAD-0478:r2,AnnotationDecision,标注者2-AUTH-TAD-0478,,,,,,,,,,,,,,,,,,,,,,,,,,,,,,,,,,,,,,,,,,,,,,,,,,,,ANONYMIZED_RATER_2,,annotation:span:AUTH-TAD-0478:r2,正确,不是时间状语,时间定语,,,
annotation:span:AUTH-TAD-0478:r3,AnnotationDecision,标注者3-AUTH-TAD-0478,,,,,,,,,,,,,,,,,,,,,,,,,,,,,,,,,,,,,,,,,,,,,,,,,,,,ANONYMIZED_RATER_3,,annotation:span:AUTH-TAD-0478:r3,正确,不是时间状语,时间定语,,,
sentence:SENT-0357,Sentence,是啊，今天的电影的确很感人。,,,,,,,,,,,,,,,,,,,,,,,,,,,,,,,,,SENT-0357,是啊，今天的电影的确很感人。,是啊今天的电影的确很感人,国际中文教育中文水平等级标准·语法学习手册（高等）,高等,38,儿子：奶奶怎么哭了? 妈妈：刚才奶奶翻出了一堆旧照片，看着照片，不由,来源字段完整但仍需正版逐页核验,,,,,,,,,,,,,,,,,,,,
span:AUTH-TAD-0479,CandidateSpan,AUTH-TAD-0479｜今天,,,,,,,,,,,,,,,,,,,,,,,,,,,,,,,,,,今天,,,,,,,AUTH-TAD-0479,今天,3.0,5.0,located,candidate_span,,,,,,,,,,,,,,
consensus:AUTH-TAD-0479,ConsensusLabel,AUTH-TAD-0479｜时间定语,,,,,,,,,,,,,,,,,,,,,,,,,,,,,,,,,,,,,,,,,,今天,,,,,consensus:AUTH-TAD-0479,ATTRIBUTE,完全一致,完全一致,完全一致,,,,,,,,,
annotation:span:AUTH-TAD-0479:r1,AnnotationDecision,标注者1-AUTH-TAD-0479,,,,,,,,,,,,,,,,,,,,,,,,,,,,,,,,,,,,,,,,,,,,,,,,,,,,ANONYMIZED_RATER_1,,annotation:span:AUTH-TAD-0479:r1,正确,不是时间状语,时间定语,,,
annotation:span:AUTH-TAD-0479:r2,AnnotationDecision,标注者2-AUTH-TAD-0479,,,,,,,,,,,,,,,,,,,,,,,,,,,,,,,,,,,,,,,,,,,,,,,,,,,,ANONYMIZED_RATER_2,,annotation:span:AUTH-TAD-0479:r2,正确,不是时间状语,时间定语,,,
annotation:span:AUTH-TAD-0479:r3,AnnotationDecision,标注者3-AUTH-TAD-0479,,,,,,,,,,,,,,,,,,,,,,,,,,,,,,,,,,,,,,,,,,,,,,,,,,,,ANONYMIZED_RATER_3,,annotation:span:AUTH-TAD-0479:r3,正确,不是时间状语,时间定语,,,
sentence:SENT-0004,Sentence,丈夫：今天发工资，我们要买就买个够。,,,,,,,,,,,,,,,,,,,,,,,,,,,,,,,,,SENT-0004,丈夫：今天发工资，我们要买就买个够。,丈夫今天发工资我们要买就买个够,国际中文教育中文水平等级标准·语法学习手册（高等）,高等,187,) 129 紧缩复句：(要+)动词+就+动词+个+补语 【七—九126】 ◎基本语义及用法 表,来源字段完整但仍需正版逐页核验,,,,,,,,,,,,,,,,,,,,
span:AUTH-TAD-0480,CandidateSpan,AUTH-TAD-0480｜今天,,,,,,,,,,,,,,,,,,,,,,,,,,,,,,,,,,今天,,,,,,,AUTH-TAD-0480,今天,3.0,5.0,located,candidate_span,,,,,,,,,,,,,,
consensus:AUTH-TAD-0480,ConsensusLabel,AUTH-TAD-0480｜时间状语,,,,,,,,,,,,,,,,,,,,,,,,,,,,,,,,,,,,,,,,,,今天,,,,,consensus:AUTH-TAD-0480,TEMPORAL_ADVERBIAL,完全一致,完全一致,完全一致,,,,,,,,,
annotation:span:AUTH-TAD-0480:r1,AnnotationDecision,标注者1-AUTH-TAD-0480,,,,,,,,,,,,,,,,,,,,,,,,,,,,,,,,,,,,,,,,,,,,,,,,,,,,ANONYMIZED_RATER_1,,annotation:span:AUTH-TAD-0480:r1,正确,是时间状语,时间状语,,,
annotation:span:AUTH-TAD-0480:r2,AnnotationDecision,标注者2-AUTH-TAD-0480,,,,,,,,,,,,,,,,,,,,,,,,,,,,,,,,,,,,,,,,,,,,,,,,,,,,ANONYMIZED_RATER_2,,annotation:span:AUTH-TAD-0480:r2,正确,是时间状语,时间状语,,,
annotation:span:AUTH-TAD-0480:r3,AnnotationDecision,标注者3-AUTH-TAD-0480,,,,,,,,,,,,,,,,,,,,,,,,,,,,,,,,,,,,,,,,,,,,,,,,,,,,ANONYMIZED_RATER_3,,annotation:span:AUTH-TAD-0480:r3,正确,是时间状语,时间状语,,,
span:AUTH-TAD-0481,CandidateSpan,AUTH-TAD-0481｜晚上,,,,,,,,,,,,,,,,,,,,,,,,,,,,,,,,,,晚上,,,,,,,AUTH-TAD-0481,晚上九点,0.0,2.0,located,majority_fixed_span,,,,,,,,,,,,,,
consensus:AUTH-TAD-0481,ConsensusLabel,AUTH-TAD-0481｜其他/非目标时间用法,,,,,,,,,,,,,,,,,,,,,,,,,,,,,,,,,,,,,,,,,,晚上九点,,,,,consensus:AUTH-TAD-0481,OTHER,多数一致,多数一致,多数一致,,,,,,,,,
annotation:span:AUTH-TAD-0481:r1,AnnotationDecision,标注者1-AUTH-TAD-0481,,,,,,,,,,,,,,,,,,,,,,,,,,,,,,,,,,,,,,,,,,,,,,,,,,,,ANONYMIZED_RATER_1,,annotation:span:AUTH-TAD-0481:r1,边界不完整,不是时间状语,提取错误：边界不完整,晚上九点,,
annotation:span:AUTH-TAD-0481:r2,AnnotationDecision,标注者2-AUTH-TAD-0481,,,,,,,,,,,,,,,,,,,,,,,,,,,,,,,,,,,,,,,,,,,,,,,,,,,,ANONYMIZED_RATER_2,,annotation:span:AUTH-TAD-0481:r2,正确,是时间状语,时间状语,,,
annotation:span:AUTH-TAD-0481:r3,AnnotationDecision,标注者3-AUTH-TAD-0481,,,,,,,,,,,,,,,,,,,,,,,,,,,,,,,,,,,,,,,,,,,,,,,,,,,,ANONYMIZED_RATER_3,,annotation:span:AUTH-TAD-0481:r3,边界不完整,不是时间状语,提取错误：边界不完整,晚上九点,,
sentence:SENT-0057,Sentence,今天的演出相当精彩。,,,,,,,,,,,,,,,,,,,,,,,,,,,,,,,,,SENT-0057,今天的演出相当精彩。,今天的演出相当精彩,国际中文教育中文水平等级标准·语法学习手册（初等）,初等,272,(在公园门口) (在公司) (在家) A:我以前没来过这 A:你的实习结束了， A:你回,来源字段完整但仍需正版逐页核验,,,,,,,,,,,,,,,,,,,,
span:AUTH-TAD-0482,CandidateSpan,AUTH-TAD-0482｜今天,,,,,,,,,,,,,,,,,,,,,,,,,,,,,,,,,,今天,,,,,,,AUTH-TAD-0482,今天,0.0,2.0,located,candidate_span,,,,,,,,,,,,,,
consensus:AUTH-TAD-0482,ConsensusLabel,AUTH-TAD-0482｜时间定语,,,,,,,,,,,,,,,,,,,,,,,,,,,,,,,,,,,,,,,,,,今天,,,,,consensus:AUTH-TAD-0482,ATTRIBUTE,完全一致,完全一致,完全一致,,,,,,,,,
annotation:span:AUTH-TAD-0482:r1,AnnotationDecision,标注者1-AUTH-TAD-0482,,,,,,,,,,,,,,,,,,,,,,,,,,,,,,,,,,,,,,,,,,,,,,,,,,,,ANONYMIZED_RATER_1,,annotation:span:AUTH-TAD-0482:r1,正确,不是时间状语,时间定语,,,
annotation:span:AUTH-TAD-0482:r2,AnnotationDecision,标注者2-AUTH-TAD-0482,,,,,,,,,,,,,,,,,,,,,,,,,,,,,,,,,,,,,,,,,,,,,,,,,,,,ANONYMIZED_RATER_2,,annotation:span:AUTH-TAD-0482:r2,正确,不是时间状语,时间定语,,,
annotation:span:AUTH-TAD-0482:r3,AnnotationDecision,标注者3-AUTH-TAD-0482,,,,,,,,,,,,,,,,,,,,,,,,,,,,,,,,,,,,,,,,,,,,,,,,,,,,ANONYMIZED_RATER_3,,annotation:span:AUTH-TAD-0482:r3,正确,不是时间状语,时间定语,,,
sentence:SENT-0468,Sentence,麦克，祝贺你昨天的演讲比赛得了第一名。,,,,,,,,,,,,,,,,,,,,,,,,,,,,,,,,,SENT-0468,麦克，祝贺你昨天的演讲比赛得了第一名。,麦克祝贺你昨天的演讲比赛得了第一名,国际中文教育中文水平等级标准·语法学习手册（高等）,高等,62,妻子：我走的时候忘记关煤气了，你帮我关一下儿,来源字段完整但仍需正版逐页核验,,,,,,,,,,,,,,,,,,,,
span:AUTH-TAD-0483,CandidateSpan,AUTH-TAD-0483｜昨天,,,,,,,,,,,,,,,,,,,,,,,,,,,,,,,,,,昨天,,,,,,,AUTH-TAD-0483,昨天,6.0,8.0,located,candidate_span,,,,,,,,,,,,,,
consensus:AUTH-TAD-0483,ConsensusLabel,AUTH-TAD-0483｜时间定语,,,,,,,,,,,,,,,,,,,,,,,,,,,,,,,,,,,,,,,,,,昨天,,,,,consensus:AUTH-TAD-0483,ATTRIBUTE,完全一致,完全一致,完全一致,,,,,,,,,
annotation:span:AUTH-TAD-0483:r1,AnnotationDecision,标注者1-AUTH-TAD-0483,,,,,,,,,,,,,,,,,,,,,,,,,,,,,,,,,,,,,,,,,,,,,,,,,,,,ANONYMIZED_RATER_1,,annotation:span:AUTH-TAD-0483:r1,正确,不是时间状语,时间定语,,,
annotation:span:AUTH-TAD-0483:r2,AnnotationDecision,标注者2-AUTH-TAD-0483,,,,,,,,,,,,,,,,,,,,,,,,,,,,,,,,,,,,,,,,,,,,,,,,,,,,ANONYMIZED_RATER_2,,annotation:span:AUTH-TAD-0483:r2,正确,不是时间状语,时间定语,,,
annotation:span:AUTH-TAD-0483:r3,AnnotationDecision,标注者3-AUTH-TAD-0483,,,,,,,,,,,,,,,,,,,,,,,,,,,,,,,,,,,,,,,,,,,,,,,,,,,,ANONYMIZED_RATER_3,,annotation:span:AUTH-TAD-0483:r3,正确,不是时间状语,时间定语,,,
sentence:SENT-0089,Sentence,他已经60岁了，但是依旧没/没有放弃学习。,,,,,,,,,,,,,,,,,,,,,,,,,,,,,,,,,SENT-0089,他已经60岁了，但是依旧没/没有放弃学习。,他已经60岁了但是依旧没/没有放弃学习,国际中文教育中文水平等级标准·语法学习手册（中等）,中等,156,A:爷爷现在还住在 A:谁是公司本季度 记者：您已经离开家乡多 老房子里吗? 的金牌销售员?,来源字段完整但仍需正版逐页核验,,,,,,,,,,,,,,,,,,,,
span:AUTH-TAD-0484,CandidateSpan,AUTH-TAD-0484｜已经,,,,,,,,,,,,,,,,,,,,,,,,,,,,,,,,,,已经,,,,,,,AUTH-TAD-0484,已经,1.0,3.0,located,candidate_span,,,,,,,,,,,,,,
consensus:AUTH-TAD-0484,ConsensusLabel,AUTH-TAD-0484｜时间状语,,,,,,,,,,,,,,,,,,,,,,,,,,,,,,,,,,,,,,,,,,已经,,,,,consensus:AUTH-TAD-0484,TEMPORAL_ADVERBIAL,完全一致,完全一致,完全一致,,,,,,,,,
annotation:span:AUTH-TAD-0484:r1,AnnotationDecision,标注者1-AUTH-TAD-0484,,,,,,,,,,,,,,,,,,,,,,,,,,,,,,,,,,,,,,,,,,,,,,,,,,,,ANONYMIZED_RATER_1,,annotation:span:AUTH-TAD-0484:r1,正确,是时间状语,时间状语,,,
annotation:span:AUTH-TAD-0484:r2,AnnotationDecision,标注者2-AUTH-TAD-0484,,,,,,,,,,,,,,,,,,,,,,,,,,,,,,,,,,,,,,,,,,,,,,,,,,,,ANONYMIZED_RATER_2,,annotation:span:AUTH-TAD-0484:r2,正确,是时间状语,时间状语,,,
annotation:span:AUTH-TAD-0484:r3,AnnotationDecision,标注者3-AUTH-TAD-0484,,,,,,,,,,,,,,,,,,,,,,,,,,,,,,,,,,,,,,,,,,,,,,,,,,,,ANONYMIZED_RATER_3,,annotation:span:AUTH-TAD-0484:r3,正确,是时间状语,时间状语,,,
sentence:SENT-0137,Sentence,你常常在哪个商店买东西?,,,,,,,,,,,,,,,,,,,,,,,,,,,,,,,,,SENT-0137,你常常在哪个商店买东西?,你常常在哪个商店买东西,国际中文教育中文水平等级标准·语法学习手册（初等）,初等,30,? 这个周末哪个同学去北京? 您要见哪个学生? 你常常在哪个商店买东西? 你喜欢哪个电影? ◎,来源字段完整但仍需正版逐页核验,,,,,,,,,,,,,,,,,,,,
span:AUTH-TAD-0485,CandidateSpan,AUTH-TAD-0485｜常常,,,,,,,,,,,,,,,,,,,,,,,,,,,,,,,,,,常常,,,,,,,AUTH-TAD-0485,常常,1.0,3.0,located,candidate_span,,,,,,,,,,,,,,
consensus:AUTH-TAD-0485,ConsensusLabel,AUTH-TAD-0485｜时间状语,,,,,,,,,,,,,,,,,,,,,,,,,,,,,,,,,,,,,,,,,,常常,,,,,consensus:AUTH-TAD-0485,TEMPORAL_ADVERBIAL,完全一致,完全一致,完全一致,,,,,,,,,
annotation:span:AUTH-TAD-0485:r1,AnnotationDecision,标注者1-AUTH-TAD-0485,,,,,,,,,,,,,,,,,,,,,,,,,,,,,,,,,,,,,,,,,,,,,,,,,,,,ANONYMIZED_RATER_1,,annotation:span:AUTH-TAD-0485:r1,正确,是时间状语,时间状语,,,
annotation:span:AUTH-TAD-0485:r2,AnnotationDecision,标注者2-AUTH-TAD-0485,,,,,,,,,,,,,,,,,,,,,,,,,,,,,,,,,,,,,,,,,,,,,,,,,,,,ANONYMIZED_RATER_2,,annotation:span:AUTH-TAD-0485:r2,正确,是时间状语,时间状语,,,
annotation:span:AUTH-TAD-0485:r3,AnnotationDecision,标注者3-AUTH-TAD-0485,,,,,,,,,,,,,,,,,,,,,,,,,,,,,,,,,,,,,,,,,,,,,,,,,,,,ANONYMIZED_RATER_3,,annotation:span:AUTH-TAD-0485:r3,正确,是时间状语,时间状语,,,
sentence:SENT-0283,Sentence,我们都半年没吃火锅了，这次一定要多吃点儿。,,,,,,,,,,,,,,,,,,,,,,,,,,,,,,,,,SENT-0283,我们都半年没吃火锅了，这次一定要多吃点儿。,我们都半年没吃火锅了这次一定要多吃点儿,国际中文教育中文水平等级标准·语法学习手册（高等）,高等,187,) 129 紧缩复句：(要+)动词+就+动词+个+补语 【七—九126】 ◎基本语义及用法 表,来源字段完整但仍需正版逐页核验,,,,,,,,,,,,,,,,,,,,
span:AUTH-TAD-0486,CandidateSpan,AUTH-TAD-0486｜半年,,,,,,,,,,,,,,,,,,,,,,,,,,,,,,,,,,半年,,,,,,,AUTH-TAD-0486,半年,3.0,5.0,located,candidate_span,,,,,,,,,,,,,,
consensus:AUTH-TAD-0486,ConsensusLabel,AUTH-TAD-0486｜时间状语,,,,,,,,,,,,,,,,,,,,,,,,,,,,,,,,,,,,,,,,,,半年,,,,,consensus:AUTH-TAD-0486,TEMPORAL_ADVERBIAL,完全一致,多数一致,多数一致,,,,,,,,,
annotation:span:AUTH-TAD-0486:r1,AnnotationDecision,标注者1-AUTH-TAD-0486,,,,,,,,,,,,,,,,,,,,,,,,,,,,,,,,,,,,,,,,,,,,,,,,,,,,ANONYMIZED_RATER_1,,annotation:span:AUTH-TAD-0486:r1,正确,是时间状语,时间状语,,,
annotation:span:AUTH-TAD-0486:r2,AnnotationDecision,标注者2-AUTH-TAD-0486,,,,,,,,,,,,,,,,,,,,,,,,,,,,,,,,,,,,,,,,,,,,,,,,,,,,ANONYMIZED_RATER_2,,annotation:span:AUTH-TAD-0486:r2,正确,不是时间状语,时长补语,,,
annotation:span:AUTH-TAD-0486:r3,AnnotationDecision,标注者3-AUTH-TAD-0486,,,,,,,,,,,,,,,,,,,,,,,,,,,,,,,,,,,,,,,,,,,,,,,,,,,,ANONYMIZED_RATER_3,,annotation:span:AUTH-TAD-0486:r3,正确,是时间状语,时间状语,,,
span:AUTH-TAD-0487,CandidateSpan,AUTH-TAD-0487｜20年,,,,,,,,,,,,,,,,,,,,,,,,,,,,,,,,,,20年,,,,,,,AUTH-TAD-0487,20年,8.0,11.0,located,candidate_span,,,,,,,,,,,,,,
consensus:AUTH-TAD-0487,ConsensusLabel,AUTH-TAD-0487｜时长/时间补语,,,,,,,,,,,,,,,,,,,,,,,,,,,,,,,,,,,,,,,,,,20年,,,,,consensus:AUTH-TAD-0487,COMPLEMENT,完全一致,完全一致,完全一致,,,,,,,,,
annotation:span:AUTH-TAD-0487:r1,AnnotationDecision,标注者1-AUTH-TAD-0487,,,,,,,,,,,,,,,,,,,,,,,,,,,,,,,,,,,,,,,,,,,,,,,,,,,,ANONYMIZED_RATER_1,,annotation:span:AUTH-TAD-0487:r1,正确,不是时间状语,时长补语,,,
annotation:span:AUTH-TAD-0487:r2,AnnotationDecision,标注者2-AUTH-TAD-0487,,,,,,,,,,,,,,,,,,,,,,,,,,,,,,,,,,,,,,,,,,,,,,,,,,,,ANONYMIZED_RATER_2,,annotation:span:AUTH-TAD-0487:r2,正确,不是时间状语,时长补语,,,
annotation:span:AUTH-TAD-0487:r3,AnnotationDecision,标注者3-AUTH-TAD-0487,,,,,,,,,,,,,,,,,,,,,,,,,,,,,,,,,,,,,,,,,,,,,,,,,,,,ANONYMIZED_RATER_3,,annotation:span:AUTH-TAD-0487:r3,正确,不是时间状语,时长补语,,,
sentence:SENT-0335,Sentence,明天天气怎么样呢?,,,,,,,,,,,,,,,,,,,,,,,,,,,,,,,,,SENT-0335,明天天气怎么样呢?,明天天气怎么样呢,国际中文教育中文水平等级标准·语法学习手册（初等）,初等,248,级语法点 ◎ 补充例句 你们什么时候见面? 他为什么想学中文? 咱们什么时候,来源字段完整但仍需正版逐页核验,,,,,,,,,,,,,,,,,,,,
span:AUTH-TAD-0488,CandidateSpan,AUTH-TAD-0488｜明天,,,,,,,,,,,,,,,,,,,,,,,,,,,,,,,,,,明天,,,,,,,AUTH-TAD-0488,明天,0.0,2.0,located,candidate_span,,,,,,,,,,,,,,
consensus:AUTH-TAD-0488,ConsensusLabel,AUTH-TAD-0488｜时间状语,,,,,,,,,,,,,,,,,,,,,,,,,,,,,,,,,,,,,,,,,,明天,,,,,consensus:AUTH-TAD-0488,TEMPORAL_ADVERBIAL,完全一致,多数一致,多数一致,,,,,,,,,
annotation:span:AUTH-TAD-0488:r1,AnnotationDecision,标注者1-AUTH-TAD-0488,,,,,,,,,,,,,,,,,,,,,,,,,,,,,,,,,,,,,,,,,,,,,,,,,,,,ANONYMIZED_RATER_1,,annotation:span:AUTH-TAD-0488:r1,正确,不是时间状语,时间定语,,,
annotation:span:AUTH-TAD-0488:r2,AnnotationDecision,标注者2-AUTH-TAD-0488,,,,,,,,,,,,,,,,,,,,,,,,,,,,,,,,,,,,,,,,,,,,,,,,,,,,ANONYMIZED_RATER_2,,annotation:span:AUTH-TAD-0488:r2,正确,是时间状语,时间状语,,,
annotation:span:AUTH-TAD-0488:r3,AnnotationDecision,标注者3-AUTH-TAD-0488,,,,,,,,,,,,,,,,,,,,,,,,,,,,,,,,,,,,,,,,,,,,,,,,,,,,ANONYMIZED_RATER_3,,annotation:span:AUTH-TAD-0488:r3,正确,是时间状语,时间状语,,,
sentence:SENT-0114,Sentence,他现在病得很厉害，吃也吃不得，喝也喝不得。,,,,,,,,,,,,,,,,,,,,,,,,,,,,,,,,,SENT-0114,他现在病得很厉害，吃也吃不得，喝也喝不得。,他现在病得很厉害吃也吃不得喝也喝不得,国际中文教育中文水平等级标准·语法学习手册（中等）,中等,254,这苹果再放下去就坏了，到时候卖也卖不得，吃也吃不得,来源字段完整但仍需正版逐页核验,,,,,,,,,,,,,,,,,,,,
span:AUTH-TAD-0489,CandidateSpan,AUTH-TAD-0489｜现在,,,,,,,,,,,,,,,,,,,,,,,,,,,,,,,,,,现在,,,,,,,AUTH-TAD-0489,现在,1.0,3.0,located,candidate_span,,,,,,,,,,,,,,
consensus:AUTH-TAD-0489,ConsensusLabel,AUTH-TAD-0489｜时间状语,,,,,,,,,,,,,,,,,,,,,,,,,,,,,,,,,,,,,,,,,,现在,,,,,consensus:AUTH-TAD-0489,TEMPORAL_ADVERBIAL,完全一致,完全一致,完全一致,,,,,,,,,
annotation:span:AUTH-TAD-0489:r1,AnnotationDecision,标注者1-AUTH-TAD-0489,,,,,,,,,,,,,,,,,,,,,,,,,,,,,,,,,,,,,,,,,,,,,,,,,,,,ANONYMIZED_RATER_1,,annotation:span:AUTH-TAD-0489:r1,正确,是时间状语,时间状语,,,
annotation:span:AUTH-TAD-0489:r2,AnnotationDecision,标注者2-AUTH-TAD-0489,,,,,,,,,,,,,,,,,,,,,,,,,,,,,,,,,,,,,,,,,,,,,,,,,,,,ANONYMIZED_RATER_2,,annotation:span:AUTH-TAD-0489:r2,正确,是时间状语,时间状语,,,
annotation:span:AUTH-TAD-0489:r3,AnnotationDecision,标注者3-AUTH-TAD-0489,,,,,,,,,,,,,,,,,,,,,,,,,,,,,,,,,,,,,,,,,,,,,,,,,,,,ANONYMIZED_RATER_3,,annotation:span:AUTH-TAD-0489:r3,正确,是时间状语,时间状语,,,
sentence:SENT-0375,Sentence,每天回家吃饭，无非就是那几样菜。,,,,,,,,,,,,,,,,,,,,,,,,,,,,,,,,,SENT-0375,每天回家吃饭，无非就是那几样菜。,每天回家吃饭无非就是那几样菜,国际中文教育中文水平等级标准·语法学习手册（高等）,高等,65,◎ 补充例句 他每天的工作无非就是联系客户、推销新产品,来源字段完整但仍需正版逐页核验,,,,,,,,,,,,,,,,,,,,
span:AUTH-TAD-0490,CandidateSpan,AUTH-TAD-0490｜每天,,,,,,,,,,,,,,,,,,,,,,,,,,,,,,,,,,每天,,,,,,,AUTH-TAD-0490,每天,0.0,2.0,located,candidate_span,,,,,,,,,,,,,,
consensus:AUTH-TAD-0490,ConsensusLabel,AUTH-TAD-0490｜时间状语,,,,,,,,,,,,,,,,,,,,,,,,,,,,,,,,,,,,,,,,,,每天,,,,,consensus:AUTH-TAD-0490,TEMPORAL_ADVERBIAL,完全一致,完全一致,完全一致,,,,,,,,,
annotation:span:AUTH-TAD-0490:r1,AnnotationDecision,标注者1-AUTH-TAD-0490,,,,,,,,,,,,,,,,,,,,,,,,,,,,,,,,,,,,,,,,,,,,,,,,,,,,ANONYMIZED_RATER_1,,annotation:span:AUTH-TAD-0490:r1,正确,是时间状语,时间状语,,,
annotation:span:AUTH-TAD-0490:r2,AnnotationDecision,标注者2-AUTH-TAD-0490,,,,,,,,,,,,,,,,,,,,,,,,,,,,,,,,,,,,,,,,,,,,,,,,,,,,ANONYMIZED_RATER_2,,annotation:span:AUTH-TAD-0490:r2,正确,是时间状语,时间状语,,,
annotation:span:AUTH-TAD-0490:r3,AnnotationDecision,标注者3-AUTH-TAD-0490,,,,,,,,,,,,,,,,,,,,,,,,,,,,,,,,,,,,,,,,,,,,,,,,,,,,ANONYMIZED_RATER_3,,annotation:span:AUTH-TAD-0490:r3,正确,是时间状语,时间状语,,,
sentence:SENT-0290,Sentence,我在这里工作过十年。,,,,,,,,,,,,,,,,,,,,,,,,,,,,,,,,,SENT-0290,我在这里工作过十年。,我在这里工作过十年,国际中文教育中文水平等级标准·语法学习手册（初等）,初等,280,级语法点 20 时间副词(3):曾经 【三14】 ◎基本语义及用法 表示某种,来源字段完整但仍需正版逐页核验,,,,,,,,,,,,,,,,,,,,
span:AUTH-TAD-0491,CandidateSpan,AUTH-TAD-0491｜十年,,,,,,,,,,,,,,,,,,,,,,,,,,,,,,,,,,十年,,,,,,,AUTH-TAD-0491,十年,7.0,9.0,located,candidate_span,,,,,,,,,,,,,,
consensus:AUTH-TAD-0491,ConsensusLabel,AUTH-TAD-0491｜时长/时间补语,,,,,,,,,,,,,,,,,,,,,,,,,,,,,,,,,,,,,,,,,,十年,,,,,consensus:AUTH-TAD-0491,COMPLEMENT,完全一致,完全一致,完全一致,,,,,,,,,
annotation:span:AUTH-TAD-0491:r1,AnnotationDecision,标注者1-AUTH-TAD-0491,,,,,,,,,,,,,,,,,,,,,,,,,,,,,,,,,,,,,,,,,,,,,,,,,,,,ANONYMIZED_RATER_1,,annotation:span:AUTH-TAD-0491:r1,正确,不是时间状语,时长补语,,,
annotation:span:AUTH-TAD-0491:r2,AnnotationDecision,标注者2-AUTH-TAD-0491,,,,,,,,,,,,,,,,,,,,,,,,,,,,,,,,,,,,,,,,,,,,,,,,,,,,ANONYMIZED_RATER_2,,annotation:span:AUTH-TAD-0491:r2,正确,不是时间状语,时长补语,,,
annotation:span:AUTH-TAD-0491:r3,AnnotationDecision,标注者3-AUTH-TAD-0491,,,,,,,,,,,,,,,,,,,,,,,,,,,,,,,,,,,,,,,,,,,,,,,,,,,,ANONYMIZED_RATER_3,,annotation:span:AUTH-TAD-0491:r3,正确,不是时间状语,时长补语,,,
sentence:SENT-0282,Sentence,我们认识不过两天而已，还不是很熟悉。,,,,,,,,,,,,,,,,,,,,,,,,,,,,,,,,,SENT-0282,我们认识不过两天而已，还不是很熟悉。,我们认识不过两天而已还不是很熟悉,国际中文教育中文水平等级标准·语法学习手册（高等）,高等,86,：矣 【七一九058】 ◎基本语义及用法 用来描述已经发生或将要发生的事情的发展变化，用在句末,来源字段完整但仍需正版逐页核验,,,,,,,,,,,,,,,,,,,,
span:AUTH-TAD-0492,CandidateSpan,AUTH-TAD-0492｜两天,,,,,,,,,,,,,,,,,,,,,,,,,,,,,,,,,,两天,,,,,,,AUTH-TAD-0492,两天,6.0,8.0,located,candidate_span,,,,,,,,,,,,,,
consensus:AUTH-TAD-0492,ConsensusLabel,AUTH-TAD-0492｜时长/时间补语,,,,,,,,,,,,,,,,,,,,,,,,,,,,,,,,,,,,,,,,,,两天,,,,,consensus:AUTH-TAD-0492,COMPLEMENT,完全一致,完全一致,完全一致,,,,,,,,,
annotation:span:AUTH-TAD-0492:r1,AnnotationDecision,标注者1-AUTH-TAD-0492,,,,,,,,,,,,,,,,,,,,,,,,,,,,,,,,,,,,,,,,,,,,,,,,,,,,ANONYMIZED_RATER_1,,annotation:span:AUTH-TAD-0492:r1,正确,不是时间状语,时长补语,,,
annotation:span:AUTH-TAD-0492:r2,AnnotationDecision,标注者2-AUTH-TAD-0492,,,,,,,,,,,,,,,,,,,,,,,,,,,,,,,,,,,,,,,,,,,,,,,,,,,,ANONYMIZED_RATER_2,,annotation:span:AUTH-TAD-0492:r2,正确,不是时间状语,时长补语,,,
annotation:span:AUTH-TAD-0492:r3,AnnotationDecision,标注者3-AUTH-TAD-0492,,,,,,,,,,,,,,,,,,,,,,,,,,,,,,,,,,,,,,,,,,,,,,,,,,,,ANONYMIZED_RATER_3,,annotation:span:AUTH-TAD-0492:r3,正确,不是时间状语,时长补语,,,
sentence:SENT-0120,Sentence,他经常放学后去打工。,,,,,,,,,,,,,,,,,,,,,,,,,,,,,,,,,SENT-0120,他经常放学后去打工。,他经常放学后去打工,国际中文教育中文水平等级标准·语法学习手册（初等）,初等,154,级语法点 34频率、重复副词(2):经常 【二16】 ◎基本语义及用法 表示某动,来源字段完整但仍需正版逐页核验,,,,,,,,,,,,,,,,,,,,
span:AUTH-TAD-0493,CandidateSpan,AUTH-TAD-0493｜经常,,,,,,,,,,,,,,,,,,,,,,,,,,,,,,,,,,经常,,,,,,,AUTH-TAD-0493,经常,1.0,3.0,located,candidate_span,,,,,,,,,,,,,,
consensus:AUTH-TAD-0493,ConsensusLabel,AUTH-TAD-0493｜时间状语,,,,,,,,,,,,,,,,,,,,,,,,,,,,,,,,,,,,,,,,,,经常,,,,,consensus:AUTH-TAD-0493,TEMPORAL_ADVERBIAL,完全一致,完全一致,完全一致,,,,,,,,,
annotation:span:AUTH-TAD-0493:r1,AnnotationDecision,标注者1-AUTH-TAD-0493,,,,,,,,,,,,,,,,,,,,,,,,,,,,,,,,,,,,,,,,,,,,,,,,,,,,ANONYMIZED_RATER_1,,annotation:span:AUTH-TAD-0493:r1,正确,是时间状语,时间状语,,,
annotation:span:AUTH-TAD-0493:r2,AnnotationDecision,标注者2-AUTH-TAD-0493,,,,,,,,,,,,,,,,,,,,,,,,,,,,,,,,,,,,,,,,,,,,,,,,,,,,ANONYMIZED_RATER_2,,annotation:span:AUTH-TAD-0493:r2,正确,是时间状语,时间状语,,,
annotation:span:AUTH-TAD-0493:r3,AnnotationDecision,标注者3-AUTH-TAD-0493,,,,,,,,,,,,,,,,,,,,,,,,,,,,,,,,,,,,,,,,,,,,,,,,,,,,ANONYMIZED_RATER_3,,annotation:span:AUTH-TAD-0493:r3,正确,是时间状语,时间状语,,,
sentence:SENT-0015,Sentence,不用，马上就干完了。,,,,,,,,,,,,,,,,,,,,,,,,,,,,,,,,,SENT-0015,不用，马上就干完了。,不用马上就干完了,国际中文教育中文水平等级标准·语法学习手册（初等）,初等,111,B:不用，马上就干完了,来源字段完整但仍需正版逐页核验,,,,,,,,,,,,,,,,,,,,
span:AUTH-TAD-0494,CandidateSpan,AUTH-TAD-0494｜马上,,,,,,,,,,,,,,,,,,,,,,,,,,,,,,,,,,马上,,,,,,,AUTH-TAD-0494,马上,3.0,5.0,located,candidate_span,,,,,,,,,,,,,,
consensus:AUTH-TAD-0494,ConsensusLabel,AUTH-TAD-0494｜时间状语,,,,,,,,,,,,,,,,,,,,,,,,,,,,,,,,,,,,,,,,,,马上,,,,,consensus:AUTH-TAD-0494,TEMPORAL_ADVERBIAL,完全一致,完全一致,完全一致,,,,,,,,,
annotation:span:AUTH-TAD-0494:r1,AnnotationDecision,标注者1-AUTH-TAD-0494,,,,,,,,,,,,,,,,,,,,,,,,,,,,,,,,,,,,,,,,,,,,,,,,,,,,ANONYMIZED_RATER_1,,annotation:span:AUTH-TAD-0494:r1,正确,是时间状语,时间状语,,,
annotation:span:AUTH-TAD-0494:r2,AnnotationDecision,标注者2-AUTH-TAD-0494,,,,,,,,,,,,,,,,,,,,,,,,,,,,,,,,,,,,,,,,,,,,,,,,,,,,ANONYMIZED_RATER_2,,annotation:span:AUTH-TAD-0494:r2,正确,是时间状语,时间状语,,,
annotation:span:AUTH-TAD-0494:r3,AnnotationDecision,标注者3-AUTH-TAD-0494,,,,,,,,,,,,,,,,,,,,,,,,,,,,,,,,,,,,,,,,,,,,,,,,,,,,ANONYMIZED_RATER_3,,annotation:span:AUTH-TAD-0494:r3,正确,是时间状语,时间状语,,,
sentence:SENT-0294,Sentence,我已经在这儿住了十年了。,,,,,,,,,,,,,,,,,,,,,,,,,,,,,,,,,SENT-0294,我已经在这儿住了十年了。,我已经在这儿住了十年了,国际中文教育中文水平等级标准·语法学习手册（初等）,初等,152,级语法点 例句 校长已经下班了,来源字段完整但仍需正版逐页核验,,,,,,,,,,,,,,,,,,,,
span:AUTH-TAD-0495,CandidateSpan,AUTH-TAD-0495｜十年,,,,,,,,,,,,,,,,,,,,,,,,,,,,,,,,,,十年,,,,,,,AUTH-TAD-0495,十年,8.0,10.0,located,candidate_span,,,,,,,,,,,,,,
consensus:AUTH-TAD-0495,ConsensusLabel,AUTH-TAD-0495｜时长/时间补语,,,,,,,,,,,,,,,,,,,,,,,,,,,,,,,,,,,,,,,,,,十年,,,,,consensus:AUTH-TAD-0495,COMPLEMENT,完全一致,完全一致,完全一致,,,,,,,,,
annotation:span:AUTH-TAD-0495:r1,AnnotationDecision,标注者1-AUTH-TAD-0495,,,,,,,,,,,,,,,,,,,,,,,,,,,,,,,,,,,,,,,,,,,,,,,,,,,,ANONYMIZED_RATER_1,,annotation:span:AUTH-TAD-0495:r1,正确,不是时间状语,时长补语,,,
annotation:span:AUTH-TAD-0495:r2,AnnotationDecision,标注者2-AUTH-TAD-0495,,,,,,,,,,,,,,,,,,,,,,,,,,,,,,,,,,,,,,,,,,,,,,,,,,,,ANONYMIZED_RATER_2,,annotation:span:AUTH-TAD-0495:r2,正确,不是时间状语,时长补语,,,
annotation:span:AUTH-TAD-0495:r3,AnnotationDecision,标注者3-AUTH-TAD-0495,,,,,,,,,,,,,,,,,,,,,,,,,,,,,,,,,,,,,,,,,,,,,,,,,,,,ANONYMIZED_RATER_3,,annotation:span:AUTH-TAD-0495:r3,正确,不是时间状语,时长补语,,,
sentence:SENT-0175,Sentence,可不是嘛，我妈妈不是去唱歌，就是去跳舞，还经常和朋友出去旅游。,,,,,,,,,,,,,,,,,,,,,,,,,,,,,,,,,SENT-0175,可不是嘛，我妈妈不是去唱歌，就是去跳舞，还经常和朋友出去旅游。,可不是嘛我妈妈不是去唱歌就是去跳舞还经常和朋友出去旅游,国际中文教育中文水平等级标准·语法学习手册（高等）,高等,104,◎ 典型例句和对话 例句 交际实践 可不是，警察都已经 (在小区门口，询问出了什么事) 来了,来源字段完整但仍需正版逐页核验,,,,,,,,,,,,,,,,,,,,
span:AUTH-TAD-0496,CandidateSpan,AUTH-TAD-0496｜经常,,,,,,,,,,,,,,,,,,,,,,,,,,,,,,,,,,经常,,,,,,,AUTH-TAD-0496,经常,21.0,23.0,located,candidate_span,,,,,,,,,,,,,,
consensus:AUTH-TAD-0496,ConsensusLabel,AUTH-TAD-0496｜时间状语,,,,,,,,,,,,,,,,,,,,,,,,,,,,,,,,,,,,,,,,,,经常,,,,,consensus:AUTH-TAD-0496,TEMPORAL_ADVERBIAL,完全一致,完全一致,完全一致,,,,,,,,,
annotation:span:AUTH-TAD-0496:r1,AnnotationDecision,标注者1-AUTH-TAD-0496,,,,,,,,,,,,,,,,,,,,,,,,,,,,,,,,,,,,,,,,,,,,,,,,,,,,ANONYMIZED_RATER_1,,annotation:span:AUTH-TAD-0496:r1,正确,是时间状语,时间状语,,,
annotation:span:AUTH-TAD-0496:r2,AnnotationDecision,标注者2-AUTH-TAD-0496,,,,,,,,,,,,,,,,,,,,,,,,,,,,,,,,,,,,,,,,,,,,,,,,,,,,ANONYMIZED_RATER_2,,annotation:span:AUTH-TAD-0496:r2,正确,是时间状语,时间状语,,,
annotation:span:AUTH-TAD-0496:r3,AnnotationDecision,标注者3-AUTH-TAD-0496,,,,,,,,,,,,,,,,,,,,,,,,,,,,,,,,,,,,,,,,,,,,,,,,,,,,ANONYMIZED_RATER_3,,annotation:span:AUTH-TAD-0496:r3,正确,是时间状语,时间状语,,,
span:AUTH-TAD-0497,CandidateSpan,AUTH-TAD-0497｜晚上,,,,,,,,,,,,,,,,,,,,,,,,,,,,,,,,,,晚上,,,,,,,AUTH-TAD-0497,晚上,9.0,11.0,located,candidate_span,,,,,,,,,,,,,,
consensus:AUTH-TAD-0497,ConsensusLabel,AUTH-TAD-0497｜时间状语,,,,,,,,,,,,,,,,,,,,,,,,,,,,,,,,,,,,,,,,,,晚上,,,,,consensus:AUTH-TAD-0497,TEMPORAL_ADVERBIAL,完全一致,完全一致,完全一致,,,,,,,,,
annotation:span:AUTH-TAD-0497:r1,AnnotationDecision,标注者1-AUTH-TAD-0497,,,,,,,,,,,,,,,,,,,,,,,,,,,,,,,,,,,,,,,,,,,,,,,,,,,,ANONYMIZED_RATER_1,,annotation:span:AUTH-TAD-0497:r1,正确,是时间状语,时间状语,,,
annotation:span:AUTH-TAD-0497:r2,AnnotationDecision,标注者2-AUTH-TAD-0497,,,,,,,,,,,,,,,,,,,,,,,,,,,,,,,,,,,,,,,,,,,,,,,,,,,,ANONYMIZED_RATER_2,,annotation:span:AUTH-TAD-0497:r2,正确,是时间状语,时间状语,,,
annotation:span:AUTH-TAD-0497:r3,AnnotationDecision,标注者3-AUTH-TAD-0497,,,,,,,,,,,,,,,,,,,,,,,,,,,,,,,,,,,,,,,,,,,,,,,,,,,,ANONYMIZED_RATER_3,,annotation:span:AUTH-TAD-0497:r3,正确,是时间状语,时间状语,,,
sentence:SENT-0324,Sentence,既然身体不舒服，你今天干脆别去上课了。,,,,,,,,,,,,,,,,,,,,,,,,,,,,,,,,,SENT-0324,既然身体不舒服，你今天干脆别去上课了。,既然身体不舒服你今天干脆别去上课了,国际中文教育中文水平等级标准·语法学习手册（中等）,中等,167,麦克不爱干家务，妈妈打扫卫生的时候，他干脆躲了出去,来源字段完整但仍需正版逐页核验,,,,,,,,,,,,,,,,,,,,
span:AUTH-TAD-0498,CandidateSpan,AUTH-TAD-0498｜今天,,,,,,,,,,,,,,,,,,,,,,,,,,,,,,,,,,今天,,,,,,,AUTH-TAD-0498,今天,9.0,11.0,located,candidate_span,,,,,,,,,,,,,,
consensus:AUTH-TAD-0498,ConsensusLabel,AUTH-TAD-0498｜时间状语,,,,,,,,,,,,,,,,,,,,,,,,,,,,,,,,,,,,,,,,,,今天,,,,,consensus:AUTH-TAD-0498,TEMPORAL_ADVERBIAL,完全一致,完全一致,完全一致,,,,,,,,,
annotation:span:AUTH-TAD-0498:r1,AnnotationDecision,标注者1-AUTH-TAD-0498,,,,,,,,,,,,,,,,,,,,,,,,,,,,,,,,,,,,,,,,,,,,,,,,,,,,ANONYMIZED_RATER_1,,annotation:span:AUTH-TAD-0498:r1,正确,是时间状语,时间状语,,,
annotation:span:AUTH-TAD-0498:r2,AnnotationDecision,标注者2-AUTH-TAD-0498,,,,,,,,,,,,,,,,,,,,,,,,,,,,,,,,,,,,,,,,,,,,,,,,,,,,ANONYMIZED_RATER_2,,annotation:span:AUTH-TAD-0498:r2,正确,是时间状语,时间状语,,,
annotation:span:AUTH-TAD-0498:r3,AnnotationDecision,标注者3-AUTH-TAD-0498,,,,,,,,,,,,,,,,,,,,,,,,,,,,,,,,,,,,,,,,,,,,,,,,,,,,ANONYMIZED_RATER_3,,annotation:span:AUTH-TAD-0498:r3,正确,是时间状语,时间状语,,,
sentence:SENT-0095,Sentence,他平时要么在食堂吃，要么在饭馆吃，从来不做饭。,,,,,,,,,,,,,,,,,,,,,,,,,,,,,,,,,SENT-0095,他平时要么在食堂吃，要么在饭馆吃，从来不做饭。,他平时要么在食堂吃要么在饭馆吃从来不做饭,国际中文教育中文水平等级标准·语法学习手册（中等）,中等,350,,页面线索缺失,,,,,,,,,,,,,,,,,,,,
span:AUTH-TAD-0499,CandidateSpan,AUTH-TAD-0499｜平时,,,,,,,,,,,,,,,,,,,,,,,,,,,,,,,,,,平时,,,,,,,AUTH-TAD-0499,平时,1.0,3.0,located,candidate_span,,,,,,,,,,,,,,
consensus:AUTH-TAD-0499,ConsensusLabel,AUTH-TAD-0499｜时间状语,,,,,,,,,,,,,,,,,,,,,,,,,,,,,,,,,,,,,,,,,,平时,,,,,consensus:AUTH-TAD-0499,TEMPORAL_ADVERBIAL,完全一致,完全一致,完全一致,,,,,,,,,
annotation:span:AUTH-TAD-0499:r1,AnnotationDecision,标注者1-AUTH-TAD-0499,,,,,,,,,,,,,,,,,,,,,,,,,,,,,,,,,,,,,,,,,,,,,,,,,,,,ANONYMIZED_RATER_1,,annotation:span:AUTH-TAD-0499:r1,正确,是时间状语,时间状语,,,
annotation:span:AUTH-TAD-0499:r2,AnnotationDecision,标注者2-AUTH-TAD-0499,,,,,,,,,,,,,,,,,,,,,,,,,,,,,,,,,,,,,,,,,,,,,,,,,,,,ANONYMIZED_RATER_2,,annotation:span:AUTH-TAD-0499:r2,正确,是时间状语,时间状语,,,
annotation:span:AUTH-TAD-0499:r3,AnnotationDecision,标注者3-AUTH-TAD-0499,,,,,,,,,,,,,,,,,,,,,,,,,,,,,,,,,,,,,,,,,,,,,,,,,,,,ANONYMIZED_RATER_3,,annotation:span:AUTH-TAD-0499:r3,正确,是时间状语,时间状语,,,
sentence:SENT-0200,Sentence,大卫今天看起来跟往常不一样。,,,,,,,,,,,,,,,,,,,,,,,,,,,,,,,,,SENT-0200,大卫今天看起来跟往常不一样。,大卫今天看起来跟往常不一样,国际中文教育中文水平等级标准·语法学习手册（高等）,高等,31,她买衣服的时候向来喜欢货比三家,来源字段完整但仍需正版逐页核验,,,,,,,,,,,,,,,,,,,,
span:AUTH-TAD-0500,CandidateSpan,AUTH-TAD-0500｜今天,,,,,,,,,,,,,,,,,,,,,,,,,,,,,,,,,,今天,,,,,,,AUTH-TAD-0500,今天,2.0,4.0,located,candidate_span,,,,,,,,,,,,,,
consensus:AUTH-TAD-0500,ConsensusLabel,AUTH-TAD-0500｜时间状语,,,,,,,,,,,,,,,,,,,,,,,,,,,,,,,,,,,,,,,,,,今天,,,,,consensus:AUTH-TAD-0500,TEMPORAL_ADVERBIAL,完全一致,完全一致,完全一致,,,,,,,,,
annotation:span:AUTH-TAD-0500:r1,AnnotationDecision,标注者1-AUTH-TAD-0500,,,,,,,,,,,,,,,,,,,,,,,,,,,,,,,,,,,,,,,,,,,,,,,,,,,,ANONYMIZED_RATER_1,,annotation:span:AUTH-TAD-0500:r1,正确,是时间状语,时间状语,,,
annotation:span:AUTH-TAD-0500:r2,AnnotationDecision,标注者2-AUTH-TAD-0500,,,,,,,,,,,,,,,,,,,,,,,,,,,,,,,,,,,,,,,,,,,,,,,,,,,,ANONYMIZED_RATER_2,,annotation:span:AUTH-TAD-0500:r2,正确,是时间状语,时间状语,,,
annotation:span:AUTH-TAD-0500:r3,AnnotationDecision,标注者3-AUTH-TAD-0500,,,,,,,,,,,,,,,,,,,,,,,,,,,,,,,,,,,,,,,,,,,,,,,,,,,,ANONYMIZED_RATER_3,,annotation:span:AUTH-TAD-0500:r3,正确,是时间状语,时间状语,,,
