source,target,type,weight,rule_id,source_scope,source_page,page,source_cue,recommended_use,rank,rule_function,rule_priority,agrees_with_consensus
rule:R_TEMP_ADV_01,function:TEMPORAL_ADVERBIAL,SUPPORTS_FUNCTION,90.0,,,,,,,,,,
cue:TIME_NOUN,rule:R_TEMP_ADV_01,ACTIVATES_RULE,,R_TEMP_ADV_01,,,,,,,,,
cue:BEFORE_PREDICATE,rule:R_TEMP_ADV_01,ACTIVATES_RULE,,R_TEMP_ADV_01,,,,,,,,,
cue:EVENT_TIME,rule:R_TEMP_ADV_01,ACTIVATES_RULE,,R_TEMP_ADV_01,,,,,,,,,
rule:R_TEMP_ADV_01,source:MOE_2021_STANDARD,CITES,,,初等目录及状语条目,entry_or_chapter_locator_to_verify_before_submission,,,,,,,
rule:R_TEMP_ADV_01,source:GRAMMAR_MANUAL_INTERMEDIATE,CITES,,,初等目录及状语条目,entry_or_chapter_locator_to_verify_before_submission,,,,,,,
rule:R_TEMP_ADV_01,source:HUANG_LIAO_MODERN_CHINESE,CITES,,,初等目录及状语条目,entry_or_chapter_locator_to_verify_before_submission,,,,,,,
rule:R_TEMP_ADV_01,source:LIU_PAN_GU_PRACTICAL_GRAMMAR,CITES,,,初等目录及状语条目,entry_or_chapter_locator_to_verify_before_submission,,,,,,,
rule:R_TEMP_ADV_02,function:TEMPORAL_ADVERBIAL,SUPPORTS_FUNCTION,88.0,,,,,,,,,,
cue:TIME_NOUN,rule:R_TEMP_ADV_02,ACTIVATES_RULE,,R_TEMP_ADV_02,,,,,,,,,
cue:BEFORE_PREDICATE,rule:R_TEMP_ADV_02,ACTIVATES_RULE,,R_TEMP_ADV_02,,,,,,,,,
cue:EVENT_TIME,rule:R_TEMP_ADV_02,ACTIVATES_RULE,,R_TEMP_ADV_02,,,,,,,,,
rule:R_TEMP_ADV_02,source:MOE_2021_STANDARD,CITES,,,初等状语条目,entry_or_chapter_locator_to_verify_before_submission,,,,,,,
rule:R_TEMP_ADV_02,source:GRAMMAR_MANUAL_INTERMEDIATE,CITES,,,初等状语条目,entry_or_chapter_locator_to_verify_before_submission,,,,,,,
rule:R_TEMP_ADV_02,source:HUANG_LIAO_MODERN_CHINESE,CITES,,,初等状语条目,entry_or_chapter_locator_to_verify_before_submission,,,,,,,
rule:R_TEMP_ADV_02,source:LIU_PAN_GU_PRACTICAL_GRAMMAR,CITES,,,初等状语条目,entry_or_chapter_locator_to_verify_before_submission,,,,,,,
rule:R_TEMP_ADV_03,function:TEMPORAL_ADVERBIAL,SUPPORTS_FUNCTION,86.0,,,,,,,,,,
cue:TEMPORAL_PREP,rule:R_TEMP_ADV_03,ACTIVATES_RULE,,R_TEMP_ADV_03,,,,,,,,,
cue:TIME_POINT,rule:R_TEMP_ADV_03,ACTIVATES_RULE,,R_TEMP_ADV_03,,,,,,,,,
cue:BEFORE_PREDICATE,rule:R_TEMP_ADV_03,ACTIVATES_RULE,,R_TEMP_ADV_03,,,,,,,,,
rule:R_TEMP_ADV_03,source:MOE_2021_STANDARD,CITES,,,介词和状语条目,entry_or_chapter_locator_to_verify_before_submission,,,,,,,
rule:R_TEMP_ADV_03,source:GRAMMAR_MANUAL_INTERMEDIATE,CITES,,,介词和状语条目,entry_or_chapter_locator_to_verify_before_submission,,,,,,,
rule:R_TEMP_ADV_03,source:HUANG_LIAO_MODERN_CHINESE,CITES,,,介词和状语条目,entry_or_chapter_locator_to_verify_before_submission,,,,,,,
rule:R_TEMP_ADV_03,source:LIU_PAN_GU_PRACTICAL_GRAMMAR,CITES,,,介词和状语条目,entry_or_chapter_locator_to_verify_before_submission,,,,,,,
rule:R_TEMP_ADV_04,function:TEMPORAL_ADVERBIAL,SUPPORTS_FUNCTION,84.0,,,,,,,,,,
cue:TIME_FREQUENCY,rule:R_TEMP_ADV_04,ACTIVATES_RULE,,R_TEMP_ADV_04,,,,,,,,,
cue:BEFORE_PREDICATE,rule:R_TEMP_ADV_04,ACTIVATES_RULE,,R_TEMP_ADV_04,,,,,,,,,
cue:EVENT_TIME,rule:R_TEMP_ADV_04,ACTIVATES_RULE,,R_TEMP_ADV_04,,,,,,,,,
rule:R_TEMP_ADV_04,source:MOE_2021_STANDARD,CITES,,,中等时间副词/频率副词条目,entry_or_chapter_locator_to_verify_before_submission,,,,,,,
rule:R_TEMP_ADV_04,source:GRAMMAR_MANUAL_INTERMEDIATE,CITES,,,中等时间副词/频率副词条目,entry_or_chapter_locator_to_verify_before_submission,,,,,,,
rule:R_TEMP_ADV_04,source:HUANG_LIAO_MODERN_CHINESE,CITES,,,中等时间副词/频率副词条目,entry_or_chapter_locator_to_verify_before_submission,,,,,,,
rule:R_TEMP_ADV_04,source:LIU_PAN_GU_PRACTICAL_GRAMMAR,CITES,,,中等时间副词/频率副词条目,entry_or_chapter_locator_to_verify_before_submission,,,,,,,
rule:R_TEMP_ADV_05,function:TEMPORAL_ADVERBIAL,SUPPORTS_FUNCTION,83.0,,,,,,,,,,
cue:TIME_AFTER_BEFORE,rule:R_TEMP_ADV_05,ACTIVATES_RULE,,R_TEMP_ADV_05,,,,,,,,,
cue:BEFORE_PREDICATE,rule:R_TEMP_ADV_05,ACTIVATES_RULE,,R_TEMP_ADV_05,,,,,,,,,
cue:EVENT_TIME,rule:R_TEMP_ADV_05,ACTIVATES_RULE,,R_TEMP_ADV_05,,,,,,,,,
rule:R_TEMP_ADV_05,source:MOE_2021_STANDARD,CITES,,,时间先后和连动条目,entry_or_chapter_locator_to_verify_before_submission,,,,,,,
rule:R_TEMP_ADV_05,source:GRAMMAR_MANUAL_INTERMEDIATE,CITES,,,时间先后和连动条目,entry_or_chapter_locator_to_verify_before_submission,,,,,,,
rule:R_TEMP_ADV_05,source:HUANG_LIAO_MODERN_CHINESE,CITES,,,时间先后和连动条目,entry_or_chapter_locator_to_verify_before_submission,,,,,,,
rule:R_TEMP_ADV_05,source:LIU_PAN_GU_PRACTICAL_GRAMMAR,CITES,,,时间先后和连动条目,entry_or_chapter_locator_to_verify_before_submission,,,,,,,
rule:R_TEMP_ADV_06,function:TEMPORAL_ADVERBIAL,SUPPORTS_FUNCTION,82.0,,,,,,,,,,
cue:TIME_RANGE,rule:R_TEMP_ADV_06,ACTIVATES_RULE,,R_TEMP_ADV_06,,,,,,,,,
cue:TEMPORAL_PREP,rule:R_TEMP_ADV_06,ACTIVATES_RULE,,R_TEMP_ADV_06,,,,,,,,,
cue:BEFORE_PREDICATE,rule:R_TEMP_ADV_06,ACTIVATES_RULE,,R_TEMP_ADV_06,,,,,,,,,
rule:R_TEMP_ADV_06,source:MOE_2021_STANDARD,CITES,,,介词条目,entry_or_chapter_locator_to_verify_before_submission,,,,,,,
rule:R_TEMP_ADV_06,source:GRAMMAR_MANUAL_INTERMEDIATE,CITES,,,介词条目,entry_or_chapter_locator_to_verify_before_submission,,,,,,,
rule:R_TEMP_ADV_06,source:HUANG_LIAO_MODERN_CHINESE,CITES,,,介词条目,entry_or_chapter_locator_to_verify_before_submission,,,,,,,
rule:R_TEMP_ADV_06,source:LIU_PAN_GU_PRACTICAL_GRAMMAR,CITES,,,介词条目,entry_or_chapter_locator_to_verify_before_submission,,,,,,,
rule:R_TEMP_ADV_07,function:TEMPORAL_ADVERBIAL,SUPPORTS_FUNCTION,80.0,,,,,,,,,,
cue:TEMPORAL_PREP,rule:R_TEMP_ADV_07,ACTIVATES_RULE,,R_TEMP_ADV_07,,,,,,,,,
cue:TIME_NOUN,rule:R_TEMP_ADV_07,ACTIVATES_RULE,,R_TEMP_ADV_07,,,,,,,,,
cue:BEFORE_PREDICATE,rule:R_TEMP_ADV_07,ACTIVATES_RULE,,R_TEMP_ADV_07,,,,,,,,,
rule:R_TEMP_ADV_07,source:MOE_2021_STANDARD,CITES,,,时间介词和补语边界,entry_or_chapter_locator_to_verify_before_submission,,,,,,,
rule:R_TEMP_ADV_07,source:GRAMMAR_MANUAL_INTERMEDIATE,CITES,,,时间介词和补语边界,entry_or_chapter_locator_to_verify_before_submission,,,,,,,
rule:R_TEMP_ADV_07,source:HUANG_LIAO_MODERN_CHINESE,CITES,,,时间介词和补语边界,entry_or_chapter_locator_to_verify_before_submission,,,,,,,
rule:R_TEMP_ADV_07,source:LIU_PAN_GU_PRACTICAL_GRAMMAR,CITES,,,时间介词和补语边界,entry_or_chapter_locator_to_verify_before_submission,,,,,,,
rule:R_TEMP_ATTR_01,function:ATTRIBUTE,SUPPORTS_FUNCTION,95.0,,,,,,,,,,
cue:DE_PARTICLE,rule:R_TEMP_ATTR_01,ACTIVATES_RULE,,R_TEMP_ATTR_01,,,,,,,,,
cue:NOMINAL_HEAD,rule:R_TEMP_ATTR_01,ACTIVATES_RULE,,R_TEMP_ATTR_01,,,,,,,,,
rule:R_TEMP_ATTR_01,source:GRAMMAR_MANUAL_ELEMENTARY,CITES,,,初等定语条目,entry_or_chapter_locator_to_verify_before_submission,,,,,,,
rule:R_TEMP_ATTR_01,source:HUANG_LIAO_MODERN_CHINESE,CITES,,,初等定语条目,entry_or_chapter_locator_to_verify_before_submission,,,,,,,
rule:R_TEMP_ATTR_01,source:LIU_PAN_GU_PRACTICAL_GRAMMAR,CITES,,,初等定语条目,entry_or_chapter_locator_to_verify_before_submission,,,,,,,
rule:R_TEMP_ATTR_02,function:ATTRIBUTE,SUPPORTS_FUNCTION,94.0,,,,,,,,,,
cue:TIME_DURATION,rule:R_TEMP_ATTR_02,ACTIVATES_RULE,,R_TEMP_ATTR_02,,,,,,,,,
cue:DE_PARTICLE,rule:R_TEMP_ATTR_02,ACTIVATES_RULE,,R_TEMP_ATTR_02,,,,,,,,,
cue:NOMINAL_HEAD,rule:R_TEMP_ATTR_02,ACTIVATES_RULE,,R_TEMP_ATTR_02,,,,,,,,,
rule:R_TEMP_ATTR_02,source:GRAMMAR_MANUAL_ELEMENTARY,CITES,,,定语和时量补语条目,entry_or_chapter_locator_to_verify_before_submission,,,,,,,
rule:R_TEMP_ATTR_02,source:HUANG_LIAO_MODERN_CHINESE,CITES,,,定语和时量补语条目,entry_or_chapter_locator_to_verify_before_submission,,,,,,,
rule:R_TEMP_ATTR_02,source:LIU_PAN_GU_PRACTICAL_GRAMMAR,CITES,,,定语和时量补语条目,entry_or_chapter_locator_to_verify_before_submission,,,,,,,
rule:R_TEMP_ATTR_03,function:ATTRIBUTE,SUPPORTS_FUNCTION,88.0,,,,,,,,,,
cue:TIME_NOUN,rule:R_TEMP_ATTR_03,ACTIVATES_RULE,,R_TEMP_ATTR_03,,,,,,,,,
cue:NOMINAL_HEAD,rule:R_TEMP_ATTR_03,ACTIVATES_RULE,,R_TEMP_ATTR_03,,,,,,,,,
rule:R_TEMP_ATTR_03,source:GRAMMAR_MANUAL_ELEMENTARY,CITES,,,定语条目,entry_or_chapter_locator_to_verify_before_submission,,,,,,,
rule:R_TEMP_ATTR_03,source:HUANG_LIAO_MODERN_CHINESE,CITES,,,定语条目,entry_or_chapter_locator_to_verify_before_submission,,,,,,,
rule:R_TEMP_ATTR_03,source:LIU_PAN_GU_PRACTICAL_GRAMMAR,CITES,,,定语条目,entry_or_chapter_locator_to_verify_before_submission,,,,,,,
rule:R_TEMP_COMP_01,function:COMPLEMENT,SUPPORTS_FUNCTION,96.0,,,,,,,,,,
cue:AFTER_VERB,rule:R_TEMP_COMP_01,ACTIVATES_RULE,,R_TEMP_COMP_01,,,,,,,,,
cue:TIME_DURATION,rule:R_TEMP_COMP_01,ACTIVATES_RULE,,R_TEMP_COMP_01,,,,,,,,,
cue:DURATION_COMPLEMENT,rule:R_TEMP_COMP_01,ACTIVATES_RULE,,R_TEMP_COMP_01,,,,,,,,,
rule:R_TEMP_COMP_01,source:GRAMMAR_MANUAL_INTERMEDIATE,CITES,,,中等补语条目,entry_or_chapter_locator_to_verify_before_submission,,,,,,,
rule:R_TEMP_COMP_01,source:HSK4_GRAMMAR_SYLLABUS,CITES,,,中等补语条目,entry_or_chapter_locator_to_verify_before_submission,,,,,,,
rule:R_TEMP_COMP_01,source:HUANG_LIAO_MODERN_CHINESE,CITES,,,中等补语条目,entry_or_chapter_locator_to_verify_before_submission,,,,,,,
rule:R_TEMP_COMP_01,source:LIU_PAN_GU_PRACTICAL_GRAMMAR,CITES,,,中等补语条目,entry_or_chapter_locator_to_verify_before_submission,,,,,,,
rule:R_TEMP_COMP_02,function:COMPLEMENT,SUPPORTS_FUNCTION,95.0,,,,,,,,,,
cue:AFTER_VERB,rule:R_TEMP_COMP_02,ACTIVATES_RULE,,R_TEMP_COMP_02,,,,,,,,,
cue:TIME_DURATION,rule:R_TEMP_COMP_02,ACTIVATES_RULE,,R_TEMP_COMP_02,,,,,,,,,
cue:DURATION_COMPLEMENT,rule:R_TEMP_COMP_02,ACTIVATES_RULE,,R_TEMP_COMP_02,,,,,,,,,
rule:R_TEMP_COMP_02,source:GRAMMAR_MANUAL_INTERMEDIATE,CITES,,,中等目录显示时量补语,entry_or_chapter_locator_to_verify_before_submission,,,,,,,
rule:R_TEMP_COMP_02,source:HSK4_GRAMMAR_SYLLABUS,CITES,,,中等目录显示时量补语,entry_or_chapter_locator_to_verify_before_submission,,,,,,,
rule:R_TEMP_COMP_02,source:HUANG_LIAO_MODERN_CHINESE,CITES,,,中等目录显示时量补语,entry_or_chapter_locator_to_verify_before_submission,,,,,,,
rule:R_TEMP_COMP_02,source:LIU_PAN_GU_PRACTICAL_GRAMMAR,CITES,,,中等目录显示时量补语,entry_or_chapter_locator_to_verify_before_submission,,,,,,,
rule:R_TEMP_COMP_03,function:COMPLEMENT,SUPPORTS_FUNCTION,90.0,,,,,,,,,,
cue:AFTER_VERB,rule:R_TEMP_COMP_03,ACTIVATES_RULE,,R_TEMP_COMP_03,,,,,,,,,
cue:TEMPORAL_PREP,rule:R_TEMP_COMP_03,ACTIVATES_RULE,,R_TEMP_COMP_03,,,,,,,,,
cue:TIME_POINT,rule:R_TEMP_COMP_03,ACTIVATES_RULE,,R_TEMP_COMP_03,,,,,,,,,
rule:R_TEMP_COMP_03,source:GRAMMAR_MANUAL_INTERMEDIATE,CITES,,,补语和介词边界,entry_or_chapter_locator_to_verify_before_submission,,,,,,,
rule:R_TEMP_COMP_03,source:HSK4_GRAMMAR_SYLLABUS,CITES,,,补语和介词边界,entry_or_chapter_locator_to_verify_before_submission,,,,,,,
rule:R_TEMP_COMP_03,source:HUANG_LIAO_MODERN_CHINESE,CITES,,,补语和介词边界,entry_or_chapter_locator_to_verify_before_submission,,,,,,,
rule:R_TEMP_COMP_03,source:LIU_PAN_GU_PRACTICAL_GRAMMAR,CITES,,,补语和介词边界,entry_or_chapter_locator_to_verify_before_submission,,,,,,,
rule:R_TEMP_COMP_04,function:COMPLEMENT,SUPPORTS_FUNCTION,88.0,,,,,,,,,,
cue:AFTER_VERB,rule:R_TEMP_COMP_04,ACTIVATES_RULE,,R_TEMP_COMP_04,,,,,,,,,
cue:TEMPORAL_PREP,rule:R_TEMP_COMP_04,ACTIVATES_RULE,,R_TEMP_COMP_04,,,,,,,,,
cue:TIME_POINT,rule:R_TEMP_COMP_04,ACTIVATES_RULE,,R_TEMP_COMP_04,,,,,,,,,
rule:R_TEMP_COMP_04,source:GRAMMAR_MANUAL_INTERMEDIATE,CITES,,,补语和介词短语边界,entry_or_chapter_locator_to_verify_before_submission,,,,,,,
rule:R_TEMP_COMP_04,source:HSK4_GRAMMAR_SYLLABUS,CITES,,,补语和介词短语边界,entry_or_chapter_locator_to_verify_before_submission,,,,,,,
rule:R_TEMP_COMP_04,source:HUANG_LIAO_MODERN_CHINESE,CITES,,,补语和介词短语边界,entry_or_chapter_locator_to_verify_before_submission,,,,,,,
rule:R_TEMP_COMP_04,source:LIU_PAN_GU_PRACTICAL_GRAMMAR,CITES,,,补语和介词短语边界,entry_or_chapter_locator_to_verify_before_submission,,,,,,,
rule:R_TEMP_SUBJ_01,function:SUBJECT,SUPPORTS_FUNCTION,96.0,,,,,,,,,,
cue:TIME_NOUN,rule:R_TEMP_SUBJ_01,ACTIVATES_RULE,,R_TEMP_SUBJ_01,,,,,,,,,
cue:COPULA_SHI,rule:R_TEMP_SUBJ_01,ACTIVATES_RULE,,R_TEMP_SUBJ_01,,,,,,,,,
cue:SENTENCE_INITIAL,rule:R_TEMP_SUBJ_01,ACTIVATES_RULE,,R_TEMP_SUBJ_01,,,,,,,,,
rule:R_TEMP_SUBJ_01,source:GRAMMAR_MANUAL_ELEMENTARY,CITES,,,主谓句/是字句条目,entry_or_chapter_locator_to_verify_before_submission,,,,,,,
rule:R_TEMP_SUBJ_01,source:HUANG_LIAO_MODERN_CHINESE,CITES,,,主谓句/是字句条目,entry_or_chapter_locator_to_verify_before_submission,,,,,,,
rule:R_TEMP_SUBJ_01,source:LIU_PAN_GU_PRACTICAL_GRAMMAR,CITES,,,主谓句/是字句条目,entry_or_chapter_locator_to_verify_before_submission,,,,,,,
rule:R_TEMP_SUBJ_02,function:SUBJECT,SUPPORTS_FUNCTION,92.0,,,,,,,,,,
cue:TIME_NOUN,rule:R_TEMP_SUBJ_02,ACTIVATES_RULE,,R_TEMP_SUBJ_02,,,,,,,,,
cue:STATIVE_PREDICATE,rule:R_TEMP_SUBJ_02,ACTIVATES_RULE,,R_TEMP_SUBJ_02,,,,,,,,,
cue:SENTENCE_INITIAL,rule:R_TEMP_SUBJ_02,ACTIVATES_RULE,,R_TEMP_SUBJ_02,,,,,,,,,
rule:R_TEMP_SUBJ_02,source:GRAMMAR_MANUAL_ELEMENTARY,CITES,,,形容词谓语句,entry_or_chapter_locator_to_verify_before_submission,,,,,,,
rule:R_TEMP_SUBJ_02,source:HUANG_LIAO_MODERN_CHINESE,CITES,,,形容词谓语句,entry_or_chapter_locator_to_verify_before_submission,,,,,,,
rule:R_TEMP_SUBJ_02,source:LIU_PAN_GU_PRACTICAL_GRAMMAR,CITES,,,形容词谓语句,entry_or_chapter_locator_to_verify_before_submission,,,,,,,
rule:R_TEMP_SUBJ_03,function:SUBJECT,SUPPORTS_FUNCTION,88.0,,,,,,,,,,
cue:TIME_DURATION,rule:R_TEMP_SUBJ_03,ACTIVATES_RULE,,R_TEMP_SUBJ_03,,,,,,,,,
cue:SENTENCE_INITIAL,rule:R_TEMP_SUBJ_03,ACTIVATES_RULE,,R_TEMP_SUBJ_03,,,,,,,,,
cue:STATIVE_PREDICATE,rule:R_TEMP_SUBJ_03,ACTIVATES_RULE,,R_TEMP_SUBJ_03,,,,,,,,,
rule:R_TEMP_SUBJ_03,source:GRAMMAR_MANUAL_ELEMENTARY,CITES,,,话题主语,entry_or_chapter_locator_to_verify_before_submission,,,,,,,
rule:R_TEMP_SUBJ_03,source:HUANG_LIAO_MODERN_CHINESE,CITES,,,话题主语,entry_or_chapter_locator_to_verify_before_submission,,,,,,,
rule:R_TEMP_SUBJ_03,source:LIU_PAN_GU_PRACTICAL_GRAMMAR,CITES,,,话题主语,entry_or_chapter_locator_to_verify_before_submission,,,,,,,
rule:R_TEMP_OBJ_01,function:OBJECT,SUPPORTS_FUNCTION,92.0,,,,,,,,,,
cue:PSYCHOLOGICAL_VERB,rule:R_TEMP_OBJ_01,ACTIVATES_RULE,,R_TEMP_OBJ_01,,,,,,,,,
cue:TIME_NOUN,rule:R_TEMP_OBJ_01,ACTIVATES_RULE,,R_TEMP_OBJ_01,,,,,,,,,
cue:AFTER_VERB,rule:R_TEMP_OBJ_01,ACTIVATES_RULE,,R_TEMP_OBJ_01,,,,,,,,,
rule:R_TEMP_OBJ_01,source:GRAMMAR_MANUAL_ELEMENTARY,CITES,,,动宾结构条目,entry_or_chapter_locator_to_verify_before_submission,,,,,,,
rule:R_TEMP_OBJ_01,source:HUANG_LIAO_MODERN_CHINESE,CITES,,,动宾结构条目,entry_or_chapter_locator_to_verify_before_submission,,,,,,,
rule:R_TEMP_OBJ_01,source:LIU_PAN_GU_PRACTICAL_GRAMMAR,CITES,,,动宾结构条目,entry_or_chapter_locator_to_verify_before_submission,,,,,,,
rule:R_TEMP_OBJ_02,function:OBJECT,SUPPORTS_FUNCTION,88.0,,,,,,,,,,
cue:PSYCHOLOGICAL_VERB,rule:R_TEMP_OBJ_02,ACTIVATES_RULE,,R_TEMP_OBJ_02,,,,,,,,,
cue:TIME_NOUN,rule:R_TEMP_OBJ_02,ACTIVATES_RULE,,R_TEMP_OBJ_02,,,,,,,,,
cue:AFTER_VERB,rule:R_TEMP_OBJ_02,ACTIVATES_RULE,,R_TEMP_OBJ_02,,,,,,,,,
rule:R_TEMP_OBJ_02,source:GRAMMAR_MANUAL_ELEMENTARY,CITES,,,动宾结构,entry_or_chapter_locator_to_verify_before_submission,,,,,,,
rule:R_TEMP_OBJ_02,source:HUANG_LIAO_MODERN_CHINESE,CITES,,,动宾结构,entry_or_chapter_locator_to_verify_before_submission,,,,,,,
rule:R_TEMP_OBJ_02,source:LIU_PAN_GU_PRACTICAL_GRAMMAR,CITES,,,动宾结构,entry_or_chapter_locator_to_verify_before_submission,,,,,,,
rule:R_TEMP_OTHER_01,function:OTHER,SUPPORTS_FUNCTION,90.0,,,,,,,,,,
cue:LOCATION_EXPRESSION,rule:R_TEMP_OTHER_01,ACTIVATES_RULE,,R_TEMP_OTHER_01,,,,,,,,,
cue:NO_TEMPORAL_EXPRESSION,rule:R_TEMP_OTHER_01,ACTIVATES_RULE,,R_TEMP_OTHER_01,,,,,,,,,
rule:R_TEMP_OTHER_01,source:PROJECT_ANNOTATION_GUIDE,CITES,,,方位名词/处所条目,entry_or_chapter_locator_to_verify_before_submission,,,,,,,
rule:R_TEMP_OTHER_01,source:HUANG_LIAO_MODERN_CHINESE,CITES,,,方位名词/处所条目,entry_or_chapter_locator_to_verify_before_submission,,,,,,,
rule:R_TEMP_OTHER_01,source:LIU_PAN_GU_PRACTICAL_GRAMMAR,CITES,,,方位名词/处所条目,entry_or_chapter_locator_to_verify_before_submission,,,,,,,
rule:R_TEMP_OTHER_02,function:OTHER,SUPPORTS_FUNCTION,88.0,,,,,,,,,,
cue:LOCATION_EXPRESSION,rule:R_TEMP_OTHER_02,ACTIVATES_RULE,,R_TEMP_OTHER_02,,,,,,,,,
cue:NOMINAL_HEAD,rule:R_TEMP_OTHER_02,ACTIVATES_RULE,,R_TEMP_OTHER_02,,,,,,,,,
cue:NO_TEMPORAL_EXPRESSION,rule:R_TEMP_OTHER_02,ACTIVATES_RULE,,R_TEMP_OTHER_02,,,,,,,,,
rule:R_TEMP_OTHER_02,source:PROJECT_ANNOTATION_GUIDE,CITES,,,方位名词条目,entry_or_chapter_locator_to_verify_before_submission,,,,,,,
rule:R_TEMP_OTHER_02,source:HUANG_LIAO_MODERN_CHINESE,CITES,,,方位名词条目,entry_or_chapter_locator_to_verify_before_submission,,,,,,,
rule:R_TEMP_OTHER_02,source:LIU_PAN_GU_PRACTICAL_GRAMMAR,CITES,,,方位名词条目,entry_or_chapter_locator_to_verify_before_submission,,,,,,,
rule:R_TEMP_OTHER_03,function:OTHER,SUPPORTS_FUNCTION,82.0,,,,,,,,,,
cue:TIME_WORD_AMBIGUOUS,rule:R_TEMP_OTHER_03,ACTIVATES_RULE,,R_TEMP_OTHER_03,,,,,,,,,
rule:R_TEMP_OTHER_03,source:PROJECT_ANNOTATION_GUIDE,CITES,,,时间名词边界,entry_or_chapter_locator_to_verify_before_submission,,,,,,,
rule:R_TEMP_OTHER_03,source:HUANG_LIAO_MODERN_CHINESE,CITES,,,时间名词边界,entry_or_chapter_locator_to_verify_before_submission,,,,,,,
rule:R_TEMP_OTHER_03,source:LIU_PAN_GU_PRACTICAL_GRAMMAR,CITES,,,时间名词边界,entry_or_chapter_locator_to_verify_before_submission,,,,,,,
rule:R_TEMP_UNCERTAIN_01,function:OTHER,SUPPORTS_FUNCTION,10.0,,,,,,,,,,
cue:CONFLICTING_EVIDENCE,rule:R_TEMP_UNCERTAIN_01,ACTIVATES_RULE,,R_TEMP_UNCERTAIN_01,,,,,,,,,
rule:R_TEMP_UNCERTAIN_01,source:PROJECT_ANNOTATION_GUIDE,CITES,,,标注指南,项目内维护,,,,,,,
rule:R_TEMP_UNCERTAIN_01,source:HUANG_LIAO_MODERN_CHINESE,CITES,,,标注指南,项目内维护,,,,,,,
rule:R_TEMP_UNCERTAIN_01,source:LIU_PAN_GU_PRACTICAL_GRAMMAR,CITES,,,标注指南,项目内维护,,,,,,,
rule:R_TEMP_UNCERTAIN_02,function:OTHER,SUPPORTS_FUNCTION,8.0,,,,,,,,,,
cue:SPAN_BOUNDARY_ERROR,rule:R_TEMP_UNCERTAIN_02,ACTIVATES_RULE,,R_TEMP_UNCERTAIN_02,,,,,,,,,
rule:R_TEMP_UNCERTAIN_02,source:PROJECT_ANNOTATION_GUIDE,CITES,,,标注指南,项目内维护,,,,,,,
rule:R_TEMP_UNCERTAIN_02,source:HUANG_LIAO_MODERN_CHINESE,CITES,,,标注指南,项目内维护,,,,,,,
rule:R_TEMP_UNCERTAIN_02,source:LIU_PAN_GU_PRACTICAL_GRAMMAR,CITES,,,标注指南,项目内维护,,,,,,,
rule:R_TEMP_ADV_08,function:TEMPORAL_ADVERBIAL,SUPPORTS_FUNCTION,78.0,,,,,,,,,,
cue:TIME_ADVERB,rule:R_TEMP_ADV_08,ACTIVATES_RULE,,R_TEMP_ADV_08,,,,,,,,,
cue:BEFORE_PREDICATE,rule:R_TEMP_ADV_08,ACTIVATES_RULE,,R_TEMP_ADV_08,,,,,,,,,
rule:R_TEMP_ADV_08,source:MOE_2021_STANDARD,CITES,,,中等时间副词条目,entry_or_chapter_locator_to_verify_before_submission,,,,,,,
rule:R_TEMP_ADV_08,source:GRAMMAR_MANUAL_INTERMEDIATE,CITES,,,中等时间副词条目,entry_or_chapter_locator_to_verify_before_submission,,,,,,,
rule:R_TEMP_ADV_08,source:HUANG_LIAO_MODERN_CHINESE,CITES,,,中等时间副词条目,entry_or_chapter_locator_to_verify_before_submission,,,,,,,
rule:R_TEMP_ADV_08,source:LIU_PAN_GU_PRACTICAL_GRAMMAR,CITES,,,中等时间副词条目,entry_or_chapter_locator_to_verify_before_submission,,,,,,,
rule:R_TEMP_ADV_09,function:TEMPORAL_ADVERBIAL,SUPPORTS_FUNCTION,76.0,,,,,,,,,,
cue:TEMPORAL_PREP,rule:R_TEMP_ADV_09,ACTIVATES_RULE,,R_TEMP_ADV_09,,,,,,,,,
cue:TIME_DURATION,rule:R_TEMP_ADV_09,ACTIVATES_RULE,,R_TEMP_ADV_09,,,,,,,,,
cue:BEFORE_PREDICATE,rule:R_TEMP_ADV_09,ACTIVATES_RULE,,R_TEMP_ADV_09,,,,,,,,,
rule:R_TEMP_ADV_09,source:MOE_2021_STANDARD,CITES,,,介词短语/时量补语边界,entry_or_chapter_locator_to_verify_before_submission,,,,,,,
rule:R_TEMP_ADV_09,source:GRAMMAR_MANUAL_INTERMEDIATE,CITES,,,介词短语/时量补语边界,entry_or_chapter_locator_to_verify_before_submission,,,,,,,
rule:R_TEMP_ADV_09,source:HUANG_LIAO_MODERN_CHINESE,CITES,,,介词短语/时量补语边界,entry_or_chapter_locator_to_verify_before_submission,,,,,,,
rule:R_TEMP_ADV_09,source:LIU_PAN_GU_PRACTICAL_GRAMMAR,CITES,,,介词短语/时量补语边界,entry_or_chapter_locator_to_verify_before_submission,,,,,,,
rule:R_TEMP_ADV_10,function:TEMPORAL_ADVERBIAL,SUPPORTS_FUNCTION,75.0,,,,,,,,,,
cue:TIME_NOUN,rule:R_TEMP_ADV_10,ACTIVATES_RULE,,R_TEMP_ADV_10,,,,,,,,,
cue:TIME_POINT,rule:R_TEMP_ADV_10,ACTIVATES_RULE,,R_TEMP_ADV_10,,,,,,,,,
cue:BEFORE_PREDICATE,rule:R_TEMP_ADV_10,ACTIVATES_RULE,,R_TEMP_ADV_10,,,,,,,,,
rule:R_TEMP_ADV_10,source:MOE_2021_STANDARD,CITES,,,时间框架,entry_or_chapter_locator_to_verify_before_submission,,,,,,,
rule:R_TEMP_ADV_10,source:GRAMMAR_MANUAL_INTERMEDIATE,CITES,,,时间框架,entry_or_chapter_locator_to_verify_before_submission,,,,,,,
rule:R_TEMP_ADV_10,source:HUANG_LIAO_MODERN_CHINESE,CITES,,,时间框架,entry_or_chapter_locator_to_verify_before_submission,,,,,,,
rule:R_TEMP_ADV_10,source:LIU_PAN_GU_PRACTICAL_GRAMMAR,CITES,,,时间框架,entry_or_chapter_locator_to_verify_before_submission,,,,,,,
rule:R_TEMP_ATTR_04,function:ATTRIBUTE,SUPPORTS_FUNCTION,74.0,,,,,,,,,,
cue:TIME_POINT,rule:R_TEMP_ATTR_04,ACTIVATES_RULE,,R_TEMP_ATTR_04,,,,,,,,,
cue:DE_PARTICLE,rule:R_TEMP_ATTR_04,ACTIVATES_RULE,,R_TEMP_ATTR_04,,,,,,,,,
cue:NOMINAL_HEAD,rule:R_TEMP_ATTR_04,ACTIVATES_RULE,,R_TEMP_ATTR_04,,,,,,,,,
rule:R_TEMP_ATTR_04,source:GRAMMAR_MANUAL_ELEMENTARY,CITES,,,定语条目,entry_or_chapter_locator_to_verify_before_submission,,,,,,,
rule:R_TEMP_ATTR_04,source:HUANG_LIAO_MODERN_CHINESE,CITES,,,定语条目,entry_or_chapter_locator_to_verify_before_submission,,,,,,,
rule:R_TEMP_ATTR_04,source:LIU_PAN_GU_PRACTICAL_GRAMMAR,CITES,,,定语条目,entry_or_chapter_locator_to_verify_before_submission,,,,,,,
rule:R_TEMP_COMP_05,function:COMPLEMENT,SUPPORTS_FUNCTION,70.0,,,,,,,,,,
cue:AFTER_VERB,rule:R_TEMP_COMP_05,ACTIVATES_RULE,,R_TEMP_COMP_05,,,,,,,,,
cue:RESULT_TIME,rule:R_TEMP_COMP_05,ACTIVATES_RULE,,R_TEMP_COMP_05,,,,,,,,,
rule:R_TEMP_COMP_05,source:GRAMMAR_MANUAL_INTERMEDIATE,CITES,,,补语边界,entry_or_chapter_locator_to_verify_before_submission,,,,,,,
rule:R_TEMP_COMP_05,source:HSK4_GRAMMAR_SYLLABUS,CITES,,,补语边界,entry_or_chapter_locator_to_verify_before_submission,,,,,,,
rule:R_TEMP_COMP_05,source:HUANG_LIAO_MODERN_CHINESE,CITES,,,补语边界,entry_or_chapter_locator_to_verify_before_submission,,,,,,,
rule:R_TEMP_COMP_05,source:LIU_PAN_GU_PRACTICAL_GRAMMAR,CITES,,,补语边界,entry_or_chapter_locator_to_verify_before_submission,,,,,,,
rule:R_TEMP_ADV_11,function:TEMPORAL_ADVERBIAL,SUPPORTS_FUNCTION,73.0,,,,,,,,,,
cue:TIME_ADVERB,rule:R_TEMP_ADV_11,ACTIVATES_RULE,,R_TEMP_ADV_11,,,,,,,,,
cue:TIME_FREQUENCY,rule:R_TEMP_ADV_11,ACTIVATES_RULE,,R_TEMP_ADV_11,,,,,,,,,
rule:R_TEMP_ADV_11,source:MOE_2021_STANDARD,CITES,,,中等时间副词条目,entry_or_chapter_locator_to_verify_before_submission,,,,,,,
rule:R_TEMP_ADV_11,source:GRAMMAR_MANUAL_INTERMEDIATE,CITES,,,中等时间副词条目,entry_or_chapter_locator_to_verify_before_submission,,,,,,,
rule:R_TEMP_ADV_11,source:HUANG_LIAO_MODERN_CHINESE,CITES,,,中等时间副词条目,entry_or_chapter_locator_to_verify_before_submission,,,,,,,
rule:R_TEMP_ADV_11,source:LIU_PAN_GU_PRACTICAL_GRAMMAR,CITES,,,中等时间副词条目,entry_or_chapter_locator_to_verify_before_submission,,,,,,,
rule:R_TEMP_ADV_12,function:TEMPORAL_ADVERBIAL,SUPPORTS_FUNCTION,82.0,,,,,,,,,,
cue:TIME_POINT,rule:R_TEMP_ADV_12,ACTIVATES_RULE,,R_TEMP_ADV_12,,,,,,,,,
cue:CLOCK_TIME,rule:R_TEMP_ADV_12,ACTIVATES_RULE,,R_TEMP_ADV_12,,,,,,,,,
cue:BEFORE_PREDICATE,rule:R_TEMP_ADV_12,ACTIVATES_RULE,,R_TEMP_ADV_12,,,,,,,,,
rule:R_TEMP_ADV_12,source:MOE_2021_STANDARD,CITES,,,时间点状语,entry_or_chapter_locator_to_verify_before_submission,,,,,,,
rule:R_TEMP_ADV_12,source:GRAMMAR_MANUAL_INTERMEDIATE,CITES,,,时间点状语,entry_or_chapter_locator_to_verify_before_submission,,,,,,,
rule:R_TEMP_ADV_12,source:HUANG_LIAO_MODERN_CHINESE,CITES,,,时间点状语,entry_or_chapter_locator_to_verify_before_submission,,,,,,,
rule:R_TEMP_ADV_12,source:LIU_PAN_GU_PRACTICAL_GRAMMAR,CITES,,,时间点状语,entry_or_chapter_locator_to_verify_before_submission,,,,,,,
rule:R_TEMP_ADV_13,function:TEMPORAL_ADVERBIAL,SUPPORTS_FUNCTION,81.0,,,,,,,,,,
cue:TIME_POINT,rule:R_TEMP_ADV_13,ACTIVATES_RULE,,R_TEMP_ADV_13,,,,,,,,,
cue:DATE_EXPRESSION,rule:R_TEMP_ADV_13,ACTIVATES_RULE,,R_TEMP_ADV_13,,,,,,,,,
cue:BEFORE_PREDICATE,rule:R_TEMP_ADV_13,ACTIVATES_RULE,,R_TEMP_ADV_13,,,,,,,,,
rule:R_TEMP_ADV_13,source:MOE_2021_STANDARD,CITES,,,年份日期表达,entry_or_chapter_locator_to_verify_before_submission,,,,,,,
rule:R_TEMP_ADV_13,source:GRAMMAR_MANUAL_INTERMEDIATE,CITES,,,年份日期表达,entry_or_chapter_locator_to_verify_before_submission,,,,,,,
rule:R_TEMP_ADV_13,source:HUANG_LIAO_MODERN_CHINESE,CITES,,,年份日期表达,entry_or_chapter_locator_to_verify_before_submission,,,,,,,
rule:R_TEMP_ADV_13,source:LIU_PAN_GU_PRACTICAL_GRAMMAR,CITES,,,年份日期表达,entry_or_chapter_locator_to_verify_before_submission,,,,,,,
rule:R_TEMP_ADV_14,function:TEMPORAL_ADVERBIAL,SUPPORTS_FUNCTION,77.0,,,,,,,,,,
cue:INDEFINITE_TIME,rule:R_TEMP_ADV_14,ACTIVATES_RULE,,R_TEMP_ADV_14,,,,,,,,,
cue:BEFORE_PREDICATE,rule:R_TEMP_ADV_14,ACTIVATES_RULE,,R_TEMP_ADV_14,,,,,,,,,
rule:R_TEMP_ADV_14,source:MOE_2021_STANDARD,CITES,,,不定时间表达,entry_or_chapter_locator_to_verify_before_submission,,,,,,,
rule:R_TEMP_ADV_14,source:GRAMMAR_MANUAL_INTERMEDIATE,CITES,,,不定时间表达,entry_or_chapter_locator_to_verify_before_submission,,,,,,,
rule:R_TEMP_ADV_14,source:HUANG_LIAO_MODERN_CHINESE,CITES,,,不定时间表达,entry_or_chapter_locator_to_verify_before_submission,,,,,,,
rule:R_TEMP_ADV_14,source:LIU_PAN_GU_PRACTICAL_GRAMMAR,CITES,,,不定时间表达,entry_or_chapter_locator_to_verify_before_submission,,,,,,,
rule:R_TEMP_ADV_15,function:TEMPORAL_ADVERBIAL,SUPPORTS_FUNCTION,76.0,,,,,,,,,,
cue:DEICTIC_TIME,rule:R_TEMP_ADV_15,ACTIVATES_RULE,,R_TEMP_ADV_15,,,,,,,,,
cue:BEFORE_PREDICATE,rule:R_TEMP_ADV_15,ACTIVATES_RULE,,R_TEMP_ADV_15,,,,,,,,,
rule:R_TEMP_ADV_15,source:MOE_2021_STANDARD,CITES,,,指代时间词,entry_or_chapter_locator_to_verify_before_submission,,,,,,,
rule:R_TEMP_ADV_15,source:GRAMMAR_MANUAL_INTERMEDIATE,CITES,,,指代时间词,entry_or_chapter_locator_to_verify_before_submission,,,,,,,
rule:R_TEMP_ADV_15,source:HUANG_LIAO_MODERN_CHINESE,CITES,,,指代时间词,entry_or_chapter_locator_to_verify_before_submission,,,,,,,
rule:R_TEMP_ADV_15,source:LIU_PAN_GU_PRACTICAL_GRAMMAR,CITES,,,指代时间词,entry_or_chapter_locator_to_verify_before_submission,,,,,,,
rule:R_TEMP_ATTR_05,function:ATTRIBUTE,SUPPORTS_FUNCTION,93.0,,,,,,,,,,
cue:DATE_EXPRESSION,rule:R_TEMP_ATTR_05,ACTIVATES_RULE,,R_TEMP_ATTR_05,,,,,,,,,
cue:DE_PARTICLE,rule:R_TEMP_ATTR_05,ACTIVATES_RULE,,R_TEMP_ATTR_05,,,,,,,,,
cue:NOMINAL_HEAD,rule:R_TEMP_ATTR_05,ACTIVATES_RULE,,R_TEMP_ATTR_05,,,,,,,,,
rule:R_TEMP_ATTR_05,source:GRAMMAR_MANUAL_ELEMENTARY,CITES,,,时间定语,entry_or_chapter_locator_to_verify_before_submission,,,,,,,
rule:R_TEMP_ATTR_05,source:HUANG_LIAO_MODERN_CHINESE,CITES,,,时间定语,entry_or_chapter_locator_to_verify_before_submission,,,,,,,
rule:R_TEMP_ATTR_05,source:LIU_PAN_GU_PRACTICAL_GRAMMAR,CITES,,,时间定语,entry_or_chapter_locator_to_verify_before_submission,,,,,,,
rule:R_TEMP_ATTR_06,function:ATTRIBUTE,SUPPORTS_FUNCTION,92.0,,,,,,,,,,
cue:TIME_DURATION,rule:R_TEMP_ATTR_06,ACTIVATES_RULE,,R_TEMP_ATTR_06,,,,,,,,,
cue:DE_PARTICLE,rule:R_TEMP_ATTR_06,ACTIVATES_RULE,,R_TEMP_ATTR_06,,,,,,,,,
rule:R_TEMP_ATTR_06,source:GRAMMAR_MANUAL_ELEMENTARY,CITES,,,时量定语,entry_or_chapter_locator_to_verify_before_submission,,,,,,,
rule:R_TEMP_ATTR_06,source:HUANG_LIAO_MODERN_CHINESE,CITES,,,时量定语,entry_or_chapter_locator_to_verify_before_submission,,,,,,,
rule:R_TEMP_ATTR_06,source:LIU_PAN_GU_PRACTICAL_GRAMMAR,CITES,,,时量定语,entry_or_chapter_locator_to_verify_before_submission,,,,,,,
rule:R_TEMP_COMP_06,function:COMPLEMENT,SUPPORTS_FUNCTION,97.0,,,,,,,,,,
cue:AFTER_VERB,rule:R_TEMP_COMP_06,ACTIVATES_RULE,,R_TEMP_COMP_06,,,,,,,,,
cue:RESULT_TIME,rule:R_TEMP_COMP_06,ACTIVATES_RULE,,R_TEMP_COMP_06,,,,,,,,,
cue:DATE_EXPRESSION,rule:R_TEMP_COMP_06,ACTIVATES_RULE,,R_TEMP_COMP_06,,,,,,,,,
rule:R_TEMP_COMP_06,source:GRAMMAR_MANUAL_INTERMEDIATE,CITES,,,后置时间落点,entry_or_chapter_locator_to_verify_before_submission,,,,,,,
rule:R_TEMP_COMP_06,source:HSK4_GRAMMAR_SYLLABUS,CITES,,,后置时间落点,entry_or_chapter_locator_to_verify_before_submission,,,,,,,
rule:R_TEMP_COMP_06,source:HUANG_LIAO_MODERN_CHINESE,CITES,,,后置时间落点,entry_or_chapter_locator_to_verify_before_submission,,,,,,,
rule:R_TEMP_COMP_06,source:LIU_PAN_GU_PRACTICAL_GRAMMAR,CITES,,,后置时间落点,entry_or_chapter_locator_to_verify_before_submission,,,,,,,
rule:R_TEMP_COMP_07,function:COMPLEMENT,SUPPORTS_FUNCTION,94.0,,,,,,,,,,
cue:AFTER_VERB,rule:R_TEMP_COMP_07,ACTIVATES_RULE,,R_TEMP_COMP_07,,,,,,,,,
cue:TIME_DURATION,rule:R_TEMP_COMP_07,ACTIVATES_RULE,,R_TEMP_COMP_07,,,,,,,,,
rule:R_TEMP_COMP_07,source:GRAMMAR_MANUAL_INTERMEDIATE,CITES,,,时量补语,entry_or_chapter_locator_to_verify_before_submission,,,,,,,
rule:R_TEMP_COMP_07,source:HSK4_GRAMMAR_SYLLABUS,CITES,,,时量补语,entry_or_chapter_locator_to_verify_before_submission,,,,,,,
rule:R_TEMP_COMP_07,source:HUANG_LIAO_MODERN_CHINESE,CITES,,,时量补语,entry_or_chapter_locator_to_verify_before_submission,,,,,,,
rule:R_TEMP_COMP_07,source:LIU_PAN_GU_PRACTICAL_GRAMMAR,CITES,,,时量补语,entry_or_chapter_locator_to_verify_before_submission,,,,,,,
rule:R_TEMP_COMP_08,function:COMPLEMENT,SUPPORTS_FUNCTION,89.0,,,,,,,,,,
cue:AFTER_VERB,rule:R_TEMP_COMP_08,ACTIVATES_RULE,,R_TEMP_COMP_08,,,,,,,,,
cue:TIME_AFTER_BEFORE,rule:R_TEMP_COMP_08,ACTIVATES_RULE,,R_TEMP_COMP_08,,,,,,,,,
rule:R_TEMP_COMP_08,source:GRAMMAR_MANUAL_INTERMEDIATE,CITES,,,后置时间成分,entry_or_chapter_locator_to_verify_before_submission,,,,,,,
rule:R_TEMP_COMP_08,source:HSK4_GRAMMAR_SYLLABUS,CITES,,,后置时间成分,entry_or_chapter_locator_to_verify_before_submission,,,,,,,
rule:R_TEMP_COMP_08,source:HUANG_LIAO_MODERN_CHINESE,CITES,,,后置时间成分,entry_or_chapter_locator_to_verify_before_submission,,,,,,,
rule:R_TEMP_COMP_08,source:LIU_PAN_GU_PRACTICAL_GRAMMAR,CITES,,,后置时间成分,entry_or_chapter_locator_to_verify_before_submission,,,,,,,
rule:R_TEMP_OTHER_04,function:OTHER,SUPPORTS_FUNCTION,95.0,,,,,,,,,,
cue:SPAN_BOUNDARY_ERROR,rule:R_TEMP_OTHER_04,ACTIVATES_RULE,,R_TEMP_OTHER_04,,,,,,,,,
rule:R_TEMP_OTHER_04,source:PROJECT_ANNOTATION_GUIDE,CITES,,,标注指南,项目内维护,,,,,,,
rule:R_TEMP_OTHER_04,source:HUANG_LIAO_MODERN_CHINESE,CITES,,,标注指南,项目内维护,,,,,,,
rule:R_TEMP_OTHER_04,source:LIU_PAN_GU_PRACTICAL_GRAMMAR,CITES,,,标注指南,项目内维护,,,,,,,
rule:R_TEMP_ADV_16,function:TEMPORAL_ADVERBIAL,SUPPORTS_FUNCTION,87.0,,,,,,,,,,
cue:TIME_DURATION,rule:R_TEMP_ADV_16,ACTIVATES_RULE,,R_TEMP_ADV_16,,,,,,,,,
cue:TIME_AFTER_BEFORE,rule:R_TEMP_ADV_16,ACTIVATES_RULE,,R_TEMP_ADV_16,,,,,,,,,
cue:RELATIVE_TIME_FRAME,rule:R_TEMP_ADV_16,ACTIVATES_RULE,,R_TEMP_ADV_16,,,,,,,,,
cue:BEFORE_PREDICATE,rule:R_TEMP_ADV_16,ACTIVATES_RULE,,R_TEMP_ADV_16,,,,,,,,,
rule:R_TEMP_ADV_16,source:LIU_PAN_GU_PRACTICAL_GRAMMAR,CITES,,,相对时间框架；谓前状语与动后补语区分,entry_or_chapter_locator_to_verify_before_submission,,,,,,,
rule:R_TEMP_ADV_16,source:HUANG_LIAO_MODERN_CHINESE,CITES,,,相对时间框架；谓前状语与动后补语区分,entry_or_chapter_locator_to_verify_before_submission,,,,,,,
rule:R_TEMP_ADV_16,source:GRAMMAR_MANUAL_INTERMEDIATE,CITES,,,相对时间框架；谓前状语与动后补语区分,entry_or_chapter_locator_to_verify_before_submission,,,,,,,
rule:R_TEMP_ADV_17,function:TEMPORAL_ADVERBIAL,SUPPORTS_FUNCTION,85.0,,,,,,,,,,
cue:TIME_DURATION,rule:R_TEMP_ADV_17,ACTIVATES_RULE,,R_TEMP_ADV_17,,,,,,,,,
cue:TIME_AFTER_BEFORE,rule:R_TEMP_ADV_17,ACTIVATES_RULE,,R_TEMP_ADV_17,,,,,,,,,
cue:BEFORE_PREDICATE,rule:R_TEMP_ADV_17,ACTIVATES_RULE,,R_TEMP_ADV_17,,,,,,,,,
rule:R_TEMP_ADV_17,source:HUANG_LIAO_MODERN_CHINESE,CITES,,,相对时间词组；span 完整性,entry_or_chapter_locator_to_verify_before_submission,,,,,,,
rule:R_TEMP_ADV_17,source:LIU_PAN_GU_PRACTICAL_GRAMMAR,CITES,,,相对时间词组；span 完整性,entry_or_chapter_locator_to_verify_before_submission,,,,,,,
rule:R_TEMP_ADV_17,source:PROJECT_ANNOTATION_GUIDE,CITES,,,相对时间词组；span 完整性,entry_or_chapter_locator_to_verify_before_submission,,,,,,,
rule:R_TEMP_ADV_18,function:TEMPORAL_ADVERBIAL,SUPPORTS_FUNCTION,99.0,,,,,,,,,,
cue:TEMPORAL_ENDPOINT_FRAME,rule:R_TEMP_ADV_18,ACTIVATES_RULE,,R_TEMP_ADV_18,,,,,,,,,
cue:DATE_EXPRESSION,rule:R_TEMP_ADV_18,ACTIVATES_RULE,,R_TEMP_ADV_18,,,,,,,,,
cue:BEFORE_PREDICATE,rule:R_TEMP_ADV_18,ACTIVATES_RULE,,R_TEMP_ADV_18,,,,,,,,,
rule:R_TEMP_ADV_18,source:LU_1999_800_WORDS,CITES,,,截止时间框架；谓前状语与动后终点补语区分,entry_or_chapter_locator_to_verify_before_submission,,,,,,,
rule:R_TEMP_ADV_18,source:LIU_PAN_GU_PRACTICAL_GRAMMAR,CITES,,,截止时间框架；谓前状语与动后终点补语区分,entry_or_chapter_locator_to_verify_before_submission,,,,,,,
rule:R_TEMP_ADV_18,source:HUANG_LIAO_MODERN_CHINESE,CITES,,,截止时间框架；谓前状语与动后终点补语区分,entry_or_chapter_locator_to_verify_before_submission,,,,,,,
rule:R_TEMP_ADV_19,function:TEMPORAL_ADVERBIAL,SUPPORTS_FUNCTION,84.0,,,,,,,,,,
cue:TIME_ADVERB,rule:R_TEMP_ADV_19,ACTIVATES_RULE,,R_TEMP_ADV_19,,,,,,,,,
cue:BEFORE_PREDICATE,rule:R_TEMP_ADV_19,ACTIVATES_RULE,,R_TEMP_ADV_19,,,,,,,,,
cue:EVENT_TIME,rule:R_TEMP_ADV_19,ACTIVATES_RULE,,R_TEMP_ADV_19,,,,,,,,,
rule:R_TEMP_ADV_19,source:LU_1999_800_WORDS,CITES,,,篇章时间指示；时间副词/时间名词边界,entry_or_chapter_locator_to_verify_before_submission,,,,,,,
rule:R_TEMP_ADV_19,source:ZHANG_2000_ADVERBS,CITES,,,篇章时间指示；时间副词/时间名词边界,entry_or_chapter_locator_to_verify_before_submission,,,,,,,
rule:R_TEMP_ADV_19,source:HUANG_LIAO_MODERN_CHINESE,CITES,,,篇章时间指示；时间副词/时间名词边界,entry_or_chapter_locator_to_verify_before_submission,,,,,,,
rule:R_TEMP_ATTR_07,function:ATTRIBUTE,SUPPORTS_FUNCTION,91.0,,,,,,,,,,
cue:DATE_EXPRESSION,rule:R_TEMP_ATTR_07,ACTIVATES_RULE,,R_TEMP_ATTR_07,,,,,,,,,
cue:NOMINAL_HEAD,rule:R_TEMP_ATTR_07,ACTIVATES_RULE,,R_TEMP_ATTR_07,,,,,,,,,
rule:R_TEMP_ATTR_07,source:HUANG_LIAO_MODERN_CHINESE,CITES,,,无“的”时间定语；年月日名词短语,entry_or_chapter_locator_to_verify_before_submission,,,,,,,
rule:R_TEMP_ATTR_07,source:LIU_PAN_GU_PRACTICAL_GRAMMAR,CITES,,,无“的”时间定语；年月日名词短语,entry_or_chapter_locator_to_verify_before_submission,,,,,,,
rule:R_TEMP_ATTR_07,source:GRAMMAR_MANUAL_ELEMENTARY,CITES,,,无“的”时间定语；年月日名词短语,entry_or_chapter_locator_to_verify_before_submission,,,,,,,
rule:R_TEMP_COMP_09,function:COMPLEMENT,SUPPORTS_FUNCTION,91.0,,,,,,,,,,
cue:POSTPOSED_TEMPORAL_MARKER,rule:R_TEMP_COMP_09,ACTIVATES_RULE,,R_TEMP_COMP_09,,,,,,,,,
cue:AFTER_VERB,rule:R_TEMP_COMP_09,ACTIVATES_RULE,,R_TEMP_COMP_09,,,,,,,,,
cue:TIME_AFTER_BEFORE,rule:R_TEMP_COMP_09,ACTIVATES_RULE,,R_TEMP_COMP_09,,,,,,,,,
rule:R_TEMP_COMP_09,source:LIU_PAN_GU_PRACTICAL_GRAMMAR,CITES,,,后置时间成分；句首时间框架边界,entry_or_chapter_locator_to_verify_before_submission,,,,,,,
rule:R_TEMP_COMP_09,source:HUANG_LIAO_MODERN_CHINESE,CITES,,,后置时间成分；句首时间框架边界,entry_or_chapter_locator_to_verify_before_submission,,,,,,,
rule:R_TEMP_COMP_09,source:PROJECT_ANNOTATION_GUIDE,CITES,,,后置时间成分；句首时间框架边界,entry_or_chapter_locator_to_verify_before_submission,,,,,,,
rule:R_TEMP_KG_OTHER_01,function:OTHER,SUPPORTS_FUNCTION,130.0,,,,,,,,,,
cue:REVIEW_NON_TARGET_RISK,rule:R_TEMP_KG_OTHER_01,ACTIVATES_RULE,,R_TEMP_KG_OTHER_01,,,,,,,,,
rule:R_TEMP_KG_OTHER_01,source:PROJECT_ANNOTATION_GUIDE,CITES,,,非目标时间表达；数据质量风险,project_internal_audit_rule,,,,,,,
rule:R_TEMP_KG_OTHER_01,source:HUANG_LIAO_MODERN_CHINESE,CITES,,,非目标时间表达；数据质量风险,project_internal_audit_rule,,,,,,,
rule:R_TEMP_KG_OTHER_01,source:LIU_PAN_GU_PRACTICAL_GRAMMAR,CITES,,,非目标时间表达；数据质量风险,project_internal_audit_rule,,,,,,,
rule:R_TEMP_KG_ATTR_01,function:ATTRIBUTE,SUPPORTS_FUNCTION,128.0,,,,,,,,,,
cue:ATTR_DE_DIRECT,rule:R_TEMP_KG_ATTR_01,ACTIVATES_RULE,,R_TEMP_KG_ATTR_01,,,,,,,,,
rule:R_TEMP_KG_ATTR_01,source:HUANG_LIAO_MODERN_CHINESE,CITES,,,时间定语；的字结构,entry_or_chapter_locator_to_verify_before_submission,,,,,,,
rule:R_TEMP_KG_ATTR_01,source:LIU_PAN_GU_PRACTICAL_GRAMMAR,CITES,,,时间定语；的字结构,entry_or_chapter_locator_to_verify_before_submission,,,,,,,
rule:R_TEMP_KG_ATTR_01,source:GRAMMAR_MANUAL_ELEMENTARY,CITES,,,时间定语；的字结构,entry_or_chapter_locator_to_verify_before_submission,,,,,,,
rule:R_TEMP_KG_COMP_01,function:COMPLEMENT,SUPPORTS_FUNCTION,127.0,,,,,,,,,,
cue:COMPLEMENT_DURATION_CONTEXT,rule:R_TEMP_KG_COMP_01,ACTIVATES_RULE,,R_TEMP_KG_COMP_01,,,,,,,,,
rule:R_TEMP_KG_COMP_01,source:HUANG_LIAO_MODERN_CHINESE,CITES,,,动后时量；补语,entry_or_chapter_locator_to_verify_before_submission,,,,,,,
rule:R_TEMP_KG_COMP_01,source:LIU_PAN_GU_PRACTICAL_GRAMMAR,CITES,,,动后时量；补语,entry_or_chapter_locator_to_verify_before_submission,,,,,,,
rule:R_TEMP_KG_COMP_01,source:HSK4_GRAMMAR_SYLLABUS,CITES,,,动后时量；补语,entry_or_chapter_locator_to_verify_before_submission,,,,,,,
rule:R_TEMP_KG_ATTR_02,function:ATTRIBUTE,SUPPORTS_FUNCTION,126.0,,,,,,,,,,
cue:ATTR_NOMINAL_DIRECT,rule:R_TEMP_KG_ATTR_02,ACTIVATES_RULE,,R_TEMP_KG_ATTR_02,,,,,,,,,
rule:R_TEMP_KG_ATTR_02,source:HUANG_LIAO_MODERN_CHINESE,CITES,,,无“的”时间定语；名词短语内部结构,entry_or_chapter_locator_to_verify_before_submission,,,,,,,
rule:R_TEMP_KG_ATTR_02,source:LIU_PAN_GU_PRACTICAL_GRAMMAR,CITES,,,无“的”时间定语；名词短语内部结构,entry_or_chapter_locator_to_verify_before_submission,,,,,,,
rule:R_TEMP_KG_ATTR_02,source:GRAMMAR_MANUAL_ELEMENTARY,CITES,,,无“的”时间定语；名词短语内部结构,entry_or_chapter_locator_to_verify_before_submission,,,,,,,
rule:R_TEMP_KG_OTHER_02,function:OTHER,SUPPORTS_FUNCTION,124.0,,,,,,,,,,
cue:TEMPORAL_COMPARISON_STATE,rule:R_TEMP_KG_OTHER_02,ACTIVATES_RULE,,R_TEMP_KG_OTHER_02,,,,,,,,,
rule:R_TEMP_KG_OTHER_02,source:HUANG_LIAO_MODERN_CHINESE,CITES,,,比较状态句；非目标时间用法,entry_or_chapter_locator_to_verify_before_submission,,,,,,,
rule:R_TEMP_KG_OTHER_02,source:LIU_PAN_GU_PRACTICAL_GRAMMAR,CITES,,,比较状态句；非目标时间用法,entry_or_chapter_locator_to_verify_before_submission,,,,,,,
rule:R_TEMP_KG_OTHER_02,source:PROJECT_ANNOTATION_GUIDE,CITES,,,比较状态句；非目标时间用法,entry_or_chapter_locator_to_verify_before_submission,,,,,,,
rule:R_TEMP_KG_OTHER_03,function:OTHER,SUPPORTS_FUNCTION,123.0,,,,,,,,,,
cue:ABSTRACT_OR_NON_TARGET_TIME,rule:R_TEMP_KG_OTHER_03,ACTIVATES_RULE,,R_TEMP_KG_OTHER_03,,,,,,,,,
rule:R_TEMP_KG_OTHER_03,source:HUANG_LIAO_MODERN_CHINESE,CITES,,,抽象时间名词；非目标时间表达,entry_or_chapter_locator_to_verify_before_submission,,,,,,,
rule:R_TEMP_KG_OTHER_03,source:LU_1999_800_WORDS,CITES,,,抽象时间名词；非目标时间表达,entry_or_chapter_locator_to_verify_before_submission,,,,,,,
rule:R_TEMP_KG_OTHER_03,source:PROJECT_ANNOTATION_GUIDE,CITES,,,抽象时间名词；非目标时间表达,entry_or_chapter_locator_to_verify_before_submission,,,,,,,
rule:R_TEMP_KG_ADV_01,function:TEMPORAL_ADVERBIAL,SUPPORTS_FUNCTION,79.0,,,,,,,,,,
cue:TIME_FREQUENCY,rule:R_TEMP_KG_ADV_01,ACTIVATES_RULE,,R_TEMP_KG_ADV_01,,,,,,,,,
rule:R_TEMP_KG_ADV_01,source:LU_1999_800_WORDS,CITES,,,频率副词；时间状语,entry_or_chapter_locator_to_verify_before_submission,,,,,,,
rule:R_TEMP_KG_ADV_01,source:LIU_PAN_GU_PRACTICAL_GRAMMAR,CITES,,,频率副词；时间状语,entry_or_chapter_locator_to_verify_before_submission,,,,,,,
rule:R_TEMP_KG_ADV_01,source:GRAMMAR_MANUAL_ELEMENTARY,CITES,,,频率副词；时间状语,entry_or_chapter_locator_to_verify_before_submission,,,,,,,
rule:R_TEMP_KG_ADV_02,function:TEMPORAL_ADVERBIAL,SUPPORTS_FUNCTION,72.0,,,,,,,,,,
cue:TIME_NOUN,rule:R_TEMP_KG_ADV_02,ACTIVATES_RULE,,R_TEMP_KG_ADV_02,,,,,,,,,
rule:R_TEMP_KG_ADV_02,source:HUANG_LIAO_MODERN_CHINESE,CITES,,,普通时间词；默认状语证据,entry_or_chapter_locator_to_verify_before_submission,,,,,,,
rule:R_TEMP_KG_ADV_02,source:LIU_PAN_GU_PRACTICAL_GRAMMAR,CITES,,,普通时间词；默认状语证据,entry_or_chapter_locator_to_verify_before_submission,,,,,,,
rule:R_TEMP_KG_ADV_02,source:GRAMMAR_MANUAL_ELEMENTARY,CITES,,,普通时间词；默认状语证据,entry_or_chapter_locator_to_verify_before_submission,,,,,,,
sentence:SENT-0331,source:GRAMMAR_MANUAL_INTERMEDIATE,DERIVED_FROM,,,,,262,,,,,,
sentence:SENT-0331,span:AUTH-TAD-0001,HAS_CANDIDATE,,,,,,,,,,,
span:AUTH-TAD-0001,consensus:AUTH-TAD-0001,HAS_CONSENSUS,,,,,,,,,,,
consensus:AUTH-TAD-0001,function:OTHER,MAPS_TO,,,,,,,,,,,
span:AUTH-TAD-0001,cleaning:C_暂不纳入主实验,HAS_CLEANING_STATUS,,,,,,,待复核,,,,
span:AUTH-TAD-0001,ambiguity:页面线索缺失,HAS_AMBIGUITY,,,,,,,,,,,
span:AUTH-TAD-0001,ambiguity:非目标时间表达,HAS_AMBIGUITY,,,,,,,,,,,
span:AUTH-TAD-0001,ambiguity:三人标注不完全一致,HAS_AMBIGUITY,,,,,,,,,,,
span:AUTH-TAD-0001,ambiguity:至少一名标注者修正片段,HAS_AMBIGUITY,,,,,,,,,,,
span:AUTH-TAD-0001,ambiguity:无重复,HAS_AMBIGUITY,,,,,,,,,,,
span:AUTH-TAD-0001,annotation:span:AUTH-TAD-0001:r1,ANNOTATED_BY,,,,,,,,,,,
annotation:span:AUTH-TAD-0001:r1,rater:rater_1,MADE_BY,,,,,,,,,,,
span:AUTH-TAD-0001,annotation:span:AUTH-TAD-0001:r2,ANNOTATED_BY,,,,,,,,,,,
annotation:span:AUTH-TAD-0001:r2,rater:rater_2,MADE_BY,,,,,,,,,,,
span:AUTH-TAD-0001,annotation:span:AUTH-TAD-0001:r3,ANNOTATED_BY,,,,,,,,,,,
annotation:span:AUTH-TAD-0001:r3,rater:rater_3,MADE_BY,,,,,,,,,,,
span:AUTH-TAD-0001,cue:ABSTRACT_OR_NON_TARGET_TIME,TRIGGERS_CUE,,,,,,,,,,,
span:AUTH-TAD-0001,cue:NO_TEMPORAL_EXPRESSION,TRIGGERS_CUE,,,,,,,,,,,
span:AUTH-TAD-0001,cue:REVIEW_NON_TARGET_RISK,TRIGGERS_CUE,,,,,,,,,,,
span:AUTH-TAD-0001,cue:TEMPORAL_COMPARISON_STATE,TRIGGERS_CUE,,,,,,,,,,,
span:AUTH-TAD-0001,rule:R_TEMP_KG_OTHER_01,MATCHES_RULE,,,,,,,,1.0,OTHER,130.0,true
span:AUTH-TAD-0001,rule:R_TEMP_KG_OTHER_02,MATCHES_RULE,,,,,,,,2.0,OTHER,124.0,true
span:AUTH-TAD-0001,rule:R_TEMP_KG_OTHER_03,MATCHES_RULE,,,,,,,,3.0,OTHER,123.0,true
query:evidence_chain_by_span,span:AUTH-TAD-0001,CAN_QUERY,,,,,,,,,,,
query:clean_main_set,span:AUTH-TAD-0001,CAN_QUERY,,,,,,,,,,,
query:ambiguous_cases,span:AUTH-TAD-0001,CAN_QUERY,,,,,,,,,,,
sentence:SENT-0194,source:GRAMMAR_MANUAL_ELEMENTARY,DERIVED_FROM,,,,,237,因为我们经常通信，所以他的 事我都知道,,,,,
sentence:SENT-0194,span:AUTH-TAD-0002,HAS_CANDIDATE,,,,,,,,,,,
span:AUTH-TAD-0002,consensus:AUTH-TAD-0002,HAS_CONSENSUS,,,,,,,,,,,
consensus:AUTH-TAD-0002,function:TEMPORAL_ADVERBIAL,MAPS_TO,,,,,,,,,,,
span:AUTH-TAD-0002,cleaning:C_暂不纳入主实验,HAS_CLEANING_STATUS,,,,,,,待复核,,,,
span:AUTH-TAD-0002,ambiguity:三人标注不完全一致,HAS_AMBIGUITY,,,,,,,,,,,
span:AUTH-TAD-0002,ambiguity:出现不确定标注,HAS_AMBIGUITY,,,,,,,,,,,
span:AUTH-TAD-0002,ambiguity:无重复,HAS_AMBIGUITY,,,,,,,,,,,
span:AUTH-TAD-0002,ambiguity:来源字段完整但仍需正版逐页核验,HAS_AMBIGUITY,,,,,,,,,,,
span:AUTH-TAD-0002,annotation:span:AUTH-TAD-0002:r1,ANNOTATED_BY,,,,,,,,,,,
annotation:span:AUTH-TAD-0002:r1,rater:rater_1,MADE_BY,,,,,,,,,,,
span:AUTH-TAD-0002,annotation:span:AUTH-TAD-0002:r2,ANNOTATED_BY,,,,,,,,,,,
annotation:span:AUTH-TAD-0002:r2,rater:rater_2,MADE_BY,,,,,,,,,,,
span:AUTH-TAD-0002,annotation:span:AUTH-TAD-0002:r3,ANNOTATED_BY,,,,,,,,,,,
annotation:span:AUTH-TAD-0002:r3,rater:rater_3,MADE_BY,,,,,,,,,,,
span:AUTH-TAD-0002,cue:BEFORE_PREDICATE,TRIGGERS_CUE,,,,,,,,,,,
span:AUTH-TAD-0002,cue:EVENT_TIME,TRIGGERS_CUE,,,,,,,,,,,
span:AUTH-TAD-0002,cue:TIME_NOUN,TRIGGERS_CUE,,,,,,,,,,,
span:AUTH-TAD-0002,rule:R_TEMP_ADV_01,MATCHES_RULE,,,,,,,,1.0,TEMPORAL_ADVERBIAL,90.0,true
span:AUTH-TAD-0002,rule:R_TEMP_ADV_02,MATCHES_RULE,,,,,,,,2.0,TEMPORAL_ADVERBIAL,88.0,true
span:AUTH-TAD-0002,rule:R_TEMP_KG_ADV_02,MATCHES_RULE,,,,,,,,3.0,TEMPORAL_ADVERBIAL,72.0,true
sentence:SENT-0193,source:GRAMMAR_MANUAL_ELEMENTARY,DERIVED_FROM,,,,,237,因为我们经常通信，所以他的 事我都知道,,,,,
sentence:SENT-0193,span:AUTH-TAD-0003,HAS_CANDIDATE,,,,,,,,,,,
span:AUTH-TAD-0003,consensus:AUTH-TAD-0003,HAS_CONSENSUS,,,,,,,,,,,
consensus:AUTH-TAD-0003,function:TEMPORAL_ADVERBIAL,MAPS_TO,,,,,,,,,,,
span:AUTH-TAD-0003,cleaning:A_主评测候选,HAS_CLEANING_STATUS,,,,,,,主实验/严格评测,,,,
span:AUTH-TAD-0003,ambiguity:无重复,HAS_AMBIGUITY,,,,,,,,,,,
span:AUTH-TAD-0003,ambiguity:来源字段完整但仍需正版逐页核验,HAS_AMBIGUITY,,,,,,,,,,,
span:AUTH-TAD-0003,annotation:span:AUTH-TAD-0003:r1,ANNOTATED_BY,,,,,,,,,,,
annotation:span:AUTH-TAD-0003:r1,rater:rater_1,MADE_BY,,,,,,,,,,,
span:AUTH-TAD-0003,annotation:span:AUTH-TAD-0003:r2,ANNOTATED_BY,,,,,,,,,,,
annotation:span:AUTH-TAD-0003:r2,rater:rater_2,MADE_BY,,,,,,,,,,,
span:AUTH-TAD-0003,annotation:span:AUTH-TAD-0003:r3,ANNOTATED_BY,,,,,,,,,,,
annotation:span:AUTH-TAD-0003:r3,rater:rater_3,MADE_BY,,,,,,,,,,,
span:AUTH-TAD-0003,cue:BEFORE_PREDICATE,TRIGGERS_CUE,,,,,,,,,,,
span:AUTH-TAD-0003,cue:EVENT_TIME,TRIGGERS_CUE,,,,,,,,,,,
span:AUTH-TAD-0003,cue:TIME_NOUN,TRIGGERS_CUE,,,,,,,,,,,
span:AUTH-TAD-0003,rule:R_TEMP_ADV_01,MATCHES_RULE,,,,,,,,1.0,TEMPORAL_ADVERBIAL,90.0,true
span:AUTH-TAD-0003,rule:R_TEMP_ADV_02,MATCHES_RULE,,,,,,,,2.0,TEMPORAL_ADVERBIAL,88.0,true
span:AUTH-TAD-0003,rule:R_TEMP_KG_ADV_02,MATCHES_RULE,,,,,,,,3.0,TEMPORAL_ADVERBIAL,72.0,true
query:evidence_chain_by_span,span:AUTH-TAD-0003,CAN_QUERY,,,,,,,,,,,
query:clean_main_set,span:AUTH-TAD-0003,CAN_QUERY,,,,,,,,,,,
query:ambiguous_cases,span:AUTH-TAD-0003,CAN_QUERY,,,,,,,,,,,
sentence:SENT-0169,source:GRAMMAR_MANUAL_ADVANCED,DERIVED_FROM,,,,,48,(又+)何必+呢? 事情已经解决了，这 又 何必 呢? 为这点儿小事,,,,,
sentence:SENT-0169,span:AUTH-TAD-0004,HAS_CANDIDATE,,,,,,,,,,,
span:AUTH-TAD-0004,consensus:AUTH-TAD-0004,HAS_CONSENSUS,,,,,,,,,,,
consensus:AUTH-TAD-0004,function:TEMPORAL_ADVERBIAL,MAPS_TO,,,,,,,,,,,
span:AUTH-TAD-0004,cleaning:C_暂不纳入主实验,HAS_CLEANING_STATUS,,,,,,,待复核,,,,
span:AUTH-TAD-0004,ambiguity:原表已建议复核_剔除,HAS_AMBIGUITY,,,,,,,,,,,
span:AUTH-TAD-0004,ambiguity:时量补语_持续时间边界,HAS_AMBIGUITY,,,,,,,,,,,
span:AUTH-TAD-0004,ambiguity:三人标注不完全一致,HAS_AMBIGUITY,,,,,,,,,,,
span:AUTH-TAD-0004,ambiguity:至少一名标注者修正片段,HAS_AMBIGUITY,,,,,,,,,,,
span:AUTH-TAD-0004,ambiguity:同句多候选_重复句,HAS_AMBIGUITY,,,,,,,,,,,
span:AUTH-TAD-0004,ambiguity:来源字段完整但仍需正版逐页核验,HAS_AMBIGUITY,,,,,,,,,,,
span:AUTH-TAD-0004,annotation:span:AUTH-TAD-0004:r1,ANNOTATED_BY,,,,,,,,,,,
annotation:span:AUTH-TAD-0004:r1,rater:rater_1,MADE_BY,,,,,,,,,,,
span:AUTH-TAD-0004,annotation:span:AUTH-TAD-0004:r2,ANNOTATED_BY,,,,,,,,,,,
annotation:span:AUTH-TAD-0004:r2,rater:rater_2,MADE_BY,,,,,,,,,,,
span:AUTH-TAD-0004,annotation:span:AUTH-TAD-0004:r3,ANNOTATED_BY,,,,,,,,,,,
annotation:span:AUTH-TAD-0004:r3,rater:rater_3,MADE_BY,,,,,,,,,,,
span:AUTH-TAD-0004,cue:AFTER_VERB,TRIGGERS_CUE,,,,,,,,,,,
span:AUTH-TAD-0004,cue:COMPLEMENT_DURATION_CONTEXT,TRIGGERS_CUE,,,,,,,,,,,
span:AUTH-TAD-0004,cue:DURATION_COMPLEMENT,TRIGGERS_CUE,,,,,,,,,,,
span:AUTH-TAD-0004,cue:NO_TEMPORAL_EXPRESSION,TRIGGERS_CUE,,,,,,,,,,,
span:AUTH-TAD-0004,rule:R_TEMP_KG_COMP_01,MATCHES_RULE,,,,,,,,1.0,COMPLEMENT,127.0,false
sentence:SENT-0448,source:GRAMMAR_MANUAL_INTERMEDIATE,DERIVED_FROM,,,,,152,五级语法点 道 小提示 “将要”表示对马上要发生的事情进行推测，因而一般不用于否定,,,,,
sentence:SENT-0448,span:AUTH-TAD-0005,HAS_CANDIDATE,,,,,,,,,,,
span:AUTH-TAD-0005,consensus:AUTH-TAD-0005,HAS_CONSENSUS,,,,,,,,,,,
consensus:AUTH-TAD-0005,function:TEMPORAL_ADVERBIAL,MAPS_TO,,,,,,,,,,,
span:AUTH-TAD-0005,cleaning:B_边界复核集,HAS_CLEANING_STATUS,,,,,,,边界集/鲁棒性分析,,,,
span:AUTH-TAD-0005,ambiguity:时间副词_体貌副词边界,HAS_AMBIGUITY,,,,,,,,,,,
span:AUTH-TAD-0005,ambiguity:无重复,HAS_AMBIGUITY,,,,,,,,,,,
span:AUTH-TAD-0005,ambiguity:来源字段完整但仍需正版逐页核验,HAS_AMBIGUITY,,,,,,,,,,,
span:AUTH-TAD-0005,annotation:span:AUTH-TAD-0005:r1,ANNOTATED_BY,,,,,,,,,,,
annotation:span:AUTH-TAD-0005:r1,rater:rater_1,MADE_BY,,,,,,,,,,,
span:AUTH-TAD-0005,annotation:span:AUTH-TAD-0005:r2,ANNOTATED_BY,,,,,,,,,,,
annotation:span:AUTH-TAD-0005:r2,rater:rater_2,MADE_BY,,,,,,,,,,,
span:AUTH-TAD-0005,annotation:span:AUTH-TAD-0005:r3,ANNOTATED_BY,,,,,,,,,,,
annotation:span:AUTH-TAD-0005:r3,rater:rater_3,MADE_BY,,,,,,,,,,,
span:AUTH-TAD-0005,cue:BEFORE_PREDICATE,TRIGGERS_CUE,,,,,,,,,,,
span:AUTH-TAD-0005,cue:EVENT_TIME,TRIGGERS_CUE,,,,,,,,,,,
span:AUTH-TAD-0005,cue:TIME_ADVERB,TRIGGERS_CUE,,,,,,,,,,,
span:AUTH-TAD-0005,cue:TIME_FREQUENCY,TRIGGERS_CUE,,,,,,,,,,,
span:AUTH-TAD-0005,rule:R_TEMP_ADV_04,MATCHES_RULE,,,,,,,,1.0,TEMPORAL_ADVERBIAL,84.0,true
span:AUTH-TAD-0005,rule:R_TEMP_ADV_19,MATCHES_RULE,,,,,,,,2.0,TEMPORAL_ADVERBIAL,84.0,true
span:AUTH-TAD-0005,rule:R_TEMP_KG_ADV_01,MATCHES_RULE,,,,,,,,3.0,TEMPORAL_ADVERBIAL,79.0,true
span:AUTH-TAD-0005,rule:R_TEMP_ADV_08,MATCHES_RULE,,,,,,,,4.0,TEMPORAL_ADVERBIAL,78.0,true
span:AUTH-TAD-0005,rule:R_TEMP_ADV_11,MATCHES_RULE,,,,,,,,5.0,TEMPORAL_ADVERBIAL,73.0,true
sentence:SENT-0243,source:GRAMMAR_MANUAL_ADVANCED,DERIVED_FROM,,,,,37,前方正在施工，请勿 (在路边，提醒他人道路施工),,,,,
sentence:SENT-0243,span:AUTH-TAD-0006,HAS_CANDIDATE,,,,,,,,,,,
span:AUTH-TAD-0006,consensus:AUTH-TAD-0006,HAS_CONSENSUS,,,,,,,,,,,
consensus:AUTH-TAD-0006,function:TEMPORAL_ADVERBIAL,MAPS_TO,,,,,,,,,,,
span:AUTH-TAD-0006,cleaning:B_边界复核集,HAS_CLEANING_STATUS,,,,,,,边界集/鲁棒性分析,,,,
span:AUTH-TAD-0006,ambiguity:时间副词_体貌副词边界,HAS_AMBIGUITY,,,,,,,,,,,
span:AUTH-TAD-0006,ambiguity:无重复,HAS_AMBIGUITY,,,,,,,,,,,
span:AUTH-TAD-0006,ambiguity:来源字段完整但仍需正版逐页核验,HAS_AMBIGUITY,,,,,,,,,,,
span:AUTH-TAD-0006,annotation:span:AUTH-TAD-0006:r1,ANNOTATED_BY,,,,,,,,,,,
annotation:span:AUTH-TAD-0006:r1,rater:rater_1,MADE_BY,,,,,,,,,,,
span:AUTH-TAD-0006,annotation:span:AUTH-TAD-0006:r2,ANNOTATED_BY,,,,,,,,,,,
annotation:span:AUTH-TAD-0006:r2,rater:rater_2,MADE_BY,,,,,,,,,,,
span:AUTH-TAD-0006,annotation:span:AUTH-TAD-0006:r3,ANNOTATED_BY,,,,,,,,,,,
annotation:span:AUTH-TAD-0006:r3,rater:rater_3,MADE_BY,,,,,,,,,,,
span:AUTH-TAD-0006,cue:BEFORE_PREDICATE,TRIGGERS_CUE,,,,,,,,,,,
span:AUTH-TAD-0006,cue:EVENT_TIME,TRIGGERS_CUE,,,,,,,,,,,
span:AUTH-TAD-0006,cue:NO_TEMPORAL_EXPRESSION,TRIGGERS_CUE,,,,,,,,,,,
span:AUTH-TAD-0006,cue:TIME_ADVERB,TRIGGERS_CUE,,,,,,,,,,,
span:AUTH-TAD-0006,rule:R_TEMP_ADV_19,MATCHES_RULE,,,,,,,,1.0,TEMPORAL_ADVERBIAL,84.0,true
span:AUTH-TAD-0006,rule:R_TEMP_ADV_08,MATCHES_RULE,,,,,,,,2.0,TEMPORAL_ADVERBIAL,78.0,true
sentence:SENT-0399,source:GRAMMAR_MANUAL_ADVANCED,DERIVED_FROM,,,,,43,◎补充例句 按说这个时候应该下雪了，可今年一场雪还没下,,,,,
sentence:SENT-0399,span:AUTH-TAD-0007,HAS_CANDIDATE,,,,,,,,,,,
span:AUTH-TAD-0007,consensus:AUTH-TAD-0007,HAS_CONSENSUS,,,,,,,,,,,
consensus:AUTH-TAD-0007,function:OTHER,MAPS_TO,,,,,,,,,,,
span:AUTH-TAD-0007,cleaning:C_暂不纳入主实验,HAS_CLEANING_STATUS,,,,,,,待复核,,,,
span:AUTH-TAD-0007,ambiguity:非目标时间表达,HAS_AMBIGUITY,,,,,,,,,,,
span:AUTH-TAD-0007,ambiguity:三人标注不完全一致,HAS_AMBIGUITY,,,,,,,,,,,
span:AUTH-TAD-0007,ambiguity:至少一名标注者修正片段,HAS_AMBIGUITY,,,,,,,,,,,
span:AUTH-TAD-0007,ambiguity:无重复,HAS_AMBIGUITY,,,,,,,,,,,
span:AUTH-TAD-0007,ambiguity:来源字段完整但仍需正版逐页核验,HAS_AMBIGUITY,,,,,,,,,,,
span:AUTH-TAD-0007,annotation:span:AUTH-TAD-0007:r1,ANNOTATED_BY,,,,,,,,,,,
annotation:span:AUTH-TAD-0007:r1,rater:rater_1,MADE_BY,,,,,,,,,,,
span:AUTH-TAD-0007,annotation:span:AUTH-TAD-0007:r2,ANNOTATED_BY,,,,,,,,,,,
annotation:span:AUTH-TAD-0007:r2,rater:rater_2,MADE_BY,,,,,,,,,,,
span:AUTH-TAD-0007,annotation:span:AUTH-TAD-0007:r3,ANNOTATED_BY,,,,,,,,,,,
annotation:span:AUTH-TAD-0007:r3,rater:rater_3,MADE_BY,,,,,,,,,,,
span:AUTH-TAD-0007,cue:ABSTRACT_OR_NON_TARGET_TIME,TRIGGERS_CUE,,,,,,,,,,,
span:AUTH-TAD-0007,cue:BEFORE_PREDICATE,TRIGGERS_CUE,,,,,,,,,,,
span:AUTH-TAD-0007,cue:EVENT_TIME,TRIGGERS_CUE,,,,,,,,,,,
span:AUTH-TAD-0007,cue:NO_TEMPORAL_EXPRESSION,TRIGGERS_CUE,,,,,,,,,,,
span:AUTH-TAD-0007,cue:REVIEW_NON_TARGET_RISK,TRIGGERS_CUE,,,,,,,,,,,
span:AUTH-TAD-0007,cue:TEMPORAL_COMPARISON_STATE,TRIGGERS_CUE,,,,,,,,,,,
span:AUTH-TAD-0007,rule:R_TEMP_KG_OTHER_01,MATCHES_RULE,,,,,,,,1.0,OTHER,130.0,true
span:AUTH-TAD-0007,rule:R_TEMP_KG_OTHER_02,MATCHES_RULE,,,,,,,,2.0,OTHER,124.0,true
span:AUTH-TAD-0007,rule:R_TEMP_KG_OTHER_03,MATCHES_RULE,,,,,,,,3.0,OTHER,123.0,true
sentence:SENT-0376,source:GRAMMAR_MANUAL_ELEMENTARY,DERIVED_FROM,,,,,277,◎结构特点 (1)“至少”一般用在动词性成分前，作状语；动词后边经常有数量短语,,,,,
sentence:SENT-0376,span:AUTH-TAD-0008,HAS_CANDIDATE,,,,,,,,,,,
span:AUTH-TAD-0008,consensus:AUTH-TAD-0008,HAS_CONSENSUS,,,,,,,,,,,
consensus:AUTH-TAD-0008,function:ATTRIBUTE,MAPS_TO,,,,,,,,,,,
span:AUTH-TAD-0008,cleaning:B_边界复核集,HAS_CLEANING_STATUS,,,,,,,边界集/鲁棒性分析,,,,
span:AUTH-TAD-0008,ambiguity:可能为时间定语,HAS_AMBIGUITY,,,,,,,,,,,
span:AUTH-TAD-0008,ambiguity:时量补语_持续时间边界,HAS_AMBIGUITY,,,,,,,,,,,
span:AUTH-TAD-0008,ambiguity:无重复,HAS_AMBIGUITY,,,,,,,,,,,
span:AUTH-TAD-0008,ambiguity:来源字段完整但仍需正版逐页核验,HAS_AMBIGUITY,,,,,,,,,,,
span:AUTH-TAD-0008,annotation:span:AUTH-TAD-0008:r1,ANNOTATED_BY,,,,,,,,,,,
annotation:span:AUTH-TAD-0008:r1,rater:rater_1,MADE_BY,,,,,,,,,,,
span:AUTH-TAD-0008,annotation:span:AUTH-TAD-0008:r2,ANNOTATED_BY,,,,,,,,,,,
annotation:span:AUTH-TAD-0008:r2,rater:rater_2,MADE_BY,,,,,,,,,,,
span:AUTH-TAD-0008,annotation:span:AUTH-TAD-0008:r3,ANNOTATED_BY,,,,,,,,,,,
annotation:span:AUTH-TAD-0008:r3,rater:rater_3,MADE_BY,,,,,,,,,,,
span:AUTH-TAD-0008,cue:ATTR_DE_DIRECT,TRIGGERS_CUE,,,,,,,,,,,
span:AUTH-TAD-0008,cue:DE_PARTICLE,TRIGGERS_CUE,,,,,,,,,,,
span:AUTH-TAD-0008,cue:SENTENCE_INITIAL,TRIGGERS_CUE,,,,,,,,,,,
span:AUTH-TAD-0008,cue:TIME_FREQUENCY,TRIGGERS_CUE,,,,,,,,,,,
span:AUTH-TAD-0008,rule:R_TEMP_KG_ATTR_01,MATCHES_RULE,,,,,,,,1.0,ATTRIBUTE,128.0,true
span:AUTH-TAD-0008,rule:R_TEMP_KG_ADV_01,MATCHES_RULE,,,,,,,,2.0,TEMPORAL_ADVERBIAL,79.0,false
sentence:SENT-0408,source:GRAMMAR_MANUAL_INTERMEDIATE,DERIVED_FROM,,,,,292,“恰好”用在动词性成分或形容词性成分前，在句中作状语，句子中可以包含数 量词,,,,,
sentence:SENT-0408,span:AUTH-TAD-0009,HAS_CANDIDATE,,,,,,,,,,,
span:AUTH-TAD-0009,consensus:AUTH-TAD-0009,HAS_CONSENSUS,,,,,,,,,,,
consensus:AUTH-TAD-0009,function:COMPLEMENT,MAPS_TO,,,,,,,,,,,
span:AUTH-TAD-0009,cleaning:B_边界复核集,HAS_CLEANING_STATUS,,,,,,,边界集/鲁棒性分析,,,,
span:AUTH-TAD-0009,ambiguity:时量补语_持续时间边界,HAS_AMBIGUITY,,,,,,,,,,,
span:AUTH-TAD-0009,ambiguity:介词于_事件时间边界,HAS_AMBIGUITY,,,,,,,,,,,
span:AUTH-TAD-0009,ambiguity:三人标注不完全一致,HAS_AMBIGUITY,,,,,,,,,,,
span:AUTH-TAD-0009,ambiguity:无重复,HAS_AMBIGUITY,,,,,,,,,,,
span:AUTH-TAD-0009,ambiguity:来源字段完整但仍需正版逐页核验,HAS_AMBIGUITY,,,,,,,,,,,
span:AUTH-TAD-0009,annotation:span:AUTH-TAD-0009:r1,ANNOTATED_BY,,,,,,,,,,,
annotation:span:AUTH-TAD-0009:r1,rater:rater_1,MADE_BY,,,,,,,,,,,
span:AUTH-TAD-0009,annotation:span:AUTH-TAD-0009:r2,ANNOTATED_BY,,,,,,,,,,,
annotation:span:AUTH-TAD-0009:r2,rater:rater_2,MADE_BY,,,,,,,,,,,
span:AUTH-TAD-0009,annotation:span:AUTH-TAD-0009:r3,ANNOTATED_BY,,,,,,,,,,,
annotation:span:AUTH-TAD-0009:r3,rater:rater_3,MADE_BY,,,,,,,,,,,
span:AUTH-TAD-0009,cue:AFTER_VERB,TRIGGERS_CUE,,,,,,,,,,,
span:AUTH-TAD-0009,cue:COMPLEMENT_DURATION_CONTEXT,TRIGGERS_CUE,,,,,,,,,,,
span:AUTH-TAD-0009,cue:DATE_EXPRESSION,TRIGGERS_CUE,,,,,,,,,,,
span:AUTH-TAD-0009,cue:DURATION_COMPLEMENT,TRIGGERS_CUE,,,,,,,,,,,
span:AUTH-TAD-0009,cue:RESULT_TIME,TRIGGERS_CUE,,,,,,,,,,,
span:AUTH-TAD-0009,cue:TIME_DURATION,TRIGGERS_CUE,,,,,,,,,,,
span:AUTH-TAD-0009,cue:TIME_NOUN,TRIGGERS_CUE,,,,,,,,,,,
span:AUTH-TAD-0009,cue:TIME_POINT,TRIGGERS_CUE,,,,,,,,,,,
span:AUTH-TAD-0009,rule:R_TEMP_KG_COMP_01,MATCHES_RULE,,,,,,,,1.0,COMPLEMENT,127.0,true
span:AUTH-TAD-0009,rule:R_TEMP_COMP_06,MATCHES_RULE,,,,,,,,2.0,COMPLEMENT,97.0,true
span:AUTH-TAD-0009,rule:R_TEMP_COMP_01,MATCHES_RULE,,,,,,,,3.0,COMPLEMENT,96.0,true
span:AUTH-TAD-0009,rule:R_TEMP_COMP_02,MATCHES_RULE,,,,,,,,4.0,COMPLEMENT,95.0,true
span:AUTH-TAD-0009,rule:R_TEMP_COMP_07,MATCHES_RULE,,,,,,,,5.0,COMPLEMENT,94.0,true
sentence:SENT-0125,source:GRAMMAR_MANUAL_ADVANCED,DERIVED_FROM,,,,,100,饭还没开始吃他就 (在公司，讨论合同没签的原因) 已经醉了，后来就更 A:昨天你和张经理签好合,,,,,
sentence:SENT-0125,span:AUTH-TAD-0010,HAS_CANDIDATE,,,,,,,,,,,
span:AUTH-TAD-0010,consensus:AUTH-TAD-0010,HAS_CONSENSUS,,,,,,,,,,,
consensus:AUTH-TAD-0010,function:TEMPORAL_ADVERBIAL,MAPS_TO,,,,,,,,,,,
span:AUTH-TAD-0010,cleaning:A_主评测候选,HAS_CLEANING_STATUS,,,,,,,主实验/严格评测,,,,
span:AUTH-TAD-0010,ambiguity:无重复,HAS_AMBIGUITY,,,,,,,,,,,
span:AUTH-TAD-0010,ambiguity:来源字段完整但仍需正版逐页核验,HAS_AMBIGUITY,,,,,,,,,,,
span:AUTH-TAD-0010,annotation:span:AUTH-TAD-0010:r1,ANNOTATED_BY,,,,,,,,,,,
annotation:span:AUTH-TAD-0010:r1,rater:rater_1,MADE_BY,,,,,,,,,,,
span:AUTH-TAD-0010,annotation:span:AUTH-TAD-0010:r2,ANNOTATED_BY,,,,,,,,,,,
annotation:span:AUTH-TAD-0010:r2,rater:rater_2,MADE_BY,,,,,,,,,,,
span:AUTH-TAD-0010,annotation:span:AUTH-TAD-0010:r3,ANNOTATED_BY,,,,,,,,,,,
annotation:span:AUTH-TAD-0010:r3,rater:rater_3,MADE_BY,,,,,,,,,,,
span:AUTH-TAD-0010,cue:BEFORE_PREDICATE,TRIGGERS_CUE,,,,,,,,,,,
span:AUTH-TAD-0010,cue:EVENT_TIME,TRIGGERS_CUE,,,,,,,,,,,
span:AUTH-TAD-0010,cue:TIME_NOUN,TRIGGERS_CUE,,,,,,,,,,,
span:AUTH-TAD-0010,rule:R_TEMP_ADV_01,MATCHES_RULE,,,,,,,,1.0,TEMPORAL_ADVERBIAL,90.0,true
span:AUTH-TAD-0010,rule:R_TEMP_ADV_02,MATCHES_RULE,,,,,,,,2.0,TEMPORAL_ADVERBIAL,88.0,true
span:AUTH-TAD-0010,rule:R_TEMP_KG_ADV_02,MATCHES_RULE,,,,,,,,3.0,TEMPORAL_ADVERBIAL,72.0,true
sentence:SENT-0094,source:GRAMMAR_MANUAL_ELEMENTARY,DERIVED_FROM,,,,,58,平等级标准·语法学习手册(初等) (2)“在、正、正在”不能和“了”连用,,,,,
sentence:SENT-0094,span:AUTH-TAD-0011,HAS_CANDIDATE,,,,,,,,,,,
span:AUTH-TAD-0011,consensus:AUTH-TAD-0011,HAS_CONSENSUS,,,,,,,,,,,
consensus:AUTH-TAD-0011,function:TEMPORAL_ADVERBIAL,MAPS_TO,,,,,,,,,,,
span:AUTH-TAD-0011,cleaning:B_边界复核集,HAS_CLEANING_STATUS,,,,,,,边界集/鲁棒性分析,,,,
span:AUTH-TAD-0011,ambiguity:时间副词_体貌副词边界,HAS_AMBIGUITY,,,,,,,,,,,
span:AUTH-TAD-0011,ambiguity:无重复,HAS_AMBIGUITY,,,,,,,,,,,
span:AUTH-TAD-0011,ambiguity:来源字段完整但仍需正版逐页核验,HAS_AMBIGUITY,,,,,,,,,,,
span:AUTH-TAD-0011,annotation:span:AUTH-TAD-0011:r1,ANNOTATED_BY,,,,,,,,,,,
annotation:span:AUTH-TAD-0011:r1,rater:rater_1,MADE_BY,,,,,,,,,,,
span:AUTH-TAD-0011,annotation:span:AUTH-TAD-0011:r2,ANNOTATED_BY,,,,,,,,,,,
annotation:span:AUTH-TAD-0011:r2,rater:rater_2,MADE_BY,,,,,,,,,,,
span:AUTH-TAD-0011,annotation:span:AUTH-TAD-0011:r3,ANNOTATED_BY,,,,,,,,,,,
annotation:span:AUTH-TAD-0011:r3,rater:rater_3,MADE_BY,,,,,,,,,,,
span:AUTH-TAD-0011,cue:BEFORE_PREDICATE,TRIGGERS_CUE,,,,,,,,,,,
span:AUTH-TAD-0011,cue:EVENT_TIME,TRIGGERS_CUE,,,,,,,,,,,
span:AUTH-TAD-0011,cue:TIME_FREQUENCY,TRIGGERS_CUE,,,,,,,,,,,
span:AUTH-TAD-0011,rule:R_TEMP_ADV_04,MATCHES_RULE,,,,,,,,1.0,TEMPORAL_ADVERBIAL,84.0,true
span:AUTH-TAD-0011,rule:R_TEMP_KG_ADV_01,MATCHES_RULE,,,,,,,,2.0,TEMPORAL_ADVERBIAL,79.0,true
sentence:SENT-0453,source:GRAMMAR_MANUAL_ADVANCED,DERIVED_FROM,,,,,155,,,,,,
sentence:SENT-0453,span:AUTH-TAD-0012,HAS_CANDIDATE,,,,,,,,,,,
span:AUTH-TAD-0012,consensus:AUTH-TAD-0012,HAS_CONSENSUS,,,,,,,,,,,
consensus:AUTH-TAD-0012,function:COMPLEMENT,MAPS_TO,,,,,,,,,,,
span:AUTH-TAD-0012,cleaning:C_暂不纳入主实验,HAS_CLEANING_STATUS,,,,,,,待复核,,,,
span:AUTH-TAD-0012,ambiguity:页面线索缺失,HAS_AMBIGUITY,,,,,,,,,,,
span:AUTH-TAD-0012,ambiguity:时量补语_持续时间边界,HAS_AMBIGUITY,,,,,,,,,,,
span:AUTH-TAD-0012,ambiguity:三人标注不完全一致,HAS_AMBIGUITY,,,,,,,,,,,
span:AUTH-TAD-0012,ambiguity:至少一名标注者修正片段,HAS_AMBIGUITY,,,,,,,,,,,
span:AUTH-TAD-0012,ambiguity:无重复,HAS_AMBIGUITY,,,,,,,,,,,
span:AUTH-TAD-0012,annotation:span:AUTH-TAD-0012:r1,ANNOTATED_BY,,,,,,,,,,,
annotation:span:AUTH-TAD-0012:r1,rater:rater_1,MADE_BY,,,,,,,,,,,
span:AUTH-TAD-0012,annotation:span:AUTH-TAD-0012:r2,ANNOTATED_BY,,,,,,,,,,,
annotation:span:AUTH-TAD-0012:r2,rater:rater_2,MADE_BY,,,,,,,,,,,
span:AUTH-TAD-0012,annotation:span:AUTH-TAD-0012:r3,ANNOTATED_BY,,,,,,,,,,,
annotation:span:AUTH-TAD-0012:r3,rater:rater_3,MADE_BY,,,,,,,,,,,
span:AUTH-TAD-0012,cue:AFTER_VERB,TRIGGERS_CUE,,,,,,,,,,,
span:AUTH-TAD-0012,cue:COMPLEMENT_DURATION_CONTEXT,TRIGGERS_CUE,,,,,,,,,,,
span:AUTH-TAD-0012,cue:DURATION_COMPLEMENT,TRIGGERS_CUE,,,,,,,,,,,
span:AUTH-TAD-0012,cue:NO_TEMPORAL_EXPRESSION,TRIGGERS_CUE,,,,,,,,,,,
span:AUTH-TAD-0012,cue:REVIEW_NON_TARGET_RISK,TRIGGERS_CUE,,,,,,,,,,,
span:AUTH-TAD-0012,rule:R_TEMP_KG_OTHER_01,MATCHES_RULE,,,,,,,,1.0,OTHER,130.0,false
span:AUTH-TAD-0012,rule:R_TEMP_KG_COMP_01,MATCHES_RULE,,,,,,,,2.0,COMPLEMENT,127.0,true
sentence:SENT-0238,source:GRAMMAR_MANUAL_ELEMENTARY,DERIVED_FROM,,,,,362,事，以后再去吧,,,,,
sentence:SENT-0238,span:AUTH-TAD-0013,HAS_CANDIDATE,,,,,,,,,,,
span:AUTH-TAD-0013,consensus:AUTH-TAD-0013,HAS_CONSENSUS,,,,,,,,,,,
consensus:AUTH-TAD-0013,function:TEMPORAL_ADVERBIAL,MAPS_TO,,,,,,,,,,,
span:AUTH-TAD-0013,cleaning:B_边界复核集,HAS_CLEANING_STATUS,,,,,,,边界集/鲁棒性分析,,,,
span:AUTH-TAD-0013,ambiguity:三人标注不完全一致,HAS_AMBIGUITY,,,,,,,,,,,
span:AUTH-TAD-0013,ambiguity:无重复,HAS_AMBIGUITY,,,,,,,,,,,
span:AUTH-TAD-0013,ambiguity:来源字段完整但仍需正版逐页核验,HAS_AMBIGUITY,,,,,,,,,,,
span:AUTH-TAD-0013,annotation:span:AUTH-TAD-0013:r1,ANNOTATED_BY,,,,,,,,,,,
annotation:span:AUTH-TAD-0013:r1,rater:rater_1,MADE_BY,,,,,,,,,,,
span:AUTH-TAD-0013,annotation:span:AUTH-TAD-0013:r2,ANNOTATED_BY,,,,,,,,,,,
annotation:span:AUTH-TAD-0013:r2,rater:rater_2,MADE_BY,,,,,,,,,,,
span:AUTH-TAD-0013,annotation:span:AUTH-TAD-0013:r3,ANNOTATED_BY,,,,,,,,,,,
annotation:span:AUTH-TAD-0013:r3,rater:rater_3,MADE_BY,,,,,,,,,,,
span:AUTH-TAD-0013,cue:BEFORE_PREDICATE,TRIGGERS_CUE,,,,,,,,,,,
span:AUTH-TAD-0013,cue:EVENT_TIME,TRIGGERS_CUE,,,,,,,,,,,
span:AUTH-TAD-0013,cue:TIME_NOUN,TRIGGERS_CUE,,,,,,,,,,,
span:AUTH-TAD-0013,rule:R_TEMP_ADV_01,MATCHES_RULE,,,,,,,,1.0,TEMPORAL_ADVERBIAL,90.0,true
span:AUTH-TAD-0013,rule:R_TEMP_ADV_02,MATCHES_RULE,,,,,,,,2.0,TEMPORAL_ADVERBIAL,88.0,true
span:AUTH-TAD-0013,rule:R_TEMP_KG_ADV_02,MATCHES_RULE,,,,,,,,3.0,TEMPORAL_ADVERBIAL,72.0,true
sentence:SENT-0388,source:GRAMMAR_MANUAL_INTERMEDIATE,DERIVED_FROM,,,,,380,递加关系的多项定语要按一定的顺序排列：限制性定语+描写性定语+中心语,,,,,
sentence:SENT-0388,span:AUTH-TAD-0014,HAS_CANDIDATE,,,,,,,,,,,
span:AUTH-TAD-0014,consensus:AUTH-TAD-0014,HAS_CONSENSUS,,,,,,,,,,,
consensus:AUTH-TAD-0014,function:TEMPORAL_ADVERBIAL,MAPS_TO,,,,,,,,,,,
span:AUTH-TAD-0014,cleaning:B_边界复核集,HAS_CLEANING_STATUS,,,,,,,边界集/鲁棒性分析,,,,
span:AUTH-TAD-0014,ambiguity:时间副词_体貌副词边界,HAS_AMBIGUITY,,,,,,,,,,,
span:AUTH-TAD-0014,ambiguity:无重复,HAS_AMBIGUITY,,,,,,,,,,,
span:AUTH-TAD-0014,ambiguity:来源字段完整但仍需正版逐页核验,HAS_AMBIGUITY,,,,,,,,,,,
span:AUTH-TAD-0014,annotation:span:AUTH-TAD-0014:r1,ANNOTATED_BY,,,,,,,,,,,
annotation:span:AUTH-TAD-0014:r1,rater:rater_1,MADE_BY,,,,,,,,,,,
span:AUTH-TAD-0014,annotation:span:AUTH-TAD-0014:r2,ANNOTATED_BY,,,,,,,,,,,
annotation:span:AUTH-TAD-0014:r2,rater:rater_2,MADE_BY,,,,,,,,,,,
span:AUTH-TAD-0014,annotation:span:AUTH-TAD-0014:r3,ANNOTATED_BY,,,,,,,,,,,
annotation:span:AUTH-TAD-0014:r3,rater:rater_3,MADE_BY,,,,,,,,,,,
span:AUTH-TAD-0014,cue:BEFORE_PREDICATE,TRIGGERS_CUE,,,,,,,,,,,
span:AUTH-TAD-0014,cue:EVENT_TIME,TRIGGERS_CUE,,,,,,,,,,,
span:AUTH-TAD-0014,cue:TIME_FREQUENCY,TRIGGERS_CUE,,,,,,,,,,,
span:AUTH-TAD-0014,rule:R_TEMP_ADV_04,MATCHES_RULE,,,,,,,,1.0,TEMPORAL_ADVERBIAL,84.0,true
span:AUTH-TAD-0014,rule:R_TEMP_KG_ADV_01,MATCHES_RULE,,,,,,,,2.0,TEMPORAL_ADVERBIAL,79.0,true
sentence:SENT-0167,source:GRAMMAR_MANUAL_ELEMENTARY,DERIVED_FROM,,,,,324,婚礼物，他现在在 B:班长平时还常常 老师：那你注意休息， 北京，来不了,,,,,
sentence:SENT-0167,span:AUTH-TAD-0015,HAS_CANDIDATE,,,,,,,,,,,
span:AUTH-TAD-0015,consensus:AUTH-TAD-0015,HAS_CONSENSUS,,,,,,,,,,,
consensus:AUTH-TAD-0015,function:TEMPORAL_ADVERBIAL,MAPS_TO,,,,,,,,,,,
span:AUTH-TAD-0015,cleaning:A_主评测候选,HAS_CLEANING_STATUS,,,,,,,主实验/严格评测,,,,
span:AUTH-TAD-0015,ambiguity:无重复,HAS_AMBIGUITY,,,,,,,,,,,
span:AUTH-TAD-0015,ambiguity:来源字段完整但仍需正版逐页核验,HAS_AMBIGUITY,,,,,,,,,,,
span:AUTH-TAD-0015,annotation:span:AUTH-TAD-0015:r1,ANNOTATED_BY,,,,,,,,,,,
annotation:span:AUTH-TAD-0015:r1,rater:rater_1,MADE_BY,,,,,,,,,,,
span:AUTH-TAD-0015,annotation:span:AUTH-TAD-0015:r2,ANNOTATED_BY,,,,,,,,,,,
annotation:span:AUTH-TAD-0015:r2,rater:rater_2,MADE_BY,,,,,,,,,,,
span:AUTH-TAD-0015,annotation:span:AUTH-TAD-0015:r3,ANNOTATED_BY,,,,,,,,,,,
annotation:span:AUTH-TAD-0015:r3,rater:rater_3,MADE_BY,,,,,,,,,,,
span:AUTH-TAD-0015,cue:BEFORE_PREDICATE,TRIGGERS_CUE,,,,,,,,,,,
span:AUTH-TAD-0015,cue:EVENT_TIME,TRIGGERS_CUE,,,,,,,,,,,
span:AUTH-TAD-0015,cue:SENTENCE_INITIAL,TRIGGERS_CUE,,,,,,,,,,,
span:AUTH-TAD-0015,cue:TIME_ADVERB,TRIGGERS_CUE,,,,,,,,,,,
span:AUTH-TAD-0015,cue:TIME_FREQUENCY,TRIGGERS_CUE,,,,,,,,,,,
span:AUTH-TAD-0015,rule:R_TEMP_ADV_04,MATCHES_RULE,,,,,,,,1.0,TEMPORAL_ADVERBIAL,84.0,true
span:AUTH-TAD-0015,rule:R_TEMP_ADV_19,MATCHES_RULE,,,,,,,,2.0,TEMPORAL_ADVERBIAL,84.0,true
span:AUTH-TAD-0015,rule:R_TEMP_KG_ADV_01,MATCHES_RULE,,,,,,,,3.0,TEMPORAL_ADVERBIAL,79.0,true
span:AUTH-TAD-0015,rule:R_TEMP_ADV_08,MATCHES_RULE,,,,,,,,4.0,TEMPORAL_ADVERBIAL,78.0,true
span:AUTH-TAD-0015,rule:R_TEMP_ADV_11,MATCHES_RULE,,,,,,,,5.0,TEMPORAL_ADVERBIAL,73.0,true
sentence:SENT-0077,source:GRAMMAR_MANUAL_INTERMEDIATE,DERIVED_FROM,,,,,184,他从小身体不好，加上缺少锻炼，所以经常生病,,,,,
sentence:SENT-0077,span:AUTH-TAD-0016,HAS_CANDIDATE,,,,,,,,,,,
span:AUTH-TAD-0016,consensus:AUTH-TAD-0016,HAS_CONSENSUS,,,,,,,,,,,
consensus:AUTH-TAD-0016,function:TEMPORAL_ADVERBIAL,MAPS_TO,,,,,,,,,,,
span:AUTH-TAD-0016,cleaning:B_边界复核集,HAS_CLEANING_STATUS,,,,,,,边界集/鲁棒性分析,,,,
span:AUTH-TAD-0016,ambiguity:时间副词_体貌副词边界,HAS_AMBIGUITY,,,,,,,,,,,
span:AUTH-TAD-0016,ambiguity:无重复,HAS_AMBIGUITY,,,,,,,,,,,
span:AUTH-TAD-0016,ambiguity:来源字段完整但仍需正版逐页核验,HAS_AMBIGUITY,,,,,,,,,,,
span:AUTH-TAD-0016,annotation:span:AUTH-TAD-0016:r1,ANNOTATED_BY,,,,,,,,,,,
annotation:span:AUTH-TAD-0016:r1,rater:rater_1,MADE_BY,,,,,,,,,,,
span:AUTH-TAD-0016,annotation:span:AUTH-TAD-0016:r2,ANNOTATED_BY,,,,,,,,,,,
annotation:span:AUTH-TAD-0016:r2,rater:rater_2,MADE_BY,,,,,,,,,,,
span:AUTH-TAD-0016,annotation:span:AUTH-TAD-0016:r3,ANNOTATED_BY,,,,,,,,,,,
annotation:span:AUTH-TAD-0016:r3,rater:rater_3,MADE_BY,,,,,,,,,,,
span:AUTH-TAD-0016,cue:TIME_FREQUENCY,TRIGGERS_CUE,,,,,,,,,,,
span:AUTH-TAD-0016,rule:R_TEMP_KG_ADV_01,MATCHES_RULE,,,,,,,,1.0,TEMPORAL_ADVERBIAL,79.0,true
sentence:SENT-0288,source:GRAMMAR_MANUAL_ELEMENTARY,DERIVED_FROM,,,,,162,你到北京以后，一定 要去看看王老师,,,,,
sentence:SENT-0288,span:AUTH-TAD-0017,HAS_CANDIDATE,,,,,,,,,,,
span:AUTH-TAD-0017,consensus:AUTH-TAD-0017,HAS_CONSENSUS,,,,,,,,,,,
consensus:AUTH-TAD-0017,function:TEMPORAL_ADVERBIAL,MAPS_TO,,,,,,,,,,,
span:AUTH-TAD-0017,cleaning:B_边界复核集,HAS_CLEANING_STATUS,,,,,,,边界集/鲁棒性分析,,,,
span:AUTH-TAD-0017,ambiguity:三人标注不完全一致,HAS_AMBIGUITY,,,,,,,,,,,
span:AUTH-TAD-0017,ambiguity:无重复,HAS_AMBIGUITY,,,,,,,,,,,
span:AUTH-TAD-0017,ambiguity:来源字段完整但仍需正版逐页核验,HAS_AMBIGUITY,,,,,,,,,,,
span:AUTH-TAD-0017,annotation:span:AUTH-TAD-0017:r1,ANNOTATED_BY,,,,,,,,,,,
annotation:span:AUTH-TAD-0017:r1,rater:rater_1,MADE_BY,,,,,,,,,,,
span:AUTH-TAD-0017,annotation:span:AUTH-TAD-0017:r2,ANNOTATED_BY,,,,,,,,,,,
annotation:span:AUTH-TAD-0017:r2,rater:rater_2,MADE_BY,,,,,,,,,,,
span:AUTH-TAD-0017,annotation:span:AUTH-TAD-0017:r3,ANNOTATED_BY,,,,,,,,,,,
annotation:span:AUTH-TAD-0017:r3,rater:rater_3,MADE_BY,,,,,,,,,,,
span:AUTH-TAD-0017,cue:BEFORE_PREDICATE,TRIGGERS_CUE,,,,,,,,,,,
span:AUTH-TAD-0017,cue:EVENT_TIME,TRIGGERS_CUE,,,,,,,,,,,
span:AUTH-TAD-0017,cue:TIME_NOUN,TRIGGERS_CUE,,,,,,,,,,,
span:AUTH-TAD-0017,rule:R_TEMP_ADV_01,MATCHES_RULE,,,,,,,,1.0,TEMPORAL_ADVERBIAL,90.0,true
span:AUTH-TAD-0017,rule:R_TEMP_ADV_02,MATCHES_RULE,,,,,,,,2.0,TEMPORAL_ADVERBIAL,88.0,true
span:AUTH-TAD-0017,rule:R_TEMP_KG_ADV_02,MATCHES_RULE,,,,,,,,3.0,TEMPORAL_ADVERBIAL,72.0,true
sentence:SENT-0021,source:GRAMMAR_MANUAL_ADVANCED,DERIVED_FROM,,,,,154,B:别找了，与其在这里浪费时间，我们不如认真复习,,,,,
sentence:SENT-0021,span:AUTH-TAD-0018,HAS_CANDIDATE,,,,,,,,,,,
span:AUTH-TAD-0018,consensus:AUTH-TAD-0018,HAS_CONSENSUS,,,,,,,,,,,
consensus:AUTH-TAD-0018,function:TEMPORAL_ADVERBIAL,MAPS_TO,,,,,,,,,,,
span:AUTH-TAD-0018,cleaning:A_主评测候选,HAS_CLEANING_STATUS,,,,,,,主实验/严格评测,,,,
span:AUTH-TAD-0018,ambiguity:无重复,HAS_AMBIGUITY,,,,,,,,,,,
span:AUTH-TAD-0018,ambiguity:来源字段完整但仍需正版逐页核验,HAS_AMBIGUITY,,,,,,,,,,,
span:AUTH-TAD-0018,annotation:span:AUTH-TAD-0018:r1,ANNOTATED_BY,,,,,,,,,,,
annotation:span:AUTH-TAD-0018:r1,rater:rater_1,MADE_BY,,,,,,,,,,,
span:AUTH-TAD-0018,annotation:span:AUTH-TAD-0018:r2,ANNOTATED_BY,,,,,,,,,,,
annotation:span:AUTH-TAD-0018:r2,rater:rater_2,MADE_BY,,,,,,,,,,,
span:AUTH-TAD-0018,annotation:span:AUTH-TAD-0018:r3,ANNOTATED_BY,,,,,,,,,,,
annotation:span:AUTH-TAD-0018:r3,rater:rater_3,MADE_BY,,,,,,,,,,,
span:AUTH-TAD-0018,cue:BEFORE_PREDICATE,TRIGGERS_CUE,,,,,,,,,,,
span:AUTH-TAD-0018,cue:EVENT_TIME,TRIGGERS_CUE,,,,,,,,,,,
span:AUTH-TAD-0018,cue:TIME_NOUN,TRIGGERS_CUE,,,,,,,,,,,
span:AUTH-TAD-0018,rule:R_TEMP_ADV_01,MATCHES_RULE,,,,,,,,1.0,TEMPORAL_ADVERBIAL,90.0,true
span:AUTH-TAD-0018,rule:R_TEMP_ADV_02,MATCHES_RULE,,,,,,,,2.0,TEMPORAL_ADVERBIAL,88.0,true
span:AUTH-TAD-0018,rule:R_TEMP_KG_ADV_02,MATCHES_RULE,,,,,,,,3.0,TEMPORAL_ADVERBIAL,72.0,true
sentence:SENT-0269,source:GRAMMAR_MANUAL_ADVANCED,DERIVED_FROM,,,,,11,获奖证书已经扫描整理成一个文件，请你将该文件交给有关,,,,,
sentence:SENT-0269,span:AUTH-TAD-0019,HAS_CANDIDATE,,,,,,,,,,,
span:AUTH-TAD-0019,consensus:AUTH-TAD-0019,HAS_CONSENSUS,,,,,,,,,,,
consensus:AUTH-TAD-0019,function:TEMPORAL_ADVERBIAL,MAPS_TO,,,,,,,,,,,
span:AUTH-TAD-0019,cleaning:A_主评测候选,HAS_CLEANING_STATUS,,,,,,,主实验/严格评测,,,,
span:AUTH-TAD-0019,ambiguity:无重复,HAS_AMBIGUITY,,,,,,,,,,,
span:AUTH-TAD-0019,ambiguity:来源字段完整但仍需正版逐页核验,HAS_AMBIGUITY,,,,,,,,,,,
span:AUTH-TAD-0019,annotation:span:AUTH-TAD-0019:r1,ANNOTATED_BY,,,,,,,,,,,
annotation:span:AUTH-TAD-0019:r1,rater:rater_1,MADE_BY,,,,,,,,,,,
span:AUTH-TAD-0019,annotation:span:AUTH-TAD-0019:r2,ANNOTATED_BY,,,,,,,,,,,
annotation:span:AUTH-TAD-0019:r2,rater:rater_2,MADE_BY,,,,,,,,,,,
span:AUTH-TAD-0019,annotation:span:AUTH-TAD-0019:r3,ANNOTATED_BY,,,,,,,,,,,
annotation:span:AUTH-TAD-0019:r3,rater:rater_3,MADE_BY,,,,,,,,,,,
span:AUTH-TAD-0019,cue:BEFORE_PREDICATE,TRIGGERS_CUE,,,,,,,,,,,
span:AUTH-TAD-0019,cue:EVENT_TIME,TRIGGERS_CUE,,,,,,,,,,,
span:AUTH-TAD-0019,cue:TIME_NOUN,TRIGGERS_CUE,,,,,,,,,,,
span:AUTH-TAD-0019,rule:R_TEMP_ADV_01,MATCHES_RULE,,,,,,,,1.0,TEMPORAL_ADVERBIAL,90.0,true
span:AUTH-TAD-0019,rule:R_TEMP_ADV_02,MATCHES_RULE,,,,,,,,2.0,TEMPORAL_ADVERBIAL,88.0,true
span:AUTH-TAD-0019,rule:R_TEMP_KG_ADV_02,MATCHES_RULE,,,,,,,,3.0,TEMPORAL_ADVERBIAL,72.0,true
sentence:SENT-0326,source:GRAMMAR_MANUAL_ADVANCED,DERIVED_FROM,,,,,200,A:既然项目交出去了，我以后不会再过问了,,,,,
sentence:SENT-0326,span:AUTH-TAD-0020,HAS_CANDIDATE,,,,,,,,,,,
span:AUTH-TAD-0020,consensus:AUTH-TAD-0020,HAS_CONSENSUS,,,,,,,,,,,
consensus:AUTH-TAD-0020,function:OTHER,MAPS_TO,,,,,,,,,,,
span:AUTH-TAD-0020,cleaning:C_暂不纳入主实验,HAS_CLEANING_STATUS,,,,,,,待复核,,,,
span:AUTH-TAD-0020,ambiguity:相对时间框架边界,HAS_AMBIGUITY,,,,,,,,,,,
span:AUTH-TAD-0020,ambiguity:候选片段与最终片段不一致,HAS_AMBIGUITY,,,,,,,,,,,
span:AUTH-TAD-0020,ambiguity:非目标时间表达,HAS_AMBIGUITY,,,,,,,,,,,
span:AUTH-TAD-0020,ambiguity:三人标注不完全一致,HAS_AMBIGUITY,,,,,,,,,,,
span:AUTH-TAD-0020,ambiguity:至少一名标注者修正片段,HAS_AMBIGUITY,,,,,,,,,,,
span:AUTH-TAD-0020,ambiguity:无重复,HAS_AMBIGUITY,,,,,,,,,,,
span:AUTH-TAD-0020,ambiguity:来源字段完整但仍需正版逐页核验,HAS_AMBIGUITY,,,,,,,,,,,
span:AUTH-TAD-0020,annotation:span:AUTH-TAD-0020:r1,ANNOTATED_BY,,,,,,,,,,,
annotation:span:AUTH-TAD-0020:r1,rater:rater_1,MADE_BY,,,,,,,,,,,
span:AUTH-TAD-0020,annotation:span:AUTH-TAD-0020:r2,ANNOTATED_BY,,,,,,,,,,,
annotation:span:AUTH-TAD-0020:r2,rater:rater_2,MADE_BY,,,,,,,,,,,
span:AUTH-TAD-0020,annotation:span:AUTH-TAD-0020:r3,ANNOTATED_BY,,,,,,,,,,,
annotation:span:AUTH-TAD-0020:r3,rater:rater_3,MADE_BY,,,,,,,,,,,
span:AUTH-TAD-0020,cue:BEFORE_PREDICATE,TRIGGERS_CUE,,,,,,,,,,,
span:AUTH-TAD-0020,cue:EVENT_TIME,TRIGGERS_CUE,,,,,,,,,,,
span:AUTH-TAD-0020,cue:NO_TEMPORAL_EXPRESSION,TRIGGERS_CUE,,,,,,,,,,,
span:AUTH-TAD-0020,cue:REVIEW_NON_TARGET_RISK,TRIGGERS_CUE,,,,,,,,,,,
span:AUTH-TAD-0020,cue:TIME_AFTER_BEFORE,TRIGGERS_CUE,,,,,,,,,,,
span:AUTH-TAD-0020,rule:R_TEMP_KG_OTHER_01,MATCHES_RULE,,,,,,,,1.0,OTHER,130.0,true
span:AUTH-TAD-0020,rule:R_TEMP_ADV_05,MATCHES_RULE,,,,,,,,2.0,TEMPORAL_ADVERBIAL,83.0,false
sentence:SENT-0419,source:GRAMMAR_MANUAL_INTERMEDIATE,DERIVED_FROM,,,,,66,自开业以来，这个饭馆的生意每天都很好,,,,,
sentence:SENT-0419,span:AUTH-TAD-0021,HAS_CANDIDATE,,,,,,,,,,,
span:AUTH-TAD-0021,consensus:AUTH-TAD-0021,HAS_CONSENSUS,,,,,,,,,,,
consensus:AUTH-TAD-0021,function:TEMPORAL_ADVERBIAL,MAPS_TO,,,,,,,,,,,
span:AUTH-TAD-0021,cleaning:B_边界复核集,HAS_CLEANING_STATUS,,,,,,,边界集/鲁棒性分析,,,,
span:AUTH-TAD-0021,ambiguity:相对时间框架边界,HAS_AMBIGUITY,,,,,,,,,,,
span:AUTH-TAD-0021,ambiguity:无重复,HAS_AMBIGUITY,,,,,,,,,,,
span:AUTH-TAD-0021,ambiguity:来源字段完整但仍需正版逐页核验,HAS_AMBIGUITY,,,,,,,,,,,
span:AUTH-TAD-0021,annotation:span:AUTH-TAD-0021:r1,ANNOTATED_BY,,,,,,,,,,,
annotation:span:AUTH-TAD-0021:r1,rater:rater_1,MADE_BY,,,,,,,,,,,
span:AUTH-TAD-0021,annotation:span:AUTH-TAD-0021:r2,ANNOTATED_BY,,,,,,,,,,,
annotation:span:AUTH-TAD-0021:r2,rater:rater_2,MADE_BY,,,,,,,,,,,
span:AUTH-TAD-0021,annotation:span:AUTH-TAD-0021:r3,ANNOTATED_BY,,,,,,,,,,,
annotation:span:AUTH-TAD-0021:r3,rater:rater_3,MADE_BY,,,,,,,,,,,
span:AUTH-TAD-0021,cue:STATIVE_PREDICATE,TRIGGERS_CUE,,,,,,,,,,,
span:AUTH-TAD-0021,cue:TIME_FREQUENCY,TRIGGERS_CUE,,,,,,,,,,,
span:AUTH-TAD-0021,rule:R_TEMP_KG_ADV_01,MATCHES_RULE,,,,,,,,1.0,TEMPORAL_ADVERBIAL,79.0,true
sentence:SENT-0302,source:GRAMMAR_MANUAL_ADVANCED,DERIVED_FROM,,,,,122,85程度补语3(2):形容词/动词+得+要命/要死,,,,,
sentence:SENT-0302,span:AUTH-TAD-0022,HAS_CANDIDATE,,,,,,,,,,,
span:AUTH-TAD-0022,consensus:AUTH-TAD-0022,HAS_CONSENSUS,,,,,,,,,,,
consensus:AUTH-TAD-0022,function:TEMPORAL_ADVERBIAL,MAPS_TO,,,,,,,,,,,
span:AUTH-TAD-0022,cleaning:A_主评测候选,HAS_CLEANING_STATUS,,,,,,,主实验/严格评测,,,,
span:AUTH-TAD-0022,ambiguity:无重复,HAS_AMBIGUITY,,,,,,,,,,,
span:AUTH-TAD-0022,ambiguity:来源字段完整但仍需正版逐页核验,HAS_AMBIGUITY,,,,,,,,,,,
span:AUTH-TAD-0022,annotation:span:AUTH-TAD-0022:r1,ANNOTATED_BY,,,,,,,,,,,
annotation:span:AUTH-TAD-0022:r1,rater:rater_1,MADE_BY,,,,,,,,,,,
span:AUTH-TAD-0022,annotation:span:AUTH-TAD-0022:r2,ANNOTATED_BY,,,,,,,,,,,
annotation:span:AUTH-TAD-0022:r2,rater:rater_2,MADE_BY,,,,,,,,,,,
span:AUTH-TAD-0022,annotation:span:AUTH-TAD-0022:r3,ANNOTATED_BY,,,,,,,,,,,
annotation:span:AUTH-TAD-0022:r3,rater:rater_3,MADE_BY,,,,,,,,,,,
span:AUTH-TAD-0022,cue:AFTER_VERB,TRIGGERS_CUE,,,,,,,,,,,
span:AUTH-TAD-0022,cue:BEFORE_PREDICATE,TRIGGERS_CUE,,,,,,,,,,,
span:AUTH-TAD-0022,cue:DURATION_COMPLEMENT,TRIGGERS_CUE,,,,,,,,,,,
span:AUTH-TAD-0022,cue:EVENT_TIME,TRIGGERS_CUE,,,,,,,,,,,
span:AUTH-TAD-0022,cue:STATIVE_PREDICATE,TRIGGERS_CUE,,,,,,,,,,,
span:AUTH-TAD-0022,cue:TIME_FREQUENCY,TRIGGERS_CUE,,,,,,,,,,,
span:AUTH-TAD-0022,rule:R_TEMP_ADV_04,MATCHES_RULE,,,,,,,,1.0,TEMPORAL_ADVERBIAL,84.0,true
span:AUTH-TAD-0022,rule:R_TEMP_KG_ADV_01,MATCHES_RULE,,,,,,,,2.0,TEMPORAL_ADVERBIAL,79.0,true
sentence:SENT-0339,source:GRAMMAR_MANUAL_INTERMEDIATE,DERIVED_FROM,,,,,167,麦克不爱干家务，妈妈打扫卫生的时候，他干脆躲了出去,,,,,
sentence:SENT-0339,span:AUTH-TAD-0023,HAS_CANDIDATE,,,,,,,,,,,
span:AUTH-TAD-0023,consensus:AUTH-TAD-0023,HAS_CONSENSUS,,,,,,,,,,,
consensus:AUTH-TAD-0023,function:TEMPORAL_ADVERBIAL,MAPS_TO,,,,,,,,,,,
span:AUTH-TAD-0023,cleaning:B_边界复核集,HAS_CLEANING_STATUS,,,,,,,边界集/鲁棒性分析,,,,
span:AUTH-TAD-0023,ambiguity:三人标注不完全一致,HAS_AMBIGUITY,,,,,,,,,,,
span:AUTH-TAD-0023,ambiguity:无重复,HAS_AMBIGUITY,,,,,,,,,,,
span:AUTH-TAD-0023,ambiguity:来源字段完整但仍需正版逐页核验,HAS_AMBIGUITY,,,,,,,,,,,
span:AUTH-TAD-0023,annotation:span:AUTH-TAD-0023:r1,ANNOTATED_BY,,,,,,,,,,,
annotation:span:AUTH-TAD-0023:r1,rater:rater_1,MADE_BY,,,,,,,,,,,
span:AUTH-TAD-0023,annotation:span:AUTH-TAD-0023:r2,ANNOTATED_BY,,,,,,,,,,,
annotation:span:AUTH-TAD-0023:r2,rater:rater_2,MADE_BY,,,,,,,,,,,
span:AUTH-TAD-0023,annotation:span:AUTH-TAD-0023:r3,ANNOTATED_BY,,,,,,,,,,,
annotation:span:AUTH-TAD-0023:r3,rater:rater_3,MADE_BY,,,,,,,,,,,
span:AUTH-TAD-0023,cue:BEFORE_PREDICATE,TRIGGERS_CUE,,,,,,,,,,,
span:AUTH-TAD-0023,cue:EVENT_TIME,TRIGGERS_CUE,,,,,,,,,,,
span:AUTH-TAD-0023,cue:SENTENCE_INITIAL,TRIGGERS_CUE,,,,,,,,,,,
span:AUTH-TAD-0023,cue:TIME_NOUN,TRIGGERS_CUE,,,,,,,,,,,
span:AUTH-TAD-0023,rule:R_TEMP_ADV_01,MATCHES_RULE,,,,,,,,1.0,TEMPORAL_ADVERBIAL,90.0,true
span:AUTH-TAD-0023,rule:R_TEMP_ADV_02,MATCHES_RULE,,,,,,,,2.0,TEMPORAL_ADVERBIAL,88.0,true
span:AUTH-TAD-0023,rule:R_TEMP_KG_ADV_02,MATCHES_RULE,,,,,,,,3.0,TEMPORAL_ADVERBIAL,72.0,true
sentence:SENT-0457,source:GRAMMAR_MANUAL_ADVANCED,DERIVED_FROM,,,,,145,例如： *那时天已经黑了，人况且又是坐在车上，肯定看不清楚,,,,,
sentence:SENT-0457,span:AUTH-TAD-0024,HAS_CANDIDATE,,,,,,,,,,,
span:AUTH-TAD-0024,consensus:AUTH-TAD-0024,HAS_CONSENSUS,,,,,,,,,,,
consensus:AUTH-TAD-0024,function:TEMPORAL_ADVERBIAL,MAPS_TO,,,,,,,,,,,
span:AUTH-TAD-0024,cleaning:B_边界复核集,HAS_CLEANING_STATUS,,,,,,,边界集/鲁棒性分析,,,,
span:AUTH-TAD-0024,ambiguity:时间副词_体貌副词边界,HAS_AMBIGUITY,,,,,,,,,,,
span:AUTH-TAD-0024,ambiguity:无重复,HAS_AMBIGUITY,,,,,,,,,,,
span:AUTH-TAD-0024,ambiguity:来源字段完整但仍需正版逐页核验,HAS_AMBIGUITY,,,,,,,,,,,
span:AUTH-TAD-0024,annotation:span:AUTH-TAD-0024:r1,ANNOTATED_BY,,,,,,,,,,,
annotation:span:AUTH-TAD-0024:r1,rater:rater_1,MADE_BY,,,,,,,,,,,
span:AUTH-TAD-0024,annotation:span:AUTH-TAD-0024:r2,ANNOTATED_BY,,,,,,,,,,,
annotation:span:AUTH-TAD-0024:r2,rater:rater_2,MADE_BY,,,,,,,,,,,
span:AUTH-TAD-0024,annotation:span:AUTH-TAD-0024:r3,ANNOTATED_BY,,,,,,,,,,,
annotation:span:AUTH-TAD-0024:r3,rater:rater_3,MADE_BY,,,,,,,,,,,
span:AUTH-TAD-0024,cue:BEFORE_PREDICATE,TRIGGERS_CUE,,,,,,,,,,,
span:AUTH-TAD-0024,cue:EVENT_TIME,TRIGGERS_CUE,,,,,,,,,,,
span:AUTH-TAD-0024,cue:TIME_ADVERB,TRIGGERS_CUE,,,,,,,,,,,
span:AUTH-TAD-0024,cue:TIME_FREQUENCY,TRIGGERS_CUE,,,,,,,,,,,
span:AUTH-TAD-0024,rule:R_TEMP_ADV_04,MATCHES_RULE,,,,,,,,1.0,TEMPORAL_ADVERBIAL,84.0,true
span:AUTH-TAD-0024,rule:R_TEMP_ADV_19,MATCHES_RULE,,,,,,,,2.0,TEMPORAL_ADVERBIAL,84.0,true
span:AUTH-TAD-0024,rule:R_TEMP_KG_ADV_01,MATCHES_RULE,,,,,,,,3.0,TEMPORAL_ADVERBIAL,79.0,true
span:AUTH-TAD-0024,rule:R_TEMP_ADV_08,MATCHES_RULE,,,,,,,,4.0,TEMPORAL_ADVERBIAL,78.0,true
span:AUTH-TAD-0024,rule:R_TEMP_ADV_11,MATCHES_RULE,,,,,,,,5.0,TEMPORAL_ADVERBIAL,73.0,true
sentence:SENT-0018,source:GRAMMAR_MANUAL_INTERMEDIATE,DERIVED_FROM,,,,,259,不管怎样说，我们已经来了，就应该珍惜这次机会,,,,,
sentence:SENT-0018,span:AUTH-TAD-0025,HAS_CANDIDATE,,,,,,,,,,,
span:AUTH-TAD-0025,consensus:AUTH-TAD-0025,HAS_CONSENSUS,,,,,,,,,,,
consensus:AUTH-TAD-0025,function:TEMPORAL_ADVERBIAL,MAPS_TO,,,,,,,,,,,
span:AUTH-TAD-0025,cleaning:B_边界复核集,HAS_CLEANING_STATUS,,,,,,,边界集/鲁棒性分析,,,,
span:AUTH-TAD-0025,ambiguity:时间副词_体貌副词边界,HAS_AMBIGUITY,,,,,,,,,,,
span:AUTH-TAD-0025,ambiguity:无重复,HAS_AMBIGUITY,,,,,,,,,,,
span:AUTH-TAD-0025,ambiguity:来源字段完整但仍需正版逐页核验,HAS_AMBIGUITY,,,,,,,,,,,
span:AUTH-TAD-0025,annotation:span:AUTH-TAD-0025:r1,ANNOTATED_BY,,,,,,,,,,,
annotation:span:AUTH-TAD-0025:r1,rater:rater_1,MADE_BY,,,,,,,,,,,
span:AUTH-TAD-0025,annotation:span:AUTH-TAD-0025:r2,ANNOTATED_BY,,,,,,,,,,,
annotation:span:AUTH-TAD-0025:r2,rater:rater_2,MADE_BY,,,,,,,,,,,
span:AUTH-TAD-0025,annotation:span:AUTH-TAD-0025:r3,ANNOTATED_BY,,,,,,,,,,,
annotation:span:AUTH-TAD-0025:r3,rater:rater_3,MADE_BY,,,,,,,,,,,
span:AUTH-TAD-0025,cue:BEFORE_PREDICATE,TRIGGERS_CUE,,,,,,,,,,,
span:AUTH-TAD-0025,cue:EVENT_TIME,TRIGGERS_CUE,,,,,,,,,,,
span:AUTH-TAD-0025,cue:TIME_ADVERB,TRIGGERS_CUE,,,,,,,,,,,
span:AUTH-TAD-0025,cue:TIME_FREQUENCY,TRIGGERS_CUE,,,,,,,,,,,
span:AUTH-TAD-0025,rule:R_TEMP_ADV_04,MATCHES_RULE,,,,,,,,1.0,TEMPORAL_ADVERBIAL,84.0,true
span:AUTH-TAD-0025,rule:R_TEMP_ADV_19,MATCHES_RULE,,,,,,,,2.0,TEMPORAL_ADVERBIAL,84.0,true
span:AUTH-TAD-0025,rule:R_TEMP_KG_ADV_01,MATCHES_RULE,,,,,,,,3.0,TEMPORAL_ADVERBIAL,79.0,true
span:AUTH-TAD-0025,rule:R_TEMP_ADV_08,MATCHES_RULE,,,,,,,,4.0,TEMPORAL_ADVERBIAL,78.0,true
span:AUTH-TAD-0025,rule:R_TEMP_ADV_11,MATCHES_RULE,,,,,,,,5.0,TEMPORAL_ADVERBIAL,73.0,true
sentence:SENT-0293,source:GRAMMAR_MANUAL_ADVANCED,DERIVED_FROM,,,,,121,育中文水平等级标准·语法学习手册(高等) 84程度补语3(1):形容词/动词+得+不行【七一九,,,,,
sentence:SENT-0293,span:AUTH-TAD-0026,HAS_CANDIDATE,,,,,,,,,,,
span:AUTH-TAD-0026,consensus:AUTH-TAD-0026,HAS_CONSENSUS,,,,,,,,,,,
consensus:AUTH-TAD-0026,function:TEMPORAL_ADVERBIAL,MAPS_TO,,,,,,,,,,,
span:AUTH-TAD-0026,cleaning:A_主评测候选,HAS_CLEANING_STATUS,,,,,,,主实验/严格评测,,,,
span:AUTH-TAD-0026,ambiguity:无重复,HAS_AMBIGUITY,,,,,,,,,,,
span:AUTH-TAD-0026,ambiguity:来源字段完整但仍需正版逐页核验,HAS_AMBIGUITY,,,,,,,,,,,
span:AUTH-TAD-0026,annotation:span:AUTH-TAD-0026:r1,ANNOTATED_BY,,,,,,,,,,,
annotation:span:AUTH-TAD-0026:r1,rater:rater_1,MADE_BY,,,,,,,,,,,
span:AUTH-TAD-0026,annotation:span:AUTH-TAD-0026:r2,ANNOTATED_BY,,,,,,,,,,,
annotation:span:AUTH-TAD-0026:r2,rater:rater_2,MADE_BY,,,,,,,,,,,
span:AUTH-TAD-0026,annotation:span:AUTH-TAD-0026:r3,ANNOTATED_BY,,,,,,,,,,,
annotation:span:AUTH-TAD-0026:r3,rater:rater_3,MADE_BY,,,,,,,,,,,
span:AUTH-TAD-0026,cue:BEFORE_PREDICATE,TRIGGERS_CUE,,,,,,,,,,,
span:AUTH-TAD-0026,cue:EVENT_TIME,TRIGGERS_CUE,,,,,,,,,,,
span:AUTH-TAD-0026,cue:TIME_NOUN,TRIGGERS_CUE,,,,,,,,,,,
span:AUTH-TAD-0026,rule:R_TEMP_ADV_01,MATCHES_RULE,,,,,,,,1.0,TEMPORAL_ADVERBIAL,90.0,true
span:AUTH-TAD-0026,rule:R_TEMP_ADV_02,MATCHES_RULE,,,,,,,,2.0,TEMPORAL_ADVERBIAL,88.0,true
span:AUTH-TAD-0026,rule:R_TEMP_KG_ADV_02,MATCHES_RULE,,,,,,,,3.0,TEMPORAL_ADVERBIAL,72.0,true
sentence:SENT-0201,source:GRAMMAR_MANUAL_ADVANCED,DERIVED_FROM,,,,,195,了又擦，擦 (在家，想了解孩子在做什么) 了又写，正在认真 妈妈：我回来了，云云在做什么呢?,,,,,
sentence:SENT-0201,span:AUTH-TAD-0027,HAS_CANDIDATE,,,,,,,,,,,
span:AUTH-TAD-0027,consensus:AUTH-TAD-0027,HAS_CONSENSUS,,,,,,,,,,,
consensus:AUTH-TAD-0027,function:OTHER,MAPS_TO,,,,,,,,,,,
span:AUTH-TAD-0027,cleaning:B_边界复核集,HAS_CLEANING_STATUS,,,,,,,边界集/鲁棒性分析,,,,
span:AUTH-TAD-0027,ambiguity:时量补语_持续时间边界,HAS_AMBIGUITY,,,,,,,,,,,
span:AUTH-TAD-0027,ambiguity:非目标时间表达,HAS_AMBIGUITY,,,,,,,,,,,
span:AUTH-TAD-0027,ambiguity:三人标注不完全一致,HAS_AMBIGUITY,,,,,,,,,,,
span:AUTH-TAD-0027,ambiguity:无重复,HAS_AMBIGUITY,,,,,,,,,,,
span:AUTH-TAD-0027,ambiguity:来源字段完整但仍需正版逐页核验,HAS_AMBIGUITY,,,,,,,,,,,
span:AUTH-TAD-0027,annotation:span:AUTH-TAD-0027:r1,ANNOTATED_BY,,,,,,,,,,,
annotation:span:AUTH-TAD-0027:r1,rater:rater_1,MADE_BY,,,,,,,,,,,
span:AUTH-TAD-0027,annotation:span:AUTH-TAD-0027:r2,ANNOTATED_BY,,,,,,,,,,,
annotation:span:AUTH-TAD-0027:r2,rater:rater_2,MADE_BY,,,,,,,,,,,
span:AUTH-TAD-0027,annotation:span:AUTH-TAD-0027:r3,ANNOTATED_BY,,,,,,,,,,,
annotation:span:AUTH-TAD-0027:r3,rater:rater_3,MADE_BY,,,,,,,,,,,
span:AUTH-TAD-0027,cue:AFTER_VERB,TRIGGERS_CUE,,,,,,,,,,,
span:AUTH-TAD-0027,cue:COMPLEMENT_DURATION_CONTEXT,TRIGGERS_CUE,,,,,,,,,,,
span:AUTH-TAD-0027,cue:DURATION_COMPLEMENT,TRIGGERS_CUE,,,,,,,,,,,
span:AUTH-TAD-0027,cue:TIME_DURATION,TRIGGERS_CUE,,,,,,,,,,,
span:AUTH-TAD-0027,rule:R_TEMP_KG_COMP_01,MATCHES_RULE,,,,,,,,1.0,COMPLEMENT,127.0,false
span:AUTH-TAD-0027,rule:R_TEMP_COMP_01,MATCHES_RULE,,,,,,,,2.0,COMPLEMENT,96.0,false
span:AUTH-TAD-0027,rule:R_TEMP_COMP_02,MATCHES_RULE,,,,,,,,3.0,COMPLEMENT,95.0,false
span:AUTH-TAD-0027,rule:R_TEMP_COMP_07,MATCHES_RULE,,,,,,,,4.0,COMPLEMENT,94.0,false
sentence:SENT-0336,source:GRAMMAR_MANUAL_ELEMENTARY,DERIVED_FROM,,,,,233,"如果+S?+P?,S?+就+P? 如果 你 下午有时间， 我们 就 一起去超市吧",,,,,
sentence:SENT-0336,span:AUTH-TAD-0028,HAS_CANDIDATE,,,,,,,,,,,
span:AUTH-TAD-0028,consensus:AUTH-TAD-0028,HAS_CONSENSUS,,,,,,,,,,,
consensus:AUTH-TAD-0028,function:TEMPORAL_ADVERBIAL,MAPS_TO,,,,,,,,,,,
span:AUTH-TAD-0028,cleaning:B_边界复核集,HAS_CLEANING_STATUS,,,,,,,边界集/鲁棒性分析,,,,
span:AUTH-TAD-0028,ambiguity:三人标注不完全一致,HAS_AMBIGUITY,,,,,,,,,,,
span:AUTH-TAD-0028,ambiguity:无重复,HAS_AMBIGUITY,,,,,,,,,,,
span:AUTH-TAD-0028,ambiguity:来源字段完整但仍需正版逐页核验,HAS_AMBIGUITY,,,,,,,,,,,
span:AUTH-TAD-0028,annotation:span:AUTH-TAD-0028:r1,ANNOTATED_BY,,,,,,,,,,,
annotation:span:AUTH-TAD-0028:r1,rater:rater_1,MADE_BY,,,,,,,,,,,
span:AUTH-TAD-0028,annotation:span:AUTH-TAD-0028:r2,ANNOTATED_BY,,,,,,,,,,,
annotation:span:AUTH-TAD-0028:r2,rater:rater_2,MADE_BY,,,,,,,,,,,
span:AUTH-TAD-0028,annotation:span:AUTH-TAD-0028:r3,ANNOTATED_BY,,,,,,,,,,,
annotation:span:AUTH-TAD-0028:r3,rater:rater_3,MADE_BY,,,,,,,,,,,
span:AUTH-TAD-0028,cue:BEFORE_PREDICATE,TRIGGERS_CUE,,,,,,,,,,,
span:AUTH-TAD-0028,cue:EVENT_TIME,TRIGGERS_CUE,,,,,,,,,,,
span:AUTH-TAD-0028,cue:SENTENCE_INITIAL,TRIGGERS_CUE,,,,,,,,,,,
span:AUTH-TAD-0028,cue:TIME_NOUN,TRIGGERS_CUE,,,,,,,,,,,
span:AUTH-TAD-0028,rule:R_TEMP_ADV_01,MATCHES_RULE,,,,,,,,1.0,TEMPORAL_ADVERBIAL,90.0,true
span:AUTH-TAD-0028,rule:R_TEMP_ADV_02,MATCHES_RULE,,,,,,,,2.0,TEMPORAL_ADVERBIAL,88.0,true
span:AUTH-TAD-0028,rule:R_TEMP_KG_ADV_02,MATCHES_RULE,,,,,,,,3.0,TEMPORAL_ADVERBIAL,72.0,true
sentence:SENT-0446,source:GRAMMAR_MANUAL_INTERMEDIATE,DERIVED_FROM,,,,,136,话 例句 他生病了，我说什 这么重要的活动，你 没时间了，说什么 么也得去看看他,,,,,
sentence:SENT-0446,span:AUTH-TAD-0029,HAS_CANDIDATE,,,,,,,,,,,
span:AUTH-TAD-0029,consensus:AUTH-TAD-0029,HAS_CONSENSUS,,,,,,,,,,,
consensus:AUTH-TAD-0029,function:TEMPORAL_ADVERBIAL,MAPS_TO,,,,,,,,,,,
span:AUTH-TAD-0029,cleaning:B_边界复核集,HAS_CLEANING_STATUS,,,,,,,边界集/鲁棒性分析,,,,
span:AUTH-TAD-0029,ambiguity:时间副词_体貌副词边界,HAS_AMBIGUITY,,,,,,,,,,,
span:AUTH-TAD-0029,ambiguity:同句多候选_重复句,HAS_AMBIGUITY,,,,,,,,,,,
span:AUTH-TAD-0029,ambiguity:来源字段完整但仍需正版逐页核验,HAS_AMBIGUITY,,,,,,,,,,,
span:AUTH-TAD-0029,annotation:span:AUTH-TAD-0029:r1,ANNOTATED_BY,,,,,,,,,,,
annotation:span:AUTH-TAD-0029:r1,rater:rater_1,MADE_BY,,,,,,,,,,,
span:AUTH-TAD-0029,annotation:span:AUTH-TAD-0029:r2,ANNOTATED_BY,,,,,,,,,,,
annotation:span:AUTH-TAD-0029:r2,rater:rater_2,MADE_BY,,,,,,,,,,,
span:AUTH-TAD-0029,annotation:span:AUTH-TAD-0029:r3,ANNOTATED_BY,,,,,,,,,,,
annotation:span:AUTH-TAD-0029:r3,rater:rater_3,MADE_BY,,,,,,,,,,,
span:AUTH-TAD-0029,cue:BEFORE_PREDICATE,TRIGGERS_CUE,,,,,,,,,,,
span:AUTH-TAD-0029,cue:EVENT_TIME,TRIGGERS_CUE,,,,,,,,,,,
span:AUTH-TAD-0029,cue:TIME_ADVERB,TRIGGERS_CUE,,,,,,,,,,,
span:AUTH-TAD-0029,cue:TIME_FREQUENCY,TRIGGERS_CUE,,,,,,,,,,,
span:AUTH-TAD-0029,rule:R_TEMP_ADV_04,MATCHES_RULE,,,,,,,,1.0,TEMPORAL_ADVERBIAL,84.0,true
span:AUTH-TAD-0029,rule:R_TEMP_ADV_19,MATCHES_RULE,,,,,,,,2.0,TEMPORAL_ADVERBIAL,84.0,true
span:AUTH-TAD-0029,rule:R_TEMP_KG_ADV_01,MATCHES_RULE,,,,,,,,3.0,TEMPORAL_ADVERBIAL,79.0,true
span:AUTH-TAD-0029,rule:R_TEMP_ADV_08,MATCHES_RULE,,,,,,,,4.0,TEMPORAL_ADVERBIAL,78.0,true
span:AUTH-TAD-0029,rule:R_TEMP_ADV_11,MATCHES_RULE,,,,,,,,5.0,TEMPORAL_ADVERBIAL,73.0,true
sentence:SENT-0136,source:GRAMMAR_MANUAL_ADVANCED,DERIVED_FROM,,,,,47,玩笑，何必当真呢? 学校又不远，何必打车去呢? 你已经有了，何必又花钱买一个呢? 你又没有做错,,,,,
sentence:SENT-0136,span:AUTH-TAD-0030,HAS_CANDIDATE,,,,,,,,,,,
span:AUTH-TAD-0030,consensus:AUTH-TAD-0030,HAS_CONSENSUS,,,,,,,,,,,
consensus:AUTH-TAD-0030,function:TEMPORAL_ADVERBIAL,MAPS_TO,,,,,,,,,,,
span:AUTH-TAD-0030,cleaning:B_边界复核集,HAS_CLEANING_STATUS,,,,,,,边界集/鲁棒性分析,,,,
span:AUTH-TAD-0030,ambiguity:时间副词_体貌副词边界,HAS_AMBIGUITY,,,,,,,,,,,
span:AUTH-TAD-0030,ambiguity:无重复,HAS_AMBIGUITY,,,,,,,,,,,
span:AUTH-TAD-0030,ambiguity:来源字段完整但仍需正版逐页核验,HAS_AMBIGUITY,,,,,,,,,,,
span:AUTH-TAD-0030,annotation:span:AUTH-TAD-0030:r1,ANNOTATED_BY,,,,,,,,,,,
annotation:span:AUTH-TAD-0030:r1,rater:rater_1,MADE_BY,,,,,,,,,,,
span:AUTH-TAD-0030,annotation:span:AUTH-TAD-0030:r2,ANNOTATED_BY,,,,,,,,,,,
annotation:span:AUTH-TAD-0030:r2,rater:rater_2,MADE_BY,,,,,,,,,,,
span:AUTH-TAD-0030,annotation:span:AUTH-TAD-0030:r3,ANNOTATED_BY,,,,,,,,,,,
annotation:span:AUTH-TAD-0030:r3,rater:rater_3,MADE_BY,,,,,,,,,,,
span:AUTH-TAD-0030,cue:BEFORE_PREDICATE,TRIGGERS_CUE,,,,,,,,,,,
span:AUTH-TAD-0030,cue:EVENT_TIME,TRIGGERS_CUE,,,,,,,,,,,
span:AUTH-TAD-0030,cue:TIME_ADVERB,TRIGGERS_CUE,,,,,,,,,,,
span:AUTH-TAD-0030,cue:TIME_FREQUENCY,TRIGGERS_CUE,,,,,,,,,,,
span:AUTH-TAD-0030,rule:R_TEMP_ADV_04,MATCHES_RULE,,,,,,,,1.0,TEMPORAL_ADVERBIAL,84.0,true
span:AUTH-TAD-0030,rule:R_TEMP_ADV_19,MATCHES_RULE,,,,,,,,2.0,TEMPORAL_ADVERBIAL,84.0,true
span:AUTH-TAD-0030,rule:R_TEMP_KG_ADV_01,MATCHES_RULE,,,,,,,,3.0,TEMPORAL_ADVERBIAL,79.0,true
span:AUTH-TAD-0030,rule:R_TEMP_ADV_08,MATCHES_RULE,,,,,,,,4.0,TEMPORAL_ADVERBIAL,78.0,true
span:AUTH-TAD-0030,rule:R_TEMP_ADV_11,MATCHES_RULE,,,,,,,,5.0,TEMPORAL_ADVERBIAL,73.0,true
sentence:SENT-0398,source:GRAMMAR_MANUAL_ADVANCED,DERIVED_FROM,,,,,43,◎补充例句 按说这个时候应该下雪了，可今年一场雪还没下,,,,,
sentence:SENT-0398,span:AUTH-TAD-0031,HAS_CANDIDATE,,,,,,,,,,,
span:AUTH-TAD-0031,consensus:AUTH-TAD-0031,HAS_CONSENSUS,,,,,,,,,,,
consensus:AUTH-TAD-0031,function:OTHER,MAPS_TO,,,,,,,,,,,
span:AUTH-TAD-0031,cleaning:C_暂不纳入主实验,HAS_CLEANING_STATUS,,,,,,,待复核,,,,
span:AUTH-TAD-0031,ambiguity:非目标时间表达,HAS_AMBIGUITY,,,,,,,,,,,
span:AUTH-TAD-0031,ambiguity:三人标注不完全一致,HAS_AMBIGUITY,,,,,,,,,,,
span:AUTH-TAD-0031,ambiguity:至少一名标注者修正片段,HAS_AMBIGUITY,,,,,,,,,,,
span:AUTH-TAD-0031,ambiguity:同句多候选_重复句,HAS_AMBIGUITY,,,,,,,,,,,
span:AUTH-TAD-0031,ambiguity:来源字段完整但仍需正版逐页核验,HAS_AMBIGUITY,,,,,,,,,,,
span:AUTH-TAD-0031,annotation:span:AUTH-TAD-0031:r1,ANNOTATED_BY,,,,,,,,,,,
annotation:span:AUTH-TAD-0031:r1,rater:rater_1,MADE_BY,,,,,,,,,,,
span:AUTH-TAD-0031,annotation:span:AUTH-TAD-0031:r2,ANNOTATED_BY,,,,,,,,,,,
annotation:span:AUTH-TAD-0031:r2,rater:rater_2,MADE_BY,,,,,,,,,,,
span:AUTH-TAD-0031,annotation:span:AUTH-TAD-0031:r3,ANNOTATED_BY,,,,,,,,,,,
annotation:span:AUTH-TAD-0031:r3,rater:rater_3,MADE_BY,,,,,,,,,,,
span:AUTH-TAD-0031,cue:ABSTRACT_OR_NON_TARGET_TIME,TRIGGERS_CUE,,,,,,,,,,,
span:AUTH-TAD-0031,cue:AFTER_VERB,TRIGGERS_CUE,,,,,,,,,,,
span:AUTH-TAD-0031,cue:COMPLEMENT_DURATION_CONTEXT,TRIGGERS_CUE,,,,,,,,,,,
span:AUTH-TAD-0031,cue:DURATION_COMPLEMENT,TRIGGERS_CUE,,,,,,,,,,,
span:AUTH-TAD-0031,cue:REVIEW_NON_TARGET_RISK,TRIGGERS_CUE,,,,,,,,,,,
span:AUTH-TAD-0031,cue:TEMPORAL_COMPARISON_STATE,TRIGGERS_CUE,,,,,,,,,,,
span:AUTH-TAD-0031,cue:TIME_DURATION,TRIGGERS_CUE,,,,,,,,,,,
span:AUTH-TAD-0031,rule:R_TEMP_KG_OTHER_01,MATCHES_RULE,,,,,,,,1.0,OTHER,130.0,true
span:AUTH-TAD-0031,rule:R_TEMP_KG_COMP_01,MATCHES_RULE,,,,,,,,2.0,COMPLEMENT,127.0,false
span:AUTH-TAD-0031,rule:R_TEMP_KG_OTHER_02,MATCHES_RULE,,,,,,,,3.0,OTHER,124.0,true
span:AUTH-TAD-0031,rule:R_TEMP_KG_OTHER_03,MATCHES_RULE,,,,,,,,4.0,OTHER,123.0,true
span:AUTH-TAD-0031,rule:R_TEMP_COMP_01,MATCHES_RULE,,,,,,,,5.0,COMPLEMENT,96.0,false
sentence:SENT-0166,source:GRAMMAR_MANUAL_INTERMEDIATE,DERIVED_FROM,,,,,249,法 (1)“再也不”用在动词前，表示从说话时或某个时间点开始永远不会重复某动 作行为,,,,,
sentence:SENT-0166,span:AUTH-TAD-0032,HAS_CANDIDATE,,,,,,,,,,,
span:AUTH-TAD-0032,consensus:AUTH-TAD-0032,HAS_CONSENSUS,,,,,,,,,,,
consensus:AUTH-TAD-0032,function:TEMPORAL_ADVERBIAL,MAPS_TO,,,,,,,,,,,
span:AUTH-TAD-0032,cleaning:B_边界复核集,HAS_CLEANING_STATUS,,,,,,,边界集/鲁棒性分析,,,,
span:AUTH-TAD-0032,ambiguity:相对时间框架边界,HAS_AMBIGUITY,,,,,,,,,,,
span:AUTH-TAD-0032,ambiguity:无重复,HAS_AMBIGUITY,,,,,,,,,,,
span:AUTH-TAD-0032,ambiguity:来源字段完整但仍需正版逐页核验,HAS_AMBIGUITY,,,,,,,,,,,
span:AUTH-TAD-0032,annotation:span:AUTH-TAD-0032:r1,ANNOTATED_BY,,,,,,,,,,,
annotation:span:AUTH-TAD-0032:r1,rater:rater_1,MADE_BY,,,,,,,,,,,
span:AUTH-TAD-0032,annotation:span:AUTH-TAD-0032:r2,ANNOTATED_BY,,,,,,,,,,,
annotation:span:AUTH-TAD-0032:r2,rater:rater_2,MADE_BY,,,,,,,,,,,
span:AUTH-TAD-0032,annotation:span:AUTH-TAD-0032:r3,ANNOTATED_BY,,,,,,,,,,,
annotation:span:AUTH-TAD-0032:r3,rater:rater_3,MADE_BY,,,,,,,,,,,
span:AUTH-TAD-0032,cue:BEFORE_PREDICATE,TRIGGERS_CUE,,,,,,,,,,,
span:AUTH-TAD-0032,cue:EVENT_TIME,TRIGGERS_CUE,,,,,,,,,,,
span:AUTH-TAD-0032,cue:NO_TEMPORAL_EXPRESSION,TRIGGERS_CUE,,,,,,,,,,,
span:AUTH-TAD-0032,cue:SENTENCE_INITIAL,TRIGGERS_CUE,,,,,,,,,,,
span:AUTH-TAD-0032,cue:TIME_AFTER_BEFORE,TRIGGERS_CUE,,,,,,,,,,,
span:AUTH-TAD-0032,rule:R_TEMP_ADV_05,MATCHES_RULE,,,,,,,,1.0,TEMPORAL_ADVERBIAL,83.0,true
sentence:SENT-0215,source:GRAMMAR_MANUAL_INTERMEDIATE,DERIVED_FROM,,,,,113,句 老师布置了听写作业， 我们应该不断地引 我打算每天步行 好帮助我们练习汉字,,,,,
sentence:SENT-0215,span:AUTH-TAD-0033,HAS_CANDIDATE,,,,,,,,,,,
span:AUTH-TAD-0033,consensus:AUTH-TAD-0033,HAS_CONSENSUS,,,,,,,,,,,
consensus:AUTH-TAD-0033,function:TEMPORAL_ADVERBIAL,MAPS_TO,,,,,,,,,,,
span:AUTH-TAD-0033,cleaning:A_主评测候选,HAS_CLEANING_STATUS,,,,,,,主实验/严格评测,,,,
span:AUTH-TAD-0033,ambiguity:无重复,HAS_AMBIGUITY,,,,,,,,,,,
span:AUTH-TAD-0033,ambiguity:来源字段完整但仍需正版逐页核验,HAS_AMBIGUITY,,,,,,,,,,,
span:AUTH-TAD-0033,annotation:span:AUTH-TAD-0033:r1,ANNOTATED_BY,,,,,,,,,,,
annotation:span:AUTH-TAD-0033:r1,rater:rater_1,MADE_BY,,,,,,,,,,,
span:AUTH-TAD-0033,annotation:span:AUTH-TAD-0033:r2,ANNOTATED_BY,,,,,,,,,,,
annotation:span:AUTH-TAD-0033:r2,rater:rater_2,MADE_BY,,,,,,,,,,,
span:AUTH-TAD-0033,annotation:span:AUTH-TAD-0033:r3,ANNOTATED_BY,,,,,,,,,,,
annotation:span:AUTH-TAD-0033:r3,rater:rater_3,MADE_BY,,,,,,,,,,,
span:AUTH-TAD-0033,cue:BEFORE_PREDICATE,TRIGGERS_CUE,,,,,,,,,,,
span:AUTH-TAD-0033,cue:EVENT_TIME,TRIGGERS_CUE,,,,,,,,,,,
span:AUTH-TAD-0033,cue:TIME_FREQUENCY,TRIGGERS_CUE,,,,,,,,,,,
span:AUTH-TAD-0033,rule:R_TEMP_ADV_04,MATCHES_RULE,,,,,,,,1.0,TEMPORAL_ADVERBIAL,84.0,true
span:AUTH-TAD-0033,rule:R_TEMP_KG_ADV_01,MATCHES_RULE,,,,,,,,2.0,TEMPORAL_ADVERBIAL,79.0,true
sentence:SENT-0396,source:GRAMMAR_MANUAL_ELEMENTARY,DERIVED_FROM,,,,,140,结构特点 “十分”一般用于形容词和心理动词前，作状语,,,,,
sentence:SENT-0396,span:AUTH-TAD-0034,HAS_CANDIDATE,,,,,,,,,,,
span:AUTH-TAD-0034,consensus:AUTH-TAD-0034,HAS_CONSENSUS,,,,,,,,,,,
consensus:AUTH-TAD-0034,function:TEMPORAL_ADVERBIAL,MAPS_TO,,,,,,,,,,,
span:AUTH-TAD-0034,cleaning:A_主评测候选,HAS_CLEANING_STATUS,,,,,,,主实验/严格评测,,,,
span:AUTH-TAD-0034,ambiguity:无重复,HAS_AMBIGUITY,,,,,,,,,,,
span:AUTH-TAD-0034,ambiguity:来源字段完整但仍需正版逐页核验,HAS_AMBIGUITY,,,,,,,,,,,
span:AUTH-TAD-0034,annotation:span:AUTH-TAD-0034:r1,ANNOTATED_BY,,,,,,,,,,,
annotation:span:AUTH-TAD-0034:r1,rater:rater_1,MADE_BY,,,,,,,,,,,
span:AUTH-TAD-0034,annotation:span:AUTH-TAD-0034:r2,ANNOTATED_BY,,,,,,,,,,,
annotation:span:AUTH-TAD-0034:r2,rater:rater_2,MADE_BY,,,,,,,,,,,
span:AUTH-TAD-0034,annotation:span:AUTH-TAD-0034:r3,ANNOTATED_BY,,,,,,,,,,,
annotation:span:AUTH-TAD-0034:r3,rater:rater_3,MADE_BY,,,,,,,,,,,
span:AUTH-TAD-0034,cue:BEFORE_PREDICATE,TRIGGERS_CUE,,,,,,,,,,,
span:AUTH-TAD-0034,cue:EVENT_TIME,TRIGGERS_CUE,,,,,,,,,,,
span:AUTH-TAD-0034,cue:SENTENCE_INITIAL,TRIGGERS_CUE,,,,,,,,,,,
span:AUTH-TAD-0034,cue:TIME_ADVERB,TRIGGERS_CUE,,,,,,,,,,,
span:AUTH-TAD-0034,cue:TIME_NOUN,TRIGGERS_CUE,,,,,,,,,,,
span:AUTH-TAD-0034,cue:TIME_POINT,TRIGGERS_CUE,,,,,,,,,,,
span:AUTH-TAD-0034,rule:R_TEMP_ADV_01,MATCHES_RULE,,,,,,,,1.0,TEMPORAL_ADVERBIAL,90.0,true
span:AUTH-TAD-0034,rule:R_TEMP_ADV_02,MATCHES_RULE,,,,,,,,2.0,TEMPORAL_ADVERBIAL,88.0,true
span:AUTH-TAD-0034,rule:R_TEMP_ADV_19,MATCHES_RULE,,,,,,,,3.0,TEMPORAL_ADVERBIAL,84.0,true
span:AUTH-TAD-0034,rule:R_TEMP_ADV_08,MATCHES_RULE,,,,,,,,4.0,TEMPORAL_ADVERBIAL,78.0,true
span:AUTH-TAD-0034,rule:R_TEMP_ADV_10,MATCHES_RULE,,,,,,,,5.0,TEMPORAL_ADVERBIAL,75.0,true
sentence:SENT-0325,source:GRAMMAR_MANUAL_INTERMEDIATE,DERIVED_FROM,,,,,110,例如： *既然这事你已经决定了，就我不说什么了,,,,,
sentence:SENT-0325,span:AUTH-TAD-0035,HAS_CANDIDATE,,,,,,,,,,,
span:AUTH-TAD-0035,consensus:AUTH-TAD-0035,HAS_CONSENSUS,,,,,,,,,,,
consensus:AUTH-TAD-0035,function:TEMPORAL_ADVERBIAL,MAPS_TO,,,,,,,,,,,
span:AUTH-TAD-0035,cleaning:B_边界复核集,HAS_CLEANING_STATUS,,,,,,,边界集/鲁棒性分析,,,,
span:AUTH-TAD-0035,ambiguity:时间副词_体貌副词边界,HAS_AMBIGUITY,,,,,,,,,,,
span:AUTH-TAD-0035,ambiguity:无重复,HAS_AMBIGUITY,,,,,,,,,,,
span:AUTH-TAD-0035,ambiguity:来源字段完整但仍需正版逐页核验,HAS_AMBIGUITY,,,,,,,,,,,
span:AUTH-TAD-0035,annotation:span:AUTH-TAD-0035:r1,ANNOTATED_BY,,,,,,,,,,,
annotation:span:AUTH-TAD-0035:r1,rater:rater_1,MADE_BY,,,,,,,,,,,
span:AUTH-TAD-0035,annotation:span:AUTH-TAD-0035:r2,ANNOTATED_BY,,,,,,,,,,,
annotation:span:AUTH-TAD-0035:r2,rater:rater_2,MADE_BY,,,,,,,,,,,
span:AUTH-TAD-0035,annotation:span:AUTH-TAD-0035:r3,ANNOTATED_BY,,,,,,,,,,,
annotation:span:AUTH-TAD-0035:r3,rater:rater_3,MADE_BY,,,,,,,,,,,
span:AUTH-TAD-0035,cue:BEFORE_PREDICATE,TRIGGERS_CUE,,,,,,,,,,,
span:AUTH-TAD-0035,cue:EVENT_TIME,TRIGGERS_CUE,,,,,,,,,,,
span:AUTH-TAD-0035,cue:TIME_ADVERB,TRIGGERS_CUE,,,,,,,,,,,
span:AUTH-TAD-0035,cue:TIME_FREQUENCY,TRIGGERS_CUE,,,,,,,,,,,
span:AUTH-TAD-0035,rule:R_TEMP_ADV_04,MATCHES_RULE,,,,,,,,1.0,TEMPORAL_ADVERBIAL,84.0,true
span:AUTH-TAD-0035,rule:R_TEMP_ADV_19,MATCHES_RULE,,,,,,,,2.0,TEMPORAL_ADVERBIAL,84.0,true
span:AUTH-TAD-0035,rule:R_TEMP_KG_ADV_01,MATCHES_RULE,,,,,,,,3.0,TEMPORAL_ADVERBIAL,79.0,true
span:AUTH-TAD-0035,rule:R_TEMP_ADV_08,MATCHES_RULE,,,,,,,,4.0,TEMPORAL_ADVERBIAL,78.0,true
span:AUTH-TAD-0035,rule:R_TEMP_ADV_11,MATCHES_RULE,,,,,,,,5.0,TEMPORAL_ADVERBIAL,73.0,true
sentence:SENT-0351,source:GRAMMAR_MANUAL_INTERMEDIATE,DERIVED_FROM,,,,,283,,,,,,
sentence:SENT-0351,span:AUTH-TAD-0036,HAS_CANDIDATE,,,,,,,,,,,
span:AUTH-TAD-0036,consensus:AUTH-TAD-0036,HAS_CONSENSUS,,,,,,,,,,,
consensus:AUTH-TAD-0036,function:TEMPORAL_ADVERBIAL,MAPS_TO,,,,,,,,,,,
span:AUTH-TAD-0036,cleaning:B_边界复核集,HAS_CLEANING_STATUS,,,,,,,边界集/鲁棒性分析,,,,
span:AUTH-TAD-0036,ambiguity:页面线索缺失,HAS_AMBIGUITY,,,,,,,,,,,
span:AUTH-TAD-0036,ambiguity:无重复,HAS_AMBIGUITY,,,,,,,,,,,
span:AUTH-TAD-0036,annotation:span:AUTH-TAD-0036:r1,ANNOTATED_BY,,,,,,,,,,,
annotation:span:AUTH-TAD-0036:r1,rater:rater_1,MADE_BY,,,,,,,,,,,
span:AUTH-TAD-0036,annotation:span:AUTH-TAD-0036:r2,ANNOTATED_BY,,,,,,,,,,,
annotation:span:AUTH-TAD-0036:r2,rater:rater_2,MADE_BY,,,,,,,,,,,
span:AUTH-TAD-0036,annotation:span:AUTH-TAD-0036:r3,ANNOTATED_BY,,,,,,,,,,,
annotation:span:AUTH-TAD-0036:r3,rater:rater_3,MADE_BY,,,,,,,,,,,
span:AUTH-TAD-0036,cue:BEFORE_PREDICATE,TRIGGERS_CUE,,,,,,,,,,,
span:AUTH-TAD-0036,cue:EVENT_TIME,TRIGGERS_CUE,,,,,,,,,,,
span:AUTH-TAD-0036,cue:SENTENCE_INITIAL,TRIGGERS_CUE,,,,,,,,,,,
span:AUTH-TAD-0036,cue:TIME_NOUN,TRIGGERS_CUE,,,,,,,,,,,
span:AUTH-TAD-0036,rule:R_TEMP_ADV_01,MATCHES_RULE,,,,,,,,1.0,TEMPORAL_ADVERBIAL,90.0,true
span:AUTH-TAD-0036,rule:R_TEMP_ADV_02,MATCHES_RULE,,,,,,,,2.0,TEMPORAL_ADVERBIAL,88.0,true
span:AUTH-TAD-0036,rule:R_TEMP_KG_ADV_02,MATCHES_RULE,,,,,,,,3.0,TEMPORAL_ADVERBIAL,72.0,true
sentence:SENT-0346,source:GRAMMAR_MANUAL_ADVANCED,DERIVED_FROM,,,,,67,小提示 “幸好”在承接上文后，如果语义已经很明确时，后面的分句可以不出现,,,,,
sentence:SENT-0346,span:AUTH-TAD-0037,HAS_CANDIDATE,,,,,,,,,,,
span:AUTH-TAD-0037,consensus:AUTH-TAD-0037,HAS_CONSENSUS,,,,,,,,,,,
consensus:AUTH-TAD-0037,function:TEMPORAL_ADVERBIAL,MAPS_TO,,,,,,,,,,,
span:AUTH-TAD-0037,cleaning:A_主评测候选,HAS_CLEANING_STATUS,,,,,,,主实验/严格评测,,,,
span:AUTH-TAD-0037,ambiguity:无重复,HAS_AMBIGUITY,,,,,,,,,,,
span:AUTH-TAD-0037,ambiguity:来源字段完整但仍需正版逐页核验,HAS_AMBIGUITY,,,,,,,,,,,
span:AUTH-TAD-0037,annotation:span:AUTH-TAD-0037:r1,ANNOTATED_BY,,,,,,,,,,,
annotation:span:AUTH-TAD-0037:r1,rater:rater_1,MADE_BY,,,,,,,,,,,
span:AUTH-TAD-0037,annotation:span:AUTH-TAD-0037:r2,ANNOTATED_BY,,,,,,,,,,,
annotation:span:AUTH-TAD-0037:r2,rater:rater_2,MADE_BY,,,,,,,,,,,
span:AUTH-TAD-0037,annotation:span:AUTH-TAD-0037:r3,ANNOTATED_BY,,,,,,,,,,,
annotation:span:AUTH-TAD-0037:r3,rater:rater_3,MADE_BY,,,,,,,,,,,
span:AUTH-TAD-0037,cue:STATIVE_PREDICATE,TRIGGERS_CUE,,,,,,,,,,,
span:AUTH-TAD-0037,cue:TIME_ADVERB,TRIGGERS_CUE,,,,,,,,,,,
span:AUTH-TAD-0037,cue:TIME_AFTER_BEFORE,TRIGGERS_CUE,,,,,,,,,,,
span:AUTH-TAD-0037,cue:TIME_FREQUENCY,TRIGGERS_CUE,,,,,,,,,,,
span:AUTH-TAD-0037,cue:TIME_NOUN,TRIGGERS_CUE,,,,,,,,,,,
span:AUTH-TAD-0037,rule:R_TEMP_KG_ADV_01,MATCHES_RULE,,,,,,,,1.0,TEMPORAL_ADVERBIAL,79.0,true
span:AUTH-TAD-0037,rule:R_TEMP_ADV_11,MATCHES_RULE,,,,,,,,2.0,TEMPORAL_ADVERBIAL,73.0,true
span:AUTH-TAD-0037,rule:R_TEMP_KG_ADV_02,MATCHES_RULE,,,,,,,,3.0,TEMPORAL_ADVERBIAL,72.0,true
sentence:SENT-0044,source:GRAMMAR_MANUAL_ADVANCED,DERIVED_FROM,,,,,190,,,,,,
sentence:SENT-0044,span:AUTH-TAD-0038,HAS_CANDIDATE,,,,,,,,,,,
span:AUTH-TAD-0038,consensus:AUTH-TAD-0038,HAS_CONSENSUS,,,,,,,,,,,
consensus:AUTH-TAD-0038,function:TEMPORAL_ADVERBIAL,MAPS_TO,,,,,,,,,,,
span:AUTH-TAD-0038,cleaning:C_暂不纳入主实验,HAS_CLEANING_STATUS,,,,,,,待复核,,,,
span:AUTH-TAD-0038,ambiguity:原表已建议复核_剔除,HAS_AMBIGUITY,,,,,,,,,,,
span:AUTH-TAD-0038,ambiguity:页面线索缺失,HAS_AMBIGUITY,,,,,,,,,,,
span:AUTH-TAD-0038,ambiguity:三人标注不完全一致,HAS_AMBIGUITY,,,,,,,,,,,
span:AUTH-TAD-0038,ambiguity:至少一名标注者修正片段,HAS_AMBIGUITY,,,,,,,,,,,
span:AUTH-TAD-0038,ambiguity:同句多候选_重复句,HAS_AMBIGUITY,,,,,,,,,,,
span:AUTH-TAD-0038,annotation:span:AUTH-TAD-0038:r1,ANNOTATED_BY,,,,,,,,,,,
annotation:span:AUTH-TAD-0038:r1,rater:rater_1,MADE_BY,,,,,,,,,,,
span:AUTH-TAD-0038,annotation:span:AUTH-TAD-0038:r2,ANNOTATED_BY,,,,,,,,,,,
annotation:span:AUTH-TAD-0038:r2,rater:rater_2,MADE_BY,,,,,,,,,,,
span:AUTH-TAD-0038,annotation:span:AUTH-TAD-0038:r3,ANNOTATED_BY,,,,,,,,,,,
annotation:span:AUTH-TAD-0038:r3,rater:rater_3,MADE_BY,,,,,,,,,,,
span:AUTH-TAD-0038,cue:REVIEW_NON_TARGET_RISK,TRIGGERS_CUE,,,,,,,,,,,
span:AUTH-TAD-0038,cue:TIME_NOUN,TRIGGERS_CUE,,,,,,,,,,,
span:AUTH-TAD-0038,rule:R_TEMP_KG_OTHER_01,MATCHES_RULE,,,,,,,,1.0,OTHER,130.0,false
span:AUTH-TAD-0038,rule:R_TEMP_KG_ADV_02,MATCHES_RULE,,,,,,,,2.0,TEMPORAL_ADVERBIAL,72.0,true
sentence:SENT-0199,source:GRAMMAR_MANUAL_INTERMEDIATE,DERIVED_FROM,,,,,72,在采访中，这位明星提到了小时候的经历,,,,,
sentence:SENT-0199,span:AUTH-TAD-0039,HAS_CANDIDATE,,,,,,,,,,,
span:AUTH-TAD-0039,consensus:AUTH-TAD-0039,HAS_CONSENSUS,,,,,,,,,,,
consensus:AUTH-TAD-0039,function:ATTRIBUTE,MAPS_TO,,,,,,,,,,,
span:AUTH-TAD-0039,cleaning:C_暂不纳入主实验,HAS_CLEANING_STATUS,,,,,,,待复核,,,,
span:AUTH-TAD-0039,ambiguity:可能为时间定语,HAS_AMBIGUITY,,,,,,,,,,,
span:AUTH-TAD-0039,ambiguity:时量补语_持续时间边界,HAS_AMBIGUITY,,,,,,,,,,,
span:AUTH-TAD-0039,ambiguity:三人标注不完全一致,HAS_AMBIGUITY,,,,,,,,,,,
span:AUTH-TAD-0039,ambiguity:至少一名标注者修正片段,HAS_AMBIGUITY,,,,,,,,,,,
span:AUTH-TAD-0039,ambiguity:无重复,HAS_AMBIGUITY,,,,,,,,,,,
span:AUTH-TAD-0039,ambiguity:来源字段完整但仍需正版逐页核验,HAS_AMBIGUITY,,,,,,,,,,,
span:AUTH-TAD-0039,annotation:span:AUTH-TAD-0039:r1,ANNOTATED_BY,,,,,,,,,,,
annotation:span:AUTH-TAD-0039:r1,rater:rater_1,MADE_BY,,,,,,,,,,,
span:AUTH-TAD-0039,annotation:span:AUTH-TAD-0039:r2,ANNOTATED_BY,,,,,,,,,,,
annotation:span:AUTH-TAD-0039:r2,rater:rater_2,MADE_BY,,,,,,,,,,,
span:AUTH-TAD-0039,annotation:span:AUTH-TAD-0039:r3,ANNOTATED_BY,,,,,,,,,,,
annotation:span:AUTH-TAD-0039:r3,rater:rater_3,MADE_BY,,,,,,,,,,,
span:AUTH-TAD-0039,cue:ATTR_DE_DIRECT,TRIGGERS_CUE,,,,,,,,,,,
span:AUTH-TAD-0039,cue:ATTR_NOMINAL_DIRECT,TRIGGERS_CUE,,,,,,,,,,,
span:AUTH-TAD-0039,cue:DE_PARTICLE,TRIGGERS_CUE,,,,,,,,,,,
span:AUTH-TAD-0039,cue:NOMINAL_HEAD,TRIGGERS_CUE,,,,,,,,,,,
span:AUTH-TAD-0039,cue:TIME_NOUN,TRIGGERS_CUE,,,,,,,,,,,
span:AUTH-TAD-0039,rule:R_TEMP_KG_ATTR_01,MATCHES_RULE,,,,,,,,1.0,ATTRIBUTE,128.0,true
span:AUTH-TAD-0039,rule:R_TEMP_KG_ATTR_02,MATCHES_RULE,,,,,,,,2.0,ATTRIBUTE,126.0,true
span:AUTH-TAD-0039,rule:R_TEMP_ATTR_01,MATCHES_RULE,,,,,,,,3.0,ATTRIBUTE,95.0,true
span:AUTH-TAD-0039,rule:R_TEMP_ATTR_03,MATCHES_RULE,,,,,,,,4.0,ATTRIBUTE,88.0,true
span:AUTH-TAD-0039,rule:R_TEMP_KG_ADV_02,MATCHES_RULE,,,,,,,,5.0,TEMPORAL_ADVERBIAL,72.0,false
sentence:SENT-0258,source:GRAMMAR_MANUAL_ELEMENTARY,DERIVED_FROM,,,,,55,级语法点 小提示 “马上”可以用于表达未发生的动作，也可以用于说,,,,,
sentence:SENT-0258,span:AUTH-TAD-0040,HAS_CANDIDATE,,,,,,,,,,,
span:AUTH-TAD-0040,consensus:AUTH-TAD-0040,HAS_CONSENSUS,,,,,,,,,,,
consensus:AUTH-TAD-0040,function:TEMPORAL_ADVERBIAL,MAPS_TO,,,,,,,,,,,
span:AUTH-TAD-0040,cleaning:A_主评测候选,HAS_CLEANING_STATUS,,,,,,,主实验/严格评测,,,,
span:AUTH-TAD-0040,ambiguity:无重复,HAS_AMBIGUITY,,,,,,,,,,,
span:AUTH-TAD-0040,ambiguity:来源字段完整但仍需正版逐页核验,HAS_AMBIGUITY,,,,,,,,,,,
span:AUTH-TAD-0040,annotation:span:AUTH-TAD-0040:r1,ANNOTATED_BY,,,,,,,,,,,
annotation:span:AUTH-TAD-0040:r1,rater:rater_1,MADE_BY,,,,,,,,,,,
span:AUTH-TAD-0040,annotation:span:AUTH-TAD-0040:r2,ANNOTATED_BY,,,,,,,,,,,
annotation:span:AUTH-TAD-0040:r2,rater:rater_2,MADE_BY,,,,,,,,,,,
span:AUTH-TAD-0040,annotation:span:AUTH-TAD-0040:r3,ANNOTATED_BY,,,,,,,,,,,
annotation:span:AUTH-TAD-0040:r3,rater:rater_3,MADE_BY,,,,,,,,,,,
span:AUTH-TAD-0040,cue:AFTER_VERB,TRIGGERS_CUE,,,,,,,,,,,
span:AUTH-TAD-0040,cue:BEFORE_PREDICATE,TRIGGERS_CUE,,,,,,,,,,,
span:AUTH-TAD-0040,cue:DURATION_COMPLEMENT,TRIGGERS_CUE,,,,,,,,,,,
span:AUTH-TAD-0040,cue:EVENT_TIME,TRIGGERS_CUE,,,,,,,,,,,
span:AUTH-TAD-0040,cue:TIME_NOUN,TRIGGERS_CUE,,,,,,,,,,,
span:AUTH-TAD-0040,rule:R_TEMP_ADV_01,MATCHES_RULE,,,,,,,,1.0,TEMPORAL_ADVERBIAL,90.0,true
span:AUTH-TAD-0040,rule:R_TEMP_ADV_02,MATCHES_RULE,,,,,,,,2.0,TEMPORAL_ADVERBIAL,88.0,true
span:AUTH-TAD-0040,rule:R_TEMP_KG_ADV_02,MATCHES_RULE,,,,,,,,3.0,TEMPORAL_ADVERBIAL,72.0,true
sentence:SENT-0368,source:GRAMMAR_MANUAL_ELEMENTARY,DERIVED_FROM,,,,,44,我太忙了，没时间做别的事,,,,,
sentence:SENT-0368,span:AUTH-TAD-0041,HAS_CANDIDATE,,,,,,,,,,,
span:AUTH-TAD-0041,consensus:AUTH-TAD-0041,HAS_CONSENSUS,,,,,,,,,,,
consensus:AUTH-TAD-0041,function:TEMPORAL_ADVERBIAL,MAPS_TO,,,,,,,,,,,
span:AUTH-TAD-0041,cleaning:C_暂不纳入主实验,HAS_CLEANING_STATUS,,,,,,,待复核,,,,
span:AUTH-TAD-0041,ambiguity:三人标注不完全一致,HAS_AMBIGUITY,,,,,,,,,,,
span:AUTH-TAD-0041,ambiguity:至少一名标注者修正片段,HAS_AMBIGUITY,,,,,,,,,,,
span:AUTH-TAD-0041,ambiguity:同句多候选_重复句,HAS_AMBIGUITY,,,,,,,,,,,
span:AUTH-TAD-0041,ambiguity:来源字段完整但仍需正版逐页核验,HAS_AMBIGUITY,,,,,,,,,,,
span:AUTH-TAD-0041,annotation:span:AUTH-TAD-0041:r1,ANNOTATED_BY,,,,,,,,,,,
annotation:span:AUTH-TAD-0041:r1,rater:rater_1,MADE_BY,,,,,,,,,,,
span:AUTH-TAD-0041,annotation:span:AUTH-TAD-0041:r2,ANNOTATED_BY,,,,,,,,,,,
annotation:span:AUTH-TAD-0041:r2,rater:rater_2,MADE_BY,,,,,,,,,,,
span:AUTH-TAD-0041,annotation:span:AUTH-TAD-0041:r3,ANNOTATED_BY,,,,,,,,,,,
annotation:span:AUTH-TAD-0041:r3,rater:rater_3,MADE_BY,,,,,,,,,,,
span:AUTH-TAD-0041,cue:BEFORE_PREDICATE,TRIGGERS_CUE,,,,,,,,,,,
span:AUTH-TAD-0041,cue:EVENT_TIME,TRIGGERS_CUE,,,,,,,,,,,
span:AUTH-TAD-0041,cue:NO_TEMPORAL_EXPRESSION,TRIGGERS_CUE,,,,,,,,,,,
sentence:SENT-0295,source:GRAMMAR_MANUAL_INTERMEDIATE,DERIVED_FROM,,,,,156,A:爷爷现在还住在 A:谁是公司本季度 记者：您已经离开家乡多 老房子里吗? 的金牌销售员?,,,,,
sentence:SENT-0295,span:AUTH-TAD-0042,HAS_CANDIDATE,,,,,,,,,,,
span:AUTH-TAD-0042,consensus:AUTH-TAD-0042,HAS_CONSENSUS,,,,,,,,,,,
consensus:AUTH-TAD-0042,function:TEMPORAL_ADVERBIAL,MAPS_TO,,,,,,,,,,,
span:AUTH-TAD-0042,cleaning:B_边界复核集,HAS_CLEANING_STATUS,,,,,,,边界集/鲁棒性分析,,,,
span:AUTH-TAD-0042,ambiguity:时间副词_体貌副词边界,HAS_AMBIGUITY,,,,,,,,,,,
span:AUTH-TAD-0042,ambiguity:无重复,HAS_AMBIGUITY,,,,,,,,,,,
span:AUTH-TAD-0042,ambiguity:来源字段完整但仍需正版逐页核验,HAS_AMBIGUITY,,,,,,,,,,,
span:AUTH-TAD-0042,annotation:span:AUTH-TAD-0042:r1,ANNOTATED_BY,,,,,,,,,,,
annotation:span:AUTH-TAD-0042:r1,rater:rater_1,MADE_BY,,,,,,,,,,,
span:AUTH-TAD-0042,annotation:span:AUTH-TAD-0042:r2,ANNOTATED_BY,,,,,,,,,,,
annotation:span:AUTH-TAD-0042:r2,rater:rater_2,MADE_BY,,,,,,,,,,,
span:AUTH-TAD-0042,annotation:span:AUTH-TAD-0042:r3,ANNOTATED_BY,,,,,,,,,,,
annotation:span:AUTH-TAD-0042:r3,rater:rater_3,MADE_BY,,,,,,,,,,,
span:AUTH-TAD-0042,cue:BEFORE_PREDICATE,TRIGGERS_CUE,,,,,,,,,,,
span:AUTH-TAD-0042,cue:EVENT_TIME,TRIGGERS_CUE,,,,,,,,,,,
span:AUTH-TAD-0042,cue:TIME_ADVERB,TRIGGERS_CUE,,,,,,,,,,,
span:AUTH-TAD-0042,cue:TIME_FREQUENCY,TRIGGERS_CUE,,,,,,,,,,,
span:AUTH-TAD-0042,rule:R_TEMP_ADV_04,MATCHES_RULE,,,,,,,,1.0,TEMPORAL_ADVERBIAL,84.0,true
span:AUTH-TAD-0042,rule:R_TEMP_ADV_19,MATCHES_RULE,,,,,,,,2.0,TEMPORAL_ADVERBIAL,84.0,true
span:AUTH-TAD-0042,rule:R_TEMP_KG_ADV_01,MATCHES_RULE,,,,,,,,3.0,TEMPORAL_ADVERBIAL,79.0,true
span:AUTH-TAD-0042,rule:R_TEMP_ADV_08,MATCHES_RULE,,,,,,,,4.0,TEMPORAL_ADVERBIAL,78.0,true
span:AUTH-TAD-0042,rule:R_TEMP_ADV_11,MATCHES_RULE,,,,,,,,5.0,TEMPORAL_ADVERBIAL,73.0,true
sentence:SENT-0242,source:GRAMMAR_MANUAL_ELEMENTARY,DERIVED_FROM,,,,,194,,,,,,
sentence:SENT-0242,span:AUTH-TAD-0043,HAS_CANDIDATE,,,,,,,,,,,
span:AUTH-TAD-0043,consensus:AUTH-TAD-0043,HAS_CONSENSUS,,,,,,,,,,,
consensus:AUTH-TAD-0043,function:COMPLEMENT,MAPS_TO,,,,,,,,,,,
span:AUTH-TAD-0043,cleaning:B_边界复核集,HAS_CLEANING_STATUS,,,,,,,边界集/鲁棒性分析,,,,
span:AUTH-TAD-0043,ambiguity:页面线索缺失,HAS_AMBIGUITY,,,,,,,,,,,
span:AUTH-TAD-0043,ambiguity:时量补语_持续时间边界,HAS_AMBIGUITY,,,,,,,,,,,
span:AUTH-TAD-0043,ambiguity:无重复,HAS_AMBIGUITY,,,,,,,,,,,
span:AUTH-TAD-0043,annotation:span:AUTH-TAD-0043:r1,ANNOTATED_BY,,,,,,,,,,,
annotation:span:AUTH-TAD-0043:r1,rater:rater_1,MADE_BY,,,,,,,,,,,
span:AUTH-TAD-0043,annotation:span:AUTH-TAD-0043:r2,ANNOTATED_BY,,,,,,,,,,,
annotation:span:AUTH-TAD-0043:r2,rater:rater_2,MADE_BY,,,,,,,,,,,
span:AUTH-TAD-0043,annotation:span:AUTH-TAD-0043:r3,ANNOTATED_BY,,,,,,,,,,,
annotation:span:AUTH-TAD-0043:r3,rater:rater_3,MADE_BY,,,,,,,,,,,
span:AUTH-TAD-0043,cue:AFTER_VERB,TRIGGERS_CUE,,,,,,,,,,,
span:AUTH-TAD-0043,cue:COMPLEMENT_DURATION_CONTEXT,TRIGGERS_CUE,,,,,,,,,,,
span:AUTH-TAD-0043,cue:DURATION_COMPLEMENT,TRIGGERS_CUE,,,,,,,,,,,
span:AUTH-TAD-0043,cue:INDEFINITE_TIME,TRIGGERS_CUE,,,,,,,,,,,
span:AUTH-TAD-0043,cue:TIME_DURATION,TRIGGERS_CUE,,,,,,,,,,,
span:AUTH-TAD-0043,cue:TIME_POINT,TRIGGERS_CUE,,,,,,,,,,,
span:AUTH-TAD-0043,rule:R_TEMP_KG_COMP_01,MATCHES_RULE,,,,,,,,1.0,COMPLEMENT,127.0,true
span:AUTH-TAD-0043,rule:R_TEMP_COMP_01,MATCHES_RULE,,,,,,,,2.0,COMPLEMENT,96.0,true
span:AUTH-TAD-0043,rule:R_TEMP_COMP_02,MATCHES_RULE,,,,,,,,3.0,COMPLEMENT,95.0,true
span:AUTH-TAD-0043,rule:R_TEMP_COMP_07,MATCHES_RULE,,,,,,,,4.0,COMPLEMENT,94.0,true
sentence:SENT-0345,source:GRAMMAR_MANUAL_ELEMENTARY,DERIVED_FROM,,,,,211,,,,,,
sentence:SENT-0345,span:AUTH-TAD-0044,HAS_CANDIDATE,,,,,,,,,,,
span:AUTH-TAD-0044,consensus:AUTH-TAD-0044,HAS_CONSENSUS,,,,,,,,,,,
consensus:AUTH-TAD-0044,function:OTHER,MAPS_TO,,,,,,,,,,,
span:AUTH-TAD-0044,cleaning:C_暂不纳入主实验,HAS_CLEANING_STATUS,,,,,,,待复核,,,,
span:AUTH-TAD-0044,ambiguity:页面线索缺失,HAS_AMBIGUITY,,,,,,,,,,,
span:AUTH-TAD-0044,ambiguity:非目标时间表达,HAS_AMBIGUITY,,,,,,,,,,,
span:AUTH-TAD-0044,ambiguity:三人标注不完全一致,HAS_AMBIGUITY,,,,,,,,,,,
span:AUTH-TAD-0044,ambiguity:至少一名标注者修正片段,HAS_AMBIGUITY,,,,,,,,,,,
span:AUTH-TAD-0044,ambiguity:无重复,HAS_AMBIGUITY,,,,,,,,,,,
span:AUTH-TAD-0044,annotation:span:AUTH-TAD-0044:r1,ANNOTATED_BY,,,,,,,,,,,
annotation:span:AUTH-TAD-0044:r1,rater:rater_1,MADE_BY,,,,,,,,,,,
span:AUTH-TAD-0044,annotation:span:AUTH-TAD-0044:r2,ANNOTATED_BY,,,,,,,,,,,
annotation:span:AUTH-TAD-0044:r2,rater:rater_2,MADE_BY,,,,,,,,,,,
span:AUTH-TAD-0044,annotation:span:AUTH-TAD-0044:r3,ANNOTATED_BY,,,,,,,,,,,
annotation:span:AUTH-TAD-0044:r3,rater:rater_3,MADE_BY,,,,,,,,,,,
span:AUTH-TAD-0044,cue:ABSTRACT_OR_NON_TARGET_TIME,TRIGGERS_CUE,,,,,,,,,,,
span:AUTH-TAD-0044,cue:BEFORE_PREDICATE,TRIGGERS_CUE,,,,,,,,,,,
span:AUTH-TAD-0044,cue:EVENT_TIME,TRIGGERS_CUE,,,,,,,,,,,
span:AUTH-TAD-0044,cue:REVIEW_NON_TARGET_RISK,TRIGGERS_CUE,,,,,,,,,,,
span:AUTH-TAD-0044,cue:TEMPORAL_COMPARISON_STATE,TRIGGERS_CUE,,,,,,,,,,,
span:AUTH-TAD-0044,cue:TIME_NOUN,TRIGGERS_CUE,,,,,,,,,,,
span:AUTH-TAD-0044,rule:R_TEMP_KG_OTHER_01,MATCHES_RULE,,,,,,,,1.0,OTHER,130.0,true
span:AUTH-TAD-0044,rule:R_TEMP_KG_OTHER_02,MATCHES_RULE,,,,,,,,2.0,OTHER,124.0,true
span:AUTH-TAD-0044,rule:R_TEMP_KG_OTHER_03,MATCHES_RULE,,,,,,,,3.0,OTHER,123.0,true
span:AUTH-TAD-0044,rule:R_TEMP_ADV_01,MATCHES_RULE,,,,,,,,4.0,TEMPORAL_ADVERBIAL,90.0,false
span:AUTH-TAD-0044,rule:R_TEMP_ADV_02,MATCHES_RULE,,,,,,,,5.0,TEMPORAL_ADVERBIAL,88.0,false
sentence:SENT-0424,source:GRAMMAR_MANUAL_ELEMENTARY,DERIVED_FROM,,,,,235,,,,,,
sentence:SENT-0424,span:AUTH-TAD-0045,HAS_CANDIDATE,,,,,,,,,,,
span:AUTH-TAD-0045,consensus:AUTH-TAD-0045,HAS_CONSENSUS,,,,,,,,,,,
consensus:AUTH-TAD-0045,function:OTHER,MAPS_TO,,,,,,,,,,,
span:AUTH-TAD-0045,cleaning:C_暂不纳入主实验,HAS_CLEANING_STATUS,,,,,,,待复核,,,,
span:AUTH-TAD-0045,ambiguity:原表已建议复核_剔除,HAS_AMBIGUITY,,,,,,,,,,,
span:AUTH-TAD-0045,ambiguity:页面线索缺失,HAS_AMBIGUITY,,,,,,,,,,,
span:AUTH-TAD-0045,ambiguity:非目标时间表达,HAS_AMBIGUITY,,,,,,,,,,,
span:AUTH-TAD-0045,ambiguity:三人标注不完全一致,HAS_AMBIGUITY,,,,,,,,,,,
span:AUTH-TAD-0045,ambiguity:无重复,HAS_AMBIGUITY,,,,,,,,,,,
span:AUTH-TAD-0045,annotation:span:AUTH-TAD-0045:r1,ANNOTATED_BY,,,,,,,,,,,
annotation:span:AUTH-TAD-0045:r1,rater:rater_1,MADE_BY,,,,,,,,,,,
span:AUTH-TAD-0045,annotation:span:AUTH-TAD-0045:r2,ANNOTATED_BY,,,,,,,,,,,
annotation:span:AUTH-TAD-0045:r2,rater:rater_2,MADE_BY,,,,,,,,,,,
span:AUTH-TAD-0045,annotation:span:AUTH-TAD-0045:r3,ANNOTATED_BY,,,,,,,,,,,
annotation:span:AUTH-TAD-0045:r3,rater:rater_3,MADE_BY,,,,,,,,,,,
span:AUTH-TAD-0045,cue:BEFORE_PREDICATE,TRIGGERS_CUE,,,,,,,,,,,
span:AUTH-TAD-0045,cue:EVENT_TIME,TRIGGERS_CUE,,,,,,,,,,,
span:AUTH-TAD-0045,cue:REVIEW_NON_TARGET_RISK,TRIGGERS_CUE,,,,,,,,,,,
span:AUTH-TAD-0045,cue:STATIVE_PREDICATE,TRIGGERS_CUE,,,,,,,,,,,
span:AUTH-TAD-0045,cue:TIME_ADVERB,TRIGGERS_CUE,,,,,,,,,,,
span:AUTH-TAD-0045,cue:TIME_NOUN,TRIGGERS_CUE,,,,,,,,,,,
span:AUTH-TAD-0045,cue:TIME_POINT,TRIGGERS_CUE,,,,,,,,,,,
span:AUTH-TAD-0045,rule:R_TEMP_KG_OTHER_01,MATCHES_RULE,,,,,,,,1.0,OTHER,130.0,true
span:AUTH-TAD-0045,rule:R_TEMP_ADV_01,MATCHES_RULE,,,,,,,,2.0,TEMPORAL_ADVERBIAL,90.0,false
span:AUTH-TAD-0045,rule:R_TEMP_ADV_02,MATCHES_RULE,,,,,,,,3.0,TEMPORAL_ADVERBIAL,88.0,false
span:AUTH-TAD-0045,rule:R_TEMP_ADV_19,MATCHES_RULE,,,,,,,,4.0,TEMPORAL_ADVERBIAL,84.0,false
span:AUTH-TAD-0045,rule:R_TEMP_ADV_08,MATCHES_RULE,,,,,,,,5.0,TEMPORAL_ADVERBIAL,78.0,false
sentence:SENT-0099,source:GRAMMAR_MANUAL_ELEMENTARY,DERIVED_FROM,,,,,105,):……呢 【一42】 ◎基本语义及用法 指事情正在发生或者动作正在进行,,,,,
sentence:SENT-0099,span:AUTH-TAD-0046,HAS_CANDIDATE,,,,,,,,,,,
span:AUTH-TAD-0046,consensus:AUTH-TAD-0046,HAS_CONSENSUS,,,,,,,,,,,
consensus:AUTH-TAD-0046,function:OTHER,MAPS_TO,,,,,,,,,,,
span:AUTH-TAD-0046,cleaning:C_暂不纳入主实验,HAS_CLEANING_STATUS,,,,,,,待复核,,,,
span:AUTH-TAD-0046,ambiguity:时量补语_持续时间边界,HAS_AMBIGUITY,,,,,,,,,,,
span:AUTH-TAD-0046,ambiguity:候选片段与最终片段不一致,HAS_AMBIGUITY,,,,,,,,,,,
span:AUTH-TAD-0046,ambiguity:非目标时间表达,HAS_AMBIGUITY,,,,,,,,,,,
span:AUTH-TAD-0046,ambiguity:三人标注不完全一致,HAS_AMBIGUITY,,,,,,,,,,,
span:AUTH-TAD-0046,ambiguity:至少一名标注者修正片段,HAS_AMBIGUITY,,,,,,,,,,,
span:AUTH-TAD-0046,ambiguity:无重复,HAS_AMBIGUITY,,,,,,,,,,,
span:AUTH-TAD-0046,ambiguity:来源字段完整但仍需正版逐页核验,HAS_AMBIGUITY,,,,,,,,,,,
span:AUTH-TAD-0046,annotation:span:AUTH-TAD-0046:r1,ANNOTATED_BY,,,,,,,,,,,
annotation:span:AUTH-TAD-0046:r1,rater:rater_1,MADE_BY,,,,,,,,,,,
span:AUTH-TAD-0046,annotation:span:AUTH-TAD-0046:r2,ANNOTATED_BY,,,,,,,,,,,
annotation:span:AUTH-TAD-0046:r2,rater:rater_2,MADE_BY,,,,,,,,,,,
span:AUTH-TAD-0046,annotation:span:AUTH-TAD-0046:r3,ANNOTATED_BY,,,,,,,,,,,
annotation:span:AUTH-TAD-0046:r3,rater:rater_3,MADE_BY,,,,,,,,,,,
span:AUTH-TAD-0046,cue:BEFORE_PREDICATE,TRIGGERS_CUE,,,,,,,,,,,
span:AUTH-TAD-0046,cue:EVENT_TIME,TRIGGERS_CUE,,,,,,,,,,,
span:AUTH-TAD-0046,cue:REVIEW_NON_TARGET_RISK,TRIGGERS_CUE,,,,,,,,,,,
span:AUTH-TAD-0046,cue:TIME_DURATION,TRIGGERS_CUE,,,,,,,,,,,
span:AUTH-TAD-0046,rule:R_TEMP_KG_OTHER_01,MATCHES_RULE,,,,,,,,1.0,OTHER,130.0,true
sentence:SENT-0139,source:GRAMMAR_MANUAL_ELEMENTARY,DERIVED_FROM,,,,,164,示说话人认为事情发生得比预想的晚，也可表达数量少、时间早、程度低等， 具有较强的主观性,,,,,
sentence:SENT-0139,span:AUTH-TAD-0047,HAS_CANDIDATE,,,,,,,,,,,
span:AUTH-TAD-0047,consensus:AUTH-TAD-0047,HAS_CONSENSUS,,,,,,,,,,,
consensus:AUTH-TAD-0047,function:TEMPORAL_ADVERBIAL,MAPS_TO,,,,,,,,,,,
span:AUTH-TAD-0047,cleaning:B_边界复核集,HAS_CLEANING_STATUS,,,,,,,边界集/鲁棒性分析,,,,
span:AUTH-TAD-0047,ambiguity:三人标注不完全一致,HAS_AMBIGUITY,,,,,,,,,,,
span:AUTH-TAD-0047,ambiguity:无重复,HAS_AMBIGUITY,,,,,,,,,,,
span:AUTH-TAD-0047,ambiguity:来源字段完整但仍需正版逐页核验,HAS_AMBIGUITY,,,,,,,,,,,
span:AUTH-TAD-0047,annotation:span:AUTH-TAD-0047:r1,ANNOTATED_BY,,,,,,,,,,,
annotation:span:AUTH-TAD-0047:r1,rater:rater_1,MADE_BY,,,,,,,,,,,
span:AUTH-TAD-0047,annotation:span:AUTH-TAD-0047:r2,ANNOTATED_BY,,,,,,,,,,,
annotation:span:AUTH-TAD-0047:r2,rater:rater_2,MADE_BY,,,,,,,,,,,
span:AUTH-TAD-0047,annotation:span:AUTH-TAD-0047:r3,ANNOTATED_BY,,,,,,,,,,,
annotation:span:AUTH-TAD-0047:r3,rater:rater_3,MADE_BY,,,,,,,,,,,
span:AUTH-TAD-0047,cue:BEFORE_PREDICATE,TRIGGERS_CUE,,,,,,,,,,,
span:AUTH-TAD-0047,cue:EVENT_TIME,TRIGGERS_CUE,,,,,,,,,,,
span:AUTH-TAD-0047,cue:TIME_NOUN,TRIGGERS_CUE,,,,,,,,,,,
span:AUTH-TAD-0047,rule:R_TEMP_ADV_01,MATCHES_RULE,,,,,,,,1.0,TEMPORAL_ADVERBIAL,90.0,true
span:AUTH-TAD-0047,rule:R_TEMP_ADV_02,MATCHES_RULE,,,,,,,,2.0,TEMPORAL_ADVERBIAL,88.0,true
span:AUTH-TAD-0047,rule:R_TEMP_KG_ADV_02,MATCHES_RULE,,,,,,,,3.0,TEMPORAL_ADVERBIAL,72.0,true
sentence:SENT-0298,source:GRAMMAR_MANUAL_ADVANCED,DERIVED_FROM,,,,,67,小提示 “幸好”在承接上文后，如果语义已经很明确时，后面的分句可以不出现,,,,,
sentence:SENT-0298,span:AUTH-TAD-0048,HAS_CANDIDATE,,,,,,,,,,,
span:AUTH-TAD-0048,consensus:AUTH-TAD-0048,HAS_CONSENSUS,,,,,,,,,,,
consensus:AUTH-TAD-0048,function:TEMPORAL_ADVERBIAL,MAPS_TO,,,,,,,,,,,
span:AUTH-TAD-0048,cleaning:B_边界复核集,HAS_CLEANING_STATUS,,,,,,,边界集/鲁棒性分析,,,,
span:AUTH-TAD-0048,ambiguity:三人标注不完全一致,HAS_AMBIGUITY,,,,,,,,,,,
span:AUTH-TAD-0048,ambiguity:无重复,HAS_AMBIGUITY,,,,,,,,,,,
span:AUTH-TAD-0048,ambiguity:来源字段完整但仍需正版逐页核验,HAS_AMBIGUITY,,,,,,,,,,,
span:AUTH-TAD-0048,annotation:span:AUTH-TAD-0048:r1,ANNOTATED_BY,,,,,,,,,,,
annotation:span:AUTH-TAD-0048:r1,rater:rater_1,MADE_BY,,,,,,,,,,,
span:AUTH-TAD-0048,annotation:span:AUTH-TAD-0048:r2,ANNOTATED_BY,,,,,,,,,,,
annotation:span:AUTH-TAD-0048:r2,rater:rater_2,MADE_BY,,,,,,,,,,,
span:AUTH-TAD-0048,annotation:span:AUTH-TAD-0048:r3,ANNOTATED_BY,,,,,,,,,,,
annotation:span:AUTH-TAD-0048:r3,rater:rater_3,MADE_BY,,,,,,,,,,,
span:AUTH-TAD-0048,cue:TIME_NOUN,TRIGGERS_CUE,,,,,,,,,,,
span:AUTH-TAD-0048,rule:R_TEMP_KG_ADV_02,MATCHES_RULE,,,,,,,,1.0,TEMPORAL_ADVERBIAL,72.0,true
sentence:SENT-0464,source:GRAMMAR_MANUAL_INTERMEDIATE,DERIVED_FROM,,,,,300,(在公司) (在朋友家) (在机场) A:会议马上就要 A:房间里的东西我都 工作人员：你,,,,,
sentence:SENT-0464,span:AUTH-TAD-0049,HAS_CANDIDATE,,,,,,,,,,,
span:AUTH-TAD-0049,consensus:AUTH-TAD-0049,HAS_CONSENSUS,,,,,,,,,,,
consensus:AUTH-TAD-0049,function:TEMPORAL_ADVERBIAL,MAPS_TO,,,,,,,,,,,
span:AUTH-TAD-0049,cleaning:A_主评测候选,HAS_CLEANING_STATUS,,,,,,,主实验/严格评测,,,,
span:AUTH-TAD-0049,ambiguity:无重复,HAS_AMBIGUITY,,,,,,,,,,,
span:AUTH-TAD-0049,ambiguity:来源字段完整但仍需正版逐页核验,HAS_AMBIGUITY,,,,,,,,,,,
span:AUTH-TAD-0049,annotation:span:AUTH-TAD-0049:r1,ANNOTATED_BY,,,,,,,,,,,
annotation:span:AUTH-TAD-0049:r1,rater:rater_1,MADE_BY,,,,,,,,,,,
span:AUTH-TAD-0049,annotation:span:AUTH-TAD-0049:r2,ANNOTATED_BY,,,,,,,,,,,
annotation:span:AUTH-TAD-0049:r2,rater:rater_2,MADE_BY,,,,,,,,,,,
span:AUTH-TAD-0049,annotation:span:AUTH-TAD-0049:r3,ANNOTATED_BY,,,,,,,,,,,
annotation:span:AUTH-TAD-0049:r3,rater:rater_3,MADE_BY,,,,,,,,,,,
span:AUTH-TAD-0049,cue:BEFORE_PREDICATE,TRIGGERS_CUE,,,,,,,,,,,
span:AUTH-TAD-0049,cue:EVENT_TIME,TRIGGERS_CUE,,,,,,,,,,,
span:AUTH-TAD-0049,cue:TIME_FREQUENCY,TRIGGERS_CUE,,,,,,,,,,,
span:AUTH-TAD-0049,rule:R_TEMP_ADV_04,MATCHES_RULE,,,,,,,,1.0,TEMPORAL_ADVERBIAL,84.0,true
span:AUTH-TAD-0049,rule:R_TEMP_KG_ADV_01,MATCHES_RULE,,,,,,,,2.0,TEMPORAL_ADVERBIAL,79.0,true
sentence:SENT-0381,source:GRAMMAR_MANUAL_INTERMEDIATE,DERIVED_FROM,,,,,335,海浪已经平静下去了,,,,,
sentence:SENT-0381,span:AUTH-TAD-0050,HAS_CANDIDATE,,,,,,,,,,,
span:AUTH-TAD-0050,consensus:AUTH-TAD-0050,HAS_CONSENSUS,,,,,,,,,,,
consensus:AUTH-TAD-0050,function:TEMPORAL_ADVERBIAL,MAPS_TO,,,,,,,,,,,
span:AUTH-TAD-0050,cleaning:B_边界复核集,HAS_CLEANING_STATUS,,,,,,,边界集/鲁棒性分析,,,,
span:AUTH-TAD-0050,ambiguity:时间副词_体貌副词边界,HAS_AMBIGUITY,,,,,,,,,,,
span:AUTH-TAD-0050,ambiguity:无重复,HAS_AMBIGUITY,,,,,,,,,,,
span:AUTH-TAD-0050,ambiguity:来源字段完整但仍需正版逐页核验,HAS_AMBIGUITY,,,,,,,,,,,
span:AUTH-TAD-0050,annotation:span:AUTH-TAD-0050:r1,ANNOTATED_BY,,,,,,,,,,,
annotation:span:AUTH-TAD-0050:r1,rater:rater_1,MADE_BY,,,,,,,,,,,
span:AUTH-TAD-0050,annotation:span:AUTH-TAD-0050:r2,ANNOTATED_BY,,,,,,,,,,,
annotation:span:AUTH-TAD-0050:r2,rater:rater_2,MADE_BY,,,,,,,,,,,
span:AUTH-TAD-0050,annotation:span:AUTH-TAD-0050:r3,ANNOTATED_BY,,,,,,,,,,,
annotation:span:AUTH-TAD-0050:r3,rater:rater_3,MADE_BY,,,,,,,,,,,
span:AUTH-TAD-0050,cue:BEFORE_PREDICATE,TRIGGERS_CUE,,,,,,,,,,,
span:AUTH-TAD-0050,cue:EVENT_TIME,TRIGGERS_CUE,,,,,,,,,,,
span:AUTH-TAD-0050,cue:TIME_ADVERB,TRIGGERS_CUE,,,,,,,,,,,
span:AUTH-TAD-0050,cue:TIME_FREQUENCY,TRIGGERS_CUE,,,,,,,,,,,
span:AUTH-TAD-0050,rule:R_TEMP_ADV_04,MATCHES_RULE,,,,,,,,1.0,TEMPORAL_ADVERBIAL,84.0,true
span:AUTH-TAD-0050,rule:R_TEMP_ADV_19,MATCHES_RULE,,,,,,,,2.0,TEMPORAL_ADVERBIAL,84.0,true
span:AUTH-TAD-0050,rule:R_TEMP_KG_ADV_01,MATCHES_RULE,,,,,,,,3.0,TEMPORAL_ADVERBIAL,79.0,true
span:AUTH-TAD-0050,rule:R_TEMP_ADV_08,MATCHES_RULE,,,,,,,,4.0,TEMPORAL_ADVERBIAL,78.0,true
span:AUTH-TAD-0050,rule:R_TEMP_ADV_11,MATCHES_RULE,,,,,,,,5.0,TEMPORAL_ADVERBIAL,73.0,true
sentence:SENT-0039,source:GRAMMAR_MANUAL_ADVANCED,DERIVED_FROM,,,,,12,◎结构特点 “另”一般用于数量短语前边作定语,,,,,
sentence:SENT-0039,span:AUTH-TAD-0051,HAS_CANDIDATE,,,,,,,,,,,
span:AUTH-TAD-0051,consensus:AUTH-TAD-0051,HAS_CONSENSUS,,,,,,,,,,,
consensus:AUTH-TAD-0051,function:TEMPORAL_ADVERBIAL,MAPS_TO,,,,,,,,,,,
span:AUTH-TAD-0051,cleaning:A_主评测候选,HAS_CLEANING_STATUS,,,,,,,主实验/严格评测,,,,
span:AUTH-TAD-0051,ambiguity:无重复,HAS_AMBIGUITY,,,,,,,,,,,
span:AUTH-TAD-0051,ambiguity:来源字段完整但仍需正版逐页核验,HAS_AMBIGUITY,,,,,,,,,,,
span:AUTH-TAD-0051,annotation:span:AUTH-TAD-0051:r1,ANNOTATED_BY,,,,,,,,,,,
annotation:span:AUTH-TAD-0051:r1,rater:rater_1,MADE_BY,,,,,,,,,,,
span:AUTH-TAD-0051,annotation:span:AUTH-TAD-0051:r2,ANNOTATED_BY,,,,,,,,,,,
annotation:span:AUTH-TAD-0051:r2,rater:rater_2,MADE_BY,,,,,,,,,,,
span:AUTH-TAD-0051,annotation:span:AUTH-TAD-0051:r3,ANNOTATED_BY,,,,,,,,,,,
annotation:span:AUTH-TAD-0051:r3,rater:rater_3,MADE_BY,,,,,,,,,,,
span:AUTH-TAD-0051,cue:BEFORE_PREDICATE,TRIGGERS_CUE,,,,,,,,,,,
span:AUTH-TAD-0051,cue:EVENT_TIME,TRIGGERS_CUE,,,,,,,,,,,
span:AUTH-TAD-0051,cue:SENTENCE_INITIAL,TRIGGERS_CUE,,,,,,,,,,,
span:AUTH-TAD-0051,cue:TIME_NOUN,TRIGGERS_CUE,,,,,,,,,,,
span:AUTH-TAD-0051,rule:R_TEMP_ADV_01,MATCHES_RULE,,,,,,,,1.0,TEMPORAL_ADVERBIAL,90.0,true
span:AUTH-TAD-0051,rule:R_TEMP_ADV_02,MATCHES_RULE,,,,,,,,2.0,TEMPORAL_ADVERBIAL,88.0,true
span:AUTH-TAD-0051,rule:R_TEMP_KG_ADV_02,MATCHES_RULE,,,,,,,,3.0,TEMPORAL_ADVERBIAL,72.0,true
sentence:SENT-0196,source:GRAMMAR_MANUAL_INTERMEDIATE,DERIVED_FROM,,,,,62,这个项目才刚刚开始，什么时候能出成果还说不定呢,,,,,
sentence:SENT-0196,span:AUTH-TAD-0052,HAS_CANDIDATE,,,,,,,,,,,
span:AUTH-TAD-0052,consensus:AUTH-TAD-0052,HAS_CONSENSUS,,,,,,,,,,,
consensus:AUTH-TAD-0052,function:TEMPORAL_ADVERBIAL,MAPS_TO,,,,,,,,,,,
span:AUTH-TAD-0052,cleaning:A_主评测候选,HAS_CLEANING_STATUS,,,,,,,主实验/严格评测,,,,
span:AUTH-TAD-0052,ambiguity:无重复,HAS_AMBIGUITY,,,,,,,,,,,
span:AUTH-TAD-0052,ambiguity:来源字段完整但仍需正版逐页核验,HAS_AMBIGUITY,,,,,,,,,,,
span:AUTH-TAD-0052,annotation:span:AUTH-TAD-0052:r1,ANNOTATED_BY,,,,,,,,,,,
annotation:span:AUTH-TAD-0052:r1,rater:rater_1,MADE_BY,,,,,,,,,,,
span:AUTH-TAD-0052,annotation:span:AUTH-TAD-0052:r2,ANNOTATED_BY,,,,,,,,,,,
annotation:span:AUTH-TAD-0052:r2,rater:rater_2,MADE_BY,,,,,,,,,,,
span:AUTH-TAD-0052,annotation:span:AUTH-TAD-0052:r3,ANNOTATED_BY,,,,,,,,,,,
annotation:span:AUTH-TAD-0052:r3,rater:rater_3,MADE_BY,,,,,,,,,,,
span:AUTH-TAD-0052,cue:BEFORE_PREDICATE,TRIGGERS_CUE,,,,,,,,,,,
span:AUTH-TAD-0052,cue:EVENT_TIME,TRIGGERS_CUE,,,,,,,,,,,
span:AUTH-TAD-0052,cue:TIME_ADVERB,TRIGGERS_CUE,,,,,,,,,,,
span:AUTH-TAD-0052,cue:TIME_NOUN,TRIGGERS_CUE,,,,,,,,,,,
span:AUTH-TAD-0052,cue:TIME_POINT,TRIGGERS_CUE,,,,,,,,,,,
span:AUTH-TAD-0052,rule:R_TEMP_ADV_01,MATCHES_RULE,,,,,,,,1.0,TEMPORAL_ADVERBIAL,90.0,true
span:AUTH-TAD-0052,rule:R_TEMP_ADV_02,MATCHES_RULE,,,,,,,,2.0,TEMPORAL_ADVERBIAL,88.0,true
span:AUTH-TAD-0052,rule:R_TEMP_ADV_19,MATCHES_RULE,,,,,,,,3.0,TEMPORAL_ADVERBIAL,84.0,true
span:AUTH-TAD-0052,rule:R_TEMP_ADV_08,MATCHES_RULE,,,,,,,,4.0,TEMPORAL_ADVERBIAL,78.0,true
span:AUTH-TAD-0052,rule:R_TEMP_ADV_10,MATCHES_RULE,,,,,,,,5.0,TEMPORAL_ADVERBIAL,75.0,true
sentence:SENT-0038,source:GRAMMAR_MANUAL_ELEMENTARY,DERIVED_FROM,,,,,156,你怎么又不高兴了? 今天刚开完会，明天又要开会,,,,,
sentence:SENT-0038,span:AUTH-TAD-0053,HAS_CANDIDATE,,,,,,,,,,,
span:AUTH-TAD-0053,consensus:AUTH-TAD-0053,HAS_CONSENSUS,,,,,,,,,,,
consensus:AUTH-TAD-0053,function:TEMPORAL_ADVERBIAL,MAPS_TO,,,,,,,,,,,
span:AUTH-TAD-0053,cleaning:B_边界复核集,HAS_CLEANING_STATUS,,,,,,,边界集/鲁棒性分析,,,,
span:AUTH-TAD-0053,ambiguity:三人标注不完全一致,HAS_AMBIGUITY,,,,,,,,,,,
span:AUTH-TAD-0053,ambiguity:无重复,HAS_AMBIGUITY,,,,,,,,,,,
span:AUTH-TAD-0053,ambiguity:来源字段完整但仍需正版逐页核验,HAS_AMBIGUITY,,,,,,,,,,,
span:AUTH-TAD-0053,annotation:span:AUTH-TAD-0053:r1,ANNOTATED_BY,,,,,,,,,,,
annotation:span:AUTH-TAD-0053:r1,rater:rater_1,MADE_BY,,,,,,,,,,,
span:AUTH-TAD-0053,annotation:span:AUTH-TAD-0053:r2,ANNOTATED_BY,,,,,,,,,,,
annotation:span:AUTH-TAD-0053:r2,rater:rater_2,MADE_BY,,,,,,,,,,,
span:AUTH-TAD-0053,annotation:span:AUTH-TAD-0053:r3,ANNOTATED_BY,,,,,,,,,,,
annotation:span:AUTH-TAD-0053:r3,rater:rater_3,MADE_BY,,,,,,,,,,,
span:AUTH-TAD-0053,cue:BEFORE_PREDICATE,TRIGGERS_CUE,,,,,,,,,,,
span:AUTH-TAD-0053,cue:EVENT_TIME,TRIGGERS_CUE,,,,,,,,,,,
span:AUTH-TAD-0053,cue:TIME_NOUN,TRIGGERS_CUE,,,,,,,,,,,
span:AUTH-TAD-0053,rule:R_TEMP_ADV_01,MATCHES_RULE,,,,,,,,1.0,TEMPORAL_ADVERBIAL,90.0,true
span:AUTH-TAD-0053,rule:R_TEMP_ADV_02,MATCHES_RULE,,,,,,,,2.0,TEMPORAL_ADVERBIAL,88.0,true
span:AUTH-TAD-0053,rule:R_TEMP_KG_ADV_02,MATCHES_RULE,,,,,,,,3.0,TEMPORAL_ADVERBIAL,72.0,true
sentence:SENT-0412,source:GRAMMAR_MANUAL_ADVANCED,DERIVED_FROM,,,,,52,经过这场病，他的身体反倒比以前好了,,,,,
sentence:SENT-0412,span:AUTH-TAD-0054,HAS_CANDIDATE,,,,,,,,,,,
span:AUTH-TAD-0054,consensus:AUTH-TAD-0054,HAS_CONSENSUS,,,,,,,,,,,
consensus:AUTH-TAD-0054,function:COMPLEMENT,MAPS_TO,,,,,,,,,,,
span:AUTH-TAD-0054,cleaning:C_暂不纳入主实验,HAS_CLEANING_STATUS,,,,,,,待复核,,,,
span:AUTH-TAD-0054,ambiguity:原表已建议复核_剔除,HAS_AMBIGUITY,,,,,,,,,,,
span:AUTH-TAD-0054,ambiguity:相对时间框架边界,HAS_AMBIGUITY,,,,,,,,,,,
span:AUTH-TAD-0054,ambiguity:三人标注不完全一致,HAS_AMBIGUITY,,,,,,,,,,,
span:AUTH-TAD-0054,ambiguity:至少一名标注者修正片段,HAS_AMBIGUITY,,,,,,,,,,,
span:AUTH-TAD-0054,ambiguity:无重复,HAS_AMBIGUITY,,,,,,,,,,,
span:AUTH-TAD-0054,ambiguity:来源字段完整但仍需正版逐页核验,HAS_AMBIGUITY,,,,,,,,,,,
span:AUTH-TAD-0054,annotation:span:AUTH-TAD-0054:r1,ANNOTATED_BY,,,,,,,,,,,
annotation:span:AUTH-TAD-0054:r1,rater:rater_1,MADE_BY,,,,,,,,,,,
span:AUTH-TAD-0054,annotation:span:AUTH-TAD-0054:r2,ANNOTATED_BY,,,,,,,,,,,
annotation:span:AUTH-TAD-0054:r2,rater:rater_2,MADE_BY,,,,,,,,,,,
span:AUTH-TAD-0054,annotation:span:AUTH-TAD-0054:r3,ANNOTATED_BY,,,,,,,,,,,
annotation:span:AUTH-TAD-0054:r3,rater:rater_3,MADE_BY,,,,,,,,,,,
span:AUTH-TAD-0054,cue:ABSTRACT_OR_NON_TARGET_TIME,TRIGGERS_CUE,,,,,,,,,,,
span:AUTH-TAD-0054,cue:AFTER_VERB,TRIGGERS_CUE,,,,,,,,,,,
span:AUTH-TAD-0054,cue:NO_TEMPORAL_EXPRESSION,TRIGGERS_CUE,,,,,,,,,,,
span:AUTH-TAD-0054,cue:POSTPOSED_TEMPORAL_MARKER,TRIGGERS_CUE,,,,,,,,,,,
span:AUTH-TAD-0054,cue:STATIVE_PREDICATE,TRIGGERS_CUE,,,,,,,,,,,
span:AUTH-TAD-0054,cue:TEMPORAL_COMPARISON_STATE,TRIGGERS_CUE,,,,,,,,,,,
span:AUTH-TAD-0054,cue:TIME_AFTER_BEFORE,TRIGGERS_CUE,,,,,,,,,,,
span:AUTH-TAD-0054,rule:R_TEMP_KG_OTHER_02,MATCHES_RULE,,,,,,,,1.0,OTHER,124.0,false
span:AUTH-TAD-0054,rule:R_TEMP_KG_OTHER_03,MATCHES_RULE,,,,,,,,2.0,OTHER,123.0,false
span:AUTH-TAD-0054,rule:R_TEMP_COMP_09,MATCHES_RULE,,,,,,,,3.0,COMPLEMENT,91.0,true
span:AUTH-TAD-0054,rule:R_TEMP_COMP_08,MATCHES_RULE,,,,,,,,4.0,COMPLEMENT,89.0,true
sentence:SENT-0353,source:GRAMMAR_MANUAL_ELEMENTARY,DERIVED_FROM,,,,,156,你怎么又不高兴了? 今天刚开完会，明天又要开会,,,,,
sentence:SENT-0353,span:AUTH-TAD-0055,HAS_CANDIDATE,,,,,,,,,,,
span:AUTH-TAD-0055,consensus:AUTH-TAD-0055,HAS_CONSENSUS,,,,,,,,,,,
consensus:AUTH-TAD-0055,function:TEMPORAL_ADVERBIAL,MAPS_TO,,,,,,,,,,,
span:AUTH-TAD-0055,cleaning:A_主评测候选,HAS_CLEANING_STATUS,,,,,,,主实验/严格评测,,,,
span:AUTH-TAD-0055,ambiguity:无重复,HAS_AMBIGUITY,,,,,,,,,,,
span:AUTH-TAD-0055,ambiguity:来源字段完整但仍需正版逐页核验,HAS_AMBIGUITY,,,,,,,,,,,
span:AUTH-TAD-0055,annotation:span:AUTH-TAD-0055:r1,ANNOTATED_BY,,,,,,,,,,,
annotation:span:AUTH-TAD-0055:r1,rater:rater_1,MADE_BY,,,,,,,,,,,
span:AUTH-TAD-0055,annotation:span:AUTH-TAD-0055:r2,ANNOTATED_BY,,,,,,,,,,,
annotation:span:AUTH-TAD-0055:r2,rater:rater_2,MADE_BY,,,,,,,,,,,
span:AUTH-TAD-0055,annotation:span:AUTH-TAD-0055:r3,ANNOTATED_BY,,,,,,,,,,,
annotation:span:AUTH-TAD-0055:r3,rater:rater_3,MADE_BY,,,,,,,,,,,
span:AUTH-TAD-0055,cue:BEFORE_PREDICATE,TRIGGERS_CUE,,,,,,,,,,,
span:AUTH-TAD-0055,cue:EVENT_TIME,TRIGGERS_CUE,,,,,,,,,,,
span:AUTH-TAD-0055,cue:SENTENCE_INITIAL,TRIGGERS_CUE,,,,,,,,,,,
span:AUTH-TAD-0055,cue:TIME_NOUN,TRIGGERS_CUE,,,,,,,,,,,
span:AUTH-TAD-0055,rule:R_TEMP_ADV_01,MATCHES_RULE,,,,,,,,1.0,TEMPORAL_ADVERBIAL,90.0,true
span:AUTH-TAD-0055,rule:R_TEMP_ADV_02,MATCHES_RULE,,,,,,,,2.0,TEMPORAL_ADVERBIAL,88.0,true
span:AUTH-TAD-0055,rule:R_TEMP_KG_ADV_02,MATCHES_RULE,,,,,,,,3.0,TEMPORAL_ADVERBIAL,72.0,true
sentence:SENT-0144,source:GRAMMAR_MANUAL_ELEMENTARY,DERIVED_FROM,,,,,246,示强调参见第200页“90.‘是……的’句1:强调时间、地点、 方式、动作者等”,,,,,
sentence:SENT-0144,span:AUTH-TAD-0056,HAS_CANDIDATE,,,,,,,,,,,
span:AUTH-TAD-0056,consensus:AUTH-TAD-0056,HAS_CONSENSUS,,,,,,,,,,,
consensus:AUTH-TAD-0056,function:TEMPORAL_ADVERBIAL,MAPS_TO,,,,,,,,,,,
span:AUTH-TAD-0056,cleaning:A_主评测候选,HAS_CLEANING_STATUS,,,,,,,主实验/严格评测,,,,
span:AUTH-TAD-0056,ambiguity:无重复,HAS_AMBIGUITY,,,,,,,,,,,
span:AUTH-TAD-0056,ambiguity:来源字段完整但仍需正版逐页核验,HAS_AMBIGUITY,,,,,,,,,,,
span:AUTH-TAD-0056,annotation:span:AUTH-TAD-0056:r1,ANNOTATED_BY,,,,,,,,,,,
annotation:span:AUTH-TAD-0056:r1,rater:rater_1,MADE_BY,,,,,,,,,,,
span:AUTH-TAD-0056,annotation:span:AUTH-TAD-0056:r2,ANNOTATED_BY,,,,,,,,,,,
annotation:span:AUTH-TAD-0056:r2,rater:rater_2,MADE_BY,,,,,,,,,,,
span:AUTH-TAD-0056,annotation:span:AUTH-TAD-0056:r3,ANNOTATED_BY,,,,,,,,,,,
annotation:span:AUTH-TAD-0056:r3,rater:rater_3,MADE_BY,,,,,,,,,,,
span:AUTH-TAD-0056,cue:BEFORE_PREDICATE,TRIGGERS_CUE,,,,,,,,,,,
span:AUTH-TAD-0056,cue:EVENT_TIME,TRIGGERS_CUE,,,,,,,,,,,
span:AUTH-TAD-0056,cue:TIME_NOUN,TRIGGERS_CUE,,,,,,,,,,,
span:AUTH-TAD-0056,rule:R_TEMP_ADV_01,MATCHES_RULE,,,,,,,,1.0,TEMPORAL_ADVERBIAL,90.0,true
span:AUTH-TAD-0056,rule:R_TEMP_ADV_02,MATCHES_RULE,,,,,,,,2.0,TEMPORAL_ADVERBIAL,88.0,true
span:AUTH-TAD-0056,rule:R_TEMP_KG_ADV_02,MATCHES_RULE,,,,,,,,3.0,TEMPORAL_ADVERBIAL,72.0,true
sentence:SENT-0115,source:GRAMMAR_MANUAL_ELEMENTARY,DERIVED_FROM,,,,,56,32 时间副词(3):有时 【一11】 ○ 基本语,,,,,
sentence:SENT-0115,span:AUTH-TAD-0057,HAS_CANDIDATE,,,,,,,,,,,
span:AUTH-TAD-0057,consensus:AUTH-TAD-0057,HAS_CONSENSUS,,,,,,,,,,,
consensus:AUTH-TAD-0057,function:TEMPORAL_ADVERBIAL,MAPS_TO,,,,,,,,,,,
span:AUTH-TAD-0057,cleaning:A_主评测候选,HAS_CLEANING_STATUS,,,,,,,主实验/严格评测,,,,
span:AUTH-TAD-0057,ambiguity:无重复,HAS_AMBIGUITY,,,,,,,,,,,
span:AUTH-TAD-0057,ambiguity:来源字段完整但仍需正版逐页核验,HAS_AMBIGUITY,,,,,,,,,,,
span:AUTH-TAD-0057,annotation:span:AUTH-TAD-0057:r1,ANNOTATED_BY,,,,,,,,,,,
annotation:span:AUTH-TAD-0057:r1,rater:rater_1,MADE_BY,,,,,,,,,,,
span:AUTH-TAD-0057,annotation:span:AUTH-TAD-0057:r2,ANNOTATED_BY,,,,,,,,,,,
annotation:span:AUTH-TAD-0057:r2,rater:rater_2,MADE_BY,,,,,,,,,,,
span:AUTH-TAD-0057,annotation:span:AUTH-TAD-0057:r3,ANNOTATED_BY,,,,,,,,,,,
annotation:span:AUTH-TAD-0057:r3,rater:rater_3,MADE_BY,,,,,,,,,,,
span:AUTH-TAD-0057,cue:BEFORE_PREDICATE,TRIGGERS_CUE,,,,,,,,,,,
span:AUTH-TAD-0057,cue:EVENT_TIME,TRIGGERS_CUE,,,,,,,,,,,
span:AUTH-TAD-0057,cue:STATIVE_PREDICATE,TRIGGERS_CUE,,,,,,,,,,,
span:AUTH-TAD-0057,cue:TIME_ADVERB,TRIGGERS_CUE,,,,,,,,,,,
span:AUTH-TAD-0057,cue:TIME_FREQUENCY,TRIGGERS_CUE,,,,,,,,,,,
span:AUTH-TAD-0057,cue:TIME_NOUN,TRIGGERS_CUE,,,,,,,,,,,
span:AUTH-TAD-0057,rule:R_TEMP_ADV_01,MATCHES_RULE,,,,,,,,1.0,TEMPORAL_ADVERBIAL,90.0,true
span:AUTH-TAD-0057,rule:R_TEMP_ADV_02,MATCHES_RULE,,,,,,,,2.0,TEMPORAL_ADVERBIAL,88.0,true
span:AUTH-TAD-0057,rule:R_TEMP_ADV_04,MATCHES_RULE,,,,,,,,3.0,TEMPORAL_ADVERBIAL,84.0,true
span:AUTH-TAD-0057,rule:R_TEMP_ADV_19,MATCHES_RULE,,,,,,,,4.0,TEMPORAL_ADVERBIAL,84.0,true
span:AUTH-TAD-0057,rule:R_TEMP_KG_ADV_01,MATCHES_RULE,,,,,,,,5.0,TEMPORAL_ADVERBIAL,79.0,true
sentence:SENT-0308,source:GRAMMAR_MANUAL_ELEMENTARY,DERIVED_FROM,,,,,54,30 时间副词(1):马上 【一11】 ◎基本语义及用法 表示动作,,,,,
sentence:SENT-0308,span:AUTH-TAD-0058,HAS_CANDIDATE,,,,,,,,,,,
span:AUTH-TAD-0058,consensus:AUTH-TAD-0058,HAS_CONSENSUS,,,,,,,,,,,
consensus:AUTH-TAD-0058,function:TEMPORAL_ADVERBIAL,MAPS_TO,,,,,,,,,,,
span:AUTH-TAD-0058,cleaning:B_边界复核集,HAS_CLEANING_STATUS,,,,,,,边界集/鲁棒性分析,,,,
span:AUTH-TAD-0058,ambiguity:时间副词_体貌副词边界,HAS_AMBIGUITY,,,,,,,,,,,
span:AUTH-TAD-0058,ambiguity:无重复,HAS_AMBIGUITY,,,,,,,,,,,
span:AUTH-TAD-0058,ambiguity:来源字段完整但仍需正版逐页核验,HAS_AMBIGUITY,,,,,,,,,,,
span:AUTH-TAD-0058,annotation:span:AUTH-TAD-0058:r1,ANNOTATED_BY,,,,,,,,,,,
annotation:span:AUTH-TAD-0058:r1,rater:rater_1,MADE_BY,,,,,,,,,,,
span:AUTH-TAD-0058,annotation:span:AUTH-TAD-0058:r2,ANNOTATED_BY,,,,,,,,,,,
annotation:span:AUTH-TAD-0058:r2,rater:rater_2,MADE_BY,,,,,,,,,,,
span:AUTH-TAD-0058,annotation:span:AUTH-TAD-0058:r3,ANNOTATED_BY,,,,,,,,,,,
annotation:span:AUTH-TAD-0058:r3,rater:rater_3,MADE_BY,,,,,,,,,,,
span:AUTH-TAD-0058,cue:BEFORE_PREDICATE,TRIGGERS_CUE,,,,,,,,,,,
span:AUTH-TAD-0058,cue:EVENT_TIME,TRIGGERS_CUE,,,,,,,,,,,
span:AUTH-TAD-0058,cue:LOCATION_EXPRESSION,TRIGGERS_CUE,,,,,,,,,,,
span:AUTH-TAD-0058,cue:NO_TEMPORAL_EXPRESSION,TRIGGERS_CUE,,,,,,,,,,,
span:AUTH-TAD-0058,cue:TIME_ADVERB,TRIGGERS_CUE,,,,,,,,,,,
span:AUTH-TAD-0058,rule:R_TEMP_OTHER_01,MATCHES_RULE,,,,,,,,1.0,OTHER,90.0,false
span:AUTH-TAD-0058,rule:R_TEMP_ADV_19,MATCHES_RULE,,,,,,,,2.0,TEMPORAL_ADVERBIAL,84.0,true
span:AUTH-TAD-0058,rule:R_TEMP_ADV_08,MATCHES_RULE,,,,,,,,3.0,TEMPORAL_ADVERBIAL,78.0,true
sentence:SENT-0081,source:GRAMMAR_MANUAL_ELEMENTARY,DERIVED_FROM,,,,,152,级语法点 例句 校长已经下班了,,,,,
sentence:SENT-0081,span:AUTH-TAD-0059,HAS_CANDIDATE,,,,,,,,,,,
span:AUTH-TAD-0059,consensus:AUTH-TAD-0059,HAS_CONSENSUS,,,,,,,,,,,
consensus:AUTH-TAD-0059,function:TEMPORAL_ADVERBIAL,MAPS_TO,,,,,,,,,,,
span:AUTH-TAD-0059,cleaning:C_暂不纳入主实验,HAS_CLEANING_STATUS,,,,,,,待复核,,,,
span:AUTH-TAD-0059,ambiguity:时间副词_体貌副词边界,HAS_AMBIGUITY,,,,,,,,,,,
span:AUTH-TAD-0059,ambiguity:三人标注不完全一致,HAS_AMBIGUITY,,,,,,,,,,,
span:AUTH-TAD-0059,ambiguity:至少一名标注者修正片段,HAS_AMBIGUITY,,,,,,,,,,,
span:AUTH-TAD-0059,ambiguity:无重复,HAS_AMBIGUITY,,,,,,,,,,,
span:AUTH-TAD-0059,ambiguity:来源字段完整但仍需正版逐页核验,HAS_AMBIGUITY,,,,,,,,,,,
span:AUTH-TAD-0059,annotation:span:AUTH-TAD-0059:r1,ANNOTATED_BY,,,,,,,,,,,
annotation:span:AUTH-TAD-0059:r1,rater:rater_1,MADE_BY,,,,,,,,,,,
span:AUTH-TAD-0059,annotation:span:AUTH-TAD-0059:r2,ANNOTATED_BY,,,,,,,,,,,
annotation:span:AUTH-TAD-0059:r2,rater:rater_2,MADE_BY,,,,,,,,,,,
span:AUTH-TAD-0059,annotation:span:AUTH-TAD-0059:r3,ANNOTATED_BY,,,,,,,,,,,
annotation:span:AUTH-TAD-0059:r3,rater:rater_3,MADE_BY,,,,,,,,,,,
span:AUTH-TAD-0059,cue:BEFORE_PREDICATE,TRIGGERS_CUE,,,,,,,,,,,
span:AUTH-TAD-0059,cue:EVENT_TIME,TRIGGERS_CUE,,,,,,,,,,,
span:AUTH-TAD-0059,cue:TIME_ADVERB,TRIGGERS_CUE,,,,,,,,,,,
span:AUTH-TAD-0059,cue:TIME_FREQUENCY,TRIGGERS_CUE,,,,,,,,,,,
span:AUTH-TAD-0059,rule:R_TEMP_ADV_04,MATCHES_RULE,,,,,,,,1.0,TEMPORAL_ADVERBIAL,84.0,true
span:AUTH-TAD-0059,rule:R_TEMP_ADV_19,MATCHES_RULE,,,,,,,,2.0,TEMPORAL_ADVERBIAL,84.0,true
span:AUTH-TAD-0059,rule:R_TEMP_KG_ADV_01,MATCHES_RULE,,,,,,,,3.0,TEMPORAL_ADVERBIAL,79.0,true
span:AUTH-TAD-0059,rule:R_TEMP_ADV_08,MATCHES_RULE,,,,,,,,4.0,TEMPORAL_ADVERBIAL,78.0,true
span:AUTH-TAD-0059,rule:R_TEMP_ADV_11,MATCHES_RULE,,,,,,,,5.0,TEMPORAL_ADVERBIAL,73.0,true
sentence:SENT-0287,source:GRAMMAR_MANUAL_ELEMENTARY,DERIVED_FROM,,,,,228,我去了医院，医生已经下班了,,,,,
sentence:SENT-0287,span:AUTH-TAD-0060,HAS_CANDIDATE,,,,,,,,,,,
span:AUTH-TAD-0060,consensus:AUTH-TAD-0060,HAS_CONSENSUS,,,,,,,,,,,
consensus:AUTH-TAD-0060,function:TEMPORAL_ADVERBIAL,MAPS_TO,,,,,,,,,,,
span:AUTH-TAD-0060,cleaning:B_边界复核集,HAS_CLEANING_STATUS,,,,,,,边界集/鲁棒性分析,,,,
span:AUTH-TAD-0060,ambiguity:时间副词_体貌副词边界,HAS_AMBIGUITY,,,,,,,,,,,
span:AUTH-TAD-0060,ambiguity:无重复,HAS_AMBIGUITY,,,,,,,,,,,
span:AUTH-TAD-0060,ambiguity:来源字段完整但仍需正版逐页核验,HAS_AMBIGUITY,,,,,,,,,,,
span:AUTH-TAD-0060,annotation:span:AUTH-TAD-0060:r1,ANNOTATED_BY,,,,,,,,,,,
annotation:span:AUTH-TAD-0060:r1,rater:rater_1,MADE_BY,,,,,,,,,,,
span:AUTH-TAD-0060,annotation:span:AUTH-TAD-0060:r2,ANNOTATED_BY,,,,,,,,,,,
annotation:span:AUTH-TAD-0060:r2,rater:rater_2,MADE_BY,,,,,,,,,,,
span:AUTH-TAD-0060,annotation:span:AUTH-TAD-0060:r3,ANNOTATED_BY,,,,,,,,,,,
annotation:span:AUTH-TAD-0060:r3,rater:rater_3,MADE_BY,,,,,,,,,,,
span:AUTH-TAD-0060,cue:BEFORE_PREDICATE,TRIGGERS_CUE,,,,,,,,,,,
span:AUTH-TAD-0060,cue:EVENT_TIME,TRIGGERS_CUE,,,,,,,,,,,
span:AUTH-TAD-0060,cue:TIME_ADVERB,TRIGGERS_CUE,,,,,,,,,,,
span:AUTH-TAD-0060,cue:TIME_FREQUENCY,TRIGGERS_CUE,,,,,,,,,,,
span:AUTH-TAD-0060,rule:R_TEMP_ADV_04,MATCHES_RULE,,,,,,,,1.0,TEMPORAL_ADVERBIAL,84.0,true
span:AUTH-TAD-0060,rule:R_TEMP_ADV_19,MATCHES_RULE,,,,,,,,2.0,TEMPORAL_ADVERBIAL,84.0,true
span:AUTH-TAD-0060,rule:R_TEMP_KG_ADV_01,MATCHES_RULE,,,,,,,,3.0,TEMPORAL_ADVERBIAL,79.0,true
span:AUTH-TAD-0060,rule:R_TEMP_ADV_08,MATCHES_RULE,,,,,,,,4.0,TEMPORAL_ADVERBIAL,78.0,true
span:AUTH-TAD-0060,rule:R_TEMP_ADV_11,MATCHES_RULE,,,,,,,,5.0,TEMPORAL_ADVERBIAL,73.0,true
sentence:SENT-0323,source:GRAMMAR_MANUAL_ADVANCED,DERIVED_FROM,,,,,151,旅行要去多长时间 (在学校，讨论旅行的时间) 不确定，或两三天， A:听说你放假以,,,,,
sentence:SENT-0323,span:AUTH-TAD-0061,HAS_CANDIDATE,,,,,,,,,,,
span:AUTH-TAD-0061,consensus:AUTH-TAD-0061,HAS_CONSENSUS,,,,,,,,,,,
consensus:AUTH-TAD-0061,function:OTHER,MAPS_TO,,,,,,,,,,,
span:AUTH-TAD-0061,cleaning:B_边界复核集,HAS_CLEANING_STATUS,,,,,,,边界集/鲁棒性分析,,,,
span:AUTH-TAD-0061,ambiguity:时量补语_持续时间边界,HAS_AMBIGUITY,,,,,,,,,,,
span:AUTH-TAD-0061,ambiguity:非目标时间表达,HAS_AMBIGUITY,,,,,,,,,,,
span:AUTH-TAD-0061,ambiguity:三人标注不完全一致,HAS_AMBIGUITY,,,,,,,,,,,
span:AUTH-TAD-0061,ambiguity:同句多候选_重复句,HAS_AMBIGUITY,,,,,,,,,,,
span:AUTH-TAD-0061,ambiguity:来源字段完整但仍需正版逐页核验,HAS_AMBIGUITY,,,,,,,,,,,
span:AUTH-TAD-0061,annotation:span:AUTH-TAD-0061:r1,ANNOTATED_BY,,,,,,,,,,,
annotation:span:AUTH-TAD-0061:r1,rater:rater_1,MADE_BY,,,,,,,,,,,
span:AUTH-TAD-0061,annotation:span:AUTH-TAD-0061:r2,ANNOTATED_BY,,,,,,,,,,,
annotation:span:AUTH-TAD-0061:r2,rater:rater_2,MADE_BY,,,,,,,,,,,
span:AUTH-TAD-0061,annotation:span:AUTH-TAD-0061:r3,ANNOTATED_BY,,,,,,,,,,,
annotation:span:AUTH-TAD-0061:r3,rater:rater_3,MADE_BY,,,,,,,,,,,
span:AUTH-TAD-0061,cue:TIME_DURATION,TRIGGERS_CUE,,,,,,,,,,,
sentence:SENT-0158,source:GRAMMAR_MANUAL_INTERMEDIATE,DERIVED_FROM,,,,,182,依照医生的要求，他每天按时吃药,,,,,
sentence:SENT-0158,span:AUTH-TAD-0062,HAS_CANDIDATE,,,,,,,,,,,
span:AUTH-TAD-0062,consensus:AUTH-TAD-0062,HAS_CONSENSUS,,,,,,,,,,,
consensus:AUTH-TAD-0062,function:TEMPORAL_ADVERBIAL,MAPS_TO,,,,,,,,,,,
span:AUTH-TAD-0062,cleaning:A_主评测候选,HAS_CLEANING_STATUS,,,,,,,主实验/严格评测,,,,
span:AUTH-TAD-0062,ambiguity:无重复,HAS_AMBIGUITY,,,,,,,,,,,
span:AUTH-TAD-0062,ambiguity:来源字段完整但仍需正版逐页核验,HAS_AMBIGUITY,,,,,,,,,,,
span:AUTH-TAD-0062,annotation:span:AUTH-TAD-0062:r1,ANNOTATED_BY,,,,,,,,,,,
annotation:span:AUTH-TAD-0062:r1,rater:rater_1,MADE_BY,,,,,,,,,,,
span:AUTH-TAD-0062,annotation:span:AUTH-TAD-0062:r2,ANNOTATED_BY,,,,,,,,,,,
annotation:span:AUTH-TAD-0062:r2,rater:rater_2,MADE_BY,,,,,,,,,,,
span:AUTH-TAD-0062,annotation:span:AUTH-TAD-0062:r3,ANNOTATED_BY,,,,,,,,,,,
annotation:span:AUTH-TAD-0062:r3,rater:rater_3,MADE_BY,,,,,,,,,,,
span:AUTH-TAD-0062,cue:TIME_FREQUENCY,TRIGGERS_CUE,,,,,,,,,,,
span:AUTH-TAD-0062,rule:R_TEMP_KG_ADV_01,MATCHES_RULE,,,,,,,,1.0,TEMPORAL_ADVERBIAL,79.0,true
sentence:SENT-0026,source:GRAMMAR_MANUAL_ELEMENTARY,DERIVED_FROM,,,,,253,提示 “该……了”只能用于尚未发生的事情，不能用于已经发生的事情,,,,,
sentence:SENT-0026,span:AUTH-TAD-0063,HAS_CANDIDATE,,,,,,,,,,,
span:AUTH-TAD-0063,consensus:AUTH-TAD-0063,HAS_CONSENSUS,,,,,,,,,,,
consensus:AUTH-TAD-0063,function:TEMPORAL_ADVERBIAL,MAPS_TO,,,,,,,,,,,
span:AUTH-TAD-0063,cleaning:B_边界复核集,HAS_CLEANING_STATUS,,,,,,,边界集/鲁棒性分析,,,,
span:AUTH-TAD-0063,ambiguity:时间副词_体貌副词边界,HAS_AMBIGUITY,,,,,,,,,,,
span:AUTH-TAD-0063,ambiguity:无重复,HAS_AMBIGUITY,,,,,,,,,,,
span:AUTH-TAD-0063,ambiguity:来源字段完整但仍需正版逐页核验,HAS_AMBIGUITY,,,,,,,,,,,
span:AUTH-TAD-0063,annotation:span:AUTH-TAD-0063:r1,ANNOTATED_BY,,,,,,,,,,,
annotation:span:AUTH-TAD-0063:r1,rater:rater_1,MADE_BY,,,,,,,,,,,
span:AUTH-TAD-0063,annotation:span:AUTH-TAD-0063:r2,ANNOTATED_BY,,,,,,,,,,,
annotation:span:AUTH-TAD-0063:r2,rater:rater_2,MADE_BY,,,,,,,,,,,
span:AUTH-TAD-0063,annotation:span:AUTH-TAD-0063:r3,ANNOTATED_BY,,,,,,,,,,,
annotation:span:AUTH-TAD-0063:r3,rater:rater_3,MADE_BY,,,,,,,,,,,
span:AUTH-TAD-0063,cue:BEFORE_PREDICATE,TRIGGERS_CUE,,,,,,,,,,,
span:AUTH-TAD-0063,cue:EVENT_TIME,TRIGGERS_CUE,,,,,,,,,,,
span:AUTH-TAD-0063,cue:NO_TEMPORAL_EXPRESSION,TRIGGERS_CUE,,,,,,,,,,,
span:AUTH-TAD-0063,cue:TIME_ADVERB,TRIGGERS_CUE,,,,,,,,,,,
span:AUTH-TAD-0063,rule:R_TEMP_ADV_19,MATCHES_RULE,,,,,,,,1.0,TEMPORAL_ADVERBIAL,84.0,true
span:AUTH-TAD-0063,rule:R_TEMP_ADV_08,MATCHES_RULE,,,,,,,,2.0,TEMPORAL_ADVERBIAL,78.0,true
sentence:SENT-0304,source:GRAMMAR_MANUAL_ELEMENTARY,DERIVED_FROM,,,,,267,每(+一)+量词”作“人、月、星期、小时”等名词的定语时，“一”和量 词都可以省略，如“每一个,,,,,
sentence:SENT-0304,span:AUTH-TAD-0064,HAS_CANDIDATE,,,,,,,,,,,
span:AUTH-TAD-0064,consensus:AUTH-TAD-0064,HAS_CONSENSUS,,,,,,,,,,,
consensus:AUTH-TAD-0064,function:ATTRIBUTE,MAPS_TO,,,,,,,,,,,
span:AUTH-TAD-0064,cleaning:C_暂不纳入主实验,HAS_CLEANING_STATUS,,,,,,,待复核,,,,
span:AUTH-TAD-0064,ambiguity:原表已建议复核_剔除,HAS_AMBIGUITY,,,,,,,,,,,
span:AUTH-TAD-0064,ambiguity:时量补语_持续时间边界,HAS_AMBIGUITY,,,,,,,,,,,
span:AUTH-TAD-0064,ambiguity:三人标注不完全一致,HAS_AMBIGUITY,,,,,,,,,,,
span:AUTH-TAD-0064,ambiguity:至少一名标注者修正片段,HAS_AMBIGUITY,,,,,,,,,,,
span:AUTH-TAD-0064,ambiguity:无重复,HAS_AMBIGUITY,,,,,,,,,,,
span:AUTH-TAD-0064,ambiguity:来源字段完整但仍需正版逐页核验,HAS_AMBIGUITY,,,,,,,,,,,
span:AUTH-TAD-0064,annotation:span:AUTH-TAD-0064:r1,ANNOTATED_BY,,,,,,,,,,,
annotation:span:AUTH-TAD-0064:r1,rater:rater_1,MADE_BY,,,,,,,,,,,
span:AUTH-TAD-0064,annotation:span:AUTH-TAD-0064:r2,ANNOTATED_BY,,,,,,,,,,,
annotation:span:AUTH-TAD-0064:r2,rater:rater_2,MADE_BY,,,,,,,,,,,
span:AUTH-TAD-0064,annotation:span:AUTH-TAD-0064:r3,ANNOTATED_BY,,,,,,,,,,,
annotation:span:AUTH-TAD-0064:r3,rater:rater_3,MADE_BY,,,,,,,,,,,
span:AUTH-TAD-0064,cue:ATTR_NOMINAL_DIRECT,TRIGGERS_CUE,,,,,,,,,,,
span:AUTH-TAD-0064,cue:NOMINAL_HEAD,TRIGGERS_CUE,,,,,,,,,,,
span:AUTH-TAD-0064,cue:TIME_FREQUENCY,TRIGGERS_CUE,,,,,,,,,,,
span:AUTH-TAD-0064,rule:R_TEMP_KG_ATTR_02,MATCHES_RULE,,,,,,,,1.0,ATTRIBUTE,126.0,true
span:AUTH-TAD-0064,rule:R_TEMP_KG_ADV_01,MATCHES_RULE,,,,,,,,2.0,TEMPORAL_ADVERBIAL,79.0,false
sentence:SENT-0071,source:GRAMMAR_MANUAL_INTERMEDIATE,DERIVED_FROM,,,,,158,一向”表示长期稳定、具有规律的状态，不能和表示具体时间的词同时出现,,,,,
sentence:SENT-0071,span:AUTH-TAD-0065,HAS_CANDIDATE,,,,,,,,,,,
span:AUTH-TAD-0065,consensus:AUTH-TAD-0065,HAS_CONSENSUS,,,,,,,,,,,
consensus:AUTH-TAD-0065,function:TEMPORAL_ADVERBIAL,MAPS_TO,,,,,,,,,,,
span:AUTH-TAD-0065,cleaning:B_边界复核集,HAS_CLEANING_STATUS,,,,,,,边界集/鲁棒性分析,,,,
span:AUTH-TAD-0065,ambiguity:时间副词_体貌副词边界,HAS_AMBIGUITY,,,,,,,,,,,
span:AUTH-TAD-0065,ambiguity:无重复,HAS_AMBIGUITY,,,,,,,,,,,
span:AUTH-TAD-0065,ambiguity:来源字段完整但仍需正版逐页核验,HAS_AMBIGUITY,,,,,,,,,,,
span:AUTH-TAD-0065,annotation:span:AUTH-TAD-0065:r1,ANNOTATED_BY,,,,,,,,,,,
annotation:span:AUTH-TAD-0065:r1,rater:rater_1,MADE_BY,,,,,,,,,,,
span:AUTH-TAD-0065,annotation:span:AUTH-TAD-0065:r2,ANNOTATED_BY,,,,,,,,,,,
annotation:span:AUTH-TAD-0065:r2,rater:rater_2,MADE_BY,,,,,,,,,,,
span:AUTH-TAD-0065,annotation:span:AUTH-TAD-0065:r3,ANNOTATED_BY,,,,,,,,,,,
annotation:span:AUTH-TAD-0065:r3,rater:rater_3,MADE_BY,,,,,,,,,,,
span:AUTH-TAD-0065,cue:TIME_ADVERB,TRIGGERS_CUE,,,,,,,,,,,
span:AUTH-TAD-0065,cue:TIME_FREQUENCY,TRIGGERS_CUE,,,,,,,,,,,
span:AUTH-TAD-0065,rule:R_TEMP_KG_ADV_01,MATCHES_RULE,,,,,,,,1.0,TEMPORAL_ADVERBIAL,79.0,true
span:AUTH-TAD-0065,rule:R_TEMP_ADV_11,MATCHES_RULE,,,,,,,,2.0,TEMPORAL_ADVERBIAL,73.0,true
sentence:SENT-0244,source:GRAMMAR_MANUAL_ADVANCED,DERIVED_FROM,,,,,192,七一九级语法点 经常加班确实很累，可是话又说回来，公司给的薪,,,,,
sentence:SENT-0244,span:AUTH-TAD-0066,HAS_CANDIDATE,,,,,,,,,,,
span:AUTH-TAD-0066,consensus:AUTH-TAD-0066,HAS_CONSENSUS,,,,,,,,,,,
consensus:AUTH-TAD-0066,function:OTHER,MAPS_TO,,,,,,,,,,,
span:AUTH-TAD-0066,cleaning:C_暂不纳入主实验,HAS_CLEANING_STATUS,,,,,,,待复核,,,,
span:AUTH-TAD-0066,ambiguity:原表已建议复核_剔除,HAS_AMBIGUITY,,,,,,,,,,,
span:AUTH-TAD-0066,ambiguity:时量补语_持续时间边界,HAS_AMBIGUITY,,,,,,,,,,,
span:AUTH-TAD-0066,ambiguity:非目标时间表达,HAS_AMBIGUITY,,,,,,,,,,,
span:AUTH-TAD-0066,ambiguity:三人标注不完全一致,HAS_AMBIGUITY,,,,,,,,,,,
span:AUTH-TAD-0066,ambiguity:至少一名标注者修正片段,HAS_AMBIGUITY,,,,,,,,,,,
span:AUTH-TAD-0066,ambiguity:无重复,HAS_AMBIGUITY,,,,,,,,,,,
span:AUTH-TAD-0066,ambiguity:来源字段完整但仍需正版逐页核验,HAS_AMBIGUITY,,,,,,,,,,,
span:AUTH-TAD-0066,annotation:span:AUTH-TAD-0066:r1,ANNOTATED_BY,,,,,,,,,,,
annotation:span:AUTH-TAD-0066:r1,rater:rater_1,MADE_BY,,,,,,,,,,,
span:AUTH-TAD-0066,annotation:span:AUTH-TAD-0066:r2,ANNOTATED_BY,,,,,,,,,,,
annotation:span:AUTH-TAD-0066:r2,rater:rater_2,MADE_BY,,,,,,,,,,,
span:AUTH-TAD-0066,annotation:span:AUTH-TAD-0066:r3,ANNOTATED_BY,,,,,,,,,,,
annotation:span:AUTH-TAD-0066:r3,rater:rater_3,MADE_BY,,,,,,,,,,,
span:AUTH-TAD-0066,cue:ABSTRACT_OR_NON_TARGET_TIME,TRIGGERS_CUE,,,,,,,,,,,
span:AUTH-TAD-0066,cue:AFTER_VERB,TRIGGERS_CUE,,,,,,,,,,,
span:AUTH-TAD-0066,cue:COMPLEMENT_DURATION_CONTEXT,TRIGGERS_CUE,,,,,,,,,,,
span:AUTH-TAD-0066,cue:DURATION_COMPLEMENT,TRIGGERS_CUE,,,,,,,,,,,
span:AUTH-TAD-0066,cue:REVIEW_NON_TARGET_RISK,TRIGGERS_CUE,,,,,,,,,,,
span:AUTH-TAD-0066,cue:TEMPORAL_COMPARISON_STATE,TRIGGERS_CUE,,,,,,,,,,,
span:AUTH-TAD-0066,cue:TIME_DURATION,TRIGGERS_CUE,,,,,,,,,,,
span:AUTH-TAD-0066,rule:R_TEMP_KG_OTHER_01,MATCHES_RULE,,,,,,,,1.0,OTHER,130.0,true
span:AUTH-TAD-0066,rule:R_TEMP_KG_COMP_01,MATCHES_RULE,,,,,,,,2.0,COMPLEMENT,127.0,false
span:AUTH-TAD-0066,rule:R_TEMP_KG_OTHER_02,MATCHES_RULE,,,,,,,,3.0,OTHER,124.0,true
span:AUTH-TAD-0066,rule:R_TEMP_KG_OTHER_03,MATCHES_RULE,,,,,,,,4.0,OTHER,123.0,true
span:AUTH-TAD-0066,rule:R_TEMP_COMP_01,MATCHES_RULE,,,,,,,,5.0,COMPLEMENT,96.0,false
sentence:SENT-0195,source:GRAMMAR_MANUAL_ELEMENTARY,DERIVED_FROM,,,,,327,因为钱的事情，他们经常吵架,,,,,
sentence:SENT-0195,span:AUTH-TAD-0067,HAS_CANDIDATE,,,,,,,,,,,
span:AUTH-TAD-0067,consensus:AUTH-TAD-0067,HAS_CONSENSUS,,,,,,,,,,,
consensus:AUTH-TAD-0067,function:TEMPORAL_ADVERBIAL,MAPS_TO,,,,,,,,,,,
span:AUTH-TAD-0067,cleaning:B_边界复核集,HAS_CLEANING_STATUS,,,,,,,边界集/鲁棒性分析,,,,
span:AUTH-TAD-0067,ambiguity:时间副词_体貌副词边界,HAS_AMBIGUITY,,,,,,,,,,,
span:AUTH-TAD-0067,ambiguity:无重复,HAS_AMBIGUITY,,,,,,,,,,,
span:AUTH-TAD-0067,ambiguity:来源字段完整但仍需正版逐页核验,HAS_AMBIGUITY,,,,,,,,,,,
span:AUTH-TAD-0067,annotation:span:AUTH-TAD-0067:r1,ANNOTATED_BY,,,,,,,,,,,
annotation:span:AUTH-TAD-0067:r1,rater:rater_1,MADE_BY,,,,,,,,,,,
span:AUTH-TAD-0067,annotation:span:AUTH-TAD-0067:r2,ANNOTATED_BY,,,,,,,,,,,
annotation:span:AUTH-TAD-0067:r2,rater:rater_2,MADE_BY,,,,,,,,,,,
span:AUTH-TAD-0067,annotation:span:AUTH-TAD-0067:r3,ANNOTATED_BY,,,,,,,,,,,
annotation:span:AUTH-TAD-0067:r3,rater:rater_3,MADE_BY,,,,,,,,,,,
span:AUTH-TAD-0067,cue:TIME_FREQUENCY,TRIGGERS_CUE,,,,,,,,,,,
span:AUTH-TAD-0067,rule:R_TEMP_KG_ADV_01,MATCHES_RULE,,,,,,,,1.0,TEMPORAL_ADVERBIAL,79.0,true
sentence:SENT-0362,source:GRAMMAR_MANUAL_ADVANCED,DERIVED_FROM,,,,,104,◎ 典型例句和对话 例句 交际实践 可不是，警察都已经 (在小区门口，询问出了什么事) 来了,,,,,
sentence:SENT-0362,span:AUTH-TAD-0068,HAS_CANDIDATE,,,,,,,,,,,
span:AUTH-TAD-0068,consensus:AUTH-TAD-0068,HAS_CONSENSUS,,,,,,,,,,,
consensus:AUTH-TAD-0068,function:OTHER,MAPS_TO,,,,,,,,,,,
span:AUTH-TAD-0068,cleaning:C_暂不纳入主实验,HAS_CLEANING_STATUS,,,,,,,待复核,,,,
span:AUTH-TAD-0068,ambiguity:候选片段与最终片段不一致,HAS_AMBIGUITY,,,,,,,,,,,
span:AUTH-TAD-0068,ambiguity:非目标时间表达,HAS_AMBIGUITY,,,,,,,,,,,
span:AUTH-TAD-0068,ambiguity:三人标注不完全一致,HAS_AMBIGUITY,,,,,,,,,,,
span:AUTH-TAD-0068,ambiguity:至少一名标注者修正片段,HAS_AMBIGUITY,,,,,,,,,,,
span:AUTH-TAD-0068,ambiguity:同句多候选_重复句,HAS_AMBIGUITY,,,,,,,,,,,
span:AUTH-TAD-0068,ambiguity:来源字段完整但仍需正版逐页核验,HAS_AMBIGUITY,,,,,,,,,,,
span:AUTH-TAD-0068,annotation:span:AUTH-TAD-0068:r1,ANNOTATED_BY,,,,,,,,,,,
annotation:span:AUTH-TAD-0068:r1,rater:rater_1,MADE_BY,,,,,,,,,,,
span:AUTH-TAD-0068,annotation:span:AUTH-TAD-0068:r2,ANNOTATED_BY,,,,,,,,,,,
annotation:span:AUTH-TAD-0068:r2,rater:rater_2,MADE_BY,,,,,,,,,,,
span:AUTH-TAD-0068,annotation:span:AUTH-TAD-0068:r3,ANNOTATED_BY,,,,,,,,,,,
annotation:span:AUTH-TAD-0068:r3,rater:rater_3,MADE_BY,,,,,,,,,,,
span:AUTH-TAD-0068,cue:BEFORE_PREDICATE,TRIGGERS_CUE,,,,,,,,,,,
span:AUTH-TAD-0068,cue:EVENT_TIME,TRIGGERS_CUE,,,,,,,,,,,
span:AUTH-TAD-0068,cue:NO_TEMPORAL_EXPRESSION,TRIGGERS_CUE,,,,,,,,,,,
span:AUTH-TAD-0068,cue:REVIEW_NON_TARGET_RISK,TRIGGERS_CUE,,,,,,,,,,,
span:AUTH-TAD-0068,rule:R_TEMP_KG_OTHER_01,MATCHES_RULE,,,,,,,,1.0,OTHER,130.0,true
sentence:SENT-0240,source:GRAMMAR_MANUAL_INTERMEDIATE,DERIVED_FROM,,,,,357,例如： 她就算再忙也会抽时间锻炼身体,,,,,
sentence:SENT-0240,span:AUTH-TAD-0069,HAS_CANDIDATE,,,,,,,,,,,
span:AUTH-TAD-0069,consensus:AUTH-TAD-0069,HAS_CONSENSUS,,,,,,,,,,,
consensus:AUTH-TAD-0069,function:TEMPORAL_ADVERBIAL,MAPS_TO,,,,,,,,,,,
span:AUTH-TAD-0069,cleaning:A_主评测候选,HAS_CLEANING_STATUS,,,,,,,主实验/严格评测,,,,
span:AUTH-TAD-0069,ambiguity:同句多候选_重复句,HAS_AMBIGUITY,,,,,,,,,,,
span:AUTH-TAD-0069,ambiguity:来源字段完整但仍需正版逐页核验,HAS_AMBIGUITY,,,,,,,,,,,
span:AUTH-TAD-0069,annotation:span:AUTH-TAD-0069:r1,ANNOTATED_BY,,,,,,,,,,,
annotation:span:AUTH-TAD-0069:r1,rater:rater_1,MADE_BY,,,,,,,,,,,
span:AUTH-TAD-0069,annotation:span:AUTH-TAD-0069:r2,ANNOTATED_BY,,,,,,,,,,,
annotation:span:AUTH-TAD-0069:r2,rater:rater_2,MADE_BY,,,,,,,,,,,
span:AUTH-TAD-0069,annotation:span:AUTH-TAD-0069:r3,ANNOTATED_BY,,,,,,,,,,,
annotation:span:AUTH-TAD-0069:r3,rater:rater_3,MADE_BY,,,,,,,,,,,
span:AUTH-TAD-0069,cue:TIME_FREQUENCY,TRIGGERS_CUE,,,,,,,,,,,
span:AUTH-TAD-0069,rule:R_TEMP_KG_ADV_01,MATCHES_RULE,,,,,,,,1.0,TEMPORAL_ADVERBIAL,79.0,true
sentence:SENT-0439,source:GRAMMAR_MANUAL_ELEMENTARY,DERIVED_FROM,,,,,280,级语法点 20 时间副词(3):曾经 【三14】 ◎基本语义及用法 表示某种,,,,,
sentence:SENT-0439,span:AUTH-TAD-0070,HAS_CANDIDATE,,,,,,,,,,,
span:AUTH-TAD-0070,consensus:AUTH-TAD-0070,HAS_CONSENSUS,,,,,,,,,,,
consensus:AUTH-TAD-0070,function:TEMPORAL_ADVERBIAL,MAPS_TO,,,,,,,,,,,
span:AUTH-TAD-0070,cleaning:B_边界复核集,HAS_CLEANING_STATUS,,,,,,,边界集/鲁棒性分析,,,,
span:AUTH-TAD-0070,ambiguity:时间副词_体貌副词边界,HAS_AMBIGUITY,,,,,,,,,,,
span:AUTH-TAD-0070,ambiguity:无重复,HAS_AMBIGUITY,,,,,,,,,,,
span:AUTH-TAD-0070,ambiguity:来源字段完整但仍需正版逐页核验,HAS_AMBIGUITY,,,,,,,,,,,
span:AUTH-TAD-0070,annotation:span:AUTH-TAD-0070:r1,ANNOTATED_BY,,,,,,,,,,,
annotation:span:AUTH-TAD-0070:r1,rater:rater_1,MADE_BY,,,,,,,,,,,
span:AUTH-TAD-0070,annotation:span:AUTH-TAD-0070:r2,ANNOTATED_BY,,,,,,,,,,,
annotation:span:AUTH-TAD-0070:r2,rater:rater_2,MADE_BY,,,,,,,,,,,
span:AUTH-TAD-0070,annotation:span:AUTH-TAD-0070:r3,ANNOTATED_BY,,,,,,,,,,,
annotation:span:AUTH-TAD-0070:r3,rater:rater_3,MADE_BY,,,,,,,,,,,
span:AUTH-TAD-0070,cue:TIME_ADVERB,TRIGGERS_CUE,,,,,,,,,,,
span:AUTH-TAD-0070,cue:TIME_FREQUENCY,TRIGGERS_CUE,,,,,,,,,,,
span:AUTH-TAD-0070,rule:R_TEMP_KG_ADV_01,MATCHES_RULE,,,,,,,,1.0,TEMPORAL_ADVERBIAL,79.0,true
span:AUTH-TAD-0070,rule:R_TEMP_ADV_11,MATCHES_RULE,,,,,,,,2.0,TEMPORAL_ADVERBIAL,73.0,true
sentence:SENT-0062,source:GRAMMAR_MANUAL_ADVANCED,DERIVED_FROM,,,,,34,,,,,,
sentence:SENT-0062,span:AUTH-TAD-0071,HAS_CANDIDATE,,,,,,,,,,,
span:AUTH-TAD-0071,consensus:AUTH-TAD-0071,HAS_CONSENSUS,,,,,,,,,,,
consensus:AUTH-TAD-0071,function:TEMPORAL_ADVERBIAL,MAPS_TO,,,,,,,,,,,
span:AUTH-TAD-0071,cleaning:B_边界复核集,HAS_CLEANING_STATUS,,,,,,,边界集/鲁棒性分析,,,,
span:AUTH-TAD-0071,ambiguity:页面线索缺失,HAS_AMBIGUITY,,,,,,,,,,,
span:AUTH-TAD-0071,ambiguity:时量补语_持续时间边界,HAS_AMBIGUITY,,,,,,,,,,,
span:AUTH-TAD-0071,ambiguity:无重复,HAS_AMBIGUITY,,,,,,,,,,,
span:AUTH-TAD-0071,annotation:span:AUTH-TAD-0071:r1,ANNOTATED_BY,,,,,,,,,,,
annotation:span:AUTH-TAD-0071:r1,rater:rater_1,MADE_BY,,,,,,,,,,,
span:AUTH-TAD-0071,annotation:span:AUTH-TAD-0071:r2,ANNOTATED_BY,,,,,,,,,,,
annotation:span:AUTH-TAD-0071:r2,rater:rater_2,MADE_BY,,,,,,,,,,,
span:AUTH-TAD-0071,annotation:span:AUTH-TAD-0071:r3,ANNOTATED_BY,,,,,,,,,,,
annotation:span:AUTH-TAD-0071:r3,rater:rater_3,MADE_BY,,,,,,,,,,,
span:AUTH-TAD-0071,cue:BEFORE_PREDICATE,TRIGGERS_CUE,,,,,,,,,,,
span:AUTH-TAD-0071,cue:EVENT_TIME,TRIGGERS_CUE,,,,,,,,,,,
span:AUTH-TAD-0071,cue:NO_TEMPORAL_EXPRESSION,TRIGGERS_CUE,,,,,,,,,,,
span:AUTH-TAD-0071,cue:SENTENCE_INITIAL,TRIGGERS_CUE,,,,,,,,,,,
sentence:SENT-0291,source:GRAMMAR_MANUAL_ADVANCED,DERIVED_FROM,,,,,172,该做决定的时候他犹 (在公司，谈论项目失败的原因) 豫,,,,,
sentence:SENT-0291,span:AUTH-TAD-0072,HAS_CANDIDATE,,,,,,,,,,,
span:AUTH-TAD-0072,consensus:AUTH-TAD-0072,HAS_CONSENSUS,,,,,,,,,,,
consensus:AUTH-TAD-0072,function:TEMPORAL_ADVERBIAL,MAPS_TO,,,,,,,,,,,
span:AUTH-TAD-0072,cleaning:B_边界复核集,HAS_CLEANING_STATUS,,,,,,,边界集/鲁棒性分析,,,,
span:AUTH-TAD-0072,ambiguity:介词于_事件时间边界,HAS_AMBIGUITY,,,,,,,,,,,
span:AUTH-TAD-0072,ambiguity:无重复,HAS_AMBIGUITY,,,,,,,,,,,
span:AUTH-TAD-0072,ambiguity:来源字段完整但仍需正版逐页核验,HAS_AMBIGUITY,,,,,,,,,,,
span:AUTH-TAD-0072,annotation:span:AUTH-TAD-0072:r1,ANNOTATED_BY,,,,,,,,,,,
annotation:span:AUTH-TAD-0072:r1,rater:rater_1,MADE_BY,,,,,,,,,,,
span:AUTH-TAD-0072,annotation:span:AUTH-TAD-0072:r2,ANNOTATED_BY,,,,,,,,,,,
annotation:span:AUTH-TAD-0072:r2,rater:rater_2,MADE_BY,,,,,,,,,,,
span:AUTH-TAD-0072,annotation:span:AUTH-TAD-0072:r3,ANNOTATED_BY,,,,,,,,,,,
annotation:span:AUTH-TAD-0072:r3,rater:rater_3,MADE_BY,,,,,,,,,,,
span:AUTH-TAD-0072,cue:TIME_NOUN,TRIGGERS_CUE,,,,,,,,,,,
span:AUTH-TAD-0072,rule:R_TEMP_KG_ADV_02,MATCHES_RULE,,,,,,,,1.0,TEMPORAL_ADVERBIAL,72.0,true
sentence:SENT-0423,source:GRAMMAR_MANUAL_ADVANCED,DERIVED_FROM,,,,,126,,,,,,
sentence:SENT-0423,span:AUTH-TAD-0073,HAS_CANDIDATE,,,,,,,,,,,
span:AUTH-TAD-0073,consensus:AUTH-TAD-0073,HAS_CONSENSUS,,,,,,,,,,,
consensus:AUTH-TAD-0073,function:TEMPORAL_ADVERBIAL,MAPS_TO,,,,,,,,,,,
span:AUTH-TAD-0073,cleaning:B_边界复核集,HAS_CLEANING_STATUS,,,,,,,边界集/鲁棒性分析,,,,
span:AUTH-TAD-0073,ambiguity:页面线索缺失,HAS_AMBIGUITY,,,,,,,,,,,
span:AUTH-TAD-0073,ambiguity:无重复,HAS_AMBIGUITY,,,,,,,,,,,
span:AUTH-TAD-0073,annotation:span:AUTH-TAD-0073:r1,ANNOTATED_BY,,,,,,,,,,,
annotation:span:AUTH-TAD-0073:r1,rater:rater_1,MADE_BY,,,,,,,,,,,
span:AUTH-TAD-0073,annotation:span:AUTH-TAD-0073:r2,ANNOTATED_BY,,,,,,,,,,,
annotation:span:AUTH-TAD-0073:r2,rater:rater_2,MADE_BY,,,,,,,,,,,
span:AUTH-TAD-0073,annotation:span:AUTH-TAD-0073:r3,ANNOTATED_BY,,,,,,,,,,,
annotation:span:AUTH-TAD-0073:r3,rater:rater_3,MADE_BY,,,,,,,,,,,
span:AUTH-TAD-0073,cue:BEFORE_PREDICATE,TRIGGERS_CUE,,,,,,,,,,,
span:AUTH-TAD-0073,cue:EVENT_TIME,TRIGGERS_CUE,,,,,,,,,,,
span:AUTH-TAD-0073,cue:TIME_NOUN,TRIGGERS_CUE,,,,,,,,,,,
span:AUTH-TAD-0073,rule:R_TEMP_ADV_01,MATCHES_RULE,,,,,,,,1.0,TEMPORAL_ADVERBIAL,90.0,true
span:AUTH-TAD-0073,rule:R_TEMP_ADV_02,MATCHES_RULE,,,,,,,,2.0,TEMPORAL_ADVERBIAL,88.0,true
span:AUTH-TAD-0073,rule:R_TEMP_KG_ADV_02,MATCHES_RULE,,,,,,,,3.0,TEMPORAL_ADVERBIAL,72.0,true
sentence:SENT-0019,source:GRAMMAR_MANUAL_INTERMEDIATE,DERIVED_FROM,,,,,107,小提示 (1)前一分句中的时间副词或者主语既可以放在“不管”前面，也可,,,,,
sentence:SENT-0019,span:AUTH-TAD-0074,HAS_CANDIDATE,,,,,,,,,,,
span:AUTH-TAD-0074,consensus:AUTH-TAD-0074,HAS_CONSENSUS,,,,,,,,,,,
consensus:AUTH-TAD-0074,function:TEMPORAL_ADVERBIAL,MAPS_TO,,,,,,,,,,,
span:AUTH-TAD-0074,cleaning:B_边界复核集,HAS_CLEANING_STATUS,,,,,,,边界集/鲁棒性分析,,,,
span:AUTH-TAD-0074,ambiguity:时间主语_普通时间词边界,HAS_AMBIGUITY,,,,,,,,,,,
span:AUTH-TAD-0074,ambiguity:无重复,HAS_AMBIGUITY,,,,,,,,,,,
span:AUTH-TAD-0074,ambiguity:来源字段完整但仍需正版逐页核验,HAS_AMBIGUITY,,,,,,,,,,,
span:AUTH-TAD-0074,annotation:span:AUTH-TAD-0074:r1,ANNOTATED_BY,,,,,,,,,,,
annotation:span:AUTH-TAD-0074:r1,rater:rater_1,MADE_BY,,,,,,,,,,,
span:AUTH-TAD-0074,annotation:span:AUTH-TAD-0074:r2,ANNOTATED_BY,,,,,,,,,,,
annotation:span:AUTH-TAD-0074:r2,rater:rater_2,MADE_BY,,,,,,,,,,,
span:AUTH-TAD-0074,annotation:span:AUTH-TAD-0074:r3,ANNOTATED_BY,,,,,,,,,,,
annotation:span:AUTH-TAD-0074:r3,rater:rater_3,MADE_BY,,,,,,,,,,,
span:AUTH-TAD-0074,cue:BEFORE_PREDICATE,TRIGGERS_CUE,,,,,,,,,,,
span:AUTH-TAD-0074,cue:COPULA_SHI,TRIGGERS_CUE,,,,,,,,,,,
span:AUTH-TAD-0074,cue:EVENT_TIME,TRIGGERS_CUE,,,,,,,,,,,
span:AUTH-TAD-0074,cue:TIME_NOUN,TRIGGERS_CUE,,,,,,,,,,,
span:AUTH-TAD-0074,rule:R_TEMP_ADV_01,MATCHES_RULE,,,,,,,,1.0,TEMPORAL_ADVERBIAL,90.0,true
span:AUTH-TAD-0074,rule:R_TEMP_ADV_02,MATCHES_RULE,,,,,,,,2.0,TEMPORAL_ADVERBIAL,88.0,true
span:AUTH-TAD-0074,rule:R_TEMP_KG_ADV_02,MATCHES_RULE,,,,,,,,3.0,TEMPORAL_ADVERBIAL,72.0,true
sentence:SENT-0197,source:GRAMMAR_MANUAL_INTERMEDIATE,DERIVED_FROM,,,,,161,在别人不注意的时候，他偷偷走了,,,,,
sentence:SENT-0197,span:AUTH-TAD-0075,HAS_CANDIDATE,,,,,,,,,,,
span:AUTH-TAD-0075,consensus:AUTH-TAD-0075,HAS_CONSENSUS,,,,,,,,,,,
consensus:AUTH-TAD-0075,function:TEMPORAL_ADVERBIAL,MAPS_TO,,,,,,,,,,,
span:AUTH-TAD-0075,cleaning:B_边界复核集,HAS_CLEANING_STATUS,,,,,,,边界集/鲁棒性分析,,,,
span:AUTH-TAD-0075,ambiguity:相对时间框架边界,HAS_AMBIGUITY,,,,,,,,,,,
span:AUTH-TAD-0075,ambiguity:无重复,HAS_AMBIGUITY,,,,,,,,,,,
span:AUTH-TAD-0075,ambiguity:来源字段完整但仍需正版逐页核验,HAS_AMBIGUITY,,,,,,,,,,,
span:AUTH-TAD-0075,annotation:span:AUTH-TAD-0075:r1,ANNOTATED_BY,,,,,,,,,,,
annotation:span:AUTH-TAD-0075:r1,rater:rater_1,MADE_BY,,,,,,,,,,,
span:AUTH-TAD-0075,annotation:span:AUTH-TAD-0075:r2,ANNOTATED_BY,,,,,,,,,,,
annotation:span:AUTH-TAD-0075:r2,rater:rater_2,MADE_BY,,,,,,,,,,,
span:AUTH-TAD-0075,annotation:span:AUTH-TAD-0075:r3,ANNOTATED_BY,,,,,,,,,,,
annotation:span:AUTH-TAD-0075:r3,rater:rater_3,MADE_BY,,,,,,,,,,,
span:AUTH-TAD-0075,cue:BEFORE_PREDICATE,TRIGGERS_CUE,,,,,,,,,,,
span:AUTH-TAD-0075,cue:EVENT_TIME,TRIGGERS_CUE,,,,,,,,,,,
span:AUTH-TAD-0075,cue:SENTENCE_INITIAL,TRIGGERS_CUE,,,,,,,,,,,
span:AUTH-TAD-0075,cue:TEMPORAL_PREP,TRIGGERS_CUE,,,,,,,,,,,
span:AUTH-TAD-0075,cue:TIME_NOUN,TRIGGERS_CUE,,,,,,,,,,,
span:AUTH-TAD-0075,rule:R_TEMP_ADV_01,MATCHES_RULE,,,,,,,,1.0,TEMPORAL_ADVERBIAL,90.0,true
span:AUTH-TAD-0075,rule:R_TEMP_ADV_02,MATCHES_RULE,,,,,,,,2.0,TEMPORAL_ADVERBIAL,88.0,true
span:AUTH-TAD-0075,rule:R_TEMP_ADV_07,MATCHES_RULE,,,,,,,,3.0,TEMPORAL_ADVERBIAL,80.0,true
span:AUTH-TAD-0075,rule:R_TEMP_KG_ADV_02,MATCHES_RULE,,,,,,,,4.0,TEMPORAL_ADVERBIAL,72.0,true
sentence:SENT-0320,source:GRAMMAR_MANUAL_INTERMEDIATE,DERIVED_FROM,,,,,301,据最新资料，这种疾病的治疗已经有了突破,,,,,
sentence:SENT-0320,span:AUTH-TAD-0076,HAS_CANDIDATE,,,,,,,,,,,
span:AUTH-TAD-0076,consensus:AUTH-TAD-0076,HAS_CONSENSUS,,,,,,,,,,,
consensus:AUTH-TAD-0076,function:OTHER,MAPS_TO,,,,,,,,,,,
span:AUTH-TAD-0076,cleaning:C_暂不纳入主实验,HAS_CLEANING_STATUS,,,,,,,待复核,,,,
span:AUTH-TAD-0076,ambiguity:原表已建议复核_剔除,HAS_AMBIGUITY,,,,,,,,,,,
span:AUTH-TAD-0076,ambiguity:非目标时间表达,HAS_AMBIGUITY,,,,,,,,,,,
span:AUTH-TAD-0076,ambiguity:三人标注不完全一致,HAS_AMBIGUITY,,,,,,,,,,,
span:AUTH-TAD-0076,ambiguity:出现不确定标注,HAS_AMBIGUITY,,,,,,,,,,,
span:AUTH-TAD-0076,ambiguity:至少一名标注者修正片段,HAS_AMBIGUITY,,,,,,,,,,,
span:AUTH-TAD-0076,ambiguity:同句多候选_重复句,HAS_AMBIGUITY,,,,,,,,,,,
span:AUTH-TAD-0076,ambiguity:来源字段完整但仍需正版逐页核验,HAS_AMBIGUITY,,,,,,,,,,,
span:AUTH-TAD-0076,annotation:span:AUTH-TAD-0076:r1,ANNOTATED_BY,,,,,,,,,,,
annotation:span:AUTH-TAD-0076:r1,rater:rater_1,MADE_BY,,,,,,,,,,,
span:AUTH-TAD-0076,annotation:span:AUTH-TAD-0076:r2,ANNOTATED_BY,,,,,,,,,,,
annotation:span:AUTH-TAD-0076:r2,rater:rater_2,MADE_BY,,,,,,,,,,,
span:AUTH-TAD-0076,annotation:span:AUTH-TAD-0076:r3,ANNOTATED_BY,,,,,,,,,,,
annotation:span:AUTH-TAD-0076:r3,rater:rater_3,MADE_BY,,,,,,,,,,,
span:AUTH-TAD-0076,cue:NO_TEMPORAL_EXPRESSION,TRIGGERS_CUE,,,,,,,,,,,
span:AUTH-TAD-0076,cue:REVIEW_NON_TARGET_RISK,TRIGGERS_CUE,,,,,,,,,,,
span:AUTH-TAD-0076,rule:R_TEMP_KG_OTHER_01,MATCHES_RULE,,,,,,,,1.0,OTHER,130.0,true
sentence:SENT-0236,source:GRAMMAR_MANUAL_ELEMENTARY,DERIVED_FROM,,,,,54,30 时间副词(1):马上 【一11】 ◎基本语义及用法 表示动作,,,,,
sentence:SENT-0236,span:AUTH-TAD-0077,HAS_CANDIDATE,,,,,,,,,,,
span:AUTH-TAD-0077,consensus:AUTH-TAD-0077,HAS_CONSENSUS,,,,,,,,,,,
consensus:AUTH-TAD-0077,function:TEMPORAL_ADVERBIAL,MAPS_TO,,,,,,,,,,,
span:AUTH-TAD-0077,cleaning:B_边界复核集,HAS_CLEANING_STATUS,,,,,,,边界集/鲁棒性分析,,,,
span:AUTH-TAD-0077,ambiguity:时间副词_体貌副词边界,HAS_AMBIGUITY,,,,,,,,,,,
span:AUTH-TAD-0077,ambiguity:无重复,HAS_AMBIGUITY,,,,,,,,,,,
span:AUTH-TAD-0077,ambiguity:来源字段完整但仍需正版逐页核验,HAS_AMBIGUITY,,,,,,,,,,,
span:AUTH-TAD-0077,annotation:span:AUTH-TAD-0077:r1,ANNOTATED_BY,,,,,,,,,,,
annotation:span:AUTH-TAD-0077:r1,rater:rater_1,MADE_BY,,,,,,,,,,,
span:AUTH-TAD-0077,annotation:span:AUTH-TAD-0077:r2,ANNOTATED_BY,,,,,,,,,,,
annotation:span:AUTH-TAD-0077:r2,rater:rater_2,MADE_BY,,,,,,,,,,,
span:AUTH-TAD-0077,annotation:span:AUTH-TAD-0077:r3,ANNOTATED_BY,,,,,,,,,,,
annotation:span:AUTH-TAD-0077:r3,rater:rater_3,MADE_BY,,,,,,,,,,,
span:AUTH-TAD-0077,cue:BEFORE_PREDICATE,TRIGGERS_CUE,,,,,,,,,,,
span:AUTH-TAD-0077,cue:EVENT_TIME,TRIGGERS_CUE,,,,,,,,,,,
span:AUTH-TAD-0077,cue:LOCATION_EXPRESSION,TRIGGERS_CUE,,,,,,,,,,,
span:AUTH-TAD-0077,cue:NO_TEMPORAL_EXPRESSION,TRIGGERS_CUE,,,,,,,,,,,
span:AUTH-TAD-0077,cue:TIME_ADVERB,TRIGGERS_CUE,,,,,,,,,,,
span:AUTH-TAD-0077,rule:R_TEMP_OTHER_01,MATCHES_RULE,,,,,,,,1.0,OTHER,90.0,false
span:AUTH-TAD-0077,rule:R_TEMP_ADV_19,MATCHES_RULE,,,,,,,,2.0,TEMPORAL_ADVERBIAL,84.0,true
span:AUTH-TAD-0077,rule:R_TEMP_ADV_08,MATCHES_RULE,,,,,,,,3.0,TEMPORAL_ADVERBIAL,78.0,true
sentence:SENT-0097,source:GRAMMAR_MANUAL_ELEMENTARY,DERIVED_FROM,,,,,352,81数量补语4(动词+时量补语):表示动作持续的 时间 【三51】 ◎,,,,,
sentence:SENT-0097,span:AUTH-TAD-0078,HAS_CANDIDATE,,,,,,,,,,,
span:AUTH-TAD-0078,consensus:AUTH-TAD-0078,HAS_CONSENSUS,,,,,,,,,,,
consensus:AUTH-TAD-0078,function:COMPLEMENT,MAPS_TO,,,,,,,,,,,
span:AUTH-TAD-0078,cleaning:B_边界复核集,HAS_CLEANING_STATUS,,,,,,,边界集/鲁棒性分析,,,,
span:AUTH-TAD-0078,ambiguity:时量补语_持续时间边界,HAS_AMBIGUITY,,,,,,,,,,,
span:AUTH-TAD-0078,ambiguity:无重复,HAS_AMBIGUITY,,,,,,,,,,,
span:AUTH-TAD-0078,ambiguity:来源字段完整但仍需正版逐页核验,HAS_AMBIGUITY,,,,,,,,,,,
span:AUTH-TAD-0078,annotation:span:AUTH-TAD-0078:r1,ANNOTATED_BY,,,,,,,,,,,
annotation:span:AUTH-TAD-0078:r1,rater:rater_1,MADE_BY,,,,,,,,,,,
span:AUTH-TAD-0078,annotation:span:AUTH-TAD-0078:r2,ANNOTATED_BY,,,,,,,,,,,
annotation:span:AUTH-TAD-0078:r2,rater:rater_2,MADE_BY,,,,,,,,,,,
span:AUTH-TAD-0078,annotation:span:AUTH-TAD-0078:r3,ANNOTATED_BY,,,,,,,,,,,
annotation:span:AUTH-TAD-0078:r3,rater:rater_3,MADE_BY,,,,,,,,,,,
span:AUTH-TAD-0078,cue:AFTER_VERB,TRIGGERS_CUE,,,,,,,,,,,
span:AUTH-TAD-0078,cue:COMPLEMENT_DURATION_CONTEXT,TRIGGERS_CUE,,,,,,,,,,,
span:AUTH-TAD-0078,cue:DURATION_COMPLEMENT,TRIGGERS_CUE,,,,,,,,,,,
span:AUTH-TAD-0078,cue:TIME_DURATION,TRIGGERS_CUE,,,,,,,,,,,
span:AUTH-TAD-0078,rule:R_TEMP_KG_COMP_01,MATCHES_RULE,,,,,,,,1.0,COMPLEMENT,127.0,true
span:AUTH-TAD-0078,rule:R_TEMP_COMP_01,MATCHES_RULE,,,,,,,,2.0,COMPLEMENT,96.0,true
span:AUTH-TAD-0078,rule:R_TEMP_COMP_02,MATCHES_RULE,,,,,,,,3.0,COMPLEMENT,95.0,true
span:AUTH-TAD-0078,rule:R_TEMP_COMP_07,MATCHES_RULE,,,,,,,,4.0,COMPLEMENT,94.0,true
sentence:SENT-0001,source:GRAMMAR_MANUAL_ADVANCED,DERIVED_FROM,,,,,198,她男朋友每天接送她上班，别提有多关心她了,,,,,
sentence:SENT-0001,span:AUTH-TAD-0079,HAS_CANDIDATE,,,,,,,,,,,
span:AUTH-TAD-0079,consensus:AUTH-TAD-0079,HAS_CONSENSUS,,,,,,,,,,,
consensus:AUTH-TAD-0079,function:TEMPORAL_ADVERBIAL,MAPS_TO,,,,,,,,,,,
span:AUTH-TAD-0079,cleaning:B_边界复核集,HAS_CLEANING_STATUS,,,,,,,边界集/鲁棒性分析,,,,
span:AUTH-TAD-0079,ambiguity:时间副词_体貌副词边界,HAS_AMBIGUITY,,,,,,,,,,,
span:AUTH-TAD-0079,ambiguity:时间主语_普通时间词边界,HAS_AMBIGUITY,,,,,,,,,,,
span:AUTH-TAD-0079,ambiguity:无重复,HAS_AMBIGUITY,,,,,,,,,,,
span:AUTH-TAD-0079,ambiguity:来源字段完整但仍需正版逐页核验,HAS_AMBIGUITY,,,,,,,,,,,
span:AUTH-TAD-0079,annotation:span:AUTH-TAD-0079:r1,ANNOTATED_BY,,,,,,,,,,,
annotation:span:AUTH-TAD-0079:r1,rater:rater_1,MADE_BY,,,,,,,,,,,
span:AUTH-TAD-0079,annotation:span:AUTH-TAD-0079:r2,ANNOTATED_BY,,,,,,,,,,,
annotation:span:AUTH-TAD-0079:r2,rater:rater_2,MADE_BY,,,,,,,,,,,
span:AUTH-TAD-0079,annotation:span:AUTH-TAD-0079:r3,ANNOTATED_BY,,,,,,,,,,,
annotation:span:AUTH-TAD-0079:r3,rater:rater_3,MADE_BY,,,,,,,,,,,
span:AUTH-TAD-0079,cue:COPULA_SHI,TRIGGERS_CUE,,,,,,,,,,,
span:AUTH-TAD-0079,cue:TIME_FREQUENCY,TRIGGERS_CUE,,,,,,,,,,,
span:AUTH-TAD-0079,rule:R_TEMP_KG_ADV_01,MATCHES_RULE,,,,,,,,1.0,TEMPORAL_ADVERBIAL,79.0,true
sentence:SENT-0321,source:GRAMMAR_MANUAL_INTERMEDIATE,DERIVED_FROM,,,,,301,据最新资料，这种疾病的治疗已经有了突破,,,,,
sentence:SENT-0321,span:AUTH-TAD-0080,HAS_CANDIDATE,,,,,,,,,,,
span:AUTH-TAD-0080,consensus:AUTH-TAD-0080,HAS_CONSENSUS,,,,,,,,,,,
consensus:AUTH-TAD-0080,function:TEMPORAL_ADVERBIAL,MAPS_TO,,,,,,,,,,,
span:AUTH-TAD-0080,cleaning:B_边界复核集,HAS_CLEANING_STATUS,,,,,,,边界集/鲁棒性分析,,,,
span:AUTH-TAD-0080,ambiguity:时间副词_体貌副词边界,HAS_AMBIGUITY,,,,,,,,,,,
span:AUTH-TAD-0080,ambiguity:无重复,HAS_AMBIGUITY,,,,,,,,,,,
span:AUTH-TAD-0080,ambiguity:来源字段完整但仍需正版逐页核验,HAS_AMBIGUITY,,,,,,,,,,,
span:AUTH-TAD-0080,annotation:span:AUTH-TAD-0080:r1,ANNOTATED_BY,,,,,,,,,,,
annotation:span:AUTH-TAD-0080:r1,rater:rater_1,MADE_BY,,,,,,,,,,,
span:AUTH-TAD-0080,annotation:span:AUTH-TAD-0080:r2,ANNOTATED_BY,,,,,,,,,,,
annotation:span:AUTH-TAD-0080:r2,rater:rater_2,MADE_BY,,,,,,,,,,,
span:AUTH-TAD-0080,annotation:span:AUTH-TAD-0080:r3,ANNOTATED_BY,,,,,,,,,,,
annotation:span:AUTH-TAD-0080:r3,rater:rater_3,MADE_BY,,,,,,,,,,,
span:AUTH-TAD-0080,cue:TIME_ADVERB,TRIGGERS_CUE,,,,,,,,,,,
span:AUTH-TAD-0080,cue:TIME_FREQUENCY,TRIGGERS_CUE,,,,,,,,,,,
span:AUTH-TAD-0080,rule:R_TEMP_KG_ADV_01,MATCHES_RULE,,,,,,,,1.0,TEMPORAL_ADVERBIAL,79.0,true
span:AUTH-TAD-0080,rule:R_TEMP_ADV_11,MATCHES_RULE,,,,,,,,2.0,TEMPORAL_ADVERBIAL,73.0,true
sentence:SENT-0066,source:GRAMMAR_MANUAL_ELEMENTARY,DERIVED_FROM,,,,,341,小提示 “从+时间+起”格式中，时间一般要明确到某个时间点,,,,,
sentence:SENT-0066,span:AUTH-TAD-0081,HAS_CANDIDATE,,,,,,,,,,,
span:AUTH-TAD-0081,consensus:AUTH-TAD-0081,HAS_CONSENSUS,,,,,,,,,,,
consensus:AUTH-TAD-0081,function:OTHER,MAPS_TO,,,,,,,,,,,
span:AUTH-TAD-0081,cleaning:C_暂不纳入主实验,HAS_CLEANING_STATUS,,,,,,,待复核,,,,
span:AUTH-TAD-0081,ambiguity:时量补语_持续时间边界,HAS_AMBIGUITY,,,,,,,,,,,
span:AUTH-TAD-0081,ambiguity:候选片段与最终片段不一致,HAS_AMBIGUITY,,,,,,,,,,,
span:AUTH-TAD-0081,ambiguity:非目标时间表达,HAS_AMBIGUITY,,,,,,,,,,,
span:AUTH-TAD-0081,ambiguity:三人标注不完全一致,HAS_AMBIGUITY,,,,,,,,,,,
span:AUTH-TAD-0081,ambiguity:至少一名标注者修正片段,HAS_AMBIGUITY,,,,,,,,,,,
span:AUTH-TAD-0081,ambiguity:无重复,HAS_AMBIGUITY,,,,,,,,,,,
span:AUTH-TAD-0081,ambiguity:来源字段完整但仍需正版逐页核验,HAS_AMBIGUITY,,,,,,,,,,,
span:AUTH-TAD-0081,annotation:span:AUTH-TAD-0081:r1,ANNOTATED_BY,,,,,,,,,,,
annotation:span:AUTH-TAD-0081:r1,rater:rater_1,MADE_BY,,,,,,,,,,,
span:AUTH-TAD-0081,annotation:span:AUTH-TAD-0081:r2,ANNOTATED_BY,,,,,,,,,,,
annotation:span:AUTH-TAD-0081:r2,rater:rater_2,MADE_BY,,,,,,,,,,,
span:AUTH-TAD-0081,annotation:span:AUTH-TAD-0081:r3,ANNOTATED_BY,,,,,,,,,,,
annotation:span:AUTH-TAD-0081:r3,rater:rater_3,MADE_BY,,,,,,,,,,,
span:AUTH-TAD-0081,cue:BEFORE_PREDICATE,TRIGGERS_CUE,,,,,,,,,,,
span:AUTH-TAD-0081,cue:EVENT_TIME,TRIGGERS_CUE,,,,,,,,,,,
span:AUTH-TAD-0081,cue:REVIEW_NON_TARGET_RISK,TRIGGERS_CUE,,,,,,,,,,,
span:AUTH-TAD-0081,cue:TIME_AFTER_BEFORE,TRIGGERS_CUE,,,,,,,,,,,
span:AUTH-TAD-0081,cue:TIME_DURATION,TRIGGERS_CUE,,,,,,,,,,,
span:AUTH-TAD-0081,rule:R_TEMP_KG_OTHER_01,MATCHES_RULE,,,,,,,,1.0,OTHER,130.0,true
span:AUTH-TAD-0081,rule:R_TEMP_ADV_17,MATCHES_RULE,,,,,,,,2.0,TEMPORAL_ADVERBIAL,85.0,false
span:AUTH-TAD-0081,rule:R_TEMP_ADV_05,MATCHES_RULE,,,,,,,,3.0,TEMPORAL_ADVERBIAL,83.0,false
sentence:SENT-0397,source:GRAMMAR_MANUAL_ADVANCED,DERIVED_FROM,,,,,70,(1)语气副词“终究”表示事物的本质不会改变时，经常修饰动词、形容词或小 句，动词一般为“是,,,,,
sentence:SENT-0397,span:AUTH-TAD-0082,HAS_CANDIDATE,,,,,,,,,,,
span:AUTH-TAD-0082,consensus:AUTH-TAD-0082,HAS_CONSENSUS,,,,,,,,,,,
consensus:AUTH-TAD-0082,function:TEMPORAL_ADVERBIAL,MAPS_TO,,,,,,,,,,,
span:AUTH-TAD-0082,cleaning:A_主评测候选,HAS_CLEANING_STATUS,,,,,,,主实验/严格评测,,,,
span:AUTH-TAD-0082,ambiguity:无重复,HAS_AMBIGUITY,,,,,,,,,,,
span:AUTH-TAD-0082,ambiguity:来源字段完整但仍需正版逐页核验,HAS_AMBIGUITY,,,,,,,,,,,
span:AUTH-TAD-0082,annotation:span:AUTH-TAD-0082:r1,ANNOTATED_BY,,,,,,,,,,,
annotation:span:AUTH-TAD-0082:r1,rater:rater_1,MADE_BY,,,,,,,,,,,
span:AUTH-TAD-0082,annotation:span:AUTH-TAD-0082:r2,ANNOTATED_BY,,,,,,,,,,,
annotation:span:AUTH-TAD-0082:r2,rater:rater_2,MADE_BY,,,,,,,,,,,
span:AUTH-TAD-0082,annotation:span:AUTH-TAD-0082:r3,ANNOTATED_BY,,,,,,,,,,,
annotation:span:AUTH-TAD-0082:r3,rater:rater_3,MADE_BY,,,,,,,,,,,
span:AUTH-TAD-0082,cue:BEFORE_PREDICATE,TRIGGERS_CUE,,,,,,,,,,,
span:AUTH-TAD-0082,cue:EVENT_TIME,TRIGGERS_CUE,,,,,,,,,,,
span:AUTH-TAD-0082,cue:SENTENCE_INITIAL,TRIGGERS_CUE,,,,,,,,,,,
span:AUTH-TAD-0082,cue:TIME_ADVERB,TRIGGERS_CUE,,,,,,,,,,,
span:AUTH-TAD-0082,cue:TIME_NOUN,TRIGGERS_CUE,,,,,,,,,,,
span:AUTH-TAD-0082,cue:TIME_POINT,TRIGGERS_CUE,,,,,,,,,,,
span:AUTH-TAD-0082,rule:R_TEMP_ADV_01,MATCHES_RULE,,,,,,,,1.0,TEMPORAL_ADVERBIAL,90.0,true
span:AUTH-TAD-0082,rule:R_TEMP_ADV_02,MATCHES_RULE,,,,,,,,2.0,TEMPORAL_ADVERBIAL,88.0,true
span:AUTH-TAD-0082,rule:R_TEMP_ADV_19,MATCHES_RULE,,,,,,,,3.0,TEMPORAL_ADVERBIAL,84.0,true
span:AUTH-TAD-0082,rule:R_TEMP_ADV_08,MATCHES_RULE,,,,,,,,4.0,TEMPORAL_ADVERBIAL,78.0,true
span:AUTH-TAD-0082,rule:R_TEMP_ADV_10,MATCHES_RULE,,,,,,,,5.0,TEMPORAL_ADVERBIAL,75.0,true
sentence:SENT-0170,source:GRAMMAR_MANUAL_ADVANCED,DERIVED_FROM,,,,,100,饭还没开始吃他就 (在公司，讨论合同没签的原因) 已经醉了，后来就更 A:昨天你和张经理签好合,,,,,
sentence:SENT-0170,span:AUTH-TAD-0083,HAS_CANDIDATE,,,,,,,,,,,
span:AUTH-TAD-0083,consensus:AUTH-TAD-0083,HAS_CONSENSUS,,,,,,,,,,,
consensus:AUTH-TAD-0083,function:TEMPORAL_ADVERBIAL,MAPS_TO,,,,,,,,,,,
span:AUTH-TAD-0083,cleaning:A_主评测候选,HAS_CLEANING_STATUS,,,,,,,主实验/严格评测,,,,
span:AUTH-TAD-0083,ambiguity:同句多候选_重复句,HAS_AMBIGUITY,,,,,,,,,,,
span:AUTH-TAD-0083,ambiguity:来源字段完整但仍需正版逐页核验,HAS_AMBIGUITY,,,,,,,,,,,
span:AUTH-TAD-0083,annotation:span:AUTH-TAD-0083:r1,ANNOTATED_BY,,,,,,,,,,,
annotation:span:AUTH-TAD-0083:r1,rater:rater_1,MADE_BY,,,,,,,,,,,
span:AUTH-TAD-0083,annotation:span:AUTH-TAD-0083:r2,ANNOTATED_BY,,,,,,,,,,,
annotation:span:AUTH-TAD-0083:r2,rater:rater_2,MADE_BY,,,,,,,,,,,
span:AUTH-TAD-0083,annotation:span:AUTH-TAD-0083:r3,ANNOTATED_BY,,,,,,,,,,,
annotation:span:AUTH-TAD-0083:r3,rater:rater_3,MADE_BY,,,,,,,,,,,
span:AUTH-TAD-0083,cue:BEFORE_PREDICATE,TRIGGERS_CUE,,,,,,,,,,,
span:AUTH-TAD-0083,cue:EVENT_TIME,TRIGGERS_CUE,,,,,,,,,,,
span:AUTH-TAD-0083,cue:TIME_NOUN,TRIGGERS_CUE,,,,,,,,,,,
span:AUTH-TAD-0083,rule:R_TEMP_ADV_01,MATCHES_RULE,,,,,,,,1.0,TEMPORAL_ADVERBIAL,90.0,true
span:AUTH-TAD-0083,rule:R_TEMP_ADV_02,MATCHES_RULE,,,,,,,,2.0,TEMPORAL_ADVERBIAL,88.0,true
span:AUTH-TAD-0083,rule:R_TEMP_KG_ADV_02,MATCHES_RULE,,,,,,,,3.0,TEMPORAL_ADVERBIAL,72.0,true
sentence:SENT-0153,source:GRAMMAR_MANUAL_ELEMENTARY,DERIVED_FROM,,,,,123,? 样?满意吗? 妈妈：很不错，你也要 B:谢谢，已经办好了,,,,,
sentence:SENT-0153,span:AUTH-TAD-0084,HAS_CANDIDATE,,,,,,,,,,,
span:AUTH-TAD-0084,consensus:AUTH-TAD-0084,HAS_CONSENSUS,,,,,,,,,,,
consensus:AUTH-TAD-0084,function:TEMPORAL_ADVERBIAL,MAPS_TO,,,,,,,,,,,
span:AUTH-TAD-0084,cleaning:A_主评测候选,HAS_CLEANING_STATUS,,,,,,,主实验/严格评测,,,,
span:AUTH-TAD-0084,ambiguity:无重复,HAS_AMBIGUITY,,,,,,,,,,,
span:AUTH-TAD-0084,ambiguity:来源字段完整但仍需正版逐页核验,HAS_AMBIGUITY,,,,,,,,,,,
span:AUTH-TAD-0084,annotation:span:AUTH-TAD-0084:r1,ANNOTATED_BY,,,,,,,,,,,
annotation:span:AUTH-TAD-0084:r1,rater:rater_1,MADE_BY,,,,,,,,,,,
span:AUTH-TAD-0084,annotation:span:AUTH-TAD-0084:r2,ANNOTATED_BY,,,,,,,,,,,
annotation:span:AUTH-TAD-0084:r2,rater:rater_2,MADE_BY,,,,,,,,,,,
span:AUTH-TAD-0084,annotation:span:AUTH-TAD-0084:r3,ANNOTATED_BY,,,,,,,,,,,
annotation:span:AUTH-TAD-0084:r3,rater:rater_3,MADE_BY,,,,,,,,,,,
span:AUTH-TAD-0084,cue:BEFORE_PREDICATE,TRIGGERS_CUE,,,,,,,,,,,
span:AUTH-TAD-0084,cue:EVENT_TIME,TRIGGERS_CUE,,,,,,,,,,,
span:AUTH-TAD-0084,cue:TIME_ADVERB,TRIGGERS_CUE,,,,,,,,,,,
span:AUTH-TAD-0084,cue:TIME_NOUN,TRIGGERS_CUE,,,,,,,,,,,
span:AUTH-TAD-0084,cue:TIME_POINT,TRIGGERS_CUE,,,,,,,,,,,
span:AUTH-TAD-0084,rule:R_TEMP_ADV_01,MATCHES_RULE,,,,,,,,1.0,TEMPORAL_ADVERBIAL,90.0,true
span:AUTH-TAD-0084,rule:R_TEMP_ADV_02,MATCHES_RULE,,,,,,,,2.0,TEMPORAL_ADVERBIAL,88.0,true
span:AUTH-TAD-0084,rule:R_TEMP_ADV_19,MATCHES_RULE,,,,,,,,3.0,TEMPORAL_ADVERBIAL,84.0,true
span:AUTH-TAD-0084,rule:R_TEMP_ADV_08,MATCHES_RULE,,,,,,,,4.0,TEMPORAL_ADVERBIAL,78.0,true
span:AUTH-TAD-0084,rule:R_TEMP_ADV_10,MATCHES_RULE,,,,,,,,5.0,TEMPORAL_ADVERBIAL,75.0,true
sentence:SENT-0366,source:GRAMMAR_MANUAL_INTERMEDIATE,DERIVED_FROM,,,,,12,spoken Chinese. ◎典型例句和对话 时间不早了，我得例句 我还得考虑考虑,,,,,
sentence:SENT-0366,span:AUTH-TAD-0085,HAS_CANDIDATE,,,,,,,,,,,
span:AUTH-TAD-0085,consensus:AUTH-TAD-0085,HAS_CONSENSUS,,,,,,,,,,,
consensus:AUTH-TAD-0085,function:TEMPORAL_ADVERBIAL,MAPS_TO,,,,,,,,,,,
span:AUTH-TAD-0085,cleaning:A_主评测候选,HAS_CLEANING_STATUS,,,,,,,主实验/严格评测,,,,
span:AUTH-TAD-0085,ambiguity:无重复,HAS_AMBIGUITY,,,,,,,,,,,
span:AUTH-TAD-0085,ambiguity:来源字段完整但仍需正版逐页核验,HAS_AMBIGUITY,,,,,,,,,,,
span:AUTH-TAD-0085,annotation:span:AUTH-TAD-0085:r1,ANNOTATED_BY,,,,,,,,,,,
annotation:span:AUTH-TAD-0085:r1,rater:rater_1,MADE_BY,,,,,,,,,,,
span:AUTH-TAD-0085,annotation:span:AUTH-TAD-0085:r2,ANNOTATED_BY,,,,,,,,,,,
annotation:span:AUTH-TAD-0085:r2,rater:rater_2,MADE_BY,,,,,,,,,,,
span:AUTH-TAD-0085,annotation:span:AUTH-TAD-0085:r3,ANNOTATED_BY,,,,,,,,,,,
annotation:span:AUTH-TAD-0085:r3,rater:rater_3,MADE_BY,,,,,,,,,,,
span:AUTH-TAD-0085,cue:BEFORE_PREDICATE,TRIGGERS_CUE,,,,,,,,,,,
span:AUTH-TAD-0085,cue:EVENT_TIME,TRIGGERS_CUE,,,,,,,,,,,
span:AUTH-TAD-0085,cue:TIME_NOUN,TRIGGERS_CUE,,,,,,,,,,,
span:AUTH-TAD-0085,rule:R_TEMP_ADV_01,MATCHES_RULE,,,,,,,,1.0,TEMPORAL_ADVERBIAL,90.0,true
span:AUTH-TAD-0085,rule:R_TEMP_ADV_02,MATCHES_RULE,,,,,,,,2.0,TEMPORAL_ADVERBIAL,88.0,true
span:AUTH-TAD-0085,rule:R_TEMP_KG_ADV_02,MATCHES_RULE,,,,,,,,3.0,TEMPORAL_ADVERBIAL,72.0,true
sentence:SENT-0267,source:GRAMMAR_MANUAL_ELEMENTARY,DERIVED_FROM,,,,,108,,,,,,
sentence:SENT-0267,span:AUTH-TAD-0086,HAS_CANDIDATE,,,,,,,,,,,
span:AUTH-TAD-0086,consensus:AUTH-TAD-0086,HAS_CONSENSUS,,,,,,,,,,,
consensus:AUTH-TAD-0086,function:OTHER,MAPS_TO,,,,,,,,,,,
span:AUTH-TAD-0086,cleaning:C_暂不纳入主实验,HAS_CLEANING_STATUS,,,,,,,待复核,,,,
span:AUTH-TAD-0086,ambiguity:页面线索缺失,HAS_AMBIGUITY,,,,,,,,,,,
span:AUTH-TAD-0086,ambiguity:候选片段与最终片段不一致,HAS_AMBIGUITY,,,,,,,,,,,
span:AUTH-TAD-0086,ambiguity:非目标时间表达,HAS_AMBIGUITY,,,,,,,,,,,
span:AUTH-TAD-0086,ambiguity:三人标注不完全一致,HAS_AMBIGUITY,,,,,,,,,,,
span:AUTH-TAD-0086,ambiguity:至少一名标注者修正片段,HAS_AMBIGUITY,,,,,,,,,,,
span:AUTH-TAD-0086,ambiguity:无重复,HAS_AMBIGUITY,,,,,,,,,,,
span:AUTH-TAD-0086,annotation:span:AUTH-TAD-0086:r1,ANNOTATED_BY,,,,,,,,,,,
annotation:span:AUTH-TAD-0086:r1,rater:rater_1,MADE_BY,,,,,,,,,,,
span:AUTH-TAD-0086,annotation:span:AUTH-TAD-0086:r2,ANNOTATED_BY,,,,,,,,,,,
annotation:span:AUTH-TAD-0086:r2,rater:rater_2,MADE_BY,,,,,,,,,,,
span:AUTH-TAD-0086,annotation:span:AUTH-TAD-0086:r3,ANNOTATED_BY,,,,,,,,,,,
annotation:span:AUTH-TAD-0086:r3,rater:rater_3,MADE_BY,,,,,,,,,,,
span:AUTH-TAD-0086,cue:BEFORE_PREDICATE,TRIGGERS_CUE,,,,,,,,,,,
span:AUTH-TAD-0086,cue:EVENT_TIME,TRIGGERS_CUE,,,,,,,,,,,
span:AUTH-TAD-0086,cue:REVIEW_NON_TARGET_RISK,TRIGGERS_CUE,,,,,,,,,,,
span:AUTH-TAD-0086,cue:TIME_DURATION,TRIGGERS_CUE,,,,,,,,,,,
span:AUTH-TAD-0086,rule:R_TEMP_KG_OTHER_01,MATCHES_RULE,,,,,,,,1.0,OTHER,130.0,true
sentence:SENT-0053,source:GRAMMAR_MANUAL_INTERMEDIATE,DERIVED_FROM,,,,,361,例句 不管天气怎么样， 这次演出非他指挥 我们这时候出门， 我们非去不可,,,,,
sentence:SENT-0053,span:AUTH-TAD-0087,HAS_CANDIDATE,,,,,,,,,,,
span:AUTH-TAD-0087,consensus:AUTH-TAD-0087,HAS_CONSENSUS,,,,,,,,,,,
consensus:AUTH-TAD-0087,function:ATTRIBUTE,MAPS_TO,,,,,,,,,,,
span:AUTH-TAD-0087,cleaning:B_边界复核集,HAS_CLEANING_STATUS,,,,,,,边界集/鲁棒性分析,,,,
span:AUTH-TAD-0087,ambiguity:可能为时间定语,HAS_AMBIGUITY,,,,,,,,,,,
span:AUTH-TAD-0087,ambiguity:无重复,HAS_AMBIGUITY,,,,,,,,,,,
span:AUTH-TAD-0087,ambiguity:来源字段完整但仍需正版逐页核验,HAS_AMBIGUITY,,,,,,,,,,,
span:AUTH-TAD-0087,annotation:span:AUTH-TAD-0087:r1,ANNOTATED_BY,,,,,,,,,,,
annotation:span:AUTH-TAD-0087:r1,rater:rater_1,MADE_BY,,,,,,,,,,,
span:AUTH-TAD-0087,annotation:span:AUTH-TAD-0087:r2,ANNOTATED_BY,,,,,,,,,,,
annotation:span:AUTH-TAD-0087:r2,rater:rater_2,MADE_BY,,,,,,,,,,,
span:AUTH-TAD-0087,annotation:span:AUTH-TAD-0087:r3,ANNOTATED_BY,,,,,,,,,,,
annotation:span:AUTH-TAD-0087:r3,rater:rater_3,MADE_BY,,,,,,,,,,,
span:AUTH-TAD-0087,cue:ATTR_DE_DIRECT,TRIGGERS_CUE,,,,,,,,,,,
span:AUTH-TAD-0087,cue:ATTR_NOMINAL_DIRECT,TRIGGERS_CUE,,,,,,,,,,,
span:AUTH-TAD-0087,cue:DE_PARTICLE,TRIGGERS_CUE,,,,,,,,,,,
span:AUTH-TAD-0087,cue:NOMINAL_HEAD,TRIGGERS_CUE,,,,,,,,,,,
span:AUTH-TAD-0087,cue:SENTENCE_INITIAL,TRIGGERS_CUE,,,,,,,,,,,
span:AUTH-TAD-0087,cue:TIME_NOUN,TRIGGERS_CUE,,,,,,,,,,,
span:AUTH-TAD-0087,rule:R_TEMP_KG_ATTR_01,MATCHES_RULE,,,,,,,,1.0,ATTRIBUTE,128.0,true
span:AUTH-TAD-0087,rule:R_TEMP_KG_ATTR_02,MATCHES_RULE,,,,,,,,2.0,ATTRIBUTE,126.0,true
span:AUTH-TAD-0087,rule:R_TEMP_ATTR_01,MATCHES_RULE,,,,,,,,3.0,ATTRIBUTE,95.0,true
span:AUTH-TAD-0087,rule:R_TEMP_ATTR_03,MATCHES_RULE,,,,,,,,4.0,ATTRIBUTE,88.0,true
span:AUTH-TAD-0087,rule:R_TEMP_KG_ADV_02,MATCHES_RULE,,,,,,,,5.0,TEMPORAL_ADVERBIAL,72.0,false
sentence:SENT-0334,source:GRAMMAR_MANUAL_ELEMENTARY,DERIVED_FROM,,,,,185,(初等) 小提示 “吧2”具有揣测的语气，所以句中经常有表示揣测、估计的副词，如“也许、大 概,,,,,
sentence:SENT-0334,span:AUTH-TAD-0088,HAS_CANDIDATE,,,,,,,,,,,
span:AUTH-TAD-0088,consensus:AUTH-TAD-0088,HAS_CONSENSUS,,,,,,,,,,,
consensus:AUTH-TAD-0088,function:TEMPORAL_ADVERBIAL,MAPS_TO,,,,,,,,,,,
span:AUTH-TAD-0088,cleaning:C_暂不纳入主实验,HAS_CLEANING_STATUS,,,,,,,待复核,,,,
span:AUTH-TAD-0088,ambiguity:三人标注不完全一致,HAS_AMBIGUITY,,,,,,,,,,,
span:AUTH-TAD-0088,ambiguity:至少一名标注者修正片段,HAS_AMBIGUITY,,,,,,,,,,,
span:AUTH-TAD-0088,ambiguity:同句多候选_重复句,HAS_AMBIGUITY,,,,,,,,,,,
span:AUTH-TAD-0088,ambiguity:来源字段完整但仍需正版逐页核验,HAS_AMBIGUITY,,,,,,,,,,,
span:AUTH-TAD-0088,annotation:span:AUTH-TAD-0088:r1,ANNOTATED_BY,,,,,,,,,,,
annotation:span:AUTH-TAD-0088:r1,rater:rater_1,MADE_BY,,,,,,,,,,,
span:AUTH-TAD-0088,annotation:span:AUTH-TAD-0088:r2,ANNOTATED_BY,,,,,,,,,,,
annotation:span:AUTH-TAD-0088:r2,rater:rater_2,MADE_BY,,,,,,,,,,,
span:AUTH-TAD-0088,annotation:span:AUTH-TAD-0088:r3,ANNOTATED_BY,,,,,,,,,,,
annotation:span:AUTH-TAD-0088:r3,rater:rater_3,MADE_BY,,,,,,,,,,,
span:AUTH-TAD-0088,cue:BEFORE_PREDICATE,TRIGGERS_CUE,,,,,,,,,,,
span:AUTH-TAD-0088,cue:EVENT_TIME,TRIGGERS_CUE,,,,,,,,,,,
span:AUTH-TAD-0088,cue:NO_TEMPORAL_EXPRESSION,TRIGGERS_CUE,,,,,,,,,,,
sentence:SENT-0350,source:GRAMMAR_MANUAL_ELEMENTARY,DERIVED_FROM,,,,,224,,,,,,
sentence:SENT-0350,span:AUTH-TAD-0089,HAS_CANDIDATE,,,,,,,,,,,
span:AUTH-TAD-0089,consensus:AUTH-TAD-0089,HAS_CONSENSUS,,,,,,,,,,,
consensus:AUTH-TAD-0089,function:OTHER,MAPS_TO,,,,,,,,,,,
span:AUTH-TAD-0089,cleaning:C_暂不纳入主实验,HAS_CLEANING_STATUS,,,,,,,待复核,,,,
span:AUTH-TAD-0089,ambiguity:页面线索缺失,HAS_AMBIGUITY,,,,,,,,,,,
span:AUTH-TAD-0089,ambiguity:非目标时间表达,HAS_AMBIGUITY,,,,,,,,,,,
span:AUTH-TAD-0089,ambiguity:三人标注不完全一致,HAS_AMBIGUITY,,,,,,,,,,,
span:AUTH-TAD-0089,ambiguity:至少一名标注者修正片段,HAS_AMBIGUITY,,,,,,,,,,,
span:AUTH-TAD-0089,ambiguity:无重复,HAS_AMBIGUITY,,,,,,,,,,,
span:AUTH-TAD-0089,annotation:span:AUTH-TAD-0089:r1,ANNOTATED_BY,,,,,,,,,,,
annotation:span:AUTH-TAD-0089:r1,rater:rater_1,MADE_BY,,,,,,,,,,,
span:AUTH-TAD-0089,annotation:span:AUTH-TAD-0089:r2,ANNOTATED_BY,,,,,,,,,,,
annotation:span:AUTH-TAD-0089:r2,rater:rater_2,MADE_BY,,,,,,,,,,,
span:AUTH-TAD-0089,annotation:span:AUTH-TAD-0089:r3,ANNOTATED_BY,,,,,,,,,,,
annotation:span:AUTH-TAD-0089:r3,rater:rater_3,MADE_BY,,,,,,,,,,,
span:AUTH-TAD-0089,cue:BEFORE_PREDICATE,TRIGGERS_CUE,,,,,,,,,,,
span:AUTH-TAD-0089,cue:EVENT_TIME,TRIGGERS_CUE,,,,,,,,,,,
span:AUTH-TAD-0089,cue:REVIEW_NON_TARGET_RISK,TRIGGERS_CUE,,,,,,,,,,,
span:AUTH-TAD-0089,cue:STATIVE_PREDICATE,TRIGGERS_CUE,,,,,,,,,,,
span:AUTH-TAD-0089,cue:TIME_NOUN,TRIGGERS_CUE,,,,,,,,,,,
span:AUTH-TAD-0089,rule:R_TEMP_KG_OTHER_01,MATCHES_RULE,,,,,,,,1.0,OTHER,130.0,true
span:AUTH-TAD-0089,rule:R_TEMP_ADV_01,MATCHES_RULE,,,,,,,,2.0,TEMPORAL_ADVERBIAL,90.0,false
span:AUTH-TAD-0089,rule:R_TEMP_ADV_02,MATCHES_RULE,,,,,,,,3.0,TEMPORAL_ADVERBIAL,88.0,false
span:AUTH-TAD-0089,rule:R_TEMP_KG_ADV_02,MATCHES_RULE,,,,,,,,4.0,TEMPORAL_ADVERBIAL,72.0,false
sentence:SENT-0394,source:GRAMMAR_MANUAL_INTERMEDIATE,DERIVED_FROM,,,,,61,现在时间很紧张，我们的计划肯定来不及完成了,,,,,
sentence:SENT-0394,span:AUTH-TAD-0090,HAS_CANDIDATE,,,,,,,,,,,
span:AUTH-TAD-0090,consensus:AUTH-TAD-0090,HAS_CONSENSUS,,,,,,,,,,,
consensus:AUTH-TAD-0090,function:TEMPORAL_ADVERBIAL,MAPS_TO,,,,,,,,,,,
span:AUTH-TAD-0090,cleaning:A_主评测候选,HAS_CLEANING_STATUS,,,,,,,主实验/严格评测,,,,
span:AUTH-TAD-0090,ambiguity:无重复,HAS_AMBIGUITY,,,,,,,,,,,
span:AUTH-TAD-0090,ambiguity:来源字段完整但仍需正版逐页核验,HAS_AMBIGUITY,,,,,,,,,,,
span:AUTH-TAD-0090,annotation:span:AUTH-TAD-0090:r1,ANNOTATED_BY,,,,,,,,,,,
annotation:span:AUTH-TAD-0090:r1,rater:rater_1,MADE_BY,,,,,,,,,,,
span:AUTH-TAD-0090,annotation:span:AUTH-TAD-0090:r2,ANNOTATED_BY,,,,,,,,,,,
annotation:span:AUTH-TAD-0090:r2,rater:rater_2,MADE_BY,,,,,,,,,,,
span:AUTH-TAD-0090,annotation:span:AUTH-TAD-0090:r3,ANNOTATED_BY,,,,,,,,,,,
annotation:span:AUTH-TAD-0090:r3,rater:rater_3,MADE_BY,,,,,,,,,,,
span:AUTH-TAD-0090,cue:BEFORE_PREDICATE,TRIGGERS_CUE,,,,,,,,,,,
span:AUTH-TAD-0090,cue:EVENT_TIME,TRIGGERS_CUE,,,,,,,,,,,
span:AUTH-TAD-0090,cue:SENTENCE_INITIAL,TRIGGERS_CUE,,,,,,,,,,,
span:AUTH-TAD-0090,cue:TIME_ADVERB,TRIGGERS_CUE,,,,,,,,,,,
span:AUTH-TAD-0090,cue:TIME_NOUN,TRIGGERS_CUE,,,,,,,,,,,
span:AUTH-TAD-0090,cue:TIME_POINT,TRIGGERS_CUE,,,,,,,,,,,
span:AUTH-TAD-0090,rule:R_TEMP_ADV_01,MATCHES_RULE,,,,,,,,1.0,TEMPORAL_ADVERBIAL,90.0,true
span:AUTH-TAD-0090,rule:R_TEMP_ADV_02,MATCHES_RULE,,,,,,,,2.0,TEMPORAL_ADVERBIAL,88.0,true
span:AUTH-TAD-0090,rule:R_TEMP_ADV_19,MATCHES_RULE,,,,,,,,3.0,TEMPORAL_ADVERBIAL,84.0,true
span:AUTH-TAD-0090,rule:R_TEMP_ADV_08,MATCHES_RULE,,,,,,,,4.0,TEMPORAL_ADVERBIAL,78.0,true
span:AUTH-TAD-0090,rule:R_TEMP_ADV_10,MATCHES_RULE,,,,,,,,5.0,TEMPORAL_ADVERBIAL,75.0,true
sentence:SENT-0273,source:GRAMMAR_MANUAL_INTERMEDIATE,DERIVED_FROM,,,,,66,自开业以来，这个饭馆的生意每天都很好,,,,,
sentence:SENT-0273,span:AUTH-TAD-0091,HAS_CANDIDATE,,,,,,,,,,,
span:AUTH-TAD-0091,consensus:AUTH-TAD-0091,HAS_CONSENSUS,,,,,,,,,,,
consensus:AUTH-TAD-0091,function:OTHER,MAPS_TO,,,,,,,,,,,
span:AUTH-TAD-0091,cleaning:C_暂不纳入主实验,HAS_CLEANING_STATUS,,,,,,,待复核,,,,
span:AUTH-TAD-0091,ambiguity:相对时间框架边界,HAS_AMBIGUITY,,,,,,,,,,,
span:AUTH-TAD-0091,ambiguity:候选片段与最终片段不一致,HAS_AMBIGUITY,,,,,,,,,,,
span:AUTH-TAD-0091,ambiguity:非目标时间表达,HAS_AMBIGUITY,,,,,,,,,,,
span:AUTH-TAD-0091,ambiguity:三人标注不完全一致,HAS_AMBIGUITY,,,,,,,,,,,
span:AUTH-TAD-0091,ambiguity:至少一名标注者修正片段,HAS_AMBIGUITY,,,,,,,,,,,
span:AUTH-TAD-0091,ambiguity:无重复,HAS_AMBIGUITY,,,,,,,,,,,
span:AUTH-TAD-0091,ambiguity:来源字段完整但仍需正版逐页核验,HAS_AMBIGUITY,,,,,,,,,,,
span:AUTH-TAD-0091,annotation:span:AUTH-TAD-0091:r1,ANNOTATED_BY,,,,,,,,,,,
annotation:span:AUTH-TAD-0091:r1,rater:rater_1,MADE_BY,,,,,,,,,,,
span:AUTH-TAD-0091,annotation:span:AUTH-TAD-0091:r2,ANNOTATED_BY,,,,,,,,,,,
annotation:span:AUTH-TAD-0091:r2,rater:rater_2,MADE_BY,,,,,,,,,,,
span:AUTH-TAD-0091,annotation:span:AUTH-TAD-0091:r3,ANNOTATED_BY,,,,,,,,,,,
annotation:span:AUTH-TAD-0091:r3,rater:rater_3,MADE_BY,,,,,,,,,,,
span:AUTH-TAD-0091,cue:BEFORE_PREDICATE,TRIGGERS_CUE,,,,,,,,,,,
span:AUTH-TAD-0091,cue:EVENT_TIME,TRIGGERS_CUE,,,,,,,,,,,
span:AUTH-TAD-0091,cue:NO_TEMPORAL_EXPRESSION,TRIGGERS_CUE,,,,,,,,,,,
span:AUTH-TAD-0091,cue:REVIEW_NON_TARGET_RISK,TRIGGERS_CUE,,,,,,,,,,,
span:AUTH-TAD-0091,rule:R_TEMP_KG_OTHER_01,MATCHES_RULE,,,,,,,,1.0,OTHER,130.0,true
sentence:SENT-0404,source:GRAMMAR_MANUAL_INTERMEDIATE,DERIVED_FROM,,,,,296,的时候，我们要敢 于与困难做斗争,,,,,
sentence:SENT-0404,span:AUTH-TAD-0092,HAS_CANDIDATE,,,,,,,,,,,
span:AUTH-TAD-0092,consensus:AUTH-TAD-0092,HAS_CONSENSUS,,,,,,,,,,,
consensus:AUTH-TAD-0092,function:OTHER,MAPS_TO,,,,,,,,,,,
span:AUTH-TAD-0092,cleaning:C_暂不纳入主实验,HAS_CLEANING_STATUS,,,,,,,待复核,,,,
span:AUTH-TAD-0092,ambiguity:原表已建议复核_剔除,HAS_AMBIGUITY,,,,,,,,,,,
span:AUTH-TAD-0092,ambiguity:时量补语_持续时间边界,HAS_AMBIGUITY,,,,,,,,,,,
span:AUTH-TAD-0092,ambiguity:非目标时间表达,HAS_AMBIGUITY,,,,,,,,,,,
span:AUTH-TAD-0092,ambiguity:三人标注不完全一致,HAS_AMBIGUITY,,,,,,,,,,,
span:AUTH-TAD-0092,ambiguity:出现不确定标注,HAS_AMBIGUITY,,,,,,,,,,,
span:AUTH-TAD-0092,ambiguity:至少一名标注者修正片段,HAS_AMBIGUITY,,,,,,,,,,,
span:AUTH-TAD-0092,ambiguity:同句多候选_重复句,HAS_AMBIGUITY,,,,,,,,,,,
span:AUTH-TAD-0092,ambiguity:来源字段完整但仍需正版逐页核验,HAS_AMBIGUITY,,,,,,,,,,,
span:AUTH-TAD-0092,annotation:span:AUTH-TAD-0092:r1,ANNOTATED_BY,,,,,,,,,,,
annotation:span:AUTH-TAD-0092:r1,rater:rater_1,MADE_BY,,,,,,,,,,,
span:AUTH-TAD-0092,annotation:span:AUTH-TAD-0092:r2,ANNOTATED_BY,,,,,,,,,,,
annotation:span:AUTH-TAD-0092:r2,rater:rater_2,MADE_BY,,,,,,,,,,,
span:AUTH-TAD-0092,annotation:span:AUTH-TAD-0092:r3,ANNOTATED_BY,,,,,,,,,,,
annotation:span:AUTH-TAD-0092:r3,rater:rater_3,MADE_BY,,,,,,,,,,,
span:AUTH-TAD-0092,cue:BEFORE_PREDICATE,TRIGGERS_CUE,,,,,,,,,,,
span:AUTH-TAD-0092,cue:EVENT_TIME,TRIGGERS_CUE,,,,,,,,,,,
span:AUTH-TAD-0092,cue:REVIEW_NON_TARGET_RISK,TRIGGERS_CUE,,,,,,,,,,,
span:AUTH-TAD-0092,cue:STATIVE_PREDICATE,TRIGGERS_CUE,,,,,,,,,,,
span:AUTH-TAD-0092,cue:TIME_NOUN,TRIGGERS_CUE,,,,,,,,,,,
span:AUTH-TAD-0092,rule:R_TEMP_KG_OTHER_01,MATCHES_RULE,,,,,,,,1.0,OTHER,130.0,true
span:AUTH-TAD-0092,rule:R_TEMP_ADV_01,MATCHES_RULE,,,,,,,,2.0,TEMPORAL_ADVERBIAL,90.0,false
span:AUTH-TAD-0092,rule:R_TEMP_ADV_02,MATCHES_RULE,,,,,,,,3.0,TEMPORAL_ADVERBIAL,88.0,false
span:AUTH-TAD-0092,rule:R_TEMP_KG_ADV_02,MATCHES_RULE,,,,,,,,4.0,TEMPORAL_ADVERBIAL,72.0,false
sentence:SENT-0275,source:GRAMMAR_MANUAL_ADVANCED,DERIVED_FROM,,,,,104,◎ 典型例句和对话 例句 交际实践 可不是，警察都已经 (在小区门口，询问出了什么事) 来了,,,,,
sentence:SENT-0275,span:AUTH-TAD-0093,HAS_CANDIDATE,,,,,,,,,,,
span:AUTH-TAD-0093,consensus:AUTH-TAD-0093,HAS_CONSENSUS,,,,,,,,,,,
consensus:AUTH-TAD-0093,function:TEMPORAL_ADVERBIAL,MAPS_TO,,,,,,,,,,,
span:AUTH-TAD-0093,cleaning:A_主评测候选,HAS_CLEANING_STATUS,,,,,,,主实验/严格评测,,,,
span:AUTH-TAD-0093,ambiguity:无重复,HAS_AMBIGUITY,,,,,,,,,,,
span:AUTH-TAD-0093,ambiguity:来源字段完整但仍需正版逐页核验,HAS_AMBIGUITY,,,,,,,,,,,
span:AUTH-TAD-0093,annotation:span:AUTH-TAD-0093:r1,ANNOTATED_BY,,,,,,,,,,,
annotation:span:AUTH-TAD-0093:r1,rater:rater_1,MADE_BY,,,,,,,,,,,
span:AUTH-TAD-0093,annotation:span:AUTH-TAD-0093:r2,ANNOTATED_BY,,,,,,,,,,,
annotation:span:AUTH-TAD-0093:r2,rater:rater_2,MADE_BY,,,,,,,,,,,
span:AUTH-TAD-0093,annotation:span:AUTH-TAD-0093:r3,ANNOTATED_BY,,,,,,,,,,,
annotation:span:AUTH-TAD-0093:r3,rater:rater_3,MADE_BY,,,,,,,,,,,
span:AUTH-TAD-0093,cue:BEFORE_PREDICATE,TRIGGERS_CUE,,,,,,,,,,,
span:AUTH-TAD-0093,cue:EVENT_TIME,TRIGGERS_CUE,,,,,,,,,,,
span:AUTH-TAD-0093,cue:TIME_NOUN,TRIGGERS_CUE,,,,,,,,,,,
span:AUTH-TAD-0093,rule:R_TEMP_ADV_01,MATCHES_RULE,,,,,,,,1.0,TEMPORAL_ADVERBIAL,90.0,true
span:AUTH-TAD-0093,rule:R_TEMP_ADV_02,MATCHES_RULE,,,,,,,,2.0,TEMPORAL_ADVERBIAL,88.0,true
span:AUTH-TAD-0093,rule:R_TEMP_KG_ADV_02,MATCHES_RULE,,,,,,,,3.0,TEMPORAL_ADVERBIAL,72.0,true
sentence:SENT-0064,source:GRAMMAR_MANUAL_INTERMEDIATE,DERIVED_FROM,,,,,66,自开业以来，这个饭馆的生意每天都很好,,,,,
sentence:SENT-0064,span:AUTH-TAD-0094,HAS_CANDIDATE,,,,,,,,,,,
span:AUTH-TAD-0094,consensus:AUTH-TAD-0094,HAS_CONSENSUS,,,,,,,,,,,
consensus:AUTH-TAD-0094,function:OTHER,MAPS_TO,,,,,,,,,,,
span:AUTH-TAD-0094,cleaning:C_暂不纳入主实验,HAS_CLEANING_STATUS,,,,,,,错误分析/待复核,,,,
span:AUTH-TAD-0094,ambiguity:相对时间框架边界,HAS_AMBIGUITY,,,,,,,,,,,
span:AUTH-TAD-0094,ambiguity:时量补语_持续时间边界,HAS_AMBIGUITY,,,,,,,,,,,
span:AUTH-TAD-0094,ambiguity:候选片段与最终片段不一致,HAS_AMBIGUITY,,,,,,,,,,,
span:AUTH-TAD-0094,ambiguity:非目标时间表达,HAS_AMBIGUITY,,,,,,,,,,,
span:AUTH-TAD-0094,ambiguity:至少一名标注者修正片段,HAS_AMBIGUITY,,,,,,,,,,,
span:AUTH-TAD-0094,ambiguity:同句多候选_重复句,HAS_AMBIGUITY,,,,,,,,,,,
span:AUTH-TAD-0094,ambiguity:来源字段完整但仍需正版逐页核验,HAS_AMBIGUITY,,,,,,,,,,,
span:AUTH-TAD-0094,annotation:span:AUTH-TAD-0094:r1,ANNOTATED_BY,,,,,,,,,,,
annotation:span:AUTH-TAD-0094:r1,rater:rater_1,MADE_BY,,,,,,,,,,,
span:AUTH-TAD-0094,annotation:span:AUTH-TAD-0094:r2,ANNOTATED_BY,,,,,,,,,,,
annotation:span:AUTH-TAD-0094:r2,rater:rater_2,MADE_BY,,,,,,,,,,,
span:AUTH-TAD-0094,annotation:span:AUTH-TAD-0094:r3,ANNOTATED_BY,,,,,,,,,,,
annotation:span:AUTH-TAD-0094:r3,rater:rater_3,MADE_BY,,,,,,,,,,,
span:AUTH-TAD-0094,cue:BEFORE_PREDICATE,TRIGGERS_CUE,,,,,,,,,,,
span:AUTH-TAD-0094,cue:EVENT_TIME,TRIGGERS_CUE,,,,,,,,,,,
span:AUTH-TAD-0094,cue:NO_TEMPORAL_EXPRESSION,TRIGGERS_CUE,,,,,,,,,,,
span:AUTH-TAD-0094,cue:REVIEW_NON_TARGET_RISK,TRIGGERS_CUE,,,,,,,,,,,
span:AUTH-TAD-0094,cue:SENTENCE_INITIAL,TRIGGERS_CUE,,,,,,,,,,,
span:AUTH-TAD-0094,rule:R_TEMP_KG_OTHER_01,MATCHES_RULE,,,,,,,,1.0,OTHER,130.0,true
sentence:SENT-0303,source:GRAMMAR_MANUAL_ADVANCED,DERIVED_FROM,,,,,183,(在公司，谈论员工的服务水平) 客户：仅半年时间，我深切地感受到你们员工的服 务水平有了,,,,,
sentence:SENT-0303,span:AUTH-TAD-0095,HAS_CANDIDATE,,,,,,,,,,,
span:AUTH-TAD-0095,consensus:AUTH-TAD-0095,HAS_CONSENSUS,,,,,,,,,,,
consensus:AUTH-TAD-0095,function:TEMPORAL_ADVERBIAL,MAPS_TO,,,,,,,,,,,
span:AUTH-TAD-0095,cleaning:A_主评测候选,HAS_CLEANING_STATUS,,,,,,,主实验/严格评测,,,,
span:AUTH-TAD-0095,ambiguity:无重复,HAS_AMBIGUITY,,,,,,,,,,,
span:AUTH-TAD-0095,ambiguity:来源字段完整但仍需正版逐页核验,HAS_AMBIGUITY,,,,,,,,,,,
span:AUTH-TAD-0095,annotation:span:AUTH-TAD-0095:r1,ANNOTATED_BY,,,,,,,,,,,
annotation:span:AUTH-TAD-0095:r1,rater:rater_1,MADE_BY,,,,,,,,,,,
span:AUTH-TAD-0095,annotation:span:AUTH-TAD-0095:r2,ANNOTATED_BY,,,,,,,,,,,
annotation:span:AUTH-TAD-0095:r2,rater:rater_2,MADE_BY,,,,,,,,,,,
span:AUTH-TAD-0095,annotation:span:AUTH-TAD-0095:r3,ANNOTATED_BY,,,,,,,,,,,
annotation:span:AUTH-TAD-0095:r3,rater:rater_3,MADE_BY,,,,,,,,,,,
span:AUTH-TAD-0095,cue:BEFORE_PREDICATE,TRIGGERS_CUE,,,,,,,,,,,
span:AUTH-TAD-0095,cue:EVENT_TIME,TRIGGERS_CUE,,,,,,,,,,,
span:AUTH-TAD-0095,cue:TIME_FREQUENCY,TRIGGERS_CUE,,,,,,,,,,,
span:AUTH-TAD-0095,rule:R_TEMP_ADV_04,MATCHES_RULE,,,,,,,,1.0,TEMPORAL_ADVERBIAL,84.0,true
span:AUTH-TAD-0095,rule:R_TEMP_KG_ADV_01,MATCHES_RULE,,,,,,,,2.0,TEMPORAL_ADVERBIAL,79.0,true
sentence:SENT-0369,source:GRAMMAR_MANUAL_INTERMEDIATE,DERIVED_FROM,,,,,293,结构特点 “于”常与时间名词或处所名词组合，可位于动词性成分前作,,,,,
sentence:SENT-0369,span:AUTH-TAD-0096,HAS_CANDIDATE,,,,,,,,,,,
span:AUTH-TAD-0096,consensus:AUTH-TAD-0096,HAS_CONSENSUS,,,,,,,,,,,
consensus:AUTH-TAD-0096,function:TEMPORAL_ADVERBIAL,MAPS_TO,,,,,,,,,,,
span:AUTH-TAD-0096,cleaning:B_边界复核集,HAS_CLEANING_STATUS,,,,,,,边界集/鲁棒性分析,,,,
span:AUTH-TAD-0096,ambiguity:时量补语_持续时间边界,HAS_AMBIGUITY,,,,,,,,,,,
span:AUTH-TAD-0096,ambiguity:介词于_事件时间边界,HAS_AMBIGUITY,,,,,,,,,,,
span:AUTH-TAD-0096,ambiguity:三人标注不完全一致,HAS_AMBIGUITY,,,,,,,,,,,
span:AUTH-TAD-0096,ambiguity:无重复,HAS_AMBIGUITY,,,,,,,,,,,
span:AUTH-TAD-0096,ambiguity:来源字段完整但仍需正版逐页核验,HAS_AMBIGUITY,,,,,,,,,,,
span:AUTH-TAD-0096,annotation:span:AUTH-TAD-0096:r1,ANNOTATED_BY,,,,,,,,,,,
annotation:span:AUTH-TAD-0096:r1,rater:rater_1,MADE_BY,,,,,,,,,,,
span:AUTH-TAD-0096,annotation:span:AUTH-TAD-0096:r2,ANNOTATED_BY,,,,,,,,,,,
annotation:span:AUTH-TAD-0096:r2,rater:rater_2,MADE_BY,,,,,,,,,,,
span:AUTH-TAD-0096,annotation:span:AUTH-TAD-0096:r3,ANNOTATED_BY,,,,,,,,,,,
annotation:span:AUTH-TAD-0096:r3,rater:rater_3,MADE_BY,,,,,,,,,,,
span:AUTH-TAD-0096,cue:BEFORE_PREDICATE,TRIGGERS_CUE,,,,,,,,,,,
span:AUTH-TAD-0096,cue:EVENT_TIME,TRIGGERS_CUE,,,,,,,,,,,
span:AUTH-TAD-0096,cue:RELATIVE_TIME_FRAME,TRIGGERS_CUE,,,,,,,,,,,
span:AUTH-TAD-0096,cue:TIME_AFTER_BEFORE,TRIGGERS_CUE,,,,,,,,,,,
span:AUTH-TAD-0096,cue:TIME_DURATION,TRIGGERS_CUE,,,,,,,,,,,
span:AUTH-TAD-0096,rule:R_TEMP_ADV_16,MATCHES_RULE,,,,,,,,1.0,TEMPORAL_ADVERBIAL,87.0,true
span:AUTH-TAD-0096,rule:R_TEMP_ADV_17,MATCHES_RULE,,,,,,,,2.0,TEMPORAL_ADVERBIAL,85.0,true
span:AUTH-TAD-0096,rule:R_TEMP_ADV_05,MATCHES_RULE,,,,,,,,3.0,TEMPORAL_ADVERBIAL,83.0,true
sentence:SENT-0029,source:GRAMMAR_MANUAL_ADVANCED,DERIVED_FROM,,,,,24,特点 “皆”一般用在形容词性成分或动词性成分前，作状语,,,,,
sentence:SENT-0029,span:AUTH-TAD-0097,HAS_CANDIDATE,,,,,,,,,,,
span:AUTH-TAD-0097,consensus:AUTH-TAD-0097,HAS_CONSENSUS,,,,,,,,,,,
consensus:AUTH-TAD-0097,function:ATTRIBUTE,MAPS_TO,,,,,,,,,,,
span:AUTH-TAD-0097,cleaning:B_边界复核集,HAS_CLEANING_STATUS,,,,,,,边界集/鲁棒性分析,,,,
span:AUTH-TAD-0097,ambiguity:可能为时间定语,HAS_AMBIGUITY,,,,,,,,,,,
span:AUTH-TAD-0097,ambiguity:时量补语_持续时间边界,HAS_AMBIGUITY,,,,,,,,,,,
span:AUTH-TAD-0097,ambiguity:无重复,HAS_AMBIGUITY,,,,,,,,,,,
span:AUTH-TAD-0097,ambiguity:来源字段完整但仍需正版逐页核验,HAS_AMBIGUITY,,,,,,,,,,,
span:AUTH-TAD-0097,annotation:span:AUTH-TAD-0097:r1,ANNOTATED_BY,,,,,,,,,,,
annotation:span:AUTH-TAD-0097:r1,rater:rater_1,MADE_BY,,,,,,,,,,,
span:AUTH-TAD-0097,annotation:span:AUTH-TAD-0097:r2,ANNOTATED_BY,,,,,,,,,,,
annotation:span:AUTH-TAD-0097:r2,rater:rater_2,MADE_BY,,,,,,,,,,,
span:AUTH-TAD-0097,annotation:span:AUTH-TAD-0097:r3,ANNOTATED_BY,,,,,,,,,,,
annotation:span:AUTH-TAD-0097:r3,rater:rater_3,MADE_BY,,,,,,,,,,,
span:AUTH-TAD-0097,cue:ATTR_DE_DIRECT,TRIGGERS_CUE,,,,,,,,,,,
span:AUTH-TAD-0097,cue:ATTR_NOMINAL_DIRECT,TRIGGERS_CUE,,,,,,,,,,,
span:AUTH-TAD-0097,cue:DE_PARTICLE,TRIGGERS_CUE,,,,,,,,,,,
span:AUTH-TAD-0097,cue:NOMINAL_HEAD,TRIGGERS_CUE,,,,,,,,,,,
span:AUTH-TAD-0097,cue:SENTENCE_INITIAL,TRIGGERS_CUE,,,,,,,,,,,
span:AUTH-TAD-0097,cue:TIME_DURATION,TRIGGERS_CUE,,,,,,,,,,,
span:AUTH-TAD-0097,rule:R_TEMP_KG_ATTR_01,MATCHES_RULE,,,,,,,,1.0,ATTRIBUTE,128.0,true
span:AUTH-TAD-0097,rule:R_TEMP_KG_ATTR_02,MATCHES_RULE,,,,,,,,2.0,ATTRIBUTE,126.0,true
span:AUTH-TAD-0097,rule:R_TEMP_ATTR_01,MATCHES_RULE,,,,,,,,3.0,ATTRIBUTE,95.0,true
span:AUTH-TAD-0097,rule:R_TEMP_ATTR_02,MATCHES_RULE,,,,,,,,4.0,ATTRIBUTE,94.0,true
span:AUTH-TAD-0097,rule:R_TEMP_ATTR_06,MATCHES_RULE,,,,,,,,5.0,ATTRIBUTE,92.0,true
sentence:SENT-0395,source:GRAMMAR_MANUAL_ADVANCED,DERIVED_FROM,,,,,21,特点 “越发”用于比较句，句中一般要出现两个不同的时间，有时表示两个时间的成 分在上下文中可以,,,,,
sentence:SENT-0395,span:AUTH-TAD-0098,HAS_CANDIDATE,,,,,,,,,,,
span:AUTH-TAD-0098,consensus:AUTH-TAD-0098,HAS_CONSENSUS,,,,,,,,,,,
consensus:AUTH-TAD-0098,function:TEMPORAL_ADVERBIAL,MAPS_TO,,,,,,,,,,,
span:AUTH-TAD-0098,cleaning:A_主评测候选,HAS_CLEANING_STATUS,,,,,,,主实验/严格评测,,,,
span:AUTH-TAD-0098,ambiguity:同句多候选_重复句,HAS_AMBIGUITY,,,,,,,,,,,
span:AUTH-TAD-0098,ambiguity:来源字段完整但仍需正版逐页核验,HAS_AMBIGUITY,,,,,,,,,,,
span:AUTH-TAD-0098,annotation:span:AUTH-TAD-0098:r1,ANNOTATED_BY,,,,,,,,,,,
annotation:span:AUTH-TAD-0098:r1,rater:rater_1,MADE_BY,,,,,,,,,,,
span:AUTH-TAD-0098,annotation:span:AUTH-TAD-0098:r2,ANNOTATED_BY,,,,,,,,,,,
annotation:span:AUTH-TAD-0098:r2,rater:rater_2,MADE_BY,,,,,,,,,,,
span:AUTH-TAD-0098,annotation:span:AUTH-TAD-0098:r3,ANNOTATED_BY,,,,,,,,,,,
annotation:span:AUTH-TAD-0098:r3,rater:rater_3,MADE_BY,,,,,,,,,,,
span:AUTH-TAD-0098,cue:BEFORE_PREDICATE,TRIGGERS_CUE,,,,,,,,,,,
span:AUTH-TAD-0098,cue:EVENT_TIME,TRIGGERS_CUE,,,,,,,,,,,
span:AUTH-TAD-0098,cue:SENTENCE_INITIAL,TRIGGERS_CUE,,,,,,,,,,,
span:AUTH-TAD-0098,cue:TIME_ADVERB,TRIGGERS_CUE,,,,,,,,,,,
span:AUTH-TAD-0098,cue:TIME_NOUN,TRIGGERS_CUE,,,,,,,,,,,
span:AUTH-TAD-0098,cue:TIME_POINT,TRIGGERS_CUE,,,,,,,,,,,
span:AUTH-TAD-0098,rule:R_TEMP_ADV_01,MATCHES_RULE,,,,,,,,1.0,TEMPORAL_ADVERBIAL,90.0,true
span:AUTH-TAD-0098,rule:R_TEMP_ADV_02,MATCHES_RULE,,,,,,,,2.0,TEMPORAL_ADVERBIAL,88.0,true
span:AUTH-TAD-0098,rule:R_TEMP_ADV_19,MATCHES_RULE,,,,,,,,3.0,TEMPORAL_ADVERBIAL,84.0,true
span:AUTH-TAD-0098,rule:R_TEMP_ADV_08,MATCHES_RULE,,,,,,,,4.0,TEMPORAL_ADVERBIAL,78.0,true
span:AUTH-TAD-0098,rule:R_TEMP_ADV_10,MATCHES_RULE,,,,,,,,5.0,TEMPORAL_ADVERBIAL,75.0,true
sentence:SENT-0048,source:GRAMMAR_MANUAL_ELEMENTARY,DERIVED_FROM,,,,,65,◎结构特点 “没、没有”在动词性成分前，表示对已经发生或曾经发生的动作行为的否定； 在形容,,,,,
sentence:SENT-0048,span:AUTH-TAD-0099,HAS_CANDIDATE,,,,,,,,,,,
span:AUTH-TAD-0099,consensus:AUTH-TAD-0099,HAS_CONSENSUS,,,,,,,,,,,
consensus:AUTH-TAD-0099,function:TEMPORAL_ADVERBIAL,MAPS_TO,,,,,,,,,,,
span:AUTH-TAD-0099,cleaning:A_主评测候选,HAS_CLEANING_STATUS,,,,,,,主实验/严格评测,,,,
span:AUTH-TAD-0099,ambiguity:无重复,HAS_AMBIGUITY,,,,,,,,,,,
span:AUTH-TAD-0099,ambiguity:来源字段完整但仍需正版逐页核验,HAS_AMBIGUITY,,,,,,,,,,,
span:AUTH-TAD-0099,annotation:span:AUTH-TAD-0099:r1,ANNOTATED_BY,,,,,,,,,,,
annotation:span:AUTH-TAD-0099:r1,rater:rater_1,MADE_BY,,,,,,,,,,,
span:AUTH-TAD-0099,annotation:span:AUTH-TAD-0099:r2,ANNOTATED_BY,,,,,,,,,,,
annotation:span:AUTH-TAD-0099:r2,rater:rater_2,MADE_BY,,,,,,,,,,,
span:AUTH-TAD-0099,annotation:span:AUTH-TAD-0099:r3,ANNOTATED_BY,,,,,,,,,,,
annotation:span:AUTH-TAD-0099:r3,rater:rater_3,MADE_BY,,,,,,,,,,,
span:AUTH-TAD-0099,cue:BEFORE_PREDICATE,TRIGGERS_CUE,,,,,,,,,,,
span:AUTH-TAD-0099,cue:EVENT_TIME,TRIGGERS_CUE,,,,,,,,,,,
span:AUTH-TAD-0099,cue:SENTENCE_INITIAL,TRIGGERS_CUE,,,,,,,,,,,
span:AUTH-TAD-0099,cue:TIME_NOUN,TRIGGERS_CUE,,,,,,,,,,,
span:AUTH-TAD-0099,rule:R_TEMP_ADV_01,MATCHES_RULE,,,,,,,,1.0,TEMPORAL_ADVERBIAL,90.0,true
span:AUTH-TAD-0099,rule:R_TEMP_ADV_02,MATCHES_RULE,,,,,,,,2.0,TEMPORAL_ADVERBIAL,88.0,true
span:AUTH-TAD-0099,rule:R_TEMP_KG_ADV_02,MATCHES_RULE,,,,,,,,3.0,TEMPORAL_ADVERBIAL,72.0,true
sentence:SENT-0218,source:GRAMMAR_MANUAL_ADVANCED,DERIVED_FROM,,,,,51,,,,,,
sentence:SENT-0218,span:AUTH-TAD-0100,HAS_CANDIDATE,,,,,,,,,,,
span:AUTH-TAD-0100,consensus:AUTH-TAD-0100,HAS_CONSENSUS,,,,,,,,,,,
consensus:AUTH-TAD-0100,function:COMPLEMENT,MAPS_TO,,,,,,,,,,,
span:AUTH-TAD-0100,cleaning:B_边界复核集,HAS_CLEANING_STATUS,,,,,,,边界集/鲁棒性分析,,,,
span:AUTH-TAD-0100,ambiguity:页面线索缺失,HAS_AMBIGUITY,,,,,,,,,,,
span:AUTH-TAD-0100,ambiguity:时量补语_持续时间边界,HAS_AMBIGUITY,,,,,,,,,,,
span:AUTH-TAD-0100,ambiguity:无重复,HAS_AMBIGUITY,,,,,,,,,,,
span:AUTH-TAD-0100,annotation:span:AUTH-TAD-0100:r1,ANNOTATED_BY,,,,,,,,,,,
annotation:span:AUTH-TAD-0100:r1,rater:rater_1,MADE_BY,,,,,,,,,,,
span:AUTH-TAD-0100,annotation:span:AUTH-TAD-0100:r2,ANNOTATED_BY,,,,,,,,,,,
annotation:span:AUTH-TAD-0100:r2,rater:rater_2,MADE_BY,,,,,,,,,,,
span:AUTH-TAD-0100,annotation:span:AUTH-TAD-0100:r3,ANNOTATED_BY,,,,,,,,,,,
annotation:span:AUTH-TAD-0100:r3,rater:rater_3,MADE_BY,,,,,,,,,,,
span:AUTH-TAD-0100,cue:AFTER_VERB,TRIGGERS_CUE,,,,,,,,,,,
span:AUTH-TAD-0100,cue:COMPLEMENT_DURATION_CONTEXT,TRIGGERS_CUE,,,,,,,,,,,
span:AUTH-TAD-0100,cue:DURATION_COMPLEMENT,TRIGGERS_CUE,,,,,,,,,,,
span:AUTH-TAD-0100,cue:INDEFINITE_TIME,TRIGGERS_CUE,,,,,,,,,,,
span:AUTH-TAD-0100,cue:TIME_DURATION,TRIGGERS_CUE,,,,,,,,,,,
span:AUTH-TAD-0100,cue:TIME_POINT,TRIGGERS_CUE,,,,,,,,,,,
span:AUTH-TAD-0100,rule:R_TEMP_KG_COMP_01,MATCHES_RULE,,,,,,,,1.0,COMPLEMENT,127.0,true
span:AUTH-TAD-0100,rule:R_TEMP_COMP_01,MATCHES_RULE,,,,,,,,2.0,COMPLEMENT,96.0,true
span:AUTH-TAD-0100,rule:R_TEMP_COMP_02,MATCHES_RULE,,,,,,,,3.0,COMPLEMENT,95.0,true
span:AUTH-TAD-0100,rule:R_TEMP_COMP_07,MATCHES_RULE,,,,,,,,4.0,COMPLEMENT,94.0,true
sentence:SENT-0151,source:GRAMMAR_MANUAL_ADVANCED,DERIVED_FROM,,,,,46,七一九级语法点 例句 交际实践 你的病已经好多了，下 床走走也不妨,,,,,
sentence:SENT-0151,span:AUTH-TAD-0101,HAS_CANDIDATE,,,,,,,,,,,
span:AUTH-TAD-0101,consensus:AUTH-TAD-0101,HAS_CONSENSUS,,,,,,,,,,,
consensus:AUTH-TAD-0101,function:TEMPORAL_ADVERBIAL,MAPS_TO,,,,,,,,,,,
span:AUTH-TAD-0101,cleaning:A_主评测候选,HAS_CLEANING_STATUS,,,,,,,主实验/严格评测,,,,
span:AUTH-TAD-0101,ambiguity:无重复,HAS_AMBIGUITY,,,,,,,,,,,
span:AUTH-TAD-0101,ambiguity:来源字段完整但仍需正版逐页核验,HAS_AMBIGUITY,,,,,,,,,,,
span:AUTH-TAD-0101,annotation:span:AUTH-TAD-0101:r1,ANNOTATED_BY,,,,,,,,,,,
annotation:span:AUTH-TAD-0101:r1,rater:rater_1,MADE_BY,,,,,,,,,,,
span:AUTH-TAD-0101,annotation:span:AUTH-TAD-0101:r2,ANNOTATED_BY,,,,,,,,,,,
annotation:span:AUTH-TAD-0101:r2,rater:rater_2,MADE_BY,,,,,,,,,,,
span:AUTH-TAD-0101,annotation:span:AUTH-TAD-0101:r3,ANNOTATED_BY,,,,,,,,,,,
annotation:span:AUTH-TAD-0101:r3,rater:rater_3,MADE_BY,,,,,,,,,,,
span:AUTH-TAD-0101,cue:BEFORE_PREDICATE,TRIGGERS_CUE,,,,,,,,,,,
span:AUTH-TAD-0101,cue:EVENT_TIME,TRIGGERS_CUE,,,,,,,,,,,
span:AUTH-TAD-0101,cue:TIME_ADVERB,TRIGGERS_CUE,,,,,,,,,,,
span:AUTH-TAD-0101,cue:TIME_NOUN,TRIGGERS_CUE,,,,,,,,,,,
span:AUTH-TAD-0101,cue:TIME_POINT,TRIGGERS_CUE,,,,,,,,,,,
span:AUTH-TAD-0101,rule:R_TEMP_ADV_01,MATCHES_RULE,,,,,,,,1.0,TEMPORAL_ADVERBIAL,90.0,true
span:AUTH-TAD-0101,rule:R_TEMP_ADV_02,MATCHES_RULE,,,,,,,,2.0,TEMPORAL_ADVERBIAL,88.0,true
span:AUTH-TAD-0101,rule:R_TEMP_ADV_19,MATCHES_RULE,,,,,,,,3.0,TEMPORAL_ADVERBIAL,84.0,true
span:AUTH-TAD-0101,rule:R_TEMP_ADV_08,MATCHES_RULE,,,,,,,,4.0,TEMPORAL_ADVERBIAL,78.0,true
span:AUTH-TAD-0101,rule:R_TEMP_ADV_10,MATCHES_RULE,,,,,,,,5.0,TEMPORAL_ADVERBIAL,75.0,true
sentence:SENT-0463,source:GRAMMAR_MANUAL_INTERMEDIATE,DERIVED_FROM,,,,,154,五级语法点 结构特点 “时常”作状语，用在主语之后、动词性成分之前,,,,,
sentence:SENT-0463,span:AUTH-TAD-0102,HAS_CANDIDATE,,,,,,,,,,,
span:AUTH-TAD-0102,consensus:AUTH-TAD-0102,HAS_CONSENSUS,,,,,,,,,,,
consensus:AUTH-TAD-0102,function:TEMPORAL_ADVERBIAL,MAPS_TO,,,,,,,,,,,
span:AUTH-TAD-0102,cleaning:B_边界复核集,HAS_CLEANING_STATUS,,,,,,,边界集/鲁棒性分析,,,,
span:AUTH-TAD-0102,ambiguity:相对时间框架边界,HAS_AMBIGUITY,,,,,,,,,,,
span:AUTH-TAD-0102,ambiguity:无重复,HAS_AMBIGUITY,,,,,,,,,,,
span:AUTH-TAD-0102,ambiguity:来源字段完整但仍需正版逐页核验,HAS_AMBIGUITY,,,,,,,,,,,
span:AUTH-TAD-0102,annotation:span:AUTH-TAD-0102:r1,ANNOTATED_BY,,,,,,,,,,,
annotation:span:AUTH-TAD-0102:r1,rater:rater_1,MADE_BY,,,,,,,,,,,
span:AUTH-TAD-0102,annotation:span:AUTH-TAD-0102:r2,ANNOTATED_BY,,,,,,,,,,,
annotation:span:AUTH-TAD-0102:r2,rater:rater_2,MADE_BY,,,,,,,,,,,
span:AUTH-TAD-0102,annotation:span:AUTH-TAD-0102:r3,ANNOTATED_BY,,,,,,,,,,,
annotation:span:AUTH-TAD-0102:r3,rater:rater_3,MADE_BY,,,,,,,,,,,
span:AUTH-TAD-0102,cue:BEFORE_PREDICATE,TRIGGERS_CUE,,,,,,,,,,,
span:AUTH-TAD-0102,cue:EVENT_TIME,TRIGGERS_CUE,,,,,,,,,,,
span:AUTH-TAD-0102,cue:NO_TEMPORAL_EXPRESSION,TRIGGERS_CUE,,,,,,,,,,,
span:AUTH-TAD-0102,cue:SENTENCE_INITIAL,TRIGGERS_CUE,,,,,,,,,,,
span:AUTH-TAD-0102,cue:TIME_AFTER_BEFORE,TRIGGERS_CUE,,,,,,,,,,,
span:AUTH-TAD-0102,rule:R_TEMP_ADV_05,MATCHES_RULE,,,,,,,,1.0,TEMPORAL_ADVERBIAL,83.0,true
sentence:SENT-0316,source:GRAMMAR_MANUAL_ELEMENTARY,DERIVED_FROM,,,,,66,41介词(引出时间、处所):从1 【一15】 ◎ 基本语义,,,,,
sentence:SENT-0316,span:AUTH-TAD-0103,HAS_CANDIDATE,,,,,,,,,,,
span:AUTH-TAD-0103,consensus:AUTH-TAD-0103,HAS_CONSENSUS,,,,,,,,,,,
consensus:AUTH-TAD-0103,function:TEMPORAL_ADVERBIAL,MAPS_TO,,,,,,,,,,,
span:AUTH-TAD-0103,cleaning:B_边界复核集,HAS_CLEANING_STATUS,,,,,,,边界集/鲁棒性分析,,,,
span:AUTH-TAD-0103,ambiguity:时间副词_体貌副词边界,HAS_AMBIGUITY,,,,,,,,,,,
span:AUTH-TAD-0103,ambiguity:无重复,HAS_AMBIGUITY,,,,,,,,,,,
span:AUTH-TAD-0103,ambiguity:来源字段完整但仍需正版逐页核验,HAS_AMBIGUITY,,,,,,,,,,,
span:AUTH-TAD-0103,annotation:span:AUTH-TAD-0103:r1,ANNOTATED_BY,,,,,,,,,,,
annotation:span:AUTH-TAD-0103:r1,rater:rater_1,MADE_BY,,,,,,,,,,,
span:AUTH-TAD-0103,annotation:span:AUTH-TAD-0103:r2,ANNOTATED_BY,,,,,,,,,,,
annotation:span:AUTH-TAD-0103:r2,rater:rater_2,MADE_BY,,,,,,,,,,,
span:AUTH-TAD-0103,annotation:span:AUTH-TAD-0103:r3,ANNOTATED_BY,,,,,,,,,,,
annotation:span:AUTH-TAD-0103:r3,rater:rater_3,MADE_BY,,,,,,,,,,,
span:AUTH-TAD-0103,cue:BEFORE_PREDICATE,TRIGGERS_CUE,,,,,,,,,,,
span:AUTH-TAD-0103,cue:EVENT_TIME,TRIGGERS_CUE,,,,,,,,,,,
span:AUTH-TAD-0103,cue:LOCATION_EXPRESSION,TRIGGERS_CUE,,,,,,,,,,,
span:AUTH-TAD-0103,cue:NO_TEMPORAL_EXPRESSION,TRIGGERS_CUE,,,,,,,,,,,
span:AUTH-TAD-0103,cue:TIME_ADVERB,TRIGGERS_CUE,,,,,,,,,,,
span:AUTH-TAD-0103,rule:R_TEMP_OTHER_01,MATCHES_RULE,,,,,,,,1.0,OTHER,90.0,false
span:AUTH-TAD-0103,rule:R_TEMP_ADV_19,MATCHES_RULE,,,,,,,,2.0,TEMPORAL_ADVERBIAL,84.0,true
span:AUTH-TAD-0103,rule:R_TEMP_ADV_08,MATCHES_RULE,,,,,,,,3.0,TEMPORAL_ADVERBIAL,78.0,true
sentence:SENT-0265,source:GRAMMAR_MANUAL_ELEMENTARY,DERIVED_FROM,,,,,66,41介词(引出时间、处所):从1 【一15】 ◎ 基本语义,,,,,
sentence:SENT-0265,span:AUTH-TAD-0104,HAS_CANDIDATE,,,,,,,,,,,
span:AUTH-TAD-0104,consensus:AUTH-TAD-0104,HAS_CONSENSUS,,,,,,,,,,,
consensus:AUTH-TAD-0104,function:OTHER,MAPS_TO,,,,,,,,,,,
span:AUTH-TAD-0104,cleaning:C_暂不纳入主实验,HAS_CLEANING_STATUS,,,,,,,待复核,,,,
span:AUTH-TAD-0104,ambiguity:候选片段与最终片段不一致,HAS_AMBIGUITY,,,,,,,,,,,
span:AUTH-TAD-0104,ambiguity:非目标时间表达,HAS_AMBIGUITY,,,,,,,,,,,
span:AUTH-TAD-0104,ambiguity:三人标注不完全一致,HAS_AMBIGUITY,,,,,,,,,,,
span:AUTH-TAD-0104,ambiguity:至少一名标注者修正片段,HAS_AMBIGUITY,,,,,,,,,,,
span:AUTH-TAD-0104,ambiguity:同句多候选_重复句,HAS_AMBIGUITY,,,,,,,,,,,
span:AUTH-TAD-0104,ambiguity:来源字段完整但仍需正版逐页核验,HAS_AMBIGUITY,,,,,,,,,,,
span:AUTH-TAD-0104,annotation:span:AUTH-TAD-0104:r1,ANNOTATED_BY,,,,,,,,,,,
annotation:span:AUTH-TAD-0104:r1,rater:rater_1,MADE_BY,,,,,,,,,,,
span:AUTH-TAD-0104,annotation:span:AUTH-TAD-0104:r2,ANNOTATED_BY,,,,,,,,,,,
annotation:span:AUTH-TAD-0104:r2,rater:rater_2,MADE_BY,,,,,,,,,,,
span:AUTH-TAD-0104,annotation:span:AUTH-TAD-0104:r3,ANNOTATED_BY,,,,,,,,,,,
annotation:span:AUTH-TAD-0104:r3,rater:rater_3,MADE_BY,,,,,,,,,,,
span:AUTH-TAD-0104,cue:BEFORE_PREDICATE,TRIGGERS_CUE,,,,,,,,,,,
span:AUTH-TAD-0104,cue:EVENT_TIME,TRIGGERS_CUE,,,,,,,,,,,
span:AUTH-TAD-0104,cue:REVIEW_NON_TARGET_RISK,TRIGGERS_CUE,,,,,,,,,,,
span:AUTH-TAD-0104,cue:TIME_ADVERB,TRIGGERS_CUE,,,,,,,,,,,
span:AUTH-TAD-0104,cue:TIME_NOUN,TRIGGERS_CUE,,,,,,,,,,,
span:AUTH-TAD-0104,cue:TIME_POINT,TRIGGERS_CUE,,,,,,,,,,,
span:AUTH-TAD-0104,rule:R_TEMP_KG_OTHER_01,MATCHES_RULE,,,,,,,,1.0,OTHER,130.0,true
span:AUTH-TAD-0104,rule:R_TEMP_ADV_01,MATCHES_RULE,,,,,,,,2.0,TEMPORAL_ADVERBIAL,90.0,false
span:AUTH-TAD-0104,rule:R_TEMP_ADV_02,MATCHES_RULE,,,,,,,,3.0,TEMPORAL_ADVERBIAL,88.0,false
span:AUTH-TAD-0104,rule:R_TEMP_ADV_19,MATCHES_RULE,,,,,,,,4.0,TEMPORAL_ADVERBIAL,84.0,false
span:AUTH-TAD-0104,rule:R_TEMP_ADV_08,MATCHES_RULE,,,,,,,,5.0,TEMPORAL_ADVERBIAL,78.0,false
sentence:SENT-0365,source:GRAMMAR_MANUAL_ADVANCED,DERIVED_FROM,,,,,85,◎结构特点 结构助词“之”经常用在修饰语和中心语之间,,,,,
sentence:SENT-0365,span:AUTH-TAD-0105,HAS_CANDIDATE,,,,,,,,,,,
span:AUTH-TAD-0105,consensus:AUTH-TAD-0105,HAS_CONSENSUS,,,,,,,,,,,
consensus:AUTH-TAD-0105,function:OTHER,MAPS_TO,,,,,,,,,,,
span:AUTH-TAD-0105,cleaning:B_边界复核集,HAS_CLEANING_STATUS,,,,,,,边界集/鲁棒性分析,,,,
span:AUTH-TAD-0105,ambiguity:时量补语_持续时间边界,HAS_AMBIGUITY,,,,,,,,,,,
span:AUTH-TAD-0105,ambiguity:非目标时间表达,HAS_AMBIGUITY,,,,,,,,,,,
span:AUTH-TAD-0105,ambiguity:三人标注不完全一致,HAS_AMBIGUITY,,,,,,,,,,,
span:AUTH-TAD-0105,ambiguity:无重复,HAS_AMBIGUITY,,,,,,,,,,,
span:AUTH-TAD-0105,ambiguity:来源字段完整但仍需正版逐页核验,HAS_AMBIGUITY,,,,,,,,,,,
span:AUTH-TAD-0105,annotation:span:AUTH-TAD-0105:r1,ANNOTATED_BY,,,,,,,,,,,
annotation:span:AUTH-TAD-0105:r1,rater:rater_1,MADE_BY,,,,,,,,,,,
span:AUTH-TAD-0105,annotation:span:AUTH-TAD-0105:r2,ANNOTATED_BY,,,,,,,,,,,
annotation:span:AUTH-TAD-0105:r2,rater:rater_2,MADE_BY,,,,,,,,,,,
span:AUTH-TAD-0105,annotation:span:AUTH-TAD-0105:r3,ANNOTATED_BY,,,,,,,,,,,
annotation:span:AUTH-TAD-0105:r3,rater:rater_3,MADE_BY,,,,,,,,,,,
span:AUTH-TAD-0105,cue:ABSTRACT_OR_NON_TARGET_TIME,TRIGGERS_CUE,,,,,,,,,,,
span:AUTH-TAD-0105,cue:AFTER_VERB,TRIGGERS_CUE,,,,,,,,,,,
span:AUTH-TAD-0105,cue:COMPLEMENT_DURATION_CONTEXT,TRIGGERS_CUE,,,,,,,,,,,
span:AUTH-TAD-0105,cue:DURATION_COMPLEMENT,TRIGGERS_CUE,,,,,,,,,,,
span:AUTH-TAD-0105,cue:TEMPORAL_COMPARISON_STATE,TRIGGERS_CUE,,,,,,,,,,,
span:AUTH-TAD-0105,cue:TIME_DURATION,TRIGGERS_CUE,,,,,,,,,,,
span:AUTH-TAD-0105,rule:R_TEMP_KG_COMP_01,MATCHES_RULE,,,,,,,,1.0,COMPLEMENT,127.0,false
span:AUTH-TAD-0105,rule:R_TEMP_KG_OTHER_02,MATCHES_RULE,,,,,,,,2.0,OTHER,124.0,true
span:AUTH-TAD-0105,rule:R_TEMP_KG_OTHER_03,MATCHES_RULE,,,,,,,,3.0,OTHER,123.0,true
span:AUTH-TAD-0105,rule:R_TEMP_COMP_01,MATCHES_RULE,,,,,,,,4.0,COMPLEMENT,96.0,false
span:AUTH-TAD-0105,rule:R_TEMP_COMP_02,MATCHES_RULE,,,,,,,,5.0,COMPLEMENT,95.0,false
sentence:SENT-0203,source:GRAMMAR_MANUAL_ADVANCED,DERIVED_FROM,,,,,99,,,,,,
sentence:SENT-0203,span:AUTH-TAD-0106,HAS_CANDIDATE,,,,,,,,,,,
span:AUTH-TAD-0106,consensus:AUTH-TAD-0106,HAS_CONSENSUS,,,,,,,,,,,
consensus:AUTH-TAD-0106,function:TEMPORAL_ADVERBIAL,MAPS_TO,,,,,,,,,,,
span:AUTH-TAD-0106,cleaning:C_暂不纳入主实验,HAS_CLEANING_STATUS,,,,,,,待复核,,,,
span:AUTH-TAD-0106,ambiguity:页面线索缺失,HAS_AMBIGUITY,,,,,,,,,,,
span:AUTH-TAD-0106,ambiguity:时量补语_持续时间边界,HAS_AMBIGUITY,,,,,,,,,,,
span:AUTH-TAD-0106,ambiguity:三人标注不完全一致,HAS_AMBIGUITY,,,,,,,,,,,
span:AUTH-TAD-0106,ambiguity:至少一名标注者修正片段,HAS_AMBIGUITY,,,,,,,,,,,
span:AUTH-TAD-0106,ambiguity:无重复,HAS_AMBIGUITY,,,,,,,,,,,
span:AUTH-TAD-0106,annotation:span:AUTH-TAD-0106:r1,ANNOTATED_BY,,,,,,,,,,,
annotation:span:AUTH-TAD-0106:r1,rater:rater_1,MADE_BY,,,,,,,,,,,
span:AUTH-TAD-0106,annotation:span:AUTH-TAD-0106:r2,ANNOTATED_BY,,,,,,,,,,,
annotation:span:AUTH-TAD-0106:r2,rater:rater_2,MADE_BY,,,,,,,,,,,
span:AUTH-TAD-0106,annotation:span:AUTH-TAD-0106:r3,ANNOTATED_BY,,,,,,,,,,,
annotation:span:AUTH-TAD-0106:r3,rater:rater_3,MADE_BY,,,,,,,,,,,
span:AUTH-TAD-0106,cue:BEFORE_PREDICATE,TRIGGERS_CUE,,,,,,,,,,,
span:AUTH-TAD-0106,cue:EVENT_TIME,TRIGGERS_CUE,,,,,,,,,,,
span:AUTH-TAD-0106,cue:REVIEW_NON_TARGET_RISK,TRIGGERS_CUE,,,,,,,,,,,
span:AUTH-TAD-0106,cue:TIME_DURATION,TRIGGERS_CUE,,,,,,,,,,,
span:AUTH-TAD-0106,rule:R_TEMP_KG_OTHER_01,MATCHES_RULE,,,,,,,,1.0,OTHER,130.0,false
sentence:SENT-0437,source:GRAMMAR_MANUAL_INTERMEDIATE,DERIVED_FROM,,,,,118,,,,,,
sentence:SENT-0437,span:AUTH-TAD-0107,HAS_CANDIDATE,,,,,,,,,,,
span:AUTH-TAD-0107,consensus:AUTH-TAD-0107,HAS_CONSENSUS,,,,,,,,,,,
consensus:AUTH-TAD-0107,function:ATTRIBUTE,MAPS_TO,,,,,,,,,,,
span:AUTH-TAD-0107,cleaning:B_边界复核集,HAS_CLEANING_STATUS,,,,,,,边界集/鲁棒性分析,,,,
span:AUTH-TAD-0107,ambiguity:页面线索缺失,HAS_AMBIGUITY,,,,,,,,,,,
span:AUTH-TAD-0107,ambiguity:可能为时间定语,HAS_AMBIGUITY,,,,,,,,,,,
span:AUTH-TAD-0107,ambiguity:时量补语_持续时间边界,HAS_AMBIGUITY,,,,,,,,,,,
span:AUTH-TAD-0107,ambiguity:同句多候选_重复句,HAS_AMBIGUITY,,,,,,,,,,,
span:AUTH-TAD-0107,annotation:span:AUTH-TAD-0107:r1,ANNOTATED_BY,,,,,,,,,,,
annotation:span:AUTH-TAD-0107:r1,rater:rater_1,MADE_BY,,,,,,,,,,,
span:AUTH-TAD-0107,annotation:span:AUTH-TAD-0107:r2,ANNOTATED_BY,,,,,,,,,,,
annotation:span:AUTH-TAD-0107:r2,rater:rater_2,MADE_BY,,,,,,,,,,,
span:AUTH-TAD-0107,annotation:span:AUTH-TAD-0107:r3,ANNOTATED_BY,,,,,,,,,,,
annotation:span:AUTH-TAD-0107:r3,rater:rater_3,MADE_BY,,,,,,,,,,,
span:AUTH-TAD-0107,cue:ABSTRACT_OR_NON_TARGET_TIME,TRIGGERS_CUE,,,,,,,,,,,
span:AUTH-TAD-0107,cue:ATTR_DE_DIRECT,TRIGGERS_CUE,,,,,,,,,,,
span:AUTH-TAD-0107,cue:ATTR_NOMINAL_DIRECT,TRIGGERS_CUE,,,,,,,,,,,
span:AUTH-TAD-0107,cue:BEFORE_PREDICATE,TRIGGERS_CUE,,,,,,,,,,,
span:AUTH-TAD-0107,cue:DE_PARTICLE,TRIGGERS_CUE,,,,,,,,,,,
span:AUTH-TAD-0107,cue:EVENT_TIME,TRIGGERS_CUE,,,,,,,,,,,
span:AUTH-TAD-0107,cue:NOMINAL_HEAD,TRIGGERS_CUE,,,,,,,,,,,
span:AUTH-TAD-0107,cue:NO_TEMPORAL_EXPRESSION,TRIGGERS_CUE,,,,,,,,,,,
span:AUTH-TAD-0107,cue:TEMPORAL_COMPARISON_STATE,TRIGGERS_CUE,,,,,,,,,,,
span:AUTH-TAD-0107,rule:R_TEMP_KG_ATTR_01,MATCHES_RULE,,,,,,,,1.0,ATTRIBUTE,128.0,true
span:AUTH-TAD-0107,rule:R_TEMP_KG_ATTR_02,MATCHES_RULE,,,,,,,,2.0,ATTRIBUTE,126.0,true
span:AUTH-TAD-0107,rule:R_TEMP_KG_OTHER_02,MATCHES_RULE,,,,,,,,3.0,OTHER,124.0,false
span:AUTH-TAD-0107,rule:R_TEMP_KG_OTHER_03,MATCHES_RULE,,,,,,,,4.0,OTHER,123.0,false
span:AUTH-TAD-0107,rule:R_TEMP_ATTR_01,MATCHES_RULE,,,,,,,,5.0,ATTRIBUTE,95.0,true
sentence:SENT-0090,source:GRAMMAR_MANUAL_INTERMEDIATE,DERIVED_FROM,,,,,356,话 就算成绩最好的 例句 同学也无法回答 就是你想马上瘦下来 就算他做错了你也要 这个问题,,,,,
sentence:SENT-0090,span:AUTH-TAD-0108,HAS_CANDIDATE,,,,,,,,,,,
span:AUTH-TAD-0108,consensus:AUTH-TAD-0108,HAS_CONSENSUS,,,,,,,,,,,
consensus:AUTH-TAD-0108,function:TEMPORAL_ADVERBIAL,MAPS_TO,,,,,,,,,,,
span:AUTH-TAD-0108,cleaning:B_边界复核集,HAS_CLEANING_STATUS,,,,,,,边界集/鲁棒性分析,,,,
span:AUTH-TAD-0108,ambiguity:时间副词_体貌副词边界,HAS_AMBIGUITY,,,,,,,,,,,
span:AUTH-TAD-0108,ambiguity:无重复,HAS_AMBIGUITY,,,,,,,,,,,
span:AUTH-TAD-0108,ambiguity:来源字段完整但仍需正版逐页核验,HAS_AMBIGUITY,,,,,,,,,,,
span:AUTH-TAD-0108,annotation:span:AUTH-TAD-0108:r1,ANNOTATED_BY,,,,,,,,,,,
annotation:span:AUTH-TAD-0108:r1,rater:rater_1,MADE_BY,,,,,,,,,,,
span:AUTH-TAD-0108,annotation:span:AUTH-TAD-0108:r2,ANNOTATED_BY,,,,,,,,,,,
annotation:span:AUTH-TAD-0108:r2,rater:rater_2,MADE_BY,,,,,,,,,,,
span:AUTH-TAD-0108,annotation:span:AUTH-TAD-0108:r3,ANNOTATED_BY,,,,,,,,,,,
annotation:span:AUTH-TAD-0108:r3,rater:rater_3,MADE_BY,,,,,,,,,,,
span:AUTH-TAD-0108,cue:BEFORE_PREDICATE,TRIGGERS_CUE,,,,,,,,,,,
span:AUTH-TAD-0108,cue:EVENT_TIME,TRIGGERS_CUE,,,,,,,,,,,
span:AUTH-TAD-0108,cue:TIME_ADVERB,TRIGGERS_CUE,,,,,,,,,,,
span:AUTH-TAD-0108,cue:TIME_FREQUENCY,TRIGGERS_CUE,,,,,,,,,,,
span:AUTH-TAD-0108,rule:R_TEMP_ADV_04,MATCHES_RULE,,,,,,,,1.0,TEMPORAL_ADVERBIAL,84.0,true
span:AUTH-TAD-0108,rule:R_TEMP_ADV_19,MATCHES_RULE,,,,,,,,2.0,TEMPORAL_ADVERBIAL,84.0,true
span:AUTH-TAD-0108,rule:R_TEMP_KG_ADV_01,MATCHES_RULE,,,,,,,,3.0,TEMPORAL_ADVERBIAL,79.0,true
span:AUTH-TAD-0108,rule:R_TEMP_ADV_08,MATCHES_RULE,,,,,,,,4.0,TEMPORAL_ADVERBIAL,78.0,true
span:AUTH-TAD-0108,rule:R_TEMP_ADV_11,MATCHES_RULE,,,,,,,,5.0,TEMPORAL_ADVERBIAL,73.0,true
sentence:SENT-0092,source:GRAMMAR_MANUAL_ADVANCED,DERIVED_FROM,,,,,168,七一九级语法点 例句 交际实践 他已经适应了国外的生 (在饭店，聊起儿子) 活,,,,,
sentence:SENT-0092,span:AUTH-TAD-0109,HAS_CANDIDATE,,,,,,,,,,,
span:AUTH-TAD-0109,consensus:AUTH-TAD-0109,HAS_CONSENSUS,,,,,,,,,,,
consensus:AUTH-TAD-0109,function:TEMPORAL_ADVERBIAL,MAPS_TO,,,,,,,,,,,
span:AUTH-TAD-0109,cleaning:B_边界复核集,HAS_CLEANING_STATUS,,,,,,,边界集/鲁棒性分析,,,,
span:AUTH-TAD-0109,ambiguity:时间副词_体貌副词边界,HAS_AMBIGUITY,,,,,,,,,,,
span:AUTH-TAD-0109,ambiguity:无重复,HAS_AMBIGUITY,,,,,,,,,,,
span:AUTH-TAD-0109,ambiguity:来源字段完整但仍需正版逐页核验,HAS_AMBIGUITY,,,,,,,,,,,
span:AUTH-TAD-0109,annotation:span:AUTH-TAD-0109:r1,ANNOTATED_BY,,,,,,,,,,,
annotation:span:AUTH-TAD-0109:r1,rater:rater_1,MADE_BY,,,,,,,,,,,
span:AUTH-TAD-0109,annotation:span:AUTH-TAD-0109:r2,ANNOTATED_BY,,,,,,,,,,,
annotation:span:AUTH-TAD-0109:r2,rater:rater_2,MADE_BY,,,,,,,,,,,
span:AUTH-TAD-0109,annotation:span:AUTH-TAD-0109:r3,ANNOTATED_BY,,,,,,,,,,,
annotation:span:AUTH-TAD-0109:r3,rater:rater_3,MADE_BY,,,,,,,,,,,
span:AUTH-TAD-0109,cue:BEFORE_PREDICATE,TRIGGERS_CUE,,,,,,,,,,,
span:AUTH-TAD-0109,cue:EVENT_TIME,TRIGGERS_CUE,,,,,,,,,,,
span:AUTH-TAD-0109,cue:TIME_ADVERB,TRIGGERS_CUE,,,,,,,,,,,
span:AUTH-TAD-0109,cue:TIME_FREQUENCY,TRIGGERS_CUE,,,,,,,,,,,
span:AUTH-TAD-0109,rule:R_TEMP_ADV_04,MATCHES_RULE,,,,,,,,1.0,TEMPORAL_ADVERBIAL,84.0,true
span:AUTH-TAD-0109,rule:R_TEMP_ADV_19,MATCHES_RULE,,,,,,,,2.0,TEMPORAL_ADVERBIAL,84.0,true
span:AUTH-TAD-0109,rule:R_TEMP_KG_ADV_01,MATCHES_RULE,,,,,,,,3.0,TEMPORAL_ADVERBIAL,79.0,true
span:AUTH-TAD-0109,rule:R_TEMP_ADV_08,MATCHES_RULE,,,,,,,,4.0,TEMPORAL_ADVERBIAL,78.0,true
span:AUTH-TAD-0109,rule:R_TEMP_ADV_11,MATCHES_RULE,,,,,,,,5.0,TEMPORAL_ADVERBIAL,73.0,true
sentence:SENT-0161,source:GRAMMAR_MANUAL_ADVANCED,DERIVED_FROM,,,,,40,◎ 补充例句 你下楼的时候，顺便把垃圾带下去吧,,,,,
sentence:SENT-0161,span:AUTH-TAD-0110,HAS_CANDIDATE,,,,,,,,,,,
span:AUTH-TAD-0110,consensus:AUTH-TAD-0110,HAS_CONSENSUS,,,,,,,,,,,
consensus:AUTH-TAD-0110,function:TEMPORAL_ADVERBIAL,MAPS_TO,,,,,,,,,,,
span:AUTH-TAD-0110,cleaning:A_主评测候选,HAS_CLEANING_STATUS,,,,,,,主实验/严格评测,,,,
span:AUTH-TAD-0110,ambiguity:无重复,HAS_AMBIGUITY,,,,,,,,,,,
span:AUTH-TAD-0110,ambiguity:来源字段完整但仍需正版逐页核验,HAS_AMBIGUITY,,,,,,,,,,,
span:AUTH-TAD-0110,annotation:span:AUTH-TAD-0110:r1,ANNOTATED_BY,,,,,,,,,,,
annotation:span:AUTH-TAD-0110:r1,rater:rater_1,MADE_BY,,,,,,,,,,,
span:AUTH-TAD-0110,annotation:span:AUTH-TAD-0110:r2,ANNOTATED_BY,,,,,,,,,,,
annotation:span:AUTH-TAD-0110:r2,rater:rater_2,MADE_BY,,,,,,,,,,,
span:AUTH-TAD-0110,annotation:span:AUTH-TAD-0110:r3,ANNOTATED_BY,,,,,,,,,,,
annotation:span:AUTH-TAD-0110:r3,rater:rater_3,MADE_BY,,,,,,,,,,,
span:AUTH-TAD-0110,cue:BEFORE_PREDICATE,TRIGGERS_CUE,,,,,,,,,,,
span:AUTH-TAD-0110,cue:EVENT_TIME,TRIGGERS_CUE,,,,,,,,,,,
span:AUTH-TAD-0110,cue:TIME_NOUN,TRIGGERS_CUE,,,,,,,,,,,
span:AUTH-TAD-0110,rule:R_TEMP_ADV_01,MATCHES_RULE,,,,,,,,1.0,TEMPORAL_ADVERBIAL,90.0,true
span:AUTH-TAD-0110,rule:R_TEMP_ADV_02,MATCHES_RULE,,,,,,,,2.0,TEMPORAL_ADVERBIAL,88.0,true
span:AUTH-TAD-0110,rule:R_TEMP_KG_ADV_02,MATCHES_RULE,,,,,,,,3.0,TEMPORAL_ADVERBIAL,72.0,true
sentence:SENT-0264,source:GRAMMAR_MANUAL_ELEMENTARY,DERIVED_FROM,,,,,165,NumP/NP+才1+VP”表示说话人认为数量多或时间晚,,,,,
sentence:SENT-0264,span:AUTH-TAD-0111,HAS_CANDIDATE,,,,,,,,,,,
span:AUTH-TAD-0111,consensus:AUTH-TAD-0111,HAS_CONSENSUS,,,,,,,,,,,
consensus:AUTH-TAD-0111,function:TEMPORAL_ADVERBIAL,MAPS_TO,,,,,,,,,,,
span:AUTH-TAD-0111,cleaning:B_边界复核集,HAS_CLEANING_STATUS,,,,,,,边界集/鲁棒性分析,,,,
span:AUTH-TAD-0111,ambiguity:时量补语_持续时间边界,HAS_AMBIGUITY,,,,,,,,,,,
span:AUTH-TAD-0111,ambiguity:无重复,HAS_AMBIGUITY,,,,,,,,,,,
span:AUTH-TAD-0111,ambiguity:来源字段完整但仍需正版逐页核验,HAS_AMBIGUITY,,,,,,,,,,,
span:AUTH-TAD-0111,annotation:span:AUTH-TAD-0111:r1,ANNOTATED_BY,,,,,,,,,,,
annotation:span:AUTH-TAD-0111:r1,rater:rater_1,MADE_BY,,,,,,,,,,,
span:AUTH-TAD-0111,annotation:span:AUTH-TAD-0111:r2,ANNOTATED_BY,,,,,,,,,,,
annotation:span:AUTH-TAD-0111:r2,rater:rater_2,MADE_BY,,,,,,,,,,,
span:AUTH-TAD-0111,annotation:span:AUTH-TAD-0111:r3,ANNOTATED_BY,,,,,,,,,,,
annotation:span:AUTH-TAD-0111:r3,rater:rater_3,MADE_BY,,,,,,,,,,,
span:AUTH-TAD-0111,cue:BEFORE_PREDICATE,TRIGGERS_CUE,,,,,,,,,,,
span:AUTH-TAD-0111,cue:EVENT_TIME,TRIGGERS_CUE,,,,,,,,,,,
span:AUTH-TAD-0111,cue:NO_TEMPORAL_EXPRESSION,TRIGGERS_CUE,,,,,,,,,,,
sentence:SENT-0070,source:GRAMMAR_MANUAL_INTERMEDIATE,DERIVED_FROM,,,,,25,你怎么一再迟到呢? 他一再向女朋友保证以后再也不抽烟了,,,,,
sentence:SENT-0070,span:AUTH-TAD-0112,HAS_CANDIDATE,,,,,,,,,,,
span:AUTH-TAD-0112,consensus:AUTH-TAD-0112,HAS_CONSENSUS,,,,,,,,,,,
consensus:AUTH-TAD-0112,function:OTHER,MAPS_TO,,,,,,,,,,,
span:AUTH-TAD-0112,cleaning:C_暂不纳入主实验,HAS_CLEANING_STATUS,,,,,,,待复核,,,,
span:AUTH-TAD-0112,ambiguity:相对时间框架边界,HAS_AMBIGUITY,,,,,,,,,,,
span:AUTH-TAD-0112,ambiguity:候选片段与最终片段不一致,HAS_AMBIGUITY,,,,,,,,,,,
span:AUTH-TAD-0112,ambiguity:非目标时间表达,HAS_AMBIGUITY,,,,,,,,,,,
span:AUTH-TAD-0112,ambiguity:三人标注不完全一致,HAS_AMBIGUITY,,,,,,,,,,,
span:AUTH-TAD-0112,ambiguity:至少一名标注者修正片段,HAS_AMBIGUITY,,,,,,,,,,,
span:AUTH-TAD-0112,ambiguity:无重复,HAS_AMBIGUITY,,,,,,,,,,,
span:AUTH-TAD-0112,ambiguity:来源字段完整但仍需正版逐页核验,HAS_AMBIGUITY,,,,,,,,,,,
span:AUTH-TAD-0112,annotation:span:AUTH-TAD-0112:r1,ANNOTATED_BY,,,,,,,,,,,
annotation:span:AUTH-TAD-0112:r1,rater:rater_1,MADE_BY,,,,,,,,,,,
span:AUTH-TAD-0112,annotation:span:AUTH-TAD-0112:r2,ANNOTATED_BY,,,,,,,,,,,
annotation:span:AUTH-TAD-0112:r2,rater:rater_2,MADE_BY,,,,,,,,,,,
span:AUTH-TAD-0112,annotation:span:AUTH-TAD-0112:r3,ANNOTATED_BY,,,,,,,,,,,
annotation:span:AUTH-TAD-0112:r3,rater:rater_3,MADE_BY,,,,,,,,,,,
span:AUTH-TAD-0112,cue:BEFORE_PREDICATE,TRIGGERS_CUE,,,,,,,,,,,
span:AUTH-TAD-0112,cue:EVENT_TIME,TRIGGERS_CUE,,,,,,,,,,,
span:AUTH-TAD-0112,cue:NO_TEMPORAL_EXPRESSION,TRIGGERS_CUE,,,,,,,,,,,
span:AUTH-TAD-0112,cue:REVIEW_NON_TARGET_RISK,TRIGGERS_CUE,,,,,,,,,,,
span:AUTH-TAD-0112,cue:TIME_AFTER_BEFORE,TRIGGERS_CUE,,,,,,,,,,,
span:AUTH-TAD-0112,rule:R_TEMP_KG_OTHER_01,MATCHES_RULE,,,,,,,,1.0,OTHER,130.0,true
span:AUTH-TAD-0112,rule:R_TEMP_ADV_05,MATCHES_RULE,,,,,,,,2.0,TEMPORAL_ADVERBIAL,83.0,false
sentence:SENT-0204,source:GRAMMAR_MANUAL_ADVANCED,DERIVED_FROM,,,,,41,B:别提了，上课的时候，老师一连问了好几个问题， 我都不知道怎,,,,,
sentence:SENT-0204,span:AUTH-TAD-0113,HAS_CANDIDATE,,,,,,,,,,,
span:AUTH-TAD-0113,consensus:AUTH-TAD-0113,HAS_CONSENSUS,,,,,,,,,,,
consensus:AUTH-TAD-0113,function:TEMPORAL_ADVERBIAL,MAPS_TO,,,,,,,,,,,
span:AUTH-TAD-0113,cleaning:B_边界复核集,HAS_CLEANING_STATUS,,,,,,,边界集/鲁棒性分析,,,,
span:AUTH-TAD-0113,ambiguity:相对时间框架边界,HAS_AMBIGUITY,,,,,,,,,,,
span:AUTH-TAD-0113,ambiguity:无重复,HAS_AMBIGUITY,,,,,,,,,,,
span:AUTH-TAD-0113,ambiguity:来源字段完整但仍需正版逐页核验,HAS_AMBIGUITY,,,,,,,,,,,
span:AUTH-TAD-0113,annotation:span:AUTH-TAD-0113:r1,ANNOTATED_BY,,,,,,,,,,,
annotation:span:AUTH-TAD-0113:r1,rater:rater_1,MADE_BY,,,,,,,,,,,
span:AUTH-TAD-0113,annotation:span:AUTH-TAD-0113:r2,ANNOTATED_BY,,,,,,,,,,,
annotation:span:AUTH-TAD-0113:r2,rater:rater_2,MADE_BY,,,,,,,,,,,
span:AUTH-TAD-0113,annotation:span:AUTH-TAD-0113:r3,ANNOTATED_BY,,,,,,,,,,,
annotation:span:AUTH-TAD-0113:r3,rater:rater_3,MADE_BY,,,,,,,,,,,
span:AUTH-TAD-0113,cue:AFTER_VERB,TRIGGERS_CUE,,,,,,,,,,,
span:AUTH-TAD-0113,cue:NO_TEMPORAL_EXPRESSION,TRIGGERS_CUE,,,,,,,,,,,
span:AUTH-TAD-0113,cue:POSTPOSED_TEMPORAL_MARKER,TRIGGERS_CUE,,,,,,,,,,,
span:AUTH-TAD-0113,cue:TIME_AFTER_BEFORE,TRIGGERS_CUE,,,,,,,,,,,
span:AUTH-TAD-0113,rule:R_TEMP_COMP_09,MATCHES_RULE,,,,,,,,1.0,COMPLEMENT,91.0,false
span:AUTH-TAD-0113,rule:R_TEMP_COMP_08,MATCHES_RULE,,,,,,,,2.0,COMPLEMENT,89.0,false
sentence:SENT-0441,source:GRAMMAR_MANUAL_ADVANCED,DERIVED_FROM,,,,,28,◎结构特点 时间副词“历来”一般用在主语后、动词性成分前,,,,,
sentence:SENT-0441,span:AUTH-TAD-0114,HAS_CANDIDATE,,,,,,,,,,,
span:AUTH-TAD-0114,consensus:AUTH-TAD-0114,HAS_CONSENSUS,,,,,,,,,,,
consensus:AUTH-TAD-0114,function:OTHER,MAPS_TO,,,,,,,,,,,
span:AUTH-TAD-0114,cleaning:C_暂不纳入主实验,HAS_CLEANING_STATUS,,,,,,,待复核,,,,
span:AUTH-TAD-0114,ambiguity:时间主语_普通时间词边界,HAS_AMBIGUITY,,,,,,,,,,,
span:AUTH-TAD-0114,ambiguity:候选片段与最终片段不一致,HAS_AMBIGUITY,,,,,,,,,,,
span:AUTH-TAD-0114,ambiguity:非目标时间表达,HAS_AMBIGUITY,,,,,,,,,,,
span:AUTH-TAD-0114,ambiguity:三人标注不完全一致,HAS_AMBIGUITY,,,,,,,,,,,
span:AUTH-TAD-0114,ambiguity:至少一名标注者修正片段,HAS_AMBIGUITY,,,,,,,,,,,
span:AUTH-TAD-0114,ambiguity:无重复,HAS_AMBIGUITY,,,,,,,,,,,
span:AUTH-TAD-0114,ambiguity:来源字段完整但仍需正版逐页核验,HAS_AMBIGUITY,,,,,,,,,,,
span:AUTH-TAD-0114,annotation:span:AUTH-TAD-0114:r1,ANNOTATED_BY,,,,,,,,,,,
annotation:span:AUTH-TAD-0114:r1,rater:rater_1,MADE_BY,,,,,,,,,,,
span:AUTH-TAD-0114,annotation:span:AUTH-TAD-0114:r2,ANNOTATED_BY,,,,,,,,,,,
annotation:span:AUTH-TAD-0114:r2,rater:rater_2,MADE_BY,,,,,,,,,,,
span:AUTH-TAD-0114,annotation:span:AUTH-TAD-0114:r3,ANNOTATED_BY,,,,,,,,,,,
annotation:span:AUTH-TAD-0114:r3,rater:rater_3,MADE_BY,,,,,,,,,,,
span:AUTH-TAD-0114,cue:REVIEW_NON_TARGET_RISK,TRIGGERS_CUE,,,,,,,,,,,
span:AUTH-TAD-0114,cue:TIME_ADVERB,TRIGGERS_CUE,,,,,,,,,,,
span:AUTH-TAD-0114,cue:TIME_AFTER_BEFORE,TRIGGERS_CUE,,,,,,,,,,,
span:AUTH-TAD-0114,cue:TIME_NOUN,TRIGGERS_CUE,,,,,,,,,,,
span:AUTH-TAD-0114,cue:TIME_POINT,TRIGGERS_CUE,,,,,,,,,,,
span:AUTH-TAD-0114,rule:R_TEMP_KG_OTHER_01,MATCHES_RULE,,,,,,,,1.0,OTHER,130.0,true
span:AUTH-TAD-0114,rule:R_TEMP_KG_ADV_02,MATCHES_RULE,,,,,,,,2.0,TEMPORAL_ADVERBIAL,72.0,false
sentence:SENT-0317,source:GRAMMAR_MANUAL_INTERMEDIATE,DERIVED_FROM,,,,,231,例句 这件事或是哥哥做 你或是参加这次考 休息的时候，我或 的，或是弟弟做的,,,,,
sentence:SENT-0317,span:AUTH-TAD-0115,HAS_CANDIDATE,,,,,,,,,,,
span:AUTH-TAD-0115,consensus:AUTH-TAD-0115,HAS_CONSENSUS,,,,,,,,,,,
consensus:AUTH-TAD-0115,function:OTHER,MAPS_TO,,,,,,,,,,,
span:AUTH-TAD-0115,cleaning:C_暂不纳入主实验,HAS_CLEANING_STATUS,,,,,,,错误分析/待复核,,,,
span:AUTH-TAD-0115,ambiguity:非目标时间表达,HAS_AMBIGUITY,,,,,,,,,,,
span:AUTH-TAD-0115,ambiguity:至少一名标注者修正片段,HAS_AMBIGUITY,,,,,,,,,,,
span:AUTH-TAD-0115,ambiguity:无重复,HAS_AMBIGUITY,,,,,,,,,,,
span:AUTH-TAD-0115,ambiguity:来源字段完整但仍需正版逐页核验,HAS_AMBIGUITY,,,,,,,,,,,
span:AUTH-TAD-0115,annotation:span:AUTH-TAD-0115:r1,ANNOTATED_BY,,,,,,,,,,,
annotation:span:AUTH-TAD-0115:r1,rater:rater_1,MADE_BY,,,,,,,,,,,
span:AUTH-TAD-0115,annotation:span:AUTH-TAD-0115:r2,ANNOTATED_BY,,,,,,,,,,,
annotation:span:AUTH-TAD-0115:r2,rater:rater_2,MADE_BY,,,,,,,,,,,
span:AUTH-TAD-0115,annotation:span:AUTH-TAD-0115:r3,ANNOTATED_BY,,,,,,,,,,,
annotation:span:AUTH-TAD-0115:r3,rater:rater_3,MADE_BY,,,,,,,,,,,
span:AUTH-TAD-0115,cue:BEFORE_PREDICATE,TRIGGERS_CUE,,,,,,,,,,,
span:AUTH-TAD-0115,cue:EVENT_TIME,TRIGGERS_CUE,,,,,,,,,,,
span:AUTH-TAD-0115,cue:NO_TEMPORAL_EXPRESSION,TRIGGERS_CUE,,,,,,,,,,,
span:AUTH-TAD-0115,cue:REVIEW_NON_TARGET_RISK,TRIGGERS_CUE,,,,,,,,,,,
span:AUTH-TAD-0115,rule:R_TEMP_KG_OTHER_01,MATCHES_RULE,,,,,,,,1.0,OTHER,130.0,true
sentence:SENT-0154,source:GRAMMAR_MANUAL_ELEMENTARY,DERIVED_FROM,,,,,352,81数量补语4(动词+时量补语):表示动作持续的 时间 【三51】 ◎,,,,,
sentence:SENT-0154,span:AUTH-TAD-0116,HAS_CANDIDATE,,,,,,,,,,,
span:AUTH-TAD-0116,consensus:AUTH-TAD-0116,HAS_CONSENSUS,,,,,,,,,,,
consensus:AUTH-TAD-0116,function:COMPLEMENT,MAPS_TO,,,,,,,,,,,
span:AUTH-TAD-0116,cleaning:B_边界复核集,HAS_CLEANING_STATUS,,,,,,,边界集/鲁棒性分析,,,,
span:AUTH-TAD-0116,ambiguity:时量补语_持续时间边界,HAS_AMBIGUITY,,,,,,,,,,,
span:AUTH-TAD-0116,ambiguity:无重复,HAS_AMBIGUITY,,,,,,,,,,,
span:AUTH-TAD-0116,ambiguity:来源字段完整但仍需正版逐页核验,HAS_AMBIGUITY,,,,,,,,,,,
span:AUTH-TAD-0116,annotation:span:AUTH-TAD-0116:r1,ANNOTATED_BY,,,,,,,,,,,
annotation:span:AUTH-TAD-0116:r1,rater:rater_1,MADE_BY,,,,,,,,,,,
span:AUTH-TAD-0116,annotation:span:AUTH-TAD-0116:r2,ANNOTATED_BY,,,,,,,,,,,
annotation:span:AUTH-TAD-0116:r2,rater:rater_2,MADE_BY,,,,,,,,,,,
span:AUTH-TAD-0116,annotation:span:AUTH-TAD-0116:r3,ANNOTATED_BY,,,,,,,,,,,
annotation:span:AUTH-TAD-0116:r3,rater:rater_3,MADE_BY,,,,,,,,,,,
span:AUTH-TAD-0116,cue:AFTER_VERB,TRIGGERS_CUE,,,,,,,,,,,
span:AUTH-TAD-0116,cue:COMPLEMENT_DURATION_CONTEXT,TRIGGERS_CUE,,,,,,,,,,,
span:AUTH-TAD-0116,cue:DURATION_COMPLEMENT,TRIGGERS_CUE,,,,,,,,,,,
span:AUTH-TAD-0116,cue:INDEFINITE_TIME,TRIGGERS_CUE,,,,,,,,,,,
span:AUTH-TAD-0116,cue:TIME_DURATION,TRIGGERS_CUE,,,,,,,,,,,
span:AUTH-TAD-0116,cue:TIME_POINT,TRIGGERS_CUE,,,,,,,,,,,
span:AUTH-TAD-0116,rule:R_TEMP_KG_COMP_01,MATCHES_RULE,,,,,,,,1.0,COMPLEMENT,127.0,true
span:AUTH-TAD-0116,rule:R_TEMP_COMP_01,MATCHES_RULE,,,,,,,,2.0,COMPLEMENT,96.0,true
span:AUTH-TAD-0116,rule:R_TEMP_COMP_02,MATCHES_RULE,,,,,,,,3.0,COMPLEMENT,95.0,true
span:AUTH-TAD-0116,rule:R_TEMP_COMP_07,MATCHES_RULE,,,,,,,,4.0,COMPLEMENT,94.0,true
sentence:SENT-0079,source:GRAMMAR_MANUAL_ELEMENTARY,DERIVED_FROM,,,,,280,级语法点 20 时间副词(3):曾经 【三14】 ◎基本语义及用法 表示某种,,,,,
sentence:SENT-0079,span:AUTH-TAD-0117,HAS_CANDIDATE,,,,,,,,,,,
span:AUTH-TAD-0117,consensus:AUTH-TAD-0117,HAS_CONSENSUS,,,,,,,,,,,
consensus:AUTH-TAD-0117,function:COMPLEMENT,MAPS_TO,,,,,,,,,,,
span:AUTH-TAD-0117,cleaning:C_暂不纳入主实验,HAS_CLEANING_STATUS,,,,,,,待复核,,,,
span:AUTH-TAD-0117,ambiguity:时量补语_持续时间边界,HAS_AMBIGUITY,,,,,,,,,,,
span:AUTH-TAD-0117,ambiguity:三人标注不完全一致,HAS_AMBIGUITY,,,,,,,,,,,
span:AUTH-TAD-0117,ambiguity:至少一名标注者修正片段,HAS_AMBIGUITY,,,,,,,,,,,
span:AUTH-TAD-0117,ambiguity:无重复,HAS_AMBIGUITY,,,,,,,,,,,
span:AUTH-TAD-0117,ambiguity:来源字段完整但仍需正版逐页核验,HAS_AMBIGUITY,,,,,,,,,,,
span:AUTH-TAD-0117,annotation:span:AUTH-TAD-0117:r1,ANNOTATED_BY,,,,,,,,,,,
annotation:span:AUTH-TAD-0117:r1,rater:rater_1,MADE_BY,,,,,,,,,,,
span:AUTH-TAD-0117,annotation:span:AUTH-TAD-0117:r2,ANNOTATED_BY,,,,,,,,,,,
annotation:span:AUTH-TAD-0117:r2,rater:rater_2,MADE_BY,,,,,,,,,,,
span:AUTH-TAD-0117,annotation:span:AUTH-TAD-0117:r3,ANNOTATED_BY,,,,,,,,,,,
annotation:span:AUTH-TAD-0117:r3,rater:rater_3,MADE_BY,,,,,,,,,,,
span:AUTH-TAD-0117,cue:AFTER_VERB,TRIGGERS_CUE,,,,,,,,,,,
span:AUTH-TAD-0117,cue:COMPLEMENT_DURATION_CONTEXT,TRIGGERS_CUE,,,,,,,,,,,
span:AUTH-TAD-0117,cue:DURATION_COMPLEMENT,TRIGGERS_CUE,,,,,,,,,,,
span:AUTH-TAD-0117,cue:TIME_DURATION,TRIGGERS_CUE,,,,,,,,,,,
span:AUTH-TAD-0117,rule:R_TEMP_KG_COMP_01,MATCHES_RULE,,,,,,,,1.0,COMPLEMENT,127.0,true
span:AUTH-TAD-0117,rule:R_TEMP_COMP_01,MATCHES_RULE,,,,,,,,2.0,COMPLEMENT,96.0,true
span:AUTH-TAD-0117,rule:R_TEMP_COMP_02,MATCHES_RULE,,,,,,,,3.0,COMPLEMENT,95.0,true
span:AUTH-TAD-0117,rule:R_TEMP_COMP_07,MATCHES_RULE,,,,,,,,4.0,COMPLEMENT,94.0,true
sentence:SENT-0270,source:GRAMMAR_MANUAL_ADVANCED,DERIVED_FROM,,,,,33,重复副词“再度”一般用在主语后、动词性成分前，作状语,,,,,
sentence:SENT-0270,span:AUTH-TAD-0118,HAS_CANDIDATE,,,,,,,,,,,
span:AUTH-TAD-0118,consensus:AUTH-TAD-0118,HAS_CONSENSUS,,,,,,,,,,,
consensus:AUTH-TAD-0118,function:TEMPORAL_ADVERBIAL,MAPS_TO,,,,,,,,,,,
span:AUTH-TAD-0118,cleaning:C_暂不纳入主实验,HAS_CLEANING_STATUS,,,,,,,待复核,,,,
span:AUTH-TAD-0118,ambiguity:时量补语_持续时间边界,HAS_AMBIGUITY,,,,,,,,,,,
span:AUTH-TAD-0118,ambiguity:三人标注不完全一致,HAS_AMBIGUITY,,,,,,,,,,,
span:AUTH-TAD-0118,ambiguity:至少一名标注者修正片段,HAS_AMBIGUITY,,,,,,,,,,,
span:AUTH-TAD-0118,ambiguity:无重复,HAS_AMBIGUITY,,,,,,,,,,,
span:AUTH-TAD-0118,ambiguity:来源字段完整但仍需正版逐页核验,HAS_AMBIGUITY,,,,,,,,,,,
span:AUTH-TAD-0118,annotation:span:AUTH-TAD-0118:r1,ANNOTATED_BY,,,,,,,,,,,
annotation:span:AUTH-TAD-0118:r1,rater:rater_1,MADE_BY,,,,,,,,,,,
span:AUTH-TAD-0118,annotation:span:AUTH-TAD-0118:r2,ANNOTATED_BY,,,,,,,,,,,
annotation:span:AUTH-TAD-0118:r2,rater:rater_2,MADE_BY,,,,,,,,,,,
span:AUTH-TAD-0118,annotation:span:AUTH-TAD-0118:r3,ANNOTATED_BY,,,,,,,,,,,
annotation:span:AUTH-TAD-0118:r3,rater:rater_3,MADE_BY,,,,,,,,,,,
span:AUTH-TAD-0118,cue:BEFORE_PREDICATE,TRIGGERS_CUE,,,,,,,,,,,
span:AUTH-TAD-0118,cue:EVENT_TIME,TRIGGERS_CUE,,,,,,,,,,,
span:AUTH-TAD-0118,cue:TIME_AFTER_BEFORE,TRIGGERS_CUE,,,,,,,,,,,
span:AUTH-TAD-0118,cue:TIME_DURATION,TRIGGERS_CUE,,,,,,,,,,,
span:AUTH-TAD-0118,rule:R_TEMP_ADV_17,MATCHES_RULE,,,,,,,,1.0,TEMPORAL_ADVERBIAL,85.0,true
span:AUTH-TAD-0118,rule:R_TEMP_ADV_05,MATCHES_RULE,,,,,,,,2.0,TEMPORAL_ADVERBIAL,83.0,true
sentence:SENT-0259,source:GRAMMAR_MANUAL_INTERMEDIATE,DERIVED_FROM,,,,,149,出国以后，我不时会给父母打电话,,,,,
sentence:SENT-0259,span:AUTH-TAD-0119,HAS_CANDIDATE,,,,,,,,,,,
span:AUTH-TAD-0119,consensus:AUTH-TAD-0119,HAS_CONSENSUS,,,,,,,,,,,
consensus:AUTH-TAD-0119,function:ATTRIBUTE,MAPS_TO,,,,,,,,,,,
span:AUTH-TAD-0119,cleaning:B_边界复核集,HAS_CLEANING_STATUS,,,,,,,边界集/鲁棒性分析,,,,
span:AUTH-TAD-0119,ambiguity:可能为时间定语,HAS_AMBIGUITY,,,,,,,,,,,
span:AUTH-TAD-0119,ambiguity:无重复,HAS_AMBIGUITY,,,,,,,,,,,
span:AUTH-TAD-0119,ambiguity:来源字段完整但仍需正版逐页核验,HAS_AMBIGUITY,,,,,,,,,,,
span:AUTH-TAD-0119,annotation:span:AUTH-TAD-0119:r1,ANNOTATED_BY,,,,,,,,,,,
annotation:span:AUTH-TAD-0119:r1,rater:rater_1,MADE_BY,,,,,,,,,,,
span:AUTH-TAD-0119,annotation:span:AUTH-TAD-0119:r2,ANNOTATED_BY,,,,,,,,,,,
annotation:span:AUTH-TAD-0119:r2,rater:rater_2,MADE_BY,,,,,,,,,,,
span:AUTH-TAD-0119,annotation:span:AUTH-TAD-0119:r3,ANNOTATED_BY,,,,,,,,,,,
annotation:span:AUTH-TAD-0119:r3,rater:rater_3,MADE_BY,,,,,,,,,,,
span:AUTH-TAD-0119,cue:ATTR_DE_DIRECT,TRIGGERS_CUE,,,,,,,,,,,
span:AUTH-TAD-0119,cue:ATTR_NOMINAL_DIRECT,TRIGGERS_CUE,,,,,,,,,,,
span:AUTH-TAD-0119,cue:DE_PARTICLE,TRIGGERS_CUE,,,,,,,,,,,
span:AUTH-TAD-0119,cue:NOMINAL_HEAD,TRIGGERS_CUE,,,,,,,,,,,
span:AUTH-TAD-0119,cue:NO_TEMPORAL_EXPRESSION,TRIGGERS_CUE,,,,,,,,,,,
span:AUTH-TAD-0119,rule:R_TEMP_KG_ATTR_01,MATCHES_RULE,,,,,,,,1.0,ATTRIBUTE,128.0,true
span:AUTH-TAD-0119,rule:R_TEMP_KG_ATTR_02,MATCHES_RULE,,,,,,,,2.0,ATTRIBUTE,126.0,true
span:AUTH-TAD-0119,rule:R_TEMP_ATTR_01,MATCHES_RULE,,,,,,,,3.0,ATTRIBUTE,95.0,true
sentence:SENT-0385,source:GRAMMAR_MANUAL_INTERMEDIATE,DERIVED_FROM,,,,,13,◎典型例句和对话 例句 小声一点儿，不要 你看人家经常锻 影响人家休息,,,,,
sentence:SENT-0385,span:AUTH-TAD-0120,HAS_CANDIDATE,,,,,,,,,,,
span:AUTH-TAD-0120,consensus:AUTH-TAD-0120,HAS_CONSENSUS,,,,,,,,,,,
consensus:AUTH-TAD-0120,function:OTHER,MAPS_TO,,,,,,,,,,,
span:AUTH-TAD-0120,cleaning:C_暂不纳入主实验,HAS_CLEANING_STATUS,,,,,,,待复核,,,,
span:AUTH-TAD-0120,ambiguity:非目标时间表达,HAS_AMBIGUITY,,,,,,,,,,,
span:AUTH-TAD-0120,ambiguity:三人标注不完全一致,HAS_AMBIGUITY,,,,,,,,,,,
span:AUTH-TAD-0120,ambiguity:出现不确定标注,HAS_AMBIGUITY,,,,,,,,,,,
span:AUTH-TAD-0120,ambiguity:至少一名标注者修正片段,HAS_AMBIGUITY,,,,,,,,,,,
span:AUTH-TAD-0120,ambiguity:无重复,HAS_AMBIGUITY,,,,,,,,,,,
span:AUTH-TAD-0120,ambiguity:来源字段完整但仍需正版逐页核验,HAS_AMBIGUITY,,,,,,,,,,,
span:AUTH-TAD-0120,annotation:span:AUTH-TAD-0120:r1,ANNOTATED_BY,,,,,,,,,,,
annotation:span:AUTH-TAD-0120:r1,rater:rater_1,MADE_BY,,,,,,,,,,,
span:AUTH-TAD-0120,annotation:span:AUTH-TAD-0120:r2,ANNOTATED_BY,,,,,,,,,,,
annotation:span:AUTH-TAD-0120:r2,rater:rater_2,MADE_BY,,,,,,,,,,,
span:AUTH-TAD-0120,annotation:span:AUTH-TAD-0120:r3,ANNOTATED_BY,,,,,,,,,,,
annotation:span:AUTH-TAD-0120:r3,rater:rater_3,MADE_BY,,,,,,,,,,,
span:AUTH-TAD-0120,cue:BEFORE_PREDICATE,TRIGGERS_CUE,,,,,,,,,,,
span:AUTH-TAD-0120,cue:EVENT_TIME,TRIGGERS_CUE,,,,,,,,,,,
span:AUTH-TAD-0120,cue:REVIEW_NON_TARGET_RISK,TRIGGERS_CUE,,,,,,,,,,,
span:AUTH-TAD-0120,cue:TIME_ADVERB,TRIGGERS_CUE,,,,,,,,,,,
span:AUTH-TAD-0120,cue:TIME_FREQUENCY,TRIGGERS_CUE,,,,,,,,,,,
span:AUTH-TAD-0120,cue:TIME_NOUN,TRIGGERS_CUE,,,,,,,,,,,
span:AUTH-TAD-0120,rule:R_TEMP_KG_OTHER_01,MATCHES_RULE,,,,,,,,1.0,OTHER,130.0,true
span:AUTH-TAD-0120,rule:R_TEMP_ADV_01,MATCHES_RULE,,,,,,,,2.0,TEMPORAL_ADVERBIAL,90.0,false
span:AUTH-TAD-0120,rule:R_TEMP_ADV_02,MATCHES_RULE,,,,,,,,3.0,TEMPORAL_ADVERBIAL,88.0,false
span:AUTH-TAD-0120,rule:R_TEMP_ADV_04,MATCHES_RULE,,,,,,,,4.0,TEMPORAL_ADVERBIAL,84.0,false
span:AUTH-TAD-0120,rule:R_TEMP_ADV_19,MATCHES_RULE,,,,,,,,5.0,TEMPORAL_ADVERBIAL,84.0,false
sentence:SENT-0138,source:GRAMMAR_MANUAL_ELEMENTARY,DERIVED_FROM,,,,,119,义及用法 有些动词可以重叠，表示动作次数少、持续的时间短或尝试的意思,,,,,
sentence:SENT-0138,span:AUTH-TAD-0121,HAS_CANDIDATE,,,,,,,,,,,
span:AUTH-TAD-0121,consensus:AUTH-TAD-0121,HAS_CONSENSUS,,,,,,,,,,,
consensus:AUTH-TAD-0121,function:COMPLEMENT,MAPS_TO,,,,,,,,,,,
span:AUTH-TAD-0121,cleaning:A_主评测候选,HAS_CLEANING_STATUS,,,,,,,主实验/严格评测,,,,
span:AUTH-TAD-0121,ambiguity:无重复,HAS_AMBIGUITY,,,,,,,,,,,
span:AUTH-TAD-0121,ambiguity:来源字段完整但仍需正版逐页核验,HAS_AMBIGUITY,,,,,,,,,,,
span:AUTH-TAD-0121,annotation:span:AUTH-TAD-0121:r1,ANNOTATED_BY,,,,,,,,,,,
annotation:span:AUTH-TAD-0121:r1,rater:rater_1,MADE_BY,,,,,,,,,,,
span:AUTH-TAD-0121,annotation:span:AUTH-TAD-0121:r2,ANNOTATED_BY,,,,,,,,,,,
annotation:span:AUTH-TAD-0121:r2,rater:rater_2,MADE_BY,,,,,,,,,,,
span:AUTH-TAD-0121,annotation:span:AUTH-TAD-0121:r3,ANNOTATED_BY,,,,,,,,,,,
annotation:span:AUTH-TAD-0121:r3,rater:rater_3,MADE_BY,,,,,,,,,,,
span:AUTH-TAD-0121,cue:AFTER_VERB,TRIGGERS_CUE,,,,,,,,,,,
span:AUTH-TAD-0121,cue:BEFORE_PREDICATE,TRIGGERS_CUE,,,,,,,,,,,
span:AUTH-TAD-0121,cue:COMPLEMENT_DURATION_CONTEXT,TRIGGERS_CUE,,,,,,,,,,,
span:AUTH-TAD-0121,cue:DURATION_COMPLEMENT,TRIGGERS_CUE,,,,,,,,,,,
span:AUTH-TAD-0121,cue:EVENT_TIME,TRIGGERS_CUE,,,,,,,,,,,
span:AUTH-TAD-0121,cue:TIME_NOUN,TRIGGERS_CUE,,,,,,,,,,,
span:AUTH-TAD-0121,cue:TIME_POINT,TRIGGERS_CUE,,,,,,,,,,,
span:AUTH-TAD-0121,rule:R_TEMP_KG_COMP_01,MATCHES_RULE,,,,,,,,1.0,COMPLEMENT,127.0,true
span:AUTH-TAD-0121,rule:R_TEMP_ADV_01,MATCHES_RULE,,,,,,,,2.0,TEMPORAL_ADVERBIAL,90.0,false
span:AUTH-TAD-0121,rule:R_TEMP_ADV_02,MATCHES_RULE,,,,,,,,3.0,TEMPORAL_ADVERBIAL,88.0,false
span:AUTH-TAD-0121,rule:R_TEMP_ADV_10,MATCHES_RULE,,,,,,,,4.0,TEMPORAL_ADVERBIAL,75.0,false
span:AUTH-TAD-0121,rule:R_TEMP_KG_ADV_02,MATCHES_RULE,,,,,,,,5.0,TEMPORAL_ADVERBIAL,72.0,false
sentence:SENT-0105,source:GRAMMAR_MANUAL_ADVANCED,DERIVED_FROM,,,,,64,B:他未免过分自信了，平时考试他都在第十名以后,,,,,
sentence:SENT-0105,span:AUTH-TAD-0122,HAS_CANDIDATE,,,,,,,,,,,
span:AUTH-TAD-0122,consensus:AUTH-TAD-0122,HAS_CONSENSUS,,,,,,,,,,,
consensus:AUTH-TAD-0122,function:OTHER,MAPS_TO,,,,,,,,,,,
span:AUTH-TAD-0122,cleaning:C_暂不纳入主实验,HAS_CLEANING_STATUS,,,,,,,待复核,,,,
span:AUTH-TAD-0122,ambiguity:相对时间框架边界,HAS_AMBIGUITY,,,,,,,,,,,
span:AUTH-TAD-0122,ambiguity:非目标时间表达,HAS_AMBIGUITY,,,,,,,,,,,
span:AUTH-TAD-0122,ambiguity:三人标注不完全一致,HAS_AMBIGUITY,,,,,,,,,,,
span:AUTH-TAD-0122,ambiguity:出现不确定标注,HAS_AMBIGUITY,,,,,,,,,,,
span:AUTH-TAD-0122,ambiguity:至少一名标注者修正片段,HAS_AMBIGUITY,,,,,,,,,,,
span:AUTH-TAD-0122,ambiguity:同句多候选_重复句,HAS_AMBIGUITY,,,,,,,,,,,
span:AUTH-TAD-0122,ambiguity:来源字段完整但仍需正版逐页核验,HAS_AMBIGUITY,,,,,,,,,,,
span:AUTH-TAD-0122,annotation:span:AUTH-TAD-0122:r1,ANNOTATED_BY,,,,,,,,,,,
annotation:span:AUTH-TAD-0122:r1,rater:rater_1,MADE_BY,,,,,,,,,,,
span:AUTH-TAD-0122,annotation:span:AUTH-TAD-0122:r2,ANNOTATED_BY,,,,,,,,,,,
annotation:span:AUTH-TAD-0122:r2,rater:rater_2,MADE_BY,,,,,,,,,,,
span:AUTH-TAD-0122,annotation:span:AUTH-TAD-0122:r3,ANNOTATED_BY,,,,,,,,,,,
annotation:span:AUTH-TAD-0122:r3,rater:rater_3,MADE_BY,,,,,,,,,,,
span:AUTH-TAD-0122,cue:BEFORE_PREDICATE,TRIGGERS_CUE,,,,,,,,,,,
span:AUTH-TAD-0122,cue:EVENT_TIME,TRIGGERS_CUE,,,,,,,,,,,
span:AUTH-TAD-0122,cue:NO_TEMPORAL_EXPRESSION,TRIGGERS_CUE,,,,,,,,,,,
span:AUTH-TAD-0122,cue:REVIEW_NON_TARGET_RISK,TRIGGERS_CUE,,,,,,,,,,,
span:AUTH-TAD-0122,cue:TIME_AFTER_BEFORE,TRIGGERS_CUE,,,,,,,,,,,
span:AUTH-TAD-0122,rule:R_TEMP_KG_OTHER_01,MATCHES_RULE,,,,,,,,1.0,OTHER,130.0,true
span:AUTH-TAD-0122,rule:R_TEMP_ADV_05,MATCHES_RULE,,,,,,,,2.0,TEMPORAL_ADVERBIAL,83.0,false
sentence:SENT-0329,source:GRAMMAR_MANUAL_INTERMEDIATE,DERIVED_FROM,,,,,241,这次他即使赢得了比赛，以后也不能再打球了,,,,,
sentence:SENT-0329,span:AUTH-TAD-0123,HAS_CANDIDATE,,,,,,,,,,,
span:AUTH-TAD-0123,consensus:AUTH-TAD-0123,HAS_CONSENSUS,,,,,,,,,,,
consensus:AUTH-TAD-0123,function:OTHER,MAPS_TO,,,,,,,,,,,
span:AUTH-TAD-0123,cleaning:C_暂不纳入主实验,HAS_CLEANING_STATUS,,,,,,,待复核,,,,
span:AUTH-TAD-0123,ambiguity:候选片段与最终片段不一致,HAS_AMBIGUITY,,,,,,,,,,,
span:AUTH-TAD-0123,ambiguity:非目标时间表达,HAS_AMBIGUITY,,,,,,,,,,,
span:AUTH-TAD-0123,ambiguity:三人标注不完全一致,HAS_AMBIGUITY,,,,,,,,,,,
span:AUTH-TAD-0123,ambiguity:至少一名标注者修正片段,HAS_AMBIGUITY,,,,,,,,,,,
span:AUTH-TAD-0123,ambiguity:同句多候选_重复句,HAS_AMBIGUITY,,,,,,,,,,,
span:AUTH-TAD-0123,ambiguity:来源字段完整但仍需正版逐页核验,HAS_AMBIGUITY,,,,,,,,,,,
span:AUTH-TAD-0123,annotation:span:AUTH-TAD-0123:r1,ANNOTATED_BY,,,,,,,,,,,
annotation:span:AUTH-TAD-0123:r1,rater:rater_1,MADE_BY,,,,,,,,,,,
span:AUTH-TAD-0123,annotation:span:AUTH-TAD-0123:r2,ANNOTATED_BY,,,,,,,,,,,
annotation:span:AUTH-TAD-0123:r2,rater:rater_2,MADE_BY,,,,,,,,,,,
span:AUTH-TAD-0123,annotation:span:AUTH-TAD-0123:r3,ANNOTATED_BY,,,,,,,,,,,
annotation:span:AUTH-TAD-0123:r3,rater:rater_3,MADE_BY,,,,,,,,,,,
span:AUTH-TAD-0123,cue:BEFORE_PREDICATE,TRIGGERS_CUE,,,,,,,,,,,
span:AUTH-TAD-0123,cue:EVENT_TIME,TRIGGERS_CUE,,,,,,,,,,,
span:AUTH-TAD-0123,cue:REVIEW_NON_TARGET_RISK,TRIGGERS_CUE,,,,,,,,,,,
span:AUTH-TAD-0123,cue:SENTENCE_INITIAL,TRIGGERS_CUE,,,,,,,,,,,
span:AUTH-TAD-0123,cue:TIME_NOUN,TRIGGERS_CUE,,,,,,,,,,,
span:AUTH-TAD-0123,rule:R_TEMP_KG_OTHER_01,MATCHES_RULE,,,,,,,,1.0,OTHER,130.0,true
span:AUTH-TAD-0123,rule:R_TEMP_ADV_01,MATCHES_RULE,,,,,,,,2.0,TEMPORAL_ADVERBIAL,90.0,false
span:AUTH-TAD-0123,rule:R_TEMP_ADV_02,MATCHES_RULE,,,,,,,,3.0,TEMPORAL_ADVERBIAL,88.0,false
span:AUTH-TAD-0123,rule:R_TEMP_KG_ADV_02,MATCHES_RULE,,,,,,,,4.0,TEMPORAL_ADVERBIAL,72.0,false
sentence:SENT-0134,source:GRAMMAR_MANUAL_INTERMEDIATE,DERIVED_FROM,,,,,319,她是个好女儿，经常给父母买这买那,,,,,
sentence:SENT-0134,span:AUTH-TAD-0124,HAS_CANDIDATE,,,,,,,,,,,
span:AUTH-TAD-0124,consensus:AUTH-TAD-0124,HAS_CONSENSUS,,,,,,,,,,,
consensus:AUTH-TAD-0124,function:TEMPORAL_ADVERBIAL,MAPS_TO,,,,,,,,,,,
span:AUTH-TAD-0124,cleaning:A_主评测候选,HAS_CLEANING_STATUS,,,,,,,主实验/严格评测,,,,
span:AUTH-TAD-0124,ambiguity:无重复,HAS_AMBIGUITY,,,,,,,,,,,
span:AUTH-TAD-0124,ambiguity:来源字段完整但仍需正版逐页核验,HAS_AMBIGUITY,,,,,,,,,,,
span:AUTH-TAD-0124,annotation:span:AUTH-TAD-0124:r1,ANNOTATED_BY,,,,,,,,,,,
annotation:span:AUTH-TAD-0124:r1,rater:rater_1,MADE_BY,,,,,,,,,,,
span:AUTH-TAD-0124,annotation:span:AUTH-TAD-0124:r2,ANNOTATED_BY,,,,,,,,,,,
annotation:span:AUTH-TAD-0124:r2,rater:rater_2,MADE_BY,,,,,,,,,,,
span:AUTH-TAD-0124,annotation:span:AUTH-TAD-0124:r3,ANNOTATED_BY,,,,,,,,,,,
annotation:span:AUTH-TAD-0124:r3,rater:rater_3,MADE_BY,,,,,,,,,,,
span:AUTH-TAD-0124,cue:TIME_NOUN,TRIGGERS_CUE,,,,,,,,,,,
span:AUTH-TAD-0124,rule:R_TEMP_KG_ADV_02,MATCHES_RULE,,,,,,,,1.0,TEMPORAL_ADVERBIAL,72.0,true
sentence:SENT-0337,source:GRAMMAR_MANUAL_ELEMENTARY,DERIVED_FROM,,,,,78,,,,,,
sentence:SENT-0337,span:AUTH-TAD-0125,HAS_CANDIDATE,,,,,,,,,,,
span:AUTH-TAD-0125,consensus:AUTH-TAD-0125,HAS_CONSENSUS,,,,,,,,,,,
consensus:AUTH-TAD-0125,function:TEMPORAL_ADVERBIAL,MAPS_TO,,,,,,,,,,,
span:AUTH-TAD-0125,cleaning:B_边界复核集,HAS_CLEANING_STATUS,,,,,,,边界集/鲁棒性分析,,,,
span:AUTH-TAD-0125,ambiguity:页面线索缺失,HAS_AMBIGUITY,,,,,,,,,,,
span:AUTH-TAD-0125,ambiguity:无重复,HAS_AMBIGUITY,,,,,,,,,,,
span:AUTH-TAD-0125,annotation:span:AUTH-TAD-0125:r1,ANNOTATED_BY,,,,,,,,,,,
annotation:span:AUTH-TAD-0125:r1,rater:rater_1,MADE_BY,,,,,,,,,,,
span:AUTH-TAD-0125,annotation:span:AUTH-TAD-0125:r2,ANNOTATED_BY,,,,,,,,,,,
annotation:span:AUTH-TAD-0125:r2,rater:rater_2,MADE_BY,,,,,,,,,,,
span:AUTH-TAD-0125,annotation:span:AUTH-TAD-0125:r3,ANNOTATED_BY,,,,,,,,,,,
annotation:span:AUTH-TAD-0125:r3,rater:rater_3,MADE_BY,,,,,,,,,,,
span:AUTH-TAD-0125,cue:BEFORE_PREDICATE,TRIGGERS_CUE,,,,,,,,,,,
span:AUTH-TAD-0125,cue:EVENT_TIME,TRIGGERS_CUE,,,,,,,,,,,
span:AUTH-TAD-0125,cue:SENTENCE_INITIAL,TRIGGERS_CUE,,,,,,,,,,,
span:AUTH-TAD-0125,cue:TIME_NOUN,TRIGGERS_CUE,,,,,,,,,,,
span:AUTH-TAD-0125,rule:R_TEMP_ADV_01,MATCHES_RULE,,,,,,,,1.0,TEMPORAL_ADVERBIAL,90.0,true
span:AUTH-TAD-0125,rule:R_TEMP_ADV_02,MATCHES_RULE,,,,,,,,2.0,TEMPORAL_ADVERBIAL,88.0,true
span:AUTH-TAD-0125,rule:R_TEMP_KG_ADV_02,MATCHES_RULE,,,,,,,,3.0,TEMPORAL_ADVERBIAL,72.0,true
sentence:SENT-0228,source:GRAMMAR_MANUAL_ELEMENTARY,DERIVED_FROM,,,,,328,妈妈为了工作，经常睡得很晚,,,,,
sentence:SENT-0228,span:AUTH-TAD-0126,HAS_CANDIDATE,,,,,,,,,,,
span:AUTH-TAD-0126,consensus:AUTH-TAD-0126,HAS_CONSENSUS,,,,,,,,,,,
consensus:AUTH-TAD-0126,function:TEMPORAL_ADVERBIAL,MAPS_TO,,,,,,,,,,,
span:AUTH-TAD-0126,cleaning:B_边界复核集,HAS_CLEANING_STATUS,,,,,,,边界集/鲁棒性分析,,,,
span:AUTH-TAD-0126,ambiguity:时间副词_体貌副词边界,HAS_AMBIGUITY,,,,,,,,,,,
span:AUTH-TAD-0126,ambiguity:无重复,HAS_AMBIGUITY,,,,,,,,,,,
span:AUTH-TAD-0126,ambiguity:来源字段完整但仍需正版逐页核验,HAS_AMBIGUITY,,,,,,,,,,,
span:AUTH-TAD-0126,annotation:span:AUTH-TAD-0126:r1,ANNOTATED_BY,,,,,,,,,,,
annotation:span:AUTH-TAD-0126:r1,rater:rater_1,MADE_BY,,,,,,,,,,,
span:AUTH-TAD-0126,annotation:span:AUTH-TAD-0126:r2,ANNOTATED_BY,,,,,,,,,,,
annotation:span:AUTH-TAD-0126:r2,rater:rater_2,MADE_BY,,,,,,,,,,,
span:AUTH-TAD-0126,annotation:span:AUTH-TAD-0126:r3,ANNOTATED_BY,,,,,,,,,,,
annotation:span:AUTH-TAD-0126:r3,rater:rater_3,MADE_BY,,,,,,,,,,,
span:AUTH-TAD-0126,cue:BEFORE_PREDICATE,TRIGGERS_CUE,,,,,,,,,,,
span:AUTH-TAD-0126,cue:EVENT_TIME,TRIGGERS_CUE,,,,,,,,,,,
span:AUTH-TAD-0126,cue:TIME_FREQUENCY,TRIGGERS_CUE,,,,,,,,,,,
span:AUTH-TAD-0126,rule:R_TEMP_ADV_04,MATCHES_RULE,,,,,,,,1.0,TEMPORAL_ADVERBIAL,84.0,true
span:AUTH-TAD-0126,rule:R_TEMP_KG_ADV_01,MATCHES_RULE,,,,,,,,2.0,TEMPORAL_ADVERBIAL,79.0,true
sentence:SENT-0415,source:GRAMMAR_MANUAL_ELEMENTARY,DERIVED_FROM,,,,,154,级语法点 34频率、重复副词(2):经常 【二16】 ◎基本语义及用法 表示某动,,,,,
sentence:SENT-0415,span:AUTH-TAD-0127,HAS_CANDIDATE,,,,,,,,,,,
span:AUTH-TAD-0127,consensus:AUTH-TAD-0127,HAS_CONSENSUS,,,,,,,,,,,
consensus:AUTH-TAD-0127,function:TEMPORAL_ADVERBIAL,MAPS_TO,,,,,,,,,,,
span:AUTH-TAD-0127,cleaning:B_边界复核集,HAS_CLEANING_STATUS,,,,,,,边界集/鲁棒性分析,,,,
span:AUTH-TAD-0127,ambiguity:时间副词_体貌副词边界,HAS_AMBIGUITY,,,,,,,,,,,
span:AUTH-TAD-0127,ambiguity:无重复,HAS_AMBIGUITY,,,,,,,,,,,
span:AUTH-TAD-0127,ambiguity:来源字段完整但仍需正版逐页核验,HAS_AMBIGUITY,,,,,,,,,,,
span:AUTH-TAD-0127,annotation:span:AUTH-TAD-0127:r1,ANNOTATED_BY,,,,,,,,,,,
annotation:span:AUTH-TAD-0127:r1,rater:rater_1,MADE_BY,,,,,,,,,,,
span:AUTH-TAD-0127,annotation:span:AUTH-TAD-0127:r2,ANNOTATED_BY,,,,,,,,,,,
annotation:span:AUTH-TAD-0127:r2,rater:rater_2,MADE_BY,,,,,,,,,,,
span:AUTH-TAD-0127,annotation:span:AUTH-TAD-0127:r3,ANNOTATED_BY,,,,,,,,,,,
annotation:span:AUTH-TAD-0127:r3,rater:rater_3,MADE_BY,,,,,,,,,,,
span:AUTH-TAD-0127,cue:BEFORE_PREDICATE,TRIGGERS_CUE,,,,,,,,,,,
span:AUTH-TAD-0127,cue:EVENT_TIME,TRIGGERS_CUE,,,,,,,,,,,
span:AUTH-TAD-0127,cue:TIME_FREQUENCY,TRIGGERS_CUE,,,,,,,,,,,
span:AUTH-TAD-0127,rule:R_TEMP_ADV_04,MATCHES_RULE,,,,,,,,1.0,TEMPORAL_ADVERBIAL,84.0,true
span:AUTH-TAD-0127,rule:R_TEMP_KG_ADV_01,MATCHES_RULE,,,,,,,,2.0,TEMPORAL_ADVERBIAL,79.0,true
sentence:SENT-0152,source:GRAMMAR_MANUAL_ADVANCED,DERIVED_FROM,,,,,134,】( ◎ 基本语义及用法 “此后”表示在某时或某事以后，用在两个分句间表示承接关系，前后分句表,,,,,
sentence:SENT-0152,span:AUTH-TAD-0128,HAS_CANDIDATE,,,,,,,,,,,
span:AUTH-TAD-0128,consensus:AUTH-TAD-0128,HAS_CONSENSUS,,,,,,,,,,,
consensus:AUTH-TAD-0128,function:TEMPORAL_ADVERBIAL,MAPS_TO,,,,,,,,,,,
span:AUTH-TAD-0128,cleaning:A_主评测候选,HAS_CLEANING_STATUS,,,,,,,主实验/严格评测,,,,
span:AUTH-TAD-0128,ambiguity:无重复,HAS_AMBIGUITY,,,,,,,,,,,
span:AUTH-TAD-0128,ambiguity:来源字段完整但仍需正版逐页核验,HAS_AMBIGUITY,,,,,,,,,,,
span:AUTH-TAD-0128,annotation:span:AUTH-TAD-0128:r1,ANNOTATED_BY,,,,,,,,,,,
annotation:span:AUTH-TAD-0128:r1,rater:rater_1,MADE_BY,,,,,,,,,,,
span:AUTH-TAD-0128,annotation:span:AUTH-TAD-0128:r2,ANNOTATED_BY,,,,,,,,,,,
annotation:span:AUTH-TAD-0128:r2,rater:rater_2,MADE_BY,,,,,,,,,,,
span:AUTH-TAD-0128,annotation:span:AUTH-TAD-0128:r3,ANNOTATED_BY,,,,,,,,,,,
annotation:span:AUTH-TAD-0128:r3,rater:rater_3,MADE_BY,,,,,,,,,,,
span:AUTH-TAD-0128,cue:BEFORE_PREDICATE,TRIGGERS_CUE,,,,,,,,,,,
span:AUTH-TAD-0128,cue:EVENT_TIME,TRIGGERS_CUE,,,,,,,,,,,
span:AUTH-TAD-0128,cue:TIME_ADVERB,TRIGGERS_CUE,,,,,,,,,,,
span:AUTH-TAD-0128,cue:TIME_NOUN,TRIGGERS_CUE,,,,,,,,,,,
span:AUTH-TAD-0128,cue:TIME_POINT,TRIGGERS_CUE,,,,,,,,,,,
span:AUTH-TAD-0128,rule:R_TEMP_ADV_01,MATCHES_RULE,,,,,,,,1.0,TEMPORAL_ADVERBIAL,90.0,true
span:AUTH-TAD-0128,rule:R_TEMP_ADV_02,MATCHES_RULE,,,,,,,,2.0,TEMPORAL_ADVERBIAL,88.0,true
span:AUTH-TAD-0128,rule:R_TEMP_ADV_19,MATCHES_RULE,,,,,,,,3.0,TEMPORAL_ADVERBIAL,84.0,true
span:AUTH-TAD-0128,rule:R_TEMP_ADV_08,MATCHES_RULE,,,,,,,,4.0,TEMPORAL_ADVERBIAL,78.0,true
span:AUTH-TAD-0128,rule:R_TEMP_ADV_10,MATCHES_RULE,,,,,,,,5.0,TEMPORAL_ADVERBIAL,75.0,true
sentence:SENT-0206,source:GRAMMAR_MANUAL_INTERMEDIATE,DERIVED_FROM,,,,,98,交际实践 补充例句 他学习的时候非常专心，甚至忘了吃饭,,,,,
sentence:SENT-0206,span:AUTH-TAD-0129,HAS_CANDIDATE,,,,,,,,,,,
span:AUTH-TAD-0129,consensus:AUTH-TAD-0129,HAS_CONSENSUS,,,,,,,,,,,
consensus:AUTH-TAD-0129,function:COMPLEMENT,MAPS_TO,,,,,,,,,,,
span:AUTH-TAD-0129,cleaning:C_暂不纳入主实验,HAS_CLEANING_STATUS,,,,,,,待复核,,,,
span:AUTH-TAD-0129,ambiguity:时量补语_持续时间边界,HAS_AMBIGUITY,,,,,,,,,,,
span:AUTH-TAD-0129,ambiguity:三人标注不完全一致,HAS_AMBIGUITY,,,,,,,,,,,
span:AUTH-TAD-0129,ambiguity:至少一名标注者修正片段,HAS_AMBIGUITY,,,,,,,,,,,
span:AUTH-TAD-0129,ambiguity:无重复,HAS_AMBIGUITY,,,,,,,,,,,
span:AUTH-TAD-0129,ambiguity:来源字段完整但仍需正版逐页核验,HAS_AMBIGUITY,,,,,,,,,,,
span:AUTH-TAD-0129,annotation:span:AUTH-TAD-0129:r1,ANNOTATED_BY,,,,,,,,,,,
annotation:span:AUTH-TAD-0129:r1,rater:rater_1,MADE_BY,,,,,,,,,,,
span:AUTH-TAD-0129,annotation:span:AUTH-TAD-0129:r2,ANNOTATED_BY,,,,,,,,,,,
annotation:span:AUTH-TAD-0129:r2,rater:rater_2,MADE_BY,,,,,,,,,,,
span:AUTH-TAD-0129,annotation:span:AUTH-TAD-0129:r3,ANNOTATED_BY,,,,,,,,,,,
annotation:span:AUTH-TAD-0129:r3,rater:rater_3,MADE_BY,,,,,,,,,,,
span:AUTH-TAD-0129,cue:AFTER_VERB,TRIGGERS_CUE,,,,,,,,,,,
span:AUTH-TAD-0129,cue:COMPLEMENT_DURATION_CONTEXT,TRIGGERS_CUE,,,,,,,,,,,
span:AUTH-TAD-0129,cue:DURATION_COMPLEMENT,TRIGGERS_CUE,,,,,,,,,,,
span:AUTH-TAD-0129,cue:INDEFINITE_TIME,TRIGGERS_CUE,,,,,,,,,,,
span:AUTH-TAD-0129,cue:TIME_DURATION,TRIGGERS_CUE,,,,,,,,,,,
span:AUTH-TAD-0129,cue:TIME_POINT,TRIGGERS_CUE,,,,,,,,,,,
span:AUTH-TAD-0129,rule:R_TEMP_KG_COMP_01,MATCHES_RULE,,,,,,,,1.0,COMPLEMENT,127.0,true
span:AUTH-TAD-0129,rule:R_TEMP_COMP_01,MATCHES_RULE,,,,,,,,2.0,COMPLEMENT,96.0,true
span:AUTH-TAD-0129,rule:R_TEMP_COMP_02,MATCHES_RULE,,,,,,,,3.0,COMPLEMENT,95.0,true
span:AUTH-TAD-0129,rule:R_TEMP_COMP_07,MATCHES_RULE,,,,,,,,4.0,COMPLEMENT,94.0,true
sentence:SENT-0328,source:GRAMMAR_MANUAL_ADVANCED,DERIVED_FROM,,,,,64,B:他未免过分自信了，平时考试他都在第十名以后,,,,,
sentence:SENT-0328,span:AUTH-TAD-0130,HAS_CANDIDATE,,,,,,,,,,,
span:AUTH-TAD-0130,consensus:AUTH-TAD-0130,HAS_CONSENSUS,,,,,,,,,,,
consensus:AUTH-TAD-0130,function:TEMPORAL_ADVERBIAL,MAPS_TO,,,,,,,,,,,
span:AUTH-TAD-0130,cleaning:A_主评测候选,HAS_CLEANING_STATUS,,,,,,,主实验/严格评测,,,,
span:AUTH-TAD-0130,ambiguity:同句多候选_重复句,HAS_AMBIGUITY,,,,,,,,,,,
span:AUTH-TAD-0130,ambiguity:来源字段完整但仍需正版逐页核验,HAS_AMBIGUITY,,,,,,,,,,,
span:AUTH-TAD-0130,annotation:span:AUTH-TAD-0130:r1,ANNOTATED_BY,,,,,,,,,,,
annotation:span:AUTH-TAD-0130:r1,rater:rater_1,MADE_BY,,,,,,,,,,,
span:AUTH-TAD-0130,annotation:span:AUTH-TAD-0130:r2,ANNOTATED_BY,,,,,,,,,,,
annotation:span:AUTH-TAD-0130:r2,rater:rater_2,MADE_BY,,,,,,,,,,,
span:AUTH-TAD-0130,annotation:span:AUTH-TAD-0130:r3,ANNOTATED_BY,,,,,,,,,,,
annotation:span:AUTH-TAD-0130:r3,rater:rater_3,MADE_BY,,,,,,,,,,,
span:AUTH-TAD-0130,cue:BEFORE_PREDICATE,TRIGGERS_CUE,,,,,,,,,,,
span:AUTH-TAD-0130,cue:EVENT_TIME,TRIGGERS_CUE,,,,,,,,,,,
span:AUTH-TAD-0130,cue:SENTENCE_INITIAL,TRIGGERS_CUE,,,,,,,,,,,
span:AUTH-TAD-0130,cue:TIME_NOUN,TRIGGERS_CUE,,,,,,,,,,,
span:AUTH-TAD-0130,rule:R_TEMP_ADV_01,MATCHES_RULE,,,,,,,,1.0,TEMPORAL_ADVERBIAL,90.0,true
span:AUTH-TAD-0130,rule:R_TEMP_ADV_02,MATCHES_RULE,,,,,,,,2.0,TEMPORAL_ADVERBIAL,88.0,true
span:AUTH-TAD-0130,rule:R_TEMP_KG_ADV_02,MATCHES_RULE,,,,,,,,3.0,TEMPORAL_ADVERBIAL,72.0,true
sentence:SENT-0212,source:GRAMMAR_MANUAL_INTERMEDIATE,DERIVED_FROM,,,,,242,给你发这个信 老师这节课什么也没 例句 为的是走的时候 息，为的是提醒 讲，为的是让我们有时,,,,,
sentence:SENT-0212,span:AUTH-TAD-0131,HAS_CANDIDATE,,,,,,,,,,,
span:AUTH-TAD-0131,consensus:AUTH-TAD-0131,HAS_CONSENSUS,,,,,,,,,,,
consensus:AUTH-TAD-0131,function:OTHER,MAPS_TO,,,,,,,,,,,
span:AUTH-TAD-0131,cleaning:C_暂不纳入主实验,HAS_CLEANING_STATUS,,,,,,,待复核,,,,
span:AUTH-TAD-0131,ambiguity:相对时间框架边界,HAS_AMBIGUITY,,,,,,,,,,,
span:AUTH-TAD-0131,ambiguity:候选片段与最终片段不一致,HAS_AMBIGUITY,,,,,,,,,,,
span:AUTH-TAD-0131,ambiguity:非目标时间表达,HAS_AMBIGUITY,,,,,,,,,,,
span:AUTH-TAD-0131,ambiguity:三人标注不完全一致,HAS_AMBIGUITY,,,,,,,,,,,
span:AUTH-TAD-0131,ambiguity:至少一名标注者修正片段,HAS_AMBIGUITY,,,,,,,,,,,
span:AUTH-TAD-0131,ambiguity:无重复,HAS_AMBIGUITY,,,,,,,,,,,
span:AUTH-TAD-0131,ambiguity:来源字段完整但仍需正版逐页核验,HAS_AMBIGUITY,,,,,,,,,,,
span:AUTH-TAD-0131,annotation:span:AUTH-TAD-0131:r1,ANNOTATED_BY,,,,,,,,,,,
annotation:span:AUTH-TAD-0131:r1,rater:rater_1,MADE_BY,,,,,,,,,,,
span:AUTH-TAD-0131,annotation:span:AUTH-TAD-0131:r2,ANNOTATED_BY,,,,,,,,,,,
annotation:span:AUTH-TAD-0131:r2,rater:rater_2,MADE_BY,,,,,,,,,,,
span:AUTH-TAD-0131,annotation:span:AUTH-TAD-0131:r3,ANNOTATED_BY,,,,,,,,,,,
annotation:span:AUTH-TAD-0131:r3,rater:rater_3,MADE_BY,,,,,,,,,,,
span:AUTH-TAD-0131,cue:BEFORE_PREDICATE,TRIGGERS_CUE,,,,,,,,,,,
span:AUTH-TAD-0131,cue:EVENT_TIME,TRIGGERS_CUE,,,,,,,,,,,
span:AUTH-TAD-0131,cue:REVIEW_NON_TARGET_RISK,TRIGGERS_CUE,,,,,,,,,,,
span:AUTH-TAD-0131,cue:TIME_NOUN,TRIGGERS_CUE,,,,,,,,,,,
span:AUTH-TAD-0131,rule:R_TEMP_KG_OTHER_01,MATCHES_RULE,,,,,,,,1.0,OTHER,130.0,true
span:AUTH-TAD-0131,rule:R_TEMP_ADV_01,MATCHES_RULE,,,,,,,,2.0,TEMPORAL_ADVERBIAL,90.0,false
span:AUTH-TAD-0131,rule:R_TEMP_ADV_02,MATCHES_RULE,,,,,,,,3.0,TEMPORAL_ADVERBIAL,88.0,false
span:AUTH-TAD-0131,rule:R_TEMP_KG_ADV_02,MATCHES_RULE,,,,,,,,4.0,TEMPORAL_ADVERBIAL,72.0,false
sentence:SENT-0443,source:GRAMMAR_MANUAL_ELEMENTARY,DERIVED_FROM,,,,,251,ion. ◎典型例句和对话 例句 您是经理吧? 你以前学过中文吧? 这是他的书吧? (在饭店),,,,,
sentence:SENT-0443,span:AUTH-TAD-0132,HAS_CANDIDATE,,,,,,,,,,,
span:AUTH-TAD-0132,consensus:AUTH-TAD-0132,HAS_CONSENSUS,,,,,,,,,,,
consensus:AUTH-TAD-0132,function:TEMPORAL_ADVERBIAL,MAPS_TO,,,,,,,,,,,
span:AUTH-TAD-0132,cleaning:A_主评测候选,HAS_CLEANING_STATUS,,,,,,,主实验/严格评测,,,,
span:AUTH-TAD-0132,ambiguity:无重复,HAS_AMBIGUITY,,,,,,,,,,,
span:AUTH-TAD-0132,ambiguity:来源字段完整但仍需正版逐页核验,HAS_AMBIGUITY,,,,,,,,,,,
span:AUTH-TAD-0132,annotation:span:AUTH-TAD-0132:r1,ANNOTATED_BY,,,,,,,,,,,
annotation:span:AUTH-TAD-0132:r1,rater:rater_1,MADE_BY,,,,,,,,,,,
span:AUTH-TAD-0132,annotation:span:AUTH-TAD-0132:r2,ANNOTATED_BY,,,,,,,,,,,
annotation:span:AUTH-TAD-0132:r2,rater:rater_2,MADE_BY,,,,,,,,,,,
span:AUTH-TAD-0132,annotation:span:AUTH-TAD-0132:r3,ANNOTATED_BY,,,,,,,,,,,
annotation:span:AUTH-TAD-0132:r3,rater:rater_3,MADE_BY,,,,,,,,,,,
span:AUTH-TAD-0132,cue:BEFORE_PREDICATE,TRIGGERS_CUE,,,,,,,,,,,
span:AUTH-TAD-0132,cue:EVENT_TIME,TRIGGERS_CUE,,,,,,,,,,,
span:AUTH-TAD-0132,cue:TIME_NOUN,TRIGGERS_CUE,,,,,,,,,,,
span:AUTH-TAD-0132,rule:R_TEMP_ADV_01,MATCHES_RULE,,,,,,,,1.0,TEMPORAL_ADVERBIAL,90.0,true
span:AUTH-TAD-0132,rule:R_TEMP_ADV_02,MATCHES_RULE,,,,,,,,2.0,TEMPORAL_ADVERBIAL,88.0,true
span:AUTH-TAD-0132,rule:R_TEMP_KG_ADV_02,MATCHES_RULE,,,,,,,,3.0,TEMPORAL_ADVERBIAL,72.0,true
sentence:SENT-0040,source:GRAMMAR_MANUAL_ELEMENTARY,DERIVED_FROM,,,,,70,他知道考试的时间和地点,,,,,
sentence:SENT-0040,span:AUTH-TAD-0133,HAS_CANDIDATE,,,,,,,,,,,
span:AUTH-TAD-0133,consensus:AUTH-TAD-0133,HAS_CONSENSUS,,,,,,,,,,,
consensus:AUTH-TAD-0133,function:OTHER,MAPS_TO,,,,,,,,,,,
span:AUTH-TAD-0133,cleaning:C_暂不纳入主实验,HAS_CLEANING_STATUS,,,,,,,待复核,,,,
span:AUTH-TAD-0133,ambiguity:非目标时间表达,HAS_AMBIGUITY,,,,,,,,,,,
span:AUTH-TAD-0133,ambiguity:三人标注不完全一致,HAS_AMBIGUITY,,,,,,,,,,,
span:AUTH-TAD-0133,ambiguity:至少一名标注者修正片段,HAS_AMBIGUITY,,,,,,,,,,,
span:AUTH-TAD-0133,ambiguity:无重复,HAS_AMBIGUITY,,,,,,,,,,,
span:AUTH-TAD-0133,ambiguity:来源字段完整但仍需正版逐页核验,HAS_AMBIGUITY,,,,,,,,,,,
span:AUTH-TAD-0133,annotation:span:AUTH-TAD-0133:r1,ANNOTATED_BY,,,,,,,,,,,
annotation:span:AUTH-TAD-0133:r1,rater:rater_1,MADE_BY,,,,,,,,,,,
span:AUTH-TAD-0133,annotation:span:AUTH-TAD-0133:r2,ANNOTATED_BY,,,,,,,,,,,
annotation:span:AUTH-TAD-0133:r2,rater:rater_2,MADE_BY,,,,,,,,,,,
span:AUTH-TAD-0133,annotation:span:AUTH-TAD-0133:r3,ANNOTATED_BY,,,,,,,,,,,
annotation:span:AUTH-TAD-0133:r3,rater:rater_3,MADE_BY,,,,,,,,,,,
span:AUTH-TAD-0133,cue:BEFORE_PREDICATE,TRIGGERS_CUE,,,,,,,,,,,
span:AUTH-TAD-0133,cue:EVENT_TIME,TRIGGERS_CUE,,,,,,,,,,,
span:AUTH-TAD-0133,cue:REVIEW_NON_TARGET_RISK,TRIGGERS_CUE,,,,,,,,,,,
span:AUTH-TAD-0133,cue:SENTENCE_INITIAL,TRIGGERS_CUE,,,,,,,,,,,
span:AUTH-TAD-0133,cue:TIME_NOUN,TRIGGERS_CUE,,,,,,,,,,,
span:AUTH-TAD-0133,rule:R_TEMP_KG_OTHER_01,MATCHES_RULE,,,,,,,,1.0,OTHER,130.0,true
span:AUTH-TAD-0133,rule:R_TEMP_ADV_01,MATCHES_RULE,,,,,,,,2.0,TEMPORAL_ADVERBIAL,90.0,false
span:AUTH-TAD-0133,rule:R_TEMP_ADV_02,MATCHES_RULE,,,,,,,,3.0,TEMPORAL_ADVERBIAL,88.0,false
span:AUTH-TAD-0133,rule:R_TEMP_KG_ADV_02,MATCHES_RULE,,,,,,,,4.0,TEMPORAL_ADVERBIAL,72.0,false
sentence:SENT-0141,source:GRAMMAR_MANUAL_ELEMENTARY,DERIVED_FROM,,,,,159,(在班级) (在公司) (商量事情) A:马上期末考试了， A:经理，明天我可 A:请,,,,,
sentence:SENT-0141,span:AUTH-TAD-0134,HAS_CANDIDATE,,,,,,,,,,,
span:AUTH-TAD-0134,consensus:AUTH-TAD-0134,HAS_CONSENSUS,,,,,,,,,,,
consensus:AUTH-TAD-0134,function:TEMPORAL_ADVERBIAL,MAPS_TO,,,,,,,,,,,
span:AUTH-TAD-0134,cleaning:B_边界复核集,HAS_CLEANING_STATUS,,,,,,,边界集/鲁棒性分析,,,,
span:AUTH-TAD-0134,ambiguity:时间副词_体貌副词边界,HAS_AMBIGUITY,,,,,,,,,,,
span:AUTH-TAD-0134,ambiguity:无重复,HAS_AMBIGUITY,,,,,,,,,,,
span:AUTH-TAD-0134,ambiguity:来源字段完整但仍需正版逐页核验,HAS_AMBIGUITY,,,,,,,,,,,
span:AUTH-TAD-0134,annotation:span:AUTH-TAD-0134:r1,ANNOTATED_BY,,,,,,,,,,,
annotation:span:AUTH-TAD-0134:r1,rater:rater_1,MADE_BY,,,,,,,,,,,
span:AUTH-TAD-0134,annotation:span:AUTH-TAD-0134:r2,ANNOTATED_BY,,,,,,,,,,,
annotation:span:AUTH-TAD-0134:r2,rater:rater_2,MADE_BY,,,,,,,,,,,
span:AUTH-TAD-0134,annotation:span:AUTH-TAD-0134:r3,ANNOTATED_BY,,,,,,,,,,,
annotation:span:AUTH-TAD-0134:r3,rater:rater_3,MADE_BY,,,,,,,,,,,
span:AUTH-TAD-0134,cue:LOCATION_EXPRESSION,TRIGGERS_CUE,,,,,,,,,,,
span:AUTH-TAD-0134,cue:NO_TEMPORAL_EXPRESSION,TRIGGERS_CUE,,,,,,,,,,,
span:AUTH-TAD-0134,cue:TIME_ADVERB,TRIGGERS_CUE,,,,,,,,,,,
span:AUTH-TAD-0134,rule:R_TEMP_OTHER_01,MATCHES_RULE,,,,,,,,1.0,OTHER,90.0,false
sentence:SENT-0358,source:GRAMMAR_MANUAL_ADVANCED,DERIVED_FROM,,,,,67,小提示 “幸好”在承接上文后，如果语义已经很明确时，后面的分句可以不出现,,,,,
sentence:SENT-0358,span:AUTH-TAD-0135,HAS_CANDIDATE,,,,,,,,,,,
span:AUTH-TAD-0135,consensus:AUTH-TAD-0135,HAS_CONSENSUS,,,,,,,,,,,
consensus:AUTH-TAD-0135,function:TEMPORAL_ADVERBIAL,MAPS_TO,,,,,,,,,,,
span:AUTH-TAD-0135,cleaning:B_边界复核集,HAS_CLEANING_STATUS,,,,,,,边界集/鲁棒性分析,,,,
span:AUTH-TAD-0135,ambiguity:时量补语_持续时间边界,HAS_AMBIGUITY,,,,,,,,,,,
span:AUTH-TAD-0135,ambiguity:三人标注不完全一致,HAS_AMBIGUITY,,,,,,,,,,,
span:AUTH-TAD-0135,ambiguity:同句多候选_重复句,HAS_AMBIGUITY,,,,,,,,,,,
span:AUTH-TAD-0135,ambiguity:来源字段完整但仍需正版逐页核验,HAS_AMBIGUITY,,,,,,,,,,,
span:AUTH-TAD-0135,annotation:span:AUTH-TAD-0135:r1,ANNOTATED_BY,,,,,,,,,,,
annotation:span:AUTH-TAD-0135:r1,rater:rater_1,MADE_BY,,,,,,,,,,,
span:AUTH-TAD-0135,annotation:span:AUTH-TAD-0135:r2,ANNOTATED_BY,,,,,,,,,,,
annotation:span:AUTH-TAD-0135:r2,rater:rater_2,MADE_BY,,,,,,,,,,,
span:AUTH-TAD-0135,annotation:span:AUTH-TAD-0135:r3,ANNOTATED_BY,,,,,,,,,,,
annotation:span:AUTH-TAD-0135:r3,rater:rater_3,MADE_BY,,,,,,,,,,,
span:AUTH-TAD-0135,cue:NO_TEMPORAL_EXPRESSION,TRIGGERS_CUE,,,,,,,,,,,
span:AUTH-TAD-0135,cue:STATIVE_PREDICATE,TRIGGERS_CUE,,,,,,,,,,,
sentence:SENT-0073,source:GRAMMAR_MANUAL_INTERMEDIATE,DERIVED_FROM,,,,,54,树叶很绿，像刚用水洗过似的,,,,,
sentence:SENT-0073,span:AUTH-TAD-0136,HAS_CANDIDATE,,,,,,,,,,,
span:AUTH-TAD-0136,consensus:AUTH-TAD-0136,HAS_CONSENSUS,,,,,,,,,,,
consensus:AUTH-TAD-0136,function:TEMPORAL_ADVERBIAL,MAPS_TO,,,,,,,,,,,
span:AUTH-TAD-0136,cleaning:B_边界复核集,HAS_CLEANING_STATUS,,,,,,,边界集/鲁棒性分析,,,,
span:AUTH-TAD-0136,ambiguity:时间副词_体貌副词边界,HAS_AMBIGUITY,,,,,,,,,,,
span:AUTH-TAD-0136,ambiguity:无重复,HAS_AMBIGUITY,,,,,,,,,,,
span:AUTH-TAD-0136,ambiguity:来源字段完整但仍需正版逐页核验,HAS_AMBIGUITY,,,,,,,,,,,
span:AUTH-TAD-0136,annotation:span:AUTH-TAD-0136:r1,ANNOTATED_BY,,,,,,,,,,,
annotation:span:AUTH-TAD-0136:r1,rater:rater_1,MADE_BY,,,,,,,,,,,
span:AUTH-TAD-0136,annotation:span:AUTH-TAD-0136:r2,ANNOTATED_BY,,,,,,,,,,,
annotation:span:AUTH-TAD-0136:r2,rater:rater_2,MADE_BY,,,,,,,,,,,
span:AUTH-TAD-0136,annotation:span:AUTH-TAD-0136:r3,ANNOTATED_BY,,,,,,,,,,,
annotation:span:AUTH-TAD-0136:r3,rater:rater_3,MADE_BY,,,,,,,,,,,
span:AUTH-TAD-0136,cue:BEFORE_PREDICATE,TRIGGERS_CUE,,,,,,,,,,,
span:AUTH-TAD-0136,cue:EVENT_TIME,TRIGGERS_CUE,,,,,,,,,,,
span:AUTH-TAD-0136,cue:TIME_FREQUENCY,TRIGGERS_CUE,,,,,,,,,,,
span:AUTH-TAD-0136,rule:R_TEMP_ADV_04,MATCHES_RULE,,,,,,,,1.0,TEMPORAL_ADVERBIAL,84.0,true
span:AUTH-TAD-0136,rule:R_TEMP_KG_ADV_01,MATCHES_RULE,,,,,,,,2.0,TEMPORAL_ADVERBIAL,79.0,true
sentence:SENT-0382,source:GRAMMAR_MANUAL_ELEMENTARY,DERIVED_FROM,,,,,269,tten Chinese. ◎ 典型例句和对话 她以前学习就很 例句 努力，现在更加努 我的身,,,,,
sentence:SENT-0382,span:AUTH-TAD-0137,HAS_CANDIDATE,,,,,,,,,,,
span:AUTH-TAD-0137,consensus:AUTH-TAD-0137,HAS_CONSENSUS,,,,,,,,,,,
consensus:AUTH-TAD-0137,function:OTHER,MAPS_TO,,,,,,,,,,,
span:AUTH-TAD-0137,cleaning:C_暂不纳入主实验,HAS_CLEANING_STATUS,,,,,,,待复核,,,,
span:AUTH-TAD-0137,ambiguity:时量补语_持续时间边界,HAS_AMBIGUITY,,,,,,,,,,,
span:AUTH-TAD-0137,ambiguity:非目标时间表达,HAS_AMBIGUITY,,,,,,,,,,,
span:AUTH-TAD-0137,ambiguity:三人标注不完全一致,HAS_AMBIGUITY,,,,,,,,,,,
span:AUTH-TAD-0137,ambiguity:至少一名标注者修正片段,HAS_AMBIGUITY,,,,,,,,,,,
span:AUTH-TAD-0137,ambiguity:无重复,HAS_AMBIGUITY,,,,,,,,,,,
span:AUTH-TAD-0137,ambiguity:来源字段完整但仍需正版逐页核验,HAS_AMBIGUITY,,,,,,,,,,,
span:AUTH-TAD-0137,annotation:span:AUTH-TAD-0137:r1,ANNOTATED_BY,,,,,,,,,,,
annotation:span:AUTH-TAD-0137:r1,rater:rater_1,MADE_BY,,,,,,,,,,,
span:AUTH-TAD-0137,annotation:span:AUTH-TAD-0137:r2,ANNOTATED_BY,,,,,,,,,,,
annotation:span:AUTH-TAD-0137:r2,rater:rater_2,MADE_BY,,,,,,,,,,,
span:AUTH-TAD-0137,annotation:span:AUTH-TAD-0137:r3,ANNOTATED_BY,,,,,,,,,,,
annotation:span:AUTH-TAD-0137:r3,rater:rater_3,MADE_BY,,,,,,,,,,,
span:AUTH-TAD-0137,cue:ABSTRACT_OR_NON_TARGET_TIME,TRIGGERS_CUE,,,,,,,,,,,
span:AUTH-TAD-0137,cue:BEFORE_PREDICATE,TRIGGERS_CUE,,,,,,,,,,,
span:AUTH-TAD-0137,cue:EVENT_TIME,TRIGGERS_CUE,,,,,,,,,,,
span:AUTH-TAD-0137,cue:REVIEW_NON_TARGET_RISK,TRIGGERS_CUE,,,,,,,,,,,
span:AUTH-TAD-0137,cue:TEMPORAL_COMPARISON_STATE,TRIGGERS_CUE,,,,,,,,,,,
span:AUTH-TAD-0137,cue:TIME_NOUN,TRIGGERS_CUE,,,,,,,,,,,
span:AUTH-TAD-0137,rule:R_TEMP_KG_OTHER_01,MATCHES_RULE,,,,,,,,1.0,OTHER,130.0,true
span:AUTH-TAD-0137,rule:R_TEMP_KG_OTHER_02,MATCHES_RULE,,,,,,,,2.0,OTHER,124.0,true
span:AUTH-TAD-0137,rule:R_TEMP_KG_OTHER_03,MATCHES_RULE,,,,,,,,3.0,OTHER,123.0,true
span:AUTH-TAD-0137,rule:R_TEMP_ADV_01,MATCHES_RULE,,,,,,,,4.0,TEMPORAL_ADVERBIAL,90.0,false
span:AUTH-TAD-0137,rule:R_TEMP_ADV_02,MATCHES_RULE,,,,,,,,5.0,TEMPORAL_ADVERBIAL,88.0,false
sentence:SENT-0037,source:GRAMMAR_MANUAL_INTERMEDIATE,DERIVED_FROM,,,,,289,◎典型例句和对话 ◎补充例句 例句 我要出门找他的时候 他刚好回来了,,,,,
sentence:SENT-0037,span:AUTH-TAD-0138,HAS_CANDIDATE,,,,,,,,,,,
span:AUTH-TAD-0138,consensus:AUTH-TAD-0138,HAS_CONSENSUS,,,,,,,,,,,
consensus:AUTH-TAD-0138,function:TEMPORAL_ADVERBIAL,MAPS_TO,,,,,,,,,,,
span:AUTH-TAD-0138,cleaning:A_主评测候选,HAS_CLEANING_STATUS,,,,,,,主实验/严格评测,,,,
span:AUTH-TAD-0138,ambiguity:无重复,HAS_AMBIGUITY,,,,,,,,,,,
span:AUTH-TAD-0138,ambiguity:来源字段完整但仍需正版逐页核验,HAS_AMBIGUITY,,,,,,,,,,,
span:AUTH-TAD-0138,annotation:span:AUTH-TAD-0138:r1,ANNOTATED_BY,,,,,,,,,,,
annotation:span:AUTH-TAD-0138:r1,rater:rater_1,MADE_BY,,,,,,,,,,,
span:AUTH-TAD-0138,annotation:span:AUTH-TAD-0138:r2,ANNOTATED_BY,,,,,,,,,,,
annotation:span:AUTH-TAD-0138:r2,rater:rater_2,MADE_BY,,,,,,,,,,,
span:AUTH-TAD-0138,annotation:span:AUTH-TAD-0138:r3,ANNOTATED_BY,,,,,,,,,,,
annotation:span:AUTH-TAD-0138:r3,rater:rater_3,MADE_BY,,,,,,,,,,,
span:AUTH-TAD-0138,cue:BEFORE_PREDICATE,TRIGGERS_CUE,,,,,,,,,,,
span:AUTH-TAD-0138,cue:EVENT_TIME,TRIGGERS_CUE,,,,,,,,,,,
span:AUTH-TAD-0138,cue:SENTENCE_INITIAL,TRIGGERS_CUE,,,,,,,,,,,
span:AUTH-TAD-0138,cue:STATIVE_PREDICATE,TRIGGERS_CUE,,,,,,,,,,,
span:AUTH-TAD-0138,cue:TIME_NOUN,TRIGGERS_CUE,,,,,,,,,,,
span:AUTH-TAD-0138,rule:R_TEMP_SUBJ_02,MATCHES_RULE,,,,,,,,1.0,SUBJECT,92.0,false
span:AUTH-TAD-0138,rule:R_TEMP_ADV_01,MATCHES_RULE,,,,,,,,2.0,TEMPORAL_ADVERBIAL,90.0,true
span:AUTH-TAD-0138,rule:R_TEMP_ADV_02,MATCHES_RULE,,,,,,,,3.0,TEMPORAL_ADVERBIAL,88.0,true
span:AUTH-TAD-0138,rule:R_TEMP_KG_ADV_02,MATCHES_RULE,,,,,,,,4.0,TEMPORAL_ADVERBIAL,72.0,true
sentence:SENT-0435,source:GRAMMAR_MANUAL_INTERMEDIATE,DERIVED_FROM,,,,,34,特点 “反而”主要在动词性成分或形容词性成分前，作状语,,,,,
sentence:SENT-0435,span:AUTH-TAD-0139,HAS_CANDIDATE,,,,,,,,,,,
span:AUTH-TAD-0139,consensus:AUTH-TAD-0139,HAS_CONSENSUS,,,,,,,,,,,
consensus:AUTH-TAD-0139,function:ATTRIBUTE,MAPS_TO,,,,,,,,,,,
span:AUTH-TAD-0139,cleaning:C_暂不纳入主实验,HAS_CLEANING_STATUS,,,,,,,待复核,,,,
span:AUTH-TAD-0139,ambiguity:原表已建议复核_剔除,HAS_AMBIGUITY,,,,,,,,,,,
span:AUTH-TAD-0139,ambiguity:时量补语_持续时间边界,HAS_AMBIGUITY,,,,,,,,,,,
span:AUTH-TAD-0139,ambiguity:三人标注不完全一致,HAS_AMBIGUITY,,,,,,,,,,,
span:AUTH-TAD-0139,ambiguity:至少一名标注者修正片段,HAS_AMBIGUITY,,,,,,,,,,,
span:AUTH-TAD-0139,ambiguity:无重复,HAS_AMBIGUITY,,,,,,,,,,,
span:AUTH-TAD-0139,ambiguity:来源字段完整但仍需正版逐页核验,HAS_AMBIGUITY,,,,,,,,,,,
span:AUTH-TAD-0139,annotation:span:AUTH-TAD-0139:r1,ANNOTATED_BY,,,,,,,,,,,
annotation:span:AUTH-TAD-0139:r1,rater:rater_1,MADE_BY,,,,,,,,,,,
span:AUTH-TAD-0139,annotation:span:AUTH-TAD-0139:r2,ANNOTATED_BY,,,,,,,,,,,
annotation:span:AUTH-TAD-0139:r2,rater:rater_2,MADE_BY,,,,,,,,,,,
span:AUTH-TAD-0139,annotation:span:AUTH-TAD-0139:r3,ANNOTATED_BY,,,,,,,,,,,
annotation:span:AUTH-TAD-0139:r3,rater:rater_3,MADE_BY,,,,,,,,,,,
span:AUTH-TAD-0139,cue:AFTER_VERB,TRIGGERS_CUE,,,,,,,,,,,
span:AUTH-TAD-0139,cue:COMPLEMENT_DURATION_CONTEXT,TRIGGERS_CUE,,,,,,,,,,,
span:AUTH-TAD-0139,cue:DURATION_COMPLEMENT,TRIGGERS_CUE,,,,,,,,,,,
span:AUTH-TAD-0139,cue:TIME_DURATION,TRIGGERS_CUE,,,,,,,,,,,
span:AUTH-TAD-0139,rule:R_TEMP_KG_COMP_01,MATCHES_RULE,,,,,,,,1.0,COMPLEMENT,127.0,false
span:AUTH-TAD-0139,rule:R_TEMP_COMP_01,MATCHES_RULE,,,,,,,,2.0,COMPLEMENT,96.0,false
span:AUTH-TAD-0139,rule:R_TEMP_COMP_02,MATCHES_RULE,,,,,,,,3.0,COMPLEMENT,95.0,false
span:AUTH-TAD-0139,rule:R_TEMP_COMP_07,MATCHES_RULE,,,,,,,,4.0,COMPLEMENT,94.0,false
sentence:SENT-0276,source:GRAMMAR_MANUAL_ELEMENTARY,DERIVED_FROM,,,,,250,A:你要去体育馆打 了很多水果? B:我没拿，我刚刚看见 球，是不是? B:不是我买的，是,,,,,
sentence:SENT-0276,span:AUTH-TAD-0140,HAS_CANDIDATE,,,,,,,,,,,
span:AUTH-TAD-0140,consensus:AUTH-TAD-0140,HAS_CONSENSUS,,,,,,,,,,,
consensus:AUTH-TAD-0140,function:TEMPORAL_ADVERBIAL,MAPS_TO,,,,,,,,,,,
span:AUTH-TAD-0140,cleaning:C_暂不纳入主实验,HAS_CLEANING_STATUS,,,,,,,待复核,,,,
span:AUTH-TAD-0140,ambiguity:三人标注不完全一致,HAS_AMBIGUITY,,,,,,,,,,,
span:AUTH-TAD-0140,ambiguity:至少一名标注者修正片段,HAS_AMBIGUITY,,,,,,,,,,,
span:AUTH-TAD-0140,ambiguity:无重复,HAS_AMBIGUITY,,,,,,,,,,,
span:AUTH-TAD-0140,ambiguity:来源字段完整但仍需正版逐页核验,HAS_AMBIGUITY,,,,,,,,,,,
span:AUTH-TAD-0140,annotation:span:AUTH-TAD-0140:r1,ANNOTATED_BY,,,,,,,,,,,
annotation:span:AUTH-TAD-0140:r1,rater:rater_1,MADE_BY,,,,,,,,,,,
span:AUTH-TAD-0140,annotation:span:AUTH-TAD-0140:r2,ANNOTATED_BY,,,,,,,,,,,
annotation:span:AUTH-TAD-0140:r2,rater:rater_2,MADE_BY,,,,,,,,,,,
span:AUTH-TAD-0140,annotation:span:AUTH-TAD-0140:r3,ANNOTATED_BY,,,,,,,,,,,
annotation:span:AUTH-TAD-0140:r3,rater:rater_3,MADE_BY,,,,,,,,,,,
span:AUTH-TAD-0140,cue:ATTR_NOMINAL_DIRECT,TRIGGERS_CUE,,,,,,,,,,,
span:AUTH-TAD-0140,cue:NOMINAL_HEAD,TRIGGERS_CUE,,,,,,,,,,,
span:AUTH-TAD-0140,cue:TIME_POINT,TRIGGERS_CUE,,,,,,,,,,,
span:AUTH-TAD-0140,rule:R_TEMP_KG_ATTR_02,MATCHES_RULE,,,,,,,,1.0,ATTRIBUTE,126.0,false
sentence:SENT-0438,source:GRAMMAR_MANUAL_INTERMEDIATE,DERIVED_FROM,,,,,12,spoken Chinese. ◎典型例句和对话 时间不早了，我得例句 我还得考虑考虑,,,,,
sentence:SENT-0438,span:AUTH-TAD-0141,HAS_CANDIDATE,,,,,,,,,,,
span:AUTH-TAD-0141,consensus:AUTH-TAD-0141,HAS_CONSENSUS,,,,,,,,,,,
consensus:AUTH-TAD-0141,function:COMPLEMENT,MAPS_TO,,,,,,,,,,,
span:AUTH-TAD-0141,cleaning:B_边界复核集,HAS_CLEANING_STATUS,,,,,,,边界集/鲁棒性分析,,,,
span:AUTH-TAD-0141,ambiguity:时量补语_持续时间边界,HAS_AMBIGUITY,,,,,,,,,,,
span:AUTH-TAD-0141,ambiguity:三人标注不完全一致,HAS_AMBIGUITY,,,,,,,,,,,
span:AUTH-TAD-0141,ambiguity:无重复,HAS_AMBIGUITY,,,,,,,,,,,
span:AUTH-TAD-0141,ambiguity:来源字段完整但仍需正版逐页核验,HAS_AMBIGUITY,,,,,,,,,,,
span:AUTH-TAD-0141,annotation:span:AUTH-TAD-0141:r1,ANNOTATED_BY,,,,,,,,,,,
annotation:span:AUTH-TAD-0141:r1,rater:rater_1,MADE_BY,,,,,,,,,,,
span:AUTH-TAD-0141,annotation:span:AUTH-TAD-0141:r2,ANNOTATED_BY,,,,,,,,,,,
annotation:span:AUTH-TAD-0141:r2,rater:rater_2,MADE_BY,,,,,,,,,,,
span:AUTH-TAD-0141,annotation:span:AUTH-TAD-0141:r3,ANNOTATED_BY,,,,,,,,,,,
annotation:span:AUTH-TAD-0141:r3,rater:rater_3,MADE_BY,,,,,,,,,,,
span:AUTH-TAD-0141,cue:AFTER_VERB,TRIGGERS_CUE,,,,,,,,,,,
span:AUTH-TAD-0141,cue:COMPLEMENT_DURATION_CONTEXT,TRIGGERS_CUE,,,,,,,,,,,
span:AUTH-TAD-0141,cue:DURATION_COMPLEMENT,TRIGGERS_CUE,,,,,,,,,,,
span:AUTH-TAD-0141,cue:TIME_DURATION,TRIGGERS_CUE,,,,,,,,,,,
span:AUTH-TAD-0141,rule:R_TEMP_KG_COMP_01,MATCHES_RULE,,,,,,,,1.0,COMPLEMENT,127.0,true
span:AUTH-TAD-0141,rule:R_TEMP_COMP_01,MATCHES_RULE,,,,,,,,2.0,COMPLEMENT,96.0,true
span:AUTH-TAD-0141,rule:R_TEMP_COMP_02,MATCHES_RULE,,,,,,,,3.0,COMPLEMENT,95.0,true
span:AUTH-TAD-0141,rule:R_TEMP_COMP_07,MATCHES_RULE,,,,,,,,4.0,COMPLEMENT,94.0,true
sentence:SENT-0056,source:GRAMMAR_MANUAL_ADVANCED,DERIVED_FROM,,,,,88,,,,,,
sentence:SENT-0056,span:AUTH-TAD-0142,HAS_CANDIDATE,,,,,,,,,,,
span:AUTH-TAD-0142,consensus:AUTH-TAD-0142,HAS_CONSENSUS,,,,,,,,,,,
consensus:AUTH-TAD-0142,function:ATTRIBUTE,MAPS_TO,,,,,,,,,,,
span:AUTH-TAD-0142,cleaning:B_边界复核集,HAS_CLEANING_STATUS,,,,,,,边界集/鲁棒性分析,,,,
span:AUTH-TAD-0142,ambiguity:页面线索缺失,HAS_AMBIGUITY,,,,,,,,,,,
span:AUTH-TAD-0142,ambiguity:可能为时间定语,HAS_AMBIGUITY,,,,,,,,,,,
span:AUTH-TAD-0142,ambiguity:无重复,HAS_AMBIGUITY,,,,,,,,,,,
span:AUTH-TAD-0142,annotation:span:AUTH-TAD-0142:r1,ANNOTATED_BY,,,,,,,,,,,
annotation:span:AUTH-TAD-0142:r1,rater:rater_1,MADE_BY,,,,,,,,,,,
span:AUTH-TAD-0142,annotation:span:AUTH-TAD-0142:r2,ANNOTATED_BY,,,,,,,,,,,
annotation:span:AUTH-TAD-0142:r2,rater:rater_2,MADE_BY,,,,,,,,,,,
span:AUTH-TAD-0142,annotation:span:AUTH-TAD-0142:r3,ANNOTATED_BY,,,,,,,,,,,
annotation:span:AUTH-TAD-0142:r3,rater:rater_3,MADE_BY,,,,,,,,,,,
span:AUTH-TAD-0142,cue:ATTR_DE_DIRECT,TRIGGERS_CUE,,,,,,,,,,,
span:AUTH-TAD-0142,cue:ATTR_NOMINAL_DIRECT,TRIGGERS_CUE,,,,,,,,,,,
span:AUTH-TAD-0142,cue:BEFORE_PREDICATE,TRIGGERS_CUE,,,,,,,,,,,
span:AUTH-TAD-0142,cue:DE_PARTICLE,TRIGGERS_CUE,,,,,,,,,,,
span:AUTH-TAD-0142,cue:EVENT_TIME,TRIGGERS_CUE,,,,,,,,,,,
span:AUTH-TAD-0142,cue:NOMINAL_HEAD,TRIGGERS_CUE,,,,,,,,,,,
span:AUTH-TAD-0142,cue:SENTENCE_INITIAL,TRIGGERS_CUE,,,,,,,,,,,
span:AUTH-TAD-0142,cue:TIME_NOUN,TRIGGERS_CUE,,,,,,,,,,,
span:AUTH-TAD-0142,rule:R_TEMP_KG_ATTR_01,MATCHES_RULE,,,,,,,,1.0,ATTRIBUTE,128.0,true
span:AUTH-TAD-0142,rule:R_TEMP_KG_ATTR_02,MATCHES_RULE,,,,,,,,2.0,ATTRIBUTE,126.0,true
span:AUTH-TAD-0142,rule:R_TEMP_ATTR_01,MATCHES_RULE,,,,,,,,3.0,ATTRIBUTE,95.0,true
span:AUTH-TAD-0142,rule:R_TEMP_ADV_01,MATCHES_RULE,,,,,,,,4.0,TEMPORAL_ADVERBIAL,90.0,false
span:AUTH-TAD-0142,rule:R_TEMP_ADV_02,MATCHES_RULE,,,,,,,,5.0,TEMPORAL_ADVERBIAL,88.0,false
sentence:SENT-0380,source:GRAMMAR_MANUAL_INTERMEDIATE,DERIVED_FROM,,,,,245,,,,,,
sentence:SENT-0380,span:AUTH-TAD-0143,HAS_CANDIDATE,,,,,,,,,,,
span:AUTH-TAD-0143,consensus:AUTH-TAD-0143,HAS_CONSENSUS,,,,,,,,,,,
consensus:AUTH-TAD-0143,function:ATTRIBUTE,MAPS_TO,,,,,,,,,,,
span:AUTH-TAD-0143,cleaning:B_边界复核集,HAS_CLEANING_STATUS,,,,,,,边界集/鲁棒性分析,,,,
span:AUTH-TAD-0143,ambiguity:页面线索缺失,HAS_AMBIGUITY,,,,,,,,,,,
span:AUTH-TAD-0143,ambiguity:可能为时间定语,HAS_AMBIGUITY,,,,,,,,,,,
span:AUTH-TAD-0143,ambiguity:同句多候选_重复句,HAS_AMBIGUITY,,,,,,,,,,,
span:AUTH-TAD-0143,annotation:span:AUTH-TAD-0143:r1,ANNOTATED_BY,,,,,,,,,,,
annotation:span:AUTH-TAD-0143:r1,rater:rater_1,MADE_BY,,,,,,,,,,,
span:AUTH-TAD-0143,annotation:span:AUTH-TAD-0143:r2,ANNOTATED_BY,,,,,,,,,,,
annotation:span:AUTH-TAD-0143:r2,rater:rater_2,MADE_BY,,,,,,,,,,,
span:AUTH-TAD-0143,annotation:span:AUTH-TAD-0143:r3,ANNOTATED_BY,,,,,,,,,,,
annotation:span:AUTH-TAD-0143:r3,rater:rater_3,MADE_BY,,,,,,,,,,,
span:AUTH-TAD-0143,cue:ATTR_DE_DIRECT,TRIGGERS_CUE,,,,,,,,,,,
span:AUTH-TAD-0143,cue:ATTR_NOMINAL_DIRECT,TRIGGERS_CUE,,,,,,,,,,,
span:AUTH-TAD-0143,cue:DE_PARTICLE,TRIGGERS_CUE,,,,,,,,,,,
span:AUTH-TAD-0143,cue:NOMINAL_HEAD,TRIGGERS_CUE,,,,,,,,,,,
span:AUTH-TAD-0143,cue:TIME_NOUN,TRIGGERS_CUE,,,,,,,,,,,
span:AUTH-TAD-0143,rule:R_TEMP_KG_ATTR_01,MATCHES_RULE,,,,,,,,1.0,ATTRIBUTE,128.0,true
span:AUTH-TAD-0143,rule:R_TEMP_KG_ATTR_02,MATCHES_RULE,,,,,,,,2.0,ATTRIBUTE,126.0,true
span:AUTH-TAD-0143,rule:R_TEMP_ATTR_01,MATCHES_RULE,,,,,,,,3.0,ATTRIBUTE,95.0,true
span:AUTH-TAD-0143,rule:R_TEMP_ATTR_03,MATCHES_RULE,,,,,,,,4.0,ATTRIBUTE,88.0,true
span:AUTH-TAD-0143,rule:R_TEMP_KG_ADV_02,MATCHES_RULE,,,,,,,,5.0,TEMPORAL_ADVERBIAL,72.0,false
sentence:SENT-0265,span:AUTH-TAD-0144,HAS_CANDIDATE,,,,,,,,,,,
span:AUTH-TAD-0144,consensus:AUTH-TAD-0144,HAS_CONSENSUS,,,,,,,,,,,
consensus:AUTH-TAD-0144,function:OTHER,MAPS_TO,,,,,,,,,,,
span:AUTH-TAD-0144,cleaning:C_暂不纳入主实验,HAS_CLEANING_STATUS,,,,,,,错误分析/待复核,,,,
span:AUTH-TAD-0144,ambiguity:时量补语_持续时间边界,HAS_AMBIGUITY,,,,,,,,,,,
span:AUTH-TAD-0144,ambiguity:候选片段与最终片段不一致,HAS_AMBIGUITY,,,,,,,,,,,
span:AUTH-TAD-0144,ambiguity:非目标时间表达,HAS_AMBIGUITY,,,,,,,,,,,
span:AUTH-TAD-0144,ambiguity:至少一名标注者修正片段,HAS_AMBIGUITY,,,,,,,,,,,
span:AUTH-TAD-0144,ambiguity:同句多候选_重复句,HAS_AMBIGUITY,,,,,,,,,,,
span:AUTH-TAD-0144,ambiguity:来源字段完整但仍需正版逐页核验,HAS_AMBIGUITY,,,,,,,,,,,
span:AUTH-TAD-0144,annotation:span:AUTH-TAD-0144:r1,ANNOTATED_BY,,,,,,,,,,,
annotation:span:AUTH-TAD-0144:r1,rater:rater_1,MADE_BY,,,,,,,,,,,
span:AUTH-TAD-0144,annotation:span:AUTH-TAD-0144:r2,ANNOTATED_BY,,,,,,,,,,,
annotation:span:AUTH-TAD-0144:r2,rater:rater_2,MADE_BY,,,,,,,,,,,
span:AUTH-TAD-0144,annotation:span:AUTH-TAD-0144:r3,ANNOTATED_BY,,,,,,,,,,,
annotation:span:AUTH-TAD-0144:r3,rater:rater_3,MADE_BY,,,,,,,,,,,
span:AUTH-TAD-0144,cue:BEFORE_PREDICATE,TRIGGERS_CUE,,,,,,,,,,,
span:AUTH-TAD-0144,cue:DATE_EXPRESSION,TRIGGERS_CUE,,,,,,,,,,,
span:AUTH-TAD-0144,cue:EVENT_TIME,TRIGGERS_CUE,,,,,,,,,,,
span:AUTH-TAD-0144,cue:REVIEW_NON_TARGET_RISK,TRIGGERS_CUE,,,,,,,,,,,
span:AUTH-TAD-0144,cue:TIME_DURATION,TRIGGERS_CUE,,,,,,,,,,,
span:AUTH-TAD-0144,cue:TIME_NOUN,TRIGGERS_CUE,,,,,,,,,,,
span:AUTH-TAD-0144,cue:TIME_POINT,TRIGGERS_CUE,,,,,,,,,,,
span:AUTH-TAD-0144,rule:R_TEMP_KG_OTHER_01,MATCHES_RULE,,,,,,,,1.0,OTHER,130.0,true
span:AUTH-TAD-0144,rule:R_TEMP_ADV_01,MATCHES_RULE,,,,,,,,2.0,TEMPORAL_ADVERBIAL,90.0,false
span:AUTH-TAD-0144,rule:R_TEMP_ADV_02,MATCHES_RULE,,,,,,,,3.0,TEMPORAL_ADVERBIAL,88.0,false
span:AUTH-TAD-0144,rule:R_TEMP_ADV_13,MATCHES_RULE,,,,,,,,4.0,TEMPORAL_ADVERBIAL,81.0,false
span:AUTH-TAD-0144,rule:R_TEMP_ADV_10,MATCHES_RULE,,,,,,,,5.0,TEMPORAL_ADVERBIAL,75.0,false
sentence:SENT-0442,source:GRAMMAR_MANUAL_INTERMEDIATE,DERIVED_FROM,,,,,110,例如： *既然这事你已经决定了，就我不说什么了,,,,,
sentence:SENT-0442,span:AUTH-TAD-0145,HAS_CANDIDATE,,,,,,,,,,,
span:AUTH-TAD-0145,consensus:AUTH-TAD-0145,HAS_CONSENSUS,,,,,,,,,,,
consensus:AUTH-TAD-0145,function:TEMPORAL_ADVERBIAL,MAPS_TO,,,,,,,,,,,
span:AUTH-TAD-0145,cleaning:B_边界复核集,HAS_CLEANING_STATUS,,,,,,,边界集/鲁棒性分析,,,,
span:AUTH-TAD-0145,ambiguity:时量补语_持续时间边界,HAS_AMBIGUITY,,,,,,,,,,,
span:AUTH-TAD-0145,ambiguity:三人标注不完全一致,HAS_AMBIGUITY,,,,,,,,,,,
span:AUTH-TAD-0145,ambiguity:无重复,HAS_AMBIGUITY,,,,,,,,,,,
span:AUTH-TAD-0145,ambiguity:来源字段完整但仍需正版逐页核验,HAS_AMBIGUITY,,,,,,,,,,,
span:AUTH-TAD-0145,annotation:span:AUTH-TAD-0145:r1,ANNOTATED_BY,,,,,,,,,,,
annotation:span:AUTH-TAD-0145:r1,rater:rater_1,MADE_BY,,,,,,,,,,,
span:AUTH-TAD-0145,annotation:span:AUTH-TAD-0145:r2,ANNOTATED_BY,,,,,,,,,,,
annotation:span:AUTH-TAD-0145:r2,rater:rater_2,MADE_BY,,,,,,,,,,,
span:AUTH-TAD-0145,annotation:span:AUTH-TAD-0145:r3,ANNOTATED_BY,,,,,,,,,,,
annotation:span:AUTH-TAD-0145:r3,rater:rater_3,MADE_BY,,,,,,,,,,,
span:AUTH-TAD-0145,cue:BEFORE_PREDICATE,TRIGGERS_CUE,,,,,,,,,,,
span:AUTH-TAD-0145,cue:EVENT_TIME,TRIGGERS_CUE,,,,,,,,,,,
span:AUTH-TAD-0145,cue:TIME_DURATION,TRIGGERS_CUE,,,,,,,,,,,
sentence:SENT-0411,source:GRAMMAR_MANUAL_INTERMEDIATE,DERIVED_FROM,,,,,82,计划 提前 了 一周 吗? 小提示 (1)带“动量补语/时量补语”的“把”字句中，“把”前不能,,,,,
sentence:SENT-0411,span:AUTH-TAD-0146,HAS_CANDIDATE,,,,,,,,,,,
span:AUTH-TAD-0146,consensus:AUTH-TAD-0146,HAS_CONSENSUS,,,,,,,,,,,
consensus:AUTH-TAD-0146,function:COMPLEMENT,MAPS_TO,,,,,,,,,,,
span:AUTH-TAD-0146,cleaning:B_边界复核集,HAS_CLEANING_STATUS,,,,,,,边界集/鲁棒性分析,,,,
span:AUTH-TAD-0146,ambiguity:时量补语_持续时间边界,HAS_AMBIGUITY,,,,,,,,,,,
span:AUTH-TAD-0146,ambiguity:无重复,HAS_AMBIGUITY,,,,,,,,,,,
span:AUTH-TAD-0146,ambiguity:来源字段完整但仍需正版逐页核验,HAS_AMBIGUITY,,,,,,,,,,,
span:AUTH-TAD-0146,annotation:span:AUTH-TAD-0146:r1,ANNOTATED_BY,,,,,,,,,,,
annotation:span:AUTH-TAD-0146:r1,rater:rater_1,MADE_BY,,,,,,,,,,,
span:AUTH-TAD-0146,annotation:span:AUTH-TAD-0146:r2,ANNOTATED_BY,,,,,,,,,,,
annotation:span:AUTH-TAD-0146:r2,rater:rater_2,MADE_BY,,,,,,,,,,,
span:AUTH-TAD-0146,annotation:span:AUTH-TAD-0146:r3,ANNOTATED_BY,,,,,,,,,,,
annotation:span:AUTH-TAD-0146:r3,rater:rater_3,MADE_BY,,,,,,,,,,,
span:AUTH-TAD-0146,cue:AFTER_VERB,TRIGGERS_CUE,,,,,,,,,,,
span:AUTH-TAD-0146,cue:COMPLEMENT_DURATION_CONTEXT,TRIGGERS_CUE,,,,,,,,,,,
span:AUTH-TAD-0146,cue:DURATION_COMPLEMENT,TRIGGERS_CUE,,,,,,,,,,,
span:AUTH-TAD-0146,cue:TIME_DURATION,TRIGGERS_CUE,,,,,,,,,,,
span:AUTH-TAD-0146,rule:R_TEMP_KG_COMP_01,MATCHES_RULE,,,,,,,,1.0,COMPLEMENT,127.0,true
span:AUTH-TAD-0146,rule:R_TEMP_COMP_01,MATCHES_RULE,,,,,,,,2.0,COMPLEMENT,96.0,true
span:AUTH-TAD-0146,rule:R_TEMP_COMP_02,MATCHES_RULE,,,,,,,,3.0,COMPLEMENT,95.0,true
span:AUTH-TAD-0146,rule:R_TEMP_COMP_07,MATCHES_RULE,,,,,,,,4.0,COMPLEMENT,94.0,true
sentence:SENT-0150,source:GRAMMAR_MANUAL_ADVANCED,DERIVED_FROM,,,,,144,B:是啊，我看玛丽累得九点刚过就倒在床上睡 着了,,,,,
sentence:SENT-0150,span:AUTH-TAD-0147,HAS_CANDIDATE,,,,,,,,,,,
span:AUTH-TAD-0147,consensus:AUTH-TAD-0147,HAS_CONSENSUS,,,,,,,,,,,
consensus:AUTH-TAD-0147,function:TEMPORAL_ADVERBIAL,MAPS_TO,,,,,,,,,,,
span:AUTH-TAD-0147,cleaning:A_主评测候选,HAS_CLEANING_STATUS,,,,,,,主实验/严格评测,,,,
span:AUTH-TAD-0147,ambiguity:无重复,HAS_AMBIGUITY,,,,,,,,,,,
span:AUTH-TAD-0147,ambiguity:来源字段完整但仍需正版逐页核验,HAS_AMBIGUITY,,,,,,,,,,,
span:AUTH-TAD-0147,annotation:span:AUTH-TAD-0147:r1,ANNOTATED_BY,,,,,,,,,,,
annotation:span:AUTH-TAD-0147:r1,rater:rater_1,MADE_BY,,,,,,,,,,,
span:AUTH-TAD-0147,annotation:span:AUTH-TAD-0147:r2,ANNOTATED_BY,,,,,,,,,,,
annotation:span:AUTH-TAD-0147:r2,rater:rater_2,MADE_BY,,,,,,,,,,,
span:AUTH-TAD-0147,annotation:span:AUTH-TAD-0147:r3,ANNOTATED_BY,,,,,,,,,,,
annotation:span:AUTH-TAD-0147:r3,rater:rater_3,MADE_BY,,,,,,,,,,,
span:AUTH-TAD-0147,cue:BEFORE_PREDICATE,TRIGGERS_CUE,,,,,,,,,,,
span:AUTH-TAD-0147,cue:EVENT_TIME,TRIGGERS_CUE,,,,,,,,,,,
span:AUTH-TAD-0147,cue:TIME_ADVERB,TRIGGERS_CUE,,,,,,,,,,,
span:AUTH-TAD-0147,cue:TIME_NOUN,TRIGGERS_CUE,,,,,,,,,,,
span:AUTH-TAD-0147,cue:TIME_POINT,TRIGGERS_CUE,,,,,,,,,,,
span:AUTH-TAD-0147,rule:R_TEMP_ADV_01,MATCHES_RULE,,,,,,,,1.0,TEMPORAL_ADVERBIAL,90.0,true
span:AUTH-TAD-0147,rule:R_TEMP_ADV_02,MATCHES_RULE,,,,,,,,2.0,TEMPORAL_ADVERBIAL,88.0,true
span:AUTH-TAD-0147,rule:R_TEMP_ADV_19,MATCHES_RULE,,,,,,,,3.0,TEMPORAL_ADVERBIAL,84.0,true
span:AUTH-TAD-0147,rule:R_TEMP_ADV_08,MATCHES_RULE,,,,,,,,4.0,TEMPORAL_ADVERBIAL,78.0,true
span:AUTH-TAD-0147,rule:R_TEMP_ADV_10,MATCHES_RULE,,,,,,,,5.0,TEMPORAL_ADVERBIAL,75.0,true
sentence:SENT-0393,source:GRAMMAR_MANUAL_ELEMENTARY,DERIVED_FROM,,,,,164,示说话人认为事情发生得比预想的晚，也可表达数量少、时间早、程度低等， 具有较强的主观性,,,,,
sentence:SENT-0393,span:AUTH-TAD-0148,HAS_CANDIDATE,,,,,,,,,,,
span:AUTH-TAD-0148,consensus:AUTH-TAD-0148,HAS_CONSENSUS,,,,,,,,,,,
consensus:AUTH-TAD-0148,function:TEMPORAL_ADVERBIAL,MAPS_TO,,,,,,,,,,,
span:AUTH-TAD-0148,cleaning:A_主评测候选,HAS_CLEANING_STATUS,,,,,,,主实验/严格评测,,,,
span:AUTH-TAD-0148,ambiguity:无重复,HAS_AMBIGUITY,,,,,,,,,,,
span:AUTH-TAD-0148,ambiguity:来源字段完整但仍需正版逐页核验,HAS_AMBIGUITY,,,,,,,,,,,
span:AUTH-TAD-0148,annotation:span:AUTH-TAD-0148:r1,ANNOTATED_BY,,,,,,,,,,,
annotation:span:AUTH-TAD-0148:r1,rater:rater_1,MADE_BY,,,,,,,,,,,
span:AUTH-TAD-0148,annotation:span:AUTH-TAD-0148:r2,ANNOTATED_BY,,,,,,,,,,,
annotation:span:AUTH-TAD-0148:r2,rater:rater_2,MADE_BY,,,,,,,,,,,
span:AUTH-TAD-0148,annotation:span:AUTH-TAD-0148:r3,ANNOTATED_BY,,,,,,,,,,,
annotation:span:AUTH-TAD-0148:r3,rater:rater_3,MADE_BY,,,,,,,,,,,
span:AUTH-TAD-0148,cue:BEFORE_PREDICATE,TRIGGERS_CUE,,,,,,,,,,,
span:AUTH-TAD-0148,cue:EVENT_TIME,TRIGGERS_CUE,,,,,,,,,,,
span:AUTH-TAD-0148,cue:SENTENCE_INITIAL,TRIGGERS_CUE,,,,,,,,,,,
span:AUTH-TAD-0148,cue:TIME_ADVERB,TRIGGERS_CUE,,,,,,,,,,,
span:AUTH-TAD-0148,cue:TIME_NOUN,TRIGGERS_CUE,,,,,,,,,,,
span:AUTH-TAD-0148,cue:TIME_POINT,TRIGGERS_CUE,,,,,,,,,,,
span:AUTH-TAD-0148,rule:R_TEMP_ADV_01,MATCHES_RULE,,,,,,,,1.0,TEMPORAL_ADVERBIAL,90.0,true
span:AUTH-TAD-0148,rule:R_TEMP_ADV_02,MATCHES_RULE,,,,,,,,2.0,TEMPORAL_ADVERBIAL,88.0,true
span:AUTH-TAD-0148,rule:R_TEMP_ADV_19,MATCHES_RULE,,,,,,,,3.0,TEMPORAL_ADVERBIAL,84.0,true
span:AUTH-TAD-0148,rule:R_TEMP_ADV_08,MATCHES_RULE,,,,,,,,4.0,TEMPORAL_ADVERBIAL,78.0,true
span:AUTH-TAD-0148,rule:R_TEMP_ADV_10,MATCHES_RULE,,,,,,,,5.0,TEMPORAL_ADVERBIAL,75.0,true
sentence:SENT-0248,source:GRAMMAR_MANUAL_INTERMEDIATE,DERIVED_FROM,,,,,176,"语法点- 随着+N+的+V,S+VP/AP 随着 时间 的 推进，我 慢慢理解了他的做法",,,,,
sentence:SENT-0248,span:AUTH-TAD-0149,HAS_CANDIDATE,,,,,,,,,,,
span:AUTH-TAD-0149,consensus:AUTH-TAD-0149,HAS_CONSENSUS,,,,,,,,,,,
consensus:AUTH-TAD-0149,function:TEMPORAL_ADVERBIAL,MAPS_TO,,,,,,,,,,,
span:AUTH-TAD-0149,cleaning:B_边界复核集,HAS_CLEANING_STATUS,,,,,,,边界集/鲁棒性分析,,,,
span:AUTH-TAD-0149,ambiguity:时间副词_体貌副词边界,HAS_AMBIGUITY,,,,,,,,,,,
span:AUTH-TAD-0149,ambiguity:无重复,HAS_AMBIGUITY,,,,,,,,,,,
span:AUTH-TAD-0149,ambiguity:来源字段完整但仍需正版逐页核验,HAS_AMBIGUITY,,,,,,,,,,,
span:AUTH-TAD-0149,annotation:span:AUTH-TAD-0149:r1,ANNOTATED_BY,,,,,,,,,,,
annotation:span:AUTH-TAD-0149:r1,rater:rater_1,MADE_BY,,,,,,,,,,,
span:AUTH-TAD-0149,annotation:span:AUTH-TAD-0149:r2,ANNOTATED_BY,,,,,,,,,,,
annotation:span:AUTH-TAD-0149:r2,rater:rater_2,MADE_BY,,,,,,,,,,,
span:AUTH-TAD-0149,annotation:span:AUTH-TAD-0149:r3,ANNOTATED_BY,,,,,,,,,,,
annotation:span:AUTH-TAD-0149:r3,rater:rater_3,MADE_BY,,,,,,,,,,,
span:AUTH-TAD-0149,cue:BEFORE_PREDICATE,TRIGGERS_CUE,,,,,,,,,,,
span:AUTH-TAD-0149,cue:EVENT_TIME,TRIGGERS_CUE,,,,,,,,,,,
span:AUTH-TAD-0149,cue:SENTENCE_INITIAL,TRIGGERS_CUE,,,,,,,,,,,
span:AUTH-TAD-0149,cue:TIME_ADVERB,TRIGGERS_CUE,,,,,,,,,,,
span:AUTH-TAD-0149,cue:TIME_FREQUENCY,TRIGGERS_CUE,,,,,,,,,,,
span:AUTH-TAD-0149,rule:R_TEMP_ADV_04,MATCHES_RULE,,,,,,,,1.0,TEMPORAL_ADVERBIAL,84.0,true
span:AUTH-TAD-0149,rule:R_TEMP_ADV_19,MATCHES_RULE,,,,,,,,2.0,TEMPORAL_ADVERBIAL,84.0,true
span:AUTH-TAD-0149,rule:R_TEMP_KG_ADV_01,MATCHES_RULE,,,,,,,,3.0,TEMPORAL_ADVERBIAL,79.0,true
span:AUTH-TAD-0149,rule:R_TEMP_ADV_08,MATCHES_RULE,,,,,,,,4.0,TEMPORAL_ADVERBIAL,78.0,true
span:AUTH-TAD-0149,rule:R_TEMP_ADV_11,MATCHES_RULE,,,,,,,,5.0,TEMPORAL_ADVERBIAL,73.0,true
sentence:SENT-0172,source:GRAMMAR_MANUAL_INTERMEDIATE,DERIVED_FROM,,,,,152,五级语法点 道 小提示 “将要”表示对马上要发生的事情进行推测，因而一般不用于否定,,,,,
sentence:SENT-0172,span:AUTH-TAD-0150,HAS_CANDIDATE,,,,,,,,,,,
span:AUTH-TAD-0150,consensus:AUTH-TAD-0150,HAS_CONSENSUS,,,,,,,,,,,
consensus:AUTH-TAD-0150,function:OTHER,MAPS_TO,,,,,,,,,,,
span:AUTH-TAD-0150,cleaning:B_边界复核集,HAS_CLEANING_STATUS,,,,,,,边界集/鲁棒性分析,,,,
span:AUTH-TAD-0150,ambiguity:时量补语_持续时间边界,HAS_AMBIGUITY,,,,,,,,,,,
span:AUTH-TAD-0150,ambiguity:非目标时间表达,HAS_AMBIGUITY,,,,,,,,,,,
span:AUTH-TAD-0150,ambiguity:三人标注不完全一致,HAS_AMBIGUITY,,,,,,,,,,,
span:AUTH-TAD-0150,ambiguity:同句多候选_重复句,HAS_AMBIGUITY,,,,,,,,,,,
span:AUTH-TAD-0150,ambiguity:来源字段完整但仍需正版逐页核验,HAS_AMBIGUITY,,,,,,,,,,,
span:AUTH-TAD-0150,annotation:span:AUTH-TAD-0150:r1,ANNOTATED_BY,,,,,,,,,,,
annotation:span:AUTH-TAD-0150:r1,rater:rater_1,MADE_BY,,,,,,,,,,,
span:AUTH-TAD-0150,annotation:span:AUTH-TAD-0150:r2,ANNOTATED_BY,,,,,,,,,,,
annotation:span:AUTH-TAD-0150:r2,rater:rater_2,MADE_BY,,,,,,,,,,,
span:AUTH-TAD-0150,annotation:span:AUTH-TAD-0150:r3,ANNOTATED_BY,,,,,,,,,,,
annotation:span:AUTH-TAD-0150:r3,rater:rater_3,MADE_BY,,,,,,,,,,,
span:AUTH-TAD-0150,cue:BEFORE_PREDICATE,TRIGGERS_CUE,,,,,,,,,,,
span:AUTH-TAD-0150,cue:EVENT_TIME,TRIGGERS_CUE,,,,,,,,,,,
span:AUTH-TAD-0150,cue:SENTENCE_INITIAL,TRIGGERS_CUE,,,,,,,,,,,
span:AUTH-TAD-0150,cue:TIME_DURATION,TRIGGERS_CUE,,,,,,,,,,,
sentence:SENT-0241,source:GRAMMAR_MANUAL_INTERMEDIATE,DERIVED_FROM,,,,,328,B:他已经道歉了，我也 不参加呢? B:算了，你说,,,,,
sentence:SENT-0241,span:AUTH-TAD-0151,HAS_CANDIDATE,,,,,,,,,,,
span:AUTH-TAD-0151,consensus:AUTH-TAD-0151,HAS_CONSENSUS,,,,,,,,,,,
consensus:AUTH-TAD-0151,function:TEMPORAL_ADVERBIAL,MAPS_TO,,,,,,,,,,,
span:AUTH-TAD-0151,cleaning:C_暂不纳入主实验,HAS_CLEANING_STATUS,,,,,,,待复核,,,,
span:AUTH-TAD-0151,ambiguity:三人标注不完全一致,HAS_AMBIGUITY,,,,,,,,,,,
span:AUTH-TAD-0151,ambiguity:至少一名标注者修正片段,HAS_AMBIGUITY,,,,,,,,,,,
span:AUTH-TAD-0151,ambiguity:无重复,HAS_AMBIGUITY,,,,,,,,,,,
span:AUTH-TAD-0151,ambiguity:来源字段完整但仍需正版逐页核验,HAS_AMBIGUITY,,,,,,,,,,,
span:AUTH-TAD-0151,annotation:span:AUTH-TAD-0151:r1,ANNOTATED_BY,,,,,,,,,,,
annotation:span:AUTH-TAD-0151:r1,rater:rater_1,MADE_BY,,,,,,,,,,,
span:AUTH-TAD-0151,annotation:span:AUTH-TAD-0151:r2,ANNOTATED_BY,,,,,,,,,,,
annotation:span:AUTH-TAD-0151:r2,rater:rater_2,MADE_BY,,,,,,,,,,,
span:AUTH-TAD-0151,annotation:span:AUTH-TAD-0151:r3,ANNOTATED_BY,,,,,,,,,,,
annotation:span:AUTH-TAD-0151:r3,rater:rater_3,MADE_BY,,,,,,,,,,,
span:AUTH-TAD-0151,cue:BEFORE_PREDICATE,TRIGGERS_CUE,,,,,,,,,,,
span:AUTH-TAD-0151,cue:EVENT_TIME,TRIGGERS_CUE,,,,,,,,,,,
span:AUTH-TAD-0151,cue:TIME_ADVERB,TRIGGERS_CUE,,,,,,,,,,,
span:AUTH-TAD-0151,cue:TIME_NOUN,TRIGGERS_CUE,,,,,,,,,,,
span:AUTH-TAD-0151,cue:TIME_POINT,TRIGGERS_CUE,,,,,,,,,,,
span:AUTH-TAD-0151,rule:R_TEMP_ADV_01,MATCHES_RULE,,,,,,,,1.0,TEMPORAL_ADVERBIAL,90.0,true
span:AUTH-TAD-0151,rule:R_TEMP_ADV_02,MATCHES_RULE,,,,,,,,2.0,TEMPORAL_ADVERBIAL,88.0,true
span:AUTH-TAD-0151,rule:R_TEMP_ADV_19,MATCHES_RULE,,,,,,,,3.0,TEMPORAL_ADVERBIAL,84.0,true
span:AUTH-TAD-0151,rule:R_TEMP_ADV_08,MATCHES_RULE,,,,,,,,4.0,TEMPORAL_ADVERBIAL,78.0,true
span:AUTH-TAD-0151,rule:R_TEMP_ADV_10,MATCHES_RULE,,,,,,,,5.0,TEMPORAL_ADVERBIAL,75.0,true
sentence:SENT-0022,source:GRAMMAR_MANUAL_ADVANCED,DERIVED_FROM,,,,,154,B:别找了，与其在这里浪费时间，我们不如认真复习,,,,,
sentence:SENT-0022,span:AUTH-TAD-0152,HAS_CANDIDATE,,,,,,,,,,,
span:AUTH-TAD-0152,consensus:AUTH-TAD-0152,HAS_CONSENSUS,,,,,,,,,,,
consensus:AUTH-TAD-0152,function:TEMPORAL_ADVERBIAL,MAPS_TO,,,,,,,,,,,
span:AUTH-TAD-0152,cleaning:A_主评测候选,HAS_CLEANING_STATUS,,,,,,,主实验/严格评测,,,,
span:AUTH-TAD-0152,ambiguity:无重复,HAS_AMBIGUITY,,,,,,,,,,,
span:AUTH-TAD-0152,ambiguity:来源字段完整但仍需正版逐页核验,HAS_AMBIGUITY,,,,,,,,,,,
span:AUTH-TAD-0152,annotation:span:AUTH-TAD-0152:r1,ANNOTATED_BY,,,,,,,,,,,
annotation:span:AUTH-TAD-0152:r1,rater:rater_1,MADE_BY,,,,,,,,,,,
span:AUTH-TAD-0152,annotation:span:AUTH-TAD-0152:r2,ANNOTATED_BY,,,,,,,,,,,
annotation:span:AUTH-TAD-0152:r2,rater:rater_2,MADE_BY,,,,,,,,,,,
span:AUTH-TAD-0152,annotation:span:AUTH-TAD-0152:r3,ANNOTATED_BY,,,,,,,,,,,
annotation:span:AUTH-TAD-0152:r3,rater:rater_3,MADE_BY,,,,,,,,,,,
span:AUTH-TAD-0152,cue:BEFORE_PREDICATE,TRIGGERS_CUE,,,,,,,,,,,
span:AUTH-TAD-0152,cue:EVENT_TIME,TRIGGERS_CUE,,,,,,,,,,,
span:AUTH-TAD-0152,cue:TIME_NOUN,TRIGGERS_CUE,,,,,,,,,,,
span:AUTH-TAD-0152,rule:R_TEMP_ADV_01,MATCHES_RULE,,,,,,,,1.0,TEMPORAL_ADVERBIAL,90.0,true
span:AUTH-TAD-0152,rule:R_TEMP_ADV_02,MATCHES_RULE,,,,,,,,2.0,TEMPORAL_ADVERBIAL,88.0,true
span:AUTH-TAD-0152,rule:R_TEMP_KG_ADV_02,MATCHES_RULE,,,,,,,,3.0,TEMPORAL_ADVERBIAL,72.0,true
sentence:SENT-0174,source:GRAMMAR_MANUAL_INTERMEDIATE,DERIVED_FROM,,,,,346,B:看来空调还要再 有鼓励我，反而还 开一段时间,,,,,
sentence:SENT-0174,span:AUTH-TAD-0153,HAS_CANDIDATE,,,,,,,,,,,
span:AUTH-TAD-0153,consensus:AUTH-TAD-0153,HAS_CONSENSUS,,,,,,,,,,,
consensus:AUTH-TAD-0153,function:TEMPORAL_ADVERBIAL,MAPS_TO,,,,,,,,,,,
span:AUTH-TAD-0153,cleaning:B_边界复核集,HAS_CLEANING_STATUS,,,,,,,边界集/鲁棒性分析,,,,
span:AUTH-TAD-0153,ambiguity:相对时间框架边界,HAS_AMBIGUITY,,,,,,,,,,,
span:AUTH-TAD-0153,ambiguity:无重复,HAS_AMBIGUITY,,,,,,,,,,,
span:AUTH-TAD-0153,ambiguity:来源字段完整但仍需正版逐页核验,HAS_AMBIGUITY,,,,,,,,,,,
span:AUTH-TAD-0153,annotation:span:AUTH-TAD-0153:r1,ANNOTATED_BY,,,,,,,,,,,
annotation:span:AUTH-TAD-0153:r1,rater:rater_1,MADE_BY,,,,,,,,,,,
span:AUTH-TAD-0153,annotation:span:AUTH-TAD-0153:r2,ANNOTATED_BY,,,,,,,,,,,
annotation:span:AUTH-TAD-0153:r2,rater:rater_2,MADE_BY,,,,,,,,,,,
span:AUTH-TAD-0153,annotation:span:AUTH-TAD-0153:r3,ANNOTATED_BY,,,,,,,,,,,
annotation:span:AUTH-TAD-0153:r3,rater:rater_3,MADE_BY,,,,,,,,,,,
span:AUTH-TAD-0153,cue:BEFORE_PREDICATE,TRIGGERS_CUE,,,,,,,,,,,
span:AUTH-TAD-0153,cue:EVENT_TIME,TRIGGERS_CUE,,,,,,,,,,,
span:AUTH-TAD-0153,cue:NO_TEMPORAL_EXPRESSION,TRIGGERS_CUE,,,,,,,,,,,
span:AUTH-TAD-0153,cue:SENTENCE_INITIAL,TRIGGERS_CUE,,,,,,,,,,,
span:AUTH-TAD-0153,cue:TIME_AFTER_BEFORE,TRIGGERS_CUE,,,,,,,,,,,
span:AUTH-TAD-0153,rule:R_TEMP_ADV_05,MATCHES_RULE,,,,,,,,1.0,TEMPORAL_ADVERBIAL,83.0,true
sentence:SENT-0060,source:GRAMMAR_MANUAL_ELEMENTARY,DERIVED_FROM,,,,,210,,,,,,
sentence:SENT-0060,span:AUTH-TAD-0154,HAS_CANDIDATE,,,,,,,,,,,
span:AUTH-TAD-0154,consensus:AUTH-TAD-0154,HAS_CONSENSUS,,,,,,,,,,,
consensus:AUTH-TAD-0154,function:ATTRIBUTE,MAPS_TO,,,,,,,,,,,
span:AUTH-TAD-0154,cleaning:B_边界复核集,HAS_CLEANING_STATUS,,,,,,,边界集/鲁棒性分析,,,,
span:AUTH-TAD-0154,ambiguity:页面线索缺失,HAS_AMBIGUITY,,,,,,,,,,,
span:AUTH-TAD-0154,ambiguity:可能为时间定语,HAS_AMBIGUITY,,,,,,,,,,,
span:AUTH-TAD-0154,ambiguity:无重复,HAS_AMBIGUITY,,,,,,,,,,,
span:AUTH-TAD-0154,annotation:span:AUTH-TAD-0154:r1,ANNOTATED_BY,,,,,,,,,,,
annotation:span:AUTH-TAD-0154:r1,rater:rater_1,MADE_BY,,,,,,,,,,,
span:AUTH-TAD-0154,annotation:span:AUTH-TAD-0154:r2,ANNOTATED_BY,,,,,,,,,,,
annotation:span:AUTH-TAD-0154:r2,rater:rater_2,MADE_BY,,,,,,,,,,,
span:AUTH-TAD-0154,annotation:span:AUTH-TAD-0154:r3,ANNOTATED_BY,,,,,,,,,,,
annotation:span:AUTH-TAD-0154:r3,rater:rater_3,MADE_BY,,,,,,,,,,,
span:AUTH-TAD-0154,cue:ATTR_DE_DIRECT,TRIGGERS_CUE,,,,,,,,,,,
span:AUTH-TAD-0154,cue:DE_PARTICLE,TRIGGERS_CUE,,,,,,,,,,,
span:AUTH-TAD-0154,cue:SENTENCE_INITIAL,TRIGGERS_CUE,,,,,,,,,,,
span:AUTH-TAD-0154,cue:TIME_NOUN,TRIGGERS_CUE,,,,,,,,,,,
span:AUTH-TAD-0154,rule:R_TEMP_KG_ATTR_01,MATCHES_RULE,,,,,,,,1.0,ATTRIBUTE,128.0,true
span:AUTH-TAD-0154,rule:R_TEMP_KG_ADV_02,MATCHES_RULE,,,,,,,,2.0,TEMPORAL_ADVERBIAL,72.0,false
sentence:SENT-0111,source:GRAMMAR_MANUAL_ELEMENTARY,DERIVED_FROM,,,,,352,81数量补语4(动词+时量补语):表示动作持续的 时间 【三51】 ◎,,,,,
sentence:SENT-0111,span:AUTH-TAD-0155,HAS_CANDIDATE,,,,,,,,,,,
span:AUTH-TAD-0155,consensus:AUTH-TAD-0155,HAS_CONSENSUS,,,,,,,,,,,
consensus:AUTH-TAD-0155,function:ATTRIBUTE,MAPS_TO,,,,,,,,,,,
span:AUTH-TAD-0155,cleaning:B_边界复核集,HAS_CLEANING_STATUS,,,,,,,边界集/鲁棒性分析,,,,
span:AUTH-TAD-0155,ambiguity:可能为时间定语,HAS_AMBIGUITY,,,,,,,,,,,
span:AUTH-TAD-0155,ambiguity:时量补语_持续时间边界,HAS_AMBIGUITY,,,,,,,,,,,
span:AUTH-TAD-0155,ambiguity:三人标注不完全一致,HAS_AMBIGUITY,,,,,,,,,,,
span:AUTH-TAD-0155,ambiguity:无重复,HAS_AMBIGUITY,,,,,,,,,,,
span:AUTH-TAD-0155,ambiguity:来源字段完整但仍需正版逐页核验,HAS_AMBIGUITY,,,,,,,,,,,
span:AUTH-TAD-0155,annotation:span:AUTH-TAD-0155:r1,ANNOTATED_BY,,,,,,,,,,,
annotation:span:AUTH-TAD-0155:r1,rater:rater_1,MADE_BY,,,,,,,,,,,
span:AUTH-TAD-0155,annotation:span:AUTH-TAD-0155:r2,ANNOTATED_BY,,,,,,,,,,,
annotation:span:AUTH-TAD-0155:r2,rater:rater_2,MADE_BY,,,,,,,,,,,
span:AUTH-TAD-0155,annotation:span:AUTH-TAD-0155:r3,ANNOTATED_BY,,,,,,,,,,,
annotation:span:AUTH-TAD-0155:r3,rater:rater_3,MADE_BY,,,,,,,,,,,
span:AUTH-TAD-0155,cue:AFTER_VERB,TRIGGERS_CUE,,,,,,,,,,,
span:AUTH-TAD-0155,cue:ATTR_DE_DIRECT,TRIGGERS_CUE,,,,,,,,,,,
span:AUTH-TAD-0155,cue:ATTR_NOMINAL_DIRECT,TRIGGERS_CUE,,,,,,,,,,,
span:AUTH-TAD-0155,cue:COMPLEMENT_DURATION_CONTEXT,TRIGGERS_CUE,,,,,,,,,,,
span:AUTH-TAD-0155,cue:DE_PARTICLE,TRIGGERS_CUE,,,,,,,,,,,
span:AUTH-TAD-0155,cue:DURATION_COMPLEMENT,TRIGGERS_CUE,,,,,,,,,,,
span:AUTH-TAD-0155,cue:NOMINAL_HEAD,TRIGGERS_CUE,,,,,,,,,,,
span:AUTH-TAD-0155,cue:TIME_DURATION,TRIGGERS_CUE,,,,,,,,,,,
span:AUTH-TAD-0155,rule:R_TEMP_KG_ATTR_01,MATCHES_RULE,,,,,,,,1.0,ATTRIBUTE,128.0,true
span:AUTH-TAD-0155,rule:R_TEMP_KG_COMP_01,MATCHES_RULE,,,,,,,,2.0,COMPLEMENT,127.0,false
span:AUTH-TAD-0155,rule:R_TEMP_KG_ATTR_02,MATCHES_RULE,,,,,,,,3.0,ATTRIBUTE,126.0,true
span:AUTH-TAD-0155,rule:R_TEMP_COMP_01,MATCHES_RULE,,,,,,,,4.0,COMPLEMENT,96.0,false
span:AUTH-TAD-0155,rule:R_TEMP_ATTR_01,MATCHES_RULE,,,,,,,,5.0,ATTRIBUTE,95.0,true
sentence:SENT-0183,source:GRAMMAR_MANUAL_ADVANCED,DERIVED_FROM,,,,,83,,,,,,
sentence:SENT-0183,span:AUTH-TAD-0156,HAS_CANDIDATE,,,,,,,,,,,
span:AUTH-TAD-0156,consensus:AUTH-TAD-0156,HAS_CONSENSUS,,,,,,,,,,,
consensus:AUTH-TAD-0156,function:TEMPORAL_ADVERBIAL,MAPS_TO,,,,,,,,,,,
span:AUTH-TAD-0156,cleaning:B_边界复核集,HAS_CLEANING_STATUS,,,,,,,边界集/鲁棒性分析,,,,
span:AUTH-TAD-0156,ambiguity:页面线索缺失,HAS_AMBIGUITY,,,,,,,,,,,
span:AUTH-TAD-0156,ambiguity:无重复,HAS_AMBIGUITY,,,,,,,,,,,
span:AUTH-TAD-0156,annotation:span:AUTH-TAD-0156:r1,ANNOTATED_BY,,,,,,,,,,,
annotation:span:AUTH-TAD-0156:r1,rater:rater_1,MADE_BY,,,,,,,,,,,
span:AUTH-TAD-0156,annotation:span:AUTH-TAD-0156:r2,ANNOTATED_BY,,,,,,,,,,,
annotation:span:AUTH-TAD-0156:r2,rater:rater_2,MADE_BY,,,,,,,,,,,
span:AUTH-TAD-0156,annotation:span:AUTH-TAD-0156:r3,ANNOTATED_BY,,,,,,,,,,,
annotation:span:AUTH-TAD-0156:r3,rater:rater_3,MADE_BY,,,,,,,,,,,
span:AUTH-TAD-0156,cue:BEFORE_PREDICATE,TRIGGERS_CUE,,,,,,,,,,,
span:AUTH-TAD-0156,cue:EVENT_TIME,TRIGGERS_CUE,,,,,,,,,,,
span:AUTH-TAD-0156,cue:TIME_NOUN,TRIGGERS_CUE,,,,,,,,,,,
span:AUTH-TAD-0156,rule:R_TEMP_ADV_01,MATCHES_RULE,,,,,,,,1.0,TEMPORAL_ADVERBIAL,90.0,true
span:AUTH-TAD-0156,rule:R_TEMP_ADV_02,MATCHES_RULE,,,,,,,,2.0,TEMPORAL_ADVERBIAL,88.0,true
span:AUTH-TAD-0156,rule:R_TEMP_KG_ADV_02,MATCHES_RULE,,,,,,,,3.0,TEMPORAL_ADVERBIAL,72.0,true
sentence:SENT-0159,source:GRAMMAR_MANUAL_INTERMEDIATE,DERIVED_FROM,,,,,182,依照医生的要求，他每天按时吃药,,,,,
sentence:SENT-0159,span:AUTH-TAD-0157,HAS_CANDIDATE,,,,,,,,,,,
span:AUTH-TAD-0157,consensus:AUTH-TAD-0157,HAS_CONSENSUS,,,,,,,,,,,
consensus:AUTH-TAD-0157,function:OTHER,MAPS_TO,,,,,,,,,,,
span:AUTH-TAD-0157,cleaning:C_暂不纳入主实验,HAS_CLEANING_STATUS,,,,,,,错误分析/待复核,,,,
span:AUTH-TAD-0157,ambiguity:相对时间框架边界,HAS_AMBIGUITY,,,,,,,,,,,
span:AUTH-TAD-0157,ambiguity:候选片段与最终片段不一致,HAS_AMBIGUITY,,,,,,,,,,,
span:AUTH-TAD-0157,ambiguity:非目标时间表达,HAS_AMBIGUITY,,,,,,,,,,,
span:AUTH-TAD-0157,ambiguity:至少一名标注者修正片段,HAS_AMBIGUITY,,,,,,,,,,,
span:AUTH-TAD-0157,ambiguity:同句多候选_重复句,HAS_AMBIGUITY,,,,,,,,,,,
span:AUTH-TAD-0157,ambiguity:来源字段完整但仍需正版逐页核验,HAS_AMBIGUITY,,,,,,,,,,,
span:AUTH-TAD-0157,annotation:span:AUTH-TAD-0157:r1,ANNOTATED_BY,,,,,,,,,,,
annotation:span:AUTH-TAD-0157:r1,rater:rater_1,MADE_BY,,,,,,,,,,,
span:AUTH-TAD-0157,annotation:span:AUTH-TAD-0157:r2,ANNOTATED_BY,,,,,,,,,,,
annotation:span:AUTH-TAD-0157:r2,rater:rater_2,MADE_BY,,,,,,,,,,,
span:AUTH-TAD-0157,annotation:span:AUTH-TAD-0157:r3,ANNOTATED_BY,,,,,,,,,,,
annotation:span:AUTH-TAD-0157:r3,rater:rater_3,MADE_BY,,,,,,,,,,,
span:AUTH-TAD-0157,cue:BEFORE_PREDICATE,TRIGGERS_CUE,,,,,,,,,,,
span:AUTH-TAD-0157,cue:EVENT_TIME,TRIGGERS_CUE,,,,,,,,,,,
span:AUTH-TAD-0157,cue:NO_TEMPORAL_EXPRESSION,TRIGGERS_CUE,,,,,,,,,,,
span:AUTH-TAD-0157,cue:REVIEW_NON_TARGET_RISK,TRIGGERS_CUE,,,,,,,,,,,
span:AUTH-TAD-0157,cue:TIME_AFTER_BEFORE,TRIGGERS_CUE,,,,,,,,,,,
span:AUTH-TAD-0157,rule:R_TEMP_KG_OTHER_01,MATCHES_RULE,,,,,,,,1.0,OTHER,130.0,true
span:AUTH-TAD-0157,rule:R_TEMP_ADV_05,MATCHES_RULE,,,,,,,,2.0,TEMPORAL_ADVERBIAL,83.0,false
sentence:SENT-0108,source:GRAMMAR_MANUAL_INTERMEDIATE,DERIVED_FROM,,,,,50,四级语法点 ◎典型例句和对话 我每天要上四个小时 我们要认真听讲， 我在北京,,,,,
sentence:SENT-0108,span:AUTH-TAD-0158,HAS_CANDIDATE,,,,,,,,,,,
span:AUTH-TAD-0158,consensus:AUTH-TAD-0158,HAS_CONSENSUS,,,,,,,,,,,
consensus:AUTH-TAD-0158,function:TEMPORAL_ADVERBIAL,MAPS_TO,,,,,,,,,,,
span:AUTH-TAD-0158,cleaning:A_主评测候选,HAS_CLEANING_STATUS,,,,,,,主实验/严格评测,,,,
span:AUTH-TAD-0158,ambiguity:无重复,HAS_AMBIGUITY,,,,,,,,,,,
span:AUTH-TAD-0158,ambiguity:来源字段完整但仍需正版逐页核验,HAS_AMBIGUITY,,,,,,,,,,,
span:AUTH-TAD-0158,annotation:span:AUTH-TAD-0158:r1,ANNOTATED_BY,,,,,,,,,,,
annotation:span:AUTH-TAD-0158:r1,rater:rater_1,MADE_BY,,,,,,,,,,,
span:AUTH-TAD-0158,annotation:span:AUTH-TAD-0158:r2,ANNOTATED_BY,,,,,,,,,,,
annotation:span:AUTH-TAD-0158:r2,rater:rater_2,MADE_BY,,,,,,,,,,,
span:AUTH-TAD-0158,annotation:span:AUTH-TAD-0158:r3,ANNOTATED_BY,,,,,,,,,,,
annotation:span:AUTH-TAD-0158:r3,rater:rater_3,MADE_BY,,,,,,,,,,,
span:AUTH-TAD-0158,cue:BEFORE_PREDICATE,TRIGGERS_CUE,,,,,,,,,,,
span:AUTH-TAD-0158,cue:EVENT_TIME,TRIGGERS_CUE,,,,,,,,,,,
span:AUTH-TAD-0158,cue:TIME_FREQUENCY,TRIGGERS_CUE,,,,,,,,,,,
span:AUTH-TAD-0158,rule:R_TEMP_ADV_04,MATCHES_RULE,,,,,,,,1.0,TEMPORAL_ADVERBIAL,84.0,true
span:AUTH-TAD-0158,rule:R_TEMP_KG_ADV_01,MATCHES_RULE,,,,,,,,2.0,TEMPORAL_ADVERBIAL,79.0,true
sentence:SENT-0069,source:GRAMMAR_MANUAL_INTERMEDIATE,DERIVED_FROM,,,,,202,从销售量来看，这个公司已经成为国内最大的手机制造商,,,,,
sentence:SENT-0069,span:AUTH-TAD-0159,HAS_CANDIDATE,,,,,,,,,,,
span:AUTH-TAD-0159,consensus:AUTH-TAD-0159,HAS_CONSENSUS,,,,,,,,,,,
consensus:AUTH-TAD-0159,function:TEMPORAL_ADVERBIAL,MAPS_TO,,,,,,,,,,,
span:AUTH-TAD-0159,cleaning:B_边界复核集,HAS_CLEANING_STATUS,,,,,,,边界集/鲁棒性分析,,,,
span:AUTH-TAD-0159,ambiguity:时间副词_体貌副词边界,HAS_AMBIGUITY,,,,,,,,,,,
span:AUTH-TAD-0159,ambiguity:无重复,HAS_AMBIGUITY,,,,,,,,,,,
span:AUTH-TAD-0159,ambiguity:来源字段完整但仍需正版逐页核验,HAS_AMBIGUITY,,,,,,,,,,,
span:AUTH-TAD-0159,annotation:span:AUTH-TAD-0159:r1,ANNOTATED_BY,,,,,,,,,,,
annotation:span:AUTH-TAD-0159:r1,rater:rater_1,MADE_BY,,,,,,,,,,,
span:AUTH-TAD-0159,annotation:span:AUTH-TAD-0159:r2,ANNOTATED_BY,,,,,,,,,,,
annotation:span:AUTH-TAD-0159:r2,rater:rater_2,MADE_BY,,,,,,,,,,,
span:AUTH-TAD-0159,annotation:span:AUTH-TAD-0159:r3,ANNOTATED_BY,,,,,,,,,,,
annotation:span:AUTH-TAD-0159:r3,rater:rater_3,MADE_BY,,,,,,,,,,,
span:AUTH-TAD-0159,cue:BEFORE_PREDICATE,TRIGGERS_CUE,,,,,,,,,,,
span:AUTH-TAD-0159,cue:EVENT_TIME,TRIGGERS_CUE,,,,,,,,,,,
span:AUTH-TAD-0159,cue:TIME_ADVERB,TRIGGERS_CUE,,,,,,,,,,,
span:AUTH-TAD-0159,cue:TIME_FREQUENCY,TRIGGERS_CUE,,,,,,,,,,,
span:AUTH-TAD-0159,rule:R_TEMP_ADV_04,MATCHES_RULE,,,,,,,,1.0,TEMPORAL_ADVERBIAL,84.0,true
span:AUTH-TAD-0159,rule:R_TEMP_ADV_19,MATCHES_RULE,,,,,,,,2.0,TEMPORAL_ADVERBIAL,84.0,true
span:AUTH-TAD-0159,rule:R_TEMP_KG_ADV_01,MATCHES_RULE,,,,,,,,3.0,TEMPORAL_ADVERBIAL,79.0,true
span:AUTH-TAD-0159,rule:R_TEMP_ADV_08,MATCHES_RULE,,,,,,,,4.0,TEMPORAL_ADVERBIAL,78.0,true
span:AUTH-TAD-0159,rule:R_TEMP_ADV_11,MATCHES_RULE,,,,,,,,5.0,TEMPORAL_ADVERBIAL,73.0,true
sentence:SENT-0450,source:GRAMMAR_MANUAL_INTERMEDIATE,DERIVED_FROM,,,,,40,,,,,,
sentence:SENT-0450,span:AUTH-TAD-0160,HAS_CANDIDATE,,,,,,,,,,,
span:AUTH-TAD-0160,consensus:AUTH-TAD-0160,HAS_CONSENSUS,,,,,,,,,,,
consensus:AUTH-TAD-0160,function:TEMPORAL_ADVERBIAL,MAPS_TO,,,,,,,,,,,
span:AUTH-TAD-0160,cleaning:B_边界复核集,HAS_CLEANING_STATUS,,,,,,,边界集/鲁棒性分析,,,,
span:AUTH-TAD-0160,ambiguity:页面线索缺失,HAS_AMBIGUITY,,,,,,,,,,,
span:AUTH-TAD-0160,ambiguity:时量补语_持续时间边界,HAS_AMBIGUITY,,,,,,,,,,,
span:AUTH-TAD-0160,ambiguity:介词于_事件时间边界,HAS_AMBIGUITY,,,,,,,,,,,
span:AUTH-TAD-0160,ambiguity:三人标注不完全一致,HAS_AMBIGUITY,,,,,,,,,,,
span:AUTH-TAD-0160,ambiguity:无重复,HAS_AMBIGUITY,,,,,,,,,,,
span:AUTH-TAD-0160,annotation:span:AUTH-TAD-0160:r1,ANNOTATED_BY,,,,,,,,,,,
annotation:span:AUTH-TAD-0160:r1,rater:rater_1,MADE_BY,,,,,,,,,,,
span:AUTH-TAD-0160,annotation:span:AUTH-TAD-0160:r2,ANNOTATED_BY,,,,,,,,,,,
annotation:span:AUTH-TAD-0160:r2,rater:rater_2,MADE_BY,,,,,,,,,,,
span:AUTH-TAD-0160,annotation:span:AUTH-TAD-0160:r3,ANNOTATED_BY,,,,,,,,,,,
annotation:span:AUTH-TAD-0160:r3,rater:rater_3,MADE_BY,,,,,,,,,,,
span:AUTH-TAD-0160,cue:ATTR_NOMINAL_DIRECT,TRIGGERS_CUE,,,,,,,,,,,
span:AUTH-TAD-0160,cue:NOMINAL_HEAD,TRIGGERS_CUE,,,,,,,,,,,
span:AUTH-TAD-0160,cue:TIME_NOUN,TRIGGERS_CUE,,,,,,,,,,,
span:AUTH-TAD-0160,rule:R_TEMP_KG_ATTR_02,MATCHES_RULE,,,,,,,,1.0,ATTRIBUTE,126.0,false
span:AUTH-TAD-0160,rule:R_TEMP_ATTR_03,MATCHES_RULE,,,,,,,,2.0,ATTRIBUTE,88.0,false
span:AUTH-TAD-0160,rule:R_TEMP_KG_ADV_02,MATCHES_RULE,,,,,,,,3.0,TEMPORAL_ADVERBIAL,72.0,true
sentence:SENT-0180,source:GRAMMAR_MANUAL_INTERMEDIATE,DERIVED_FROM,,,,,321,同学们上课的时候不要左瞧右看，注意力要集中,,,,,
sentence:SENT-0180,span:AUTH-TAD-0161,HAS_CANDIDATE,,,,,,,,,,,
span:AUTH-TAD-0161,consensus:AUTH-TAD-0161,HAS_CONSENSUS,,,,,,,,,,,
consensus:AUTH-TAD-0161,function:TEMPORAL_ADVERBIAL,MAPS_TO,,,,,,,,,,,
span:AUTH-TAD-0161,cleaning:C_暂不纳入主实验,HAS_CLEANING_STATUS,,,,,,,待复核,,,,
span:AUTH-TAD-0161,ambiguity:原表已建议复核_剔除,HAS_AMBIGUITY,,,,,,,,,,,
span:AUTH-TAD-0161,ambiguity:相对时间框架边界,HAS_AMBIGUITY,,,,,,,,,,,
span:AUTH-TAD-0161,ambiguity:三人标注不完全一致,HAS_AMBIGUITY,,,,,,,,,,,
span:AUTH-TAD-0161,ambiguity:至少一名标注者修正片段,HAS_AMBIGUITY,,,,,,,,,,,
span:AUTH-TAD-0161,ambiguity:无重复,HAS_AMBIGUITY,,,,,,,,,,,
span:AUTH-TAD-0161,ambiguity:来源字段完整但仍需正版逐页核验,HAS_AMBIGUITY,,,,,,,,,,,
span:AUTH-TAD-0161,annotation:span:AUTH-TAD-0161:r1,ANNOTATED_BY,,,,,,,,,,,
annotation:span:AUTH-TAD-0161:r1,rater:rater_1,MADE_BY,,,,,,,,,,,
span:AUTH-TAD-0161,annotation:span:AUTH-TAD-0161:r2,ANNOTATED_BY,,,,,,,,,,,
annotation:span:AUTH-TAD-0161:r2,rater:rater_2,MADE_BY,,,,,,,,,,,
span:AUTH-TAD-0161,annotation:span:AUTH-TAD-0161:r3,ANNOTATED_BY,,,,,,,,,,,
annotation:span:AUTH-TAD-0161:r3,rater:rater_3,MADE_BY,,,,,,,,,,,
span:AUTH-TAD-0161,cue:BEFORE_PREDICATE,TRIGGERS_CUE,,,,,,,,,,,
span:AUTH-TAD-0161,cue:EVENT_TIME,TRIGGERS_CUE,,,,,,,,,,,
span:AUTH-TAD-0161,cue:SENTENCE_INITIAL,TRIGGERS_CUE,,,,,,,,,,,
span:AUTH-TAD-0161,cue:TIME_NOUN,TRIGGERS_CUE,,,,,,,,,,,
span:AUTH-TAD-0161,rule:R_TEMP_ADV_01,MATCHES_RULE,,,,,,,,1.0,TEMPORAL_ADVERBIAL,90.0,true
span:AUTH-TAD-0161,rule:R_TEMP_ADV_02,MATCHES_RULE,,,,,,,,2.0,TEMPORAL_ADVERBIAL,88.0,true
span:AUTH-TAD-0161,rule:R_TEMP_KG_ADV_02,MATCHES_RULE,,,,,,,,3.0,TEMPORAL_ADVERBIAL,72.0,true
sentence:SENT-0045,source:GRAMMAR_MANUAL_ADVANCED,DERIVED_FROM,,,,,38,儿子：奶奶怎么哭了? 妈妈：刚才奶奶翻出了一堆旧照片，看着照片，不由,,,,,
sentence:SENT-0045,span:AUTH-TAD-0162,HAS_CANDIDATE,,,,,,,,,,,
span:AUTH-TAD-0162,consensus:AUTH-TAD-0162,HAS_CONSENSUS,,,,,,,,,,,
consensus:AUTH-TAD-0162,function:TEMPORAL_ADVERBIAL,MAPS_TO,,,,,,,,,,,
span:AUTH-TAD-0162,cleaning:B_边界复核集,HAS_CLEANING_STATUS,,,,,,,边界集/鲁棒性分析,,,,
span:AUTH-TAD-0162,ambiguity:三人标注不完全一致,HAS_AMBIGUITY,,,,,,,,,,,
span:AUTH-TAD-0162,ambiguity:无重复,HAS_AMBIGUITY,,,,,,,,,,,
span:AUTH-TAD-0162,ambiguity:来源字段完整但仍需正版逐页核验,HAS_AMBIGUITY,,,,,,,,,,,
span:AUTH-TAD-0162,annotation:span:AUTH-TAD-0162:r1,ANNOTATED_BY,,,,,,,,,,,
annotation:span:AUTH-TAD-0162:r1,rater:rater_1,MADE_BY,,,,,,,,,,,
span:AUTH-TAD-0162,annotation:span:AUTH-TAD-0162:r2,ANNOTATED_BY,,,,,,,,,,,
annotation:span:AUTH-TAD-0162:r2,rater:rater_2,MADE_BY,,,,,,,,,,,
span:AUTH-TAD-0162,annotation:span:AUTH-TAD-0162:r3,ANNOTATED_BY,,,,,,,,,,,
annotation:span:AUTH-TAD-0162:r3,rater:rater_3,MADE_BY,,,,,,,,,,,
span:AUTH-TAD-0162,cue:BEFORE_PREDICATE,TRIGGERS_CUE,,,,,,,,,,,
span:AUTH-TAD-0162,cue:EVENT_TIME,TRIGGERS_CUE,,,,,,,,,,,
span:AUTH-TAD-0162,cue:SENTENCE_INITIAL,TRIGGERS_CUE,,,,,,,,,,,
span:AUTH-TAD-0162,cue:STATIVE_PREDICATE,TRIGGERS_CUE,,,,,,,,,,,
span:AUTH-TAD-0162,cue:TIME_NOUN,TRIGGERS_CUE,,,,,,,,,,,
span:AUTH-TAD-0162,rule:R_TEMP_SUBJ_02,MATCHES_RULE,,,,,,,,1.0,SUBJECT,92.0,false
span:AUTH-TAD-0162,rule:R_TEMP_ADV_01,MATCHES_RULE,,,,,,,,2.0,TEMPORAL_ADVERBIAL,90.0,true
span:AUTH-TAD-0162,rule:R_TEMP_ADV_02,MATCHES_RULE,,,,,,,,3.0,TEMPORAL_ADVERBIAL,88.0,true
span:AUTH-TAD-0162,rule:R_TEMP_KG_ADV_02,MATCHES_RULE,,,,,,,,4.0,TEMPORAL_ADVERBIAL,72.0,true
sentence:SENT-0165,source:GRAMMAR_MANUAL_ADVANCED,DERIVED_FROM,,,,,22,凡以前做错的题，你们全要认真复习,,,,,
sentence:SENT-0165,span:AUTH-TAD-0163,HAS_CANDIDATE,,,,,,,,,,,
span:AUTH-TAD-0163,consensus:AUTH-TAD-0163,HAS_CONSENSUS,,,,,,,,,,,
consensus:AUTH-TAD-0163,function:TEMPORAL_ADVERBIAL,MAPS_TO,,,,,,,,,,,
span:AUTH-TAD-0163,cleaning:B_边界复核集,HAS_CLEANING_STATUS,,,,,,,边界集/鲁棒性分析,,,,
span:AUTH-TAD-0163,ambiguity:相对时间框架边界,HAS_AMBIGUITY,,,,,,,,,,,
span:AUTH-TAD-0163,ambiguity:三人标注不完全一致,HAS_AMBIGUITY,,,,,,,,,,,
span:AUTH-TAD-0163,ambiguity:无重复,HAS_AMBIGUITY,,,,,,,,,,,
span:AUTH-TAD-0163,ambiguity:来源字段完整但仍需正版逐页核验,HAS_AMBIGUITY,,,,,,,,,,,
span:AUTH-TAD-0163,annotation:span:AUTH-TAD-0163:r1,ANNOTATED_BY,,,,,,,,,,,
annotation:span:AUTH-TAD-0163:r1,rater:rater_1,MADE_BY,,,,,,,,,,,
span:AUTH-TAD-0163,annotation:span:AUTH-TAD-0163:r2,ANNOTATED_BY,,,,,,,,,,,
annotation:span:AUTH-TAD-0163:r2,rater:rater_2,MADE_BY,,,,,,,,,,,
span:AUTH-TAD-0163,annotation:span:AUTH-TAD-0163:r3,ANNOTATED_BY,,,,,,,,,,,
annotation:span:AUTH-TAD-0163:r3,rater:rater_3,MADE_BY,,,,,,,,,,,
span:AUTH-TAD-0163,cue:AFTER_VERB,TRIGGERS_CUE,,,,,,,,,,,
span:AUTH-TAD-0163,cue:NO_TEMPORAL_EXPRESSION,TRIGGERS_CUE,,,,,,,,,,,
span:AUTH-TAD-0163,cue:POSTPOSED_TEMPORAL_MARKER,TRIGGERS_CUE,,,,,,,,,,,
span:AUTH-TAD-0163,cue:TIME_AFTER_BEFORE,TRIGGERS_CUE,,,,,,,,,,,
span:AUTH-TAD-0163,rule:R_TEMP_COMP_09,MATCHES_RULE,,,,,,,,1.0,COMPLEMENT,91.0,false
span:AUTH-TAD-0163,rule:R_TEMP_COMP_08,MATCHES_RULE,,,,,,,,2.0,COMPLEMENT,89.0,false
sentence:SENT-0091,source:GRAMMAR_MANUAL_ELEMENTARY,DERIVED_FROM,,,,,152,级语法点 例句 校长已经下班了,,,,,
sentence:SENT-0091,span:AUTH-TAD-0164,HAS_CANDIDATE,,,,,,,,,,,
span:AUTH-TAD-0164,consensus:AUTH-TAD-0164,HAS_CONSENSUS,,,,,,,,,,,
consensus:AUTH-TAD-0164,function:TEMPORAL_ADVERBIAL,MAPS_TO,,,,,,,,,,,
span:AUTH-TAD-0164,cleaning:B_边界复核集,HAS_CLEANING_STATUS,,,,,,,边界集/鲁棒性分析,,,,
span:AUTH-TAD-0164,ambiguity:时间副词_体貌副词边界,HAS_AMBIGUITY,,,,,,,,,,,
span:AUTH-TAD-0164,ambiguity:无重复,HAS_AMBIGUITY,,,,,,,,,,,
span:AUTH-TAD-0164,ambiguity:来源字段完整但仍需正版逐页核验,HAS_AMBIGUITY,,,,,,,,,,,
span:AUTH-TAD-0164,annotation:span:AUTH-TAD-0164:r1,ANNOTATED_BY,,,,,,,,,,,
annotation:span:AUTH-TAD-0164:r1,rater:rater_1,MADE_BY,,,,,,,,,,,
span:AUTH-TAD-0164,annotation:span:AUTH-TAD-0164:r2,ANNOTATED_BY,,,,,,,,,,,
annotation:span:AUTH-TAD-0164:r2,rater:rater_2,MADE_BY,,,,,,,,,,,
span:AUTH-TAD-0164,annotation:span:AUTH-TAD-0164:r3,ANNOTATED_BY,,,,,,,,,,,
annotation:span:AUTH-TAD-0164:r3,rater:rater_3,MADE_BY,,,,,,,,,,,
span:AUTH-TAD-0164,cue:BEFORE_PREDICATE,TRIGGERS_CUE,,,,,,,,,,,
span:AUTH-TAD-0164,cue:EVENT_TIME,TRIGGERS_CUE,,,,,,,,,,,
span:AUTH-TAD-0164,cue:TIME_ADVERB,TRIGGERS_CUE,,,,,,,,,,,
span:AUTH-TAD-0164,cue:TIME_FREQUENCY,TRIGGERS_CUE,,,,,,,,,,,
span:AUTH-TAD-0164,rule:R_TEMP_ADV_04,MATCHES_RULE,,,,,,,,1.0,TEMPORAL_ADVERBIAL,84.0,true
span:AUTH-TAD-0164,rule:R_TEMP_ADV_19,MATCHES_RULE,,,,,,,,2.0,TEMPORAL_ADVERBIAL,84.0,true
span:AUTH-TAD-0164,rule:R_TEMP_KG_ADV_01,MATCHES_RULE,,,,,,,,3.0,TEMPORAL_ADVERBIAL,79.0,true
span:AUTH-TAD-0164,rule:R_TEMP_ADV_08,MATCHES_RULE,,,,,,,,4.0,TEMPORAL_ADVERBIAL,78.0,true
span:AUTH-TAD-0164,rule:R_TEMP_ADV_11,MATCHES_RULE,,,,,,,,5.0,TEMPORAL_ADVERBIAL,73.0,true
sentence:SENT-0055,source:GRAMMAR_MANUAL_ELEMENTARY,DERIVED_FROM,,,,,386,,,,,,
sentence:SENT-0055,span:AUTH-TAD-0165,HAS_CANDIDATE,,,,,,,,,,,
span:AUTH-TAD-0165,consensus:AUTH-TAD-0165,HAS_CONSENSUS,,,,,,,,,,,
consensus:AUTH-TAD-0165,function:ATTRIBUTE,MAPS_TO,,,,,,,,,,,
span:AUTH-TAD-0165,cleaning:B_边界复核集,HAS_CLEANING_STATUS,,,,,,,边界集/鲁棒性分析,,,,
span:AUTH-TAD-0165,ambiguity:页面线索缺失,HAS_AMBIGUITY,,,,,,,,,,,
span:AUTH-TAD-0165,ambiguity:可能为时间定语,HAS_AMBIGUITY,,,,,,,,,,,
span:AUTH-TAD-0165,ambiguity:无重复,HAS_AMBIGUITY,,,,,,,,,,,
span:AUTH-TAD-0165,annotation:span:AUTH-TAD-0165:r1,ANNOTATED_BY,,,,,,,,,,,
annotation:span:AUTH-TAD-0165:r1,rater:rater_1,MADE_BY,,,,,,,,,,,
span:AUTH-TAD-0165,annotation:span:AUTH-TAD-0165:r2,ANNOTATED_BY,,,,,,,,,,,
annotation:span:AUTH-TAD-0165:r2,rater:rater_2,MADE_BY,,,,,,,,,,,
span:AUTH-TAD-0165,annotation:span:AUTH-TAD-0165:r3,ANNOTATED_BY,,,,,,,,,,,
annotation:span:AUTH-TAD-0165:r3,rater:rater_3,MADE_BY,,,,,,,,,,,
span:AUTH-TAD-0165,cue:ATTR_DE_DIRECT,TRIGGERS_CUE,,,,,,,,,,,
span:AUTH-TAD-0165,cue:ATTR_NOMINAL_DIRECT,TRIGGERS_CUE,,,,,,,,,,,
span:AUTH-TAD-0165,cue:DE_PARTICLE,TRIGGERS_CUE,,,,,,,,,,,
span:AUTH-TAD-0165,cue:NOMINAL_HEAD,TRIGGERS_CUE,,,,,,,,,,,
span:AUTH-TAD-0165,cue:SENTENCE_INITIAL,TRIGGERS_CUE,,,,,,,,,,,
span:AUTH-TAD-0165,cue:TIME_NOUN,TRIGGERS_CUE,,,,,,,,,,,
span:AUTH-TAD-0165,rule:R_TEMP_KG_ATTR_01,MATCHES_RULE,,,,,,,,1.0,ATTRIBUTE,128.0,true
span:AUTH-TAD-0165,rule:R_TEMP_KG_ATTR_02,MATCHES_RULE,,,,,,,,2.0,ATTRIBUTE,126.0,true
span:AUTH-TAD-0165,rule:R_TEMP_ATTR_01,MATCHES_RULE,,,,,,,,3.0,ATTRIBUTE,95.0,true
span:AUTH-TAD-0165,rule:R_TEMP_ATTR_03,MATCHES_RULE,,,,,,,,4.0,ATTRIBUTE,88.0,true
span:AUTH-TAD-0165,rule:R_TEMP_KG_ADV_02,MATCHES_RULE,,,,,,,,5.0,TEMPORAL_ADVERBIAL,72.0,false
sentence:SENT-0122,source:GRAMMAR_MANUAL_ADVANCED,DERIVED_FROM,,,,,135,分句间是承接关系，前后分句说出两种情况，后一情况因时间推移或某种原 因而与前一情况相反,,,,,
sentence:SENT-0122,span:AUTH-TAD-0166,HAS_CANDIDATE,,,,,,,,,,,
span:AUTH-TAD-0166,consensus:AUTH-TAD-0166,HAS_CONSENSUS,,,,,,,,,,,
consensus:AUTH-TAD-0166,function:TEMPORAL_ADVERBIAL,MAPS_TO,,,,,,,,,,,
span:AUTH-TAD-0166,cleaning:C_暂不纳入主实验,HAS_CLEANING_STATUS,,,,,,,待复核,,,,
span:AUTH-TAD-0166,ambiguity:三人标注不完全一致,HAS_AMBIGUITY,,,,,,,,,,,
span:AUTH-TAD-0166,ambiguity:至少一名标注者修正片段,HAS_AMBIGUITY,,,,,,,,,,,
span:AUTH-TAD-0166,ambiguity:无重复,HAS_AMBIGUITY,,,,,,,,,,,
span:AUTH-TAD-0166,ambiguity:来源字段完整但仍需正版逐页核验,HAS_AMBIGUITY,,,,,,,,,,,
span:AUTH-TAD-0166,annotation:span:AUTH-TAD-0166:r1,ANNOTATED_BY,,,,,,,,,,,
annotation:span:AUTH-TAD-0166:r1,rater:rater_1,MADE_BY,,,,,,,,,,,
span:AUTH-TAD-0166,annotation:span:AUTH-TAD-0166:r2,ANNOTATED_BY,,,,,,,,,,,
annotation:span:AUTH-TAD-0166:r2,rater:rater_2,MADE_BY,,,,,,,,,,,
span:AUTH-TAD-0166,annotation:span:AUTH-TAD-0166:r3,ANNOTATED_BY,,,,,,,,,,,
annotation:span:AUTH-TAD-0166:r3,rater:rater_3,MADE_BY,,,,,,,,,,,
span:AUTH-TAD-0166,cue:BEFORE_PREDICATE,TRIGGERS_CUE,,,,,,,,,,,
span:AUTH-TAD-0166,cue:EVENT_TIME,TRIGGERS_CUE,,,,,,,,,,,
span:AUTH-TAD-0166,cue:TIME_ADVERB,TRIGGERS_CUE,,,,,,,,,,,
span:AUTH-TAD-0166,cue:TIME_AFTER_BEFORE,TRIGGERS_CUE,,,,,,,,,,,
span:AUTH-TAD-0166,cue:TIME_FREQUENCY,TRIGGERS_CUE,,,,,,,,,,,
span:AUTH-TAD-0166,cue:TIME_NOUN,TRIGGERS_CUE,,,,,,,,,,,
span:AUTH-TAD-0166,rule:R_TEMP_ADV_01,MATCHES_RULE,,,,,,,,1.0,TEMPORAL_ADVERBIAL,90.0,true
span:AUTH-TAD-0166,rule:R_TEMP_ADV_02,MATCHES_RULE,,,,,,,,2.0,TEMPORAL_ADVERBIAL,88.0,true
span:AUTH-TAD-0166,rule:R_TEMP_ADV_04,MATCHES_RULE,,,,,,,,3.0,TEMPORAL_ADVERBIAL,84.0,true
span:AUTH-TAD-0166,rule:R_TEMP_ADV_19,MATCHES_RULE,,,,,,,,4.0,TEMPORAL_ADVERBIAL,84.0,true
span:AUTH-TAD-0166,rule:R_TEMP_ADV_05,MATCHES_RULE,,,,,,,,5.0,TEMPORAL_ADVERBIAL,83.0,true
sentence:SENT-0217,source:GRAMMAR_MANUAL_ADVANCED,DERIVED_FROM,,,,,198,她男朋友每天接送她上班，别提有多关心她了,,,,,
sentence:SENT-0217,span:AUTH-TAD-0167,HAS_CANDIDATE,,,,,,,,,,,
span:AUTH-TAD-0167,consensus:AUTH-TAD-0167,HAS_CONSENSUS,,,,,,,,,,,
consensus:AUTH-TAD-0167,function:TEMPORAL_ADVERBIAL,MAPS_TO,,,,,,,,,,,
span:AUTH-TAD-0167,cleaning:A_主评测候选,HAS_CLEANING_STATUS,,,,,,,主实验/严格评测,,,,
span:AUTH-TAD-0167,ambiguity:无重复,HAS_AMBIGUITY,,,,,,,,,,,
span:AUTH-TAD-0167,ambiguity:来源字段完整但仍需正版逐页核验,HAS_AMBIGUITY,,,,,,,,,,,
span:AUTH-TAD-0167,annotation:span:AUTH-TAD-0167:r1,ANNOTATED_BY,,,,,,,,,,,
annotation:span:AUTH-TAD-0167:r1,rater:rater_1,MADE_BY,,,,,,,,,,,
span:AUTH-TAD-0167,annotation:span:AUTH-TAD-0167:r2,ANNOTATED_BY,,,,,,,,,,,
annotation:span:AUTH-TAD-0167:r2,rater:rater_2,MADE_BY,,,,,,,,,,,
span:AUTH-TAD-0167,annotation:span:AUTH-TAD-0167:r3,ANNOTATED_BY,,,,,,,,,,,
annotation:span:AUTH-TAD-0167:r3,rater:rater_3,MADE_BY,,,,,,,,,,,
span:AUTH-TAD-0167,cue:BEFORE_PREDICATE,TRIGGERS_CUE,,,,,,,,,,,
span:AUTH-TAD-0167,cue:EVENT_TIME,TRIGGERS_CUE,,,,,,,,,,,
span:AUTH-TAD-0167,cue:TIME_FREQUENCY,TRIGGERS_CUE,,,,,,,,,,,
span:AUTH-TAD-0167,rule:R_TEMP_ADV_04,MATCHES_RULE,,,,,,,,1.0,TEMPORAL_ADVERBIAL,84.0,true
span:AUTH-TAD-0167,rule:R_TEMP_KG_ADV_01,MATCHES_RULE,,,,,,,,2.0,TEMPORAL_ADVERBIAL,79.0,true
sentence:SENT-0292,source:GRAMMAR_MANUAL_ELEMENTARY,DERIVED_FROM,,,,,352,81数量补语4(动词+时量补语):表示动作持续的 时间 【三51】 ◎,,,,,
sentence:SENT-0292,span:AUTH-TAD-0168,HAS_CANDIDATE,,,,,,,,,,,
span:AUTH-TAD-0168,consensus:AUTH-TAD-0168,HAS_CONSENSUS,,,,,,,,,,,
consensus:AUTH-TAD-0168,function:COMPLEMENT,MAPS_TO,,,,,,,,,,,
span:AUTH-TAD-0168,cleaning:B_边界复核集,HAS_CLEANING_STATUS,,,,,,,边界集/鲁棒性分析,,,,
span:AUTH-TAD-0168,ambiguity:时量补语_持续时间边界,HAS_AMBIGUITY,,,,,,,,,,,
span:AUTH-TAD-0168,ambiguity:无重复,HAS_AMBIGUITY,,,,,,,,,,,
span:AUTH-TAD-0168,ambiguity:来源字段完整但仍需正版逐页核验,HAS_AMBIGUITY,,,,,,,,,,,
span:AUTH-TAD-0168,annotation:span:AUTH-TAD-0168:r1,ANNOTATED_BY,,,,,,,,,,,
annotation:span:AUTH-TAD-0168:r1,rater:rater_1,MADE_BY,,,,,,,,,,,
span:AUTH-TAD-0168,annotation:span:AUTH-TAD-0168:r2,ANNOTATED_BY,,,,,,,,,,,
annotation:span:AUTH-TAD-0168:r2,rater:rater_2,MADE_BY,,,,,,,,,,,
span:AUTH-TAD-0168,annotation:span:AUTH-TAD-0168:r3,ANNOTATED_BY,,,,,,,,,,,
annotation:span:AUTH-TAD-0168:r3,rater:rater_3,MADE_BY,,,,,,,,,,,
span:AUTH-TAD-0168,cue:AFTER_VERB,TRIGGERS_CUE,,,,,,,,,,,
span:AUTH-TAD-0168,cue:COMPLEMENT_DURATION_CONTEXT,TRIGGERS_CUE,,,,,,,,,,,
span:AUTH-TAD-0168,cue:DURATION_COMPLEMENT,TRIGGERS_CUE,,,,,,,,,,,
span:AUTH-TAD-0168,cue:TIME_DURATION,TRIGGERS_CUE,,,,,,,,,,,
span:AUTH-TAD-0168,rule:R_TEMP_KG_COMP_01,MATCHES_RULE,,,,,,,,1.0,COMPLEMENT,127.0,true
span:AUTH-TAD-0168,rule:R_TEMP_COMP_01,MATCHES_RULE,,,,,,,,2.0,COMPLEMENT,96.0,true
span:AUTH-TAD-0168,rule:R_TEMP_COMP_02,MATCHES_RULE,,,,,,,,3.0,COMPLEMENT,95.0,true
span:AUTH-TAD-0168,rule:R_TEMP_COMP_07,MATCHES_RULE,,,,,,,,4.0,COMPLEMENT,94.0,true
sentence:SENT-0033,source:GRAMMAR_MANUAL_ELEMENTARY,DERIVED_FROM,,,,,244,整个结构可以 作定语、谓语,,,,,
sentence:SENT-0033,span:AUTH-TAD-0169,HAS_CANDIDATE,,,,,,,,,,,
span:AUTH-TAD-0169,consensus:AUTH-TAD-0169,HAS_CONSENSUS,,,,,,,,,,,
consensus:AUTH-TAD-0169,function:TEMPORAL_ADVERBIAL,MAPS_TO,,,,,,,,,,,
span:AUTH-TAD-0169,cleaning:A_主评测候选,HAS_CLEANING_STATUS,,,,,,,主实验/严格评测,,,,
span:AUTH-TAD-0169,ambiguity:无重复,HAS_AMBIGUITY,,,,,,,,,,,
span:AUTH-TAD-0169,ambiguity:来源字段完整但仍需正版逐页核验,HAS_AMBIGUITY,,,,,,,,,,,
span:AUTH-TAD-0169,annotation:span:AUTH-TAD-0169:r1,ANNOTATED_BY,,,,,,,,,,,
annotation:span:AUTH-TAD-0169:r1,rater:rater_1,MADE_BY,,,,,,,,,,,
span:AUTH-TAD-0169,annotation:span:AUTH-TAD-0169:r2,ANNOTATED_BY,,,,,,,,,,,
annotation:span:AUTH-TAD-0169:r2,rater:rater_2,MADE_BY,,,,,,,,,,,
span:AUTH-TAD-0169,annotation:span:AUTH-TAD-0169:r3,ANNOTATED_BY,,,,,,,,,,,
annotation:span:AUTH-TAD-0169:r3,rater:rater_3,MADE_BY,,,,,,,,,,,
span:AUTH-TAD-0169,cue:BEFORE_PREDICATE,TRIGGERS_CUE,,,,,,,,,,,
span:AUTH-TAD-0169,cue:EVENT_TIME,TRIGGERS_CUE,,,,,,,,,,,
span:AUTH-TAD-0169,cue:SENTENCE_INITIAL,TRIGGERS_CUE,,,,,,,,,,,
span:AUTH-TAD-0169,cue:TIME_NOUN,TRIGGERS_CUE,,,,,,,,,,,
span:AUTH-TAD-0169,rule:R_TEMP_ADV_01,MATCHES_RULE,,,,,,,,1.0,TEMPORAL_ADVERBIAL,90.0,true
span:AUTH-TAD-0169,rule:R_TEMP_ADV_02,MATCHES_RULE,,,,,,,,2.0,TEMPORAL_ADVERBIAL,88.0,true
span:AUTH-TAD-0169,rule:R_TEMP_KG_ADV_02,MATCHES_RULE,,,,,,,,3.0,TEMPORAL_ADVERBIAL,72.0,true
sentence:SENT-0104,source:GRAMMAR_MANUAL_ELEMENTARY,DERIVED_FROM,,,,,280,级语法点 20 时间副词(3):曾经 【三14】 ◎基本语义及用法 表示某种,,,,,
sentence:SENT-0104,span:AUTH-TAD-0170,HAS_CANDIDATE,,,,,,,,,,,
span:AUTH-TAD-0170,consensus:AUTH-TAD-0170,HAS_CONSENSUS,,,,,,,,,,,
consensus:AUTH-TAD-0170,function:TEMPORAL_ADVERBIAL,MAPS_TO,,,,,,,,,,,
span:AUTH-TAD-0170,cleaning:B_边界复核集,HAS_CLEANING_STATUS,,,,,,,边界集/鲁棒性分析,,,,
span:AUTH-TAD-0170,ambiguity:时间副词_体貌副词边界,HAS_AMBIGUITY,,,,,,,,,,,
span:AUTH-TAD-0170,ambiguity:无重复,HAS_AMBIGUITY,,,,,,,,,,,
span:AUTH-TAD-0170,ambiguity:来源字段完整但仍需正版逐页核验,HAS_AMBIGUITY,,,,,,,,,,,
span:AUTH-TAD-0170,annotation:span:AUTH-TAD-0170:r1,ANNOTATED_BY,,,,,,,,,,,
annotation:span:AUTH-TAD-0170:r1,rater:rater_1,MADE_BY,,,,,,,,,,,
span:AUTH-TAD-0170,annotation:span:AUTH-TAD-0170:r2,ANNOTATED_BY,,,,,,,,,,,
annotation:span:AUTH-TAD-0170:r2,rater:rater_2,MADE_BY,,,,,,,,,,,
span:AUTH-TAD-0170,annotation:span:AUTH-TAD-0170:r3,ANNOTATED_BY,,,,,,,,,,,
annotation:span:AUTH-TAD-0170:r3,rater:rater_3,MADE_BY,,,,,,,,,,,
span:AUTH-TAD-0170,cue:BEFORE_PREDICATE,TRIGGERS_CUE,,,,,,,,,,,
span:AUTH-TAD-0170,cue:EVENT_TIME,TRIGGERS_CUE,,,,,,,,,,,
span:AUTH-TAD-0170,cue:TIME_ADVERB,TRIGGERS_CUE,,,,,,,,,,,
span:AUTH-TAD-0170,cue:TIME_FREQUENCY,TRIGGERS_CUE,,,,,,,,,,,
span:AUTH-TAD-0170,rule:R_TEMP_ADV_04,MATCHES_RULE,,,,,,,,1.0,TEMPORAL_ADVERBIAL,84.0,true
span:AUTH-TAD-0170,rule:R_TEMP_ADV_19,MATCHES_RULE,,,,,,,,2.0,TEMPORAL_ADVERBIAL,84.0,true
span:AUTH-TAD-0170,rule:R_TEMP_KG_ADV_01,MATCHES_RULE,,,,,,,,3.0,TEMPORAL_ADVERBIAL,79.0,true
span:AUTH-TAD-0170,rule:R_TEMP_ADV_08,MATCHES_RULE,,,,,,,,4.0,TEMPORAL_ADVERBIAL,78.0,true
span:AUTH-TAD-0170,rule:R_TEMP_ADV_11,MATCHES_RULE,,,,,,,,5.0,TEMPORAL_ADVERBIAL,73.0,true
sentence:SENT-0319,source:GRAMMAR_MANUAL_ADVANCED,DERIVED_FROM,,,,,116,七一九级语法点 例句 交际实践 所谓没有时间，就 (在咖啡厅，聊时间) 是因为我们没,,,,,
sentence:SENT-0319,span:AUTH-TAD-0171,HAS_CANDIDATE,,,,,,,,,,,
span:AUTH-TAD-0171,consensus:AUTH-TAD-0171,HAS_CONSENSUS,,,,,,,,,,,
consensus:AUTH-TAD-0171,function:OTHER,MAPS_TO,,,,,,,,,,,
span:AUTH-TAD-0171,cleaning:C_暂不纳入主实验,HAS_CLEANING_STATUS,,,,,,,待复核,,,,
span:AUTH-TAD-0171,ambiguity:相对时间框架边界,HAS_AMBIGUITY,,,,,,,,,,,
span:AUTH-TAD-0171,ambiguity:候选片段与最终片段不一致,HAS_AMBIGUITY,,,,,,,,,,,
span:AUTH-TAD-0171,ambiguity:非目标时间表达,HAS_AMBIGUITY,,,,,,,,,,,
span:AUTH-TAD-0171,ambiguity:三人标注不完全一致,HAS_AMBIGUITY,,,,,,,,,,,
span:AUTH-TAD-0171,ambiguity:至少一名标注者修正片段,HAS_AMBIGUITY,,,,,,,,,,,
span:AUTH-TAD-0171,ambiguity:无重复,HAS_AMBIGUITY,,,,,,,,,,,
span:AUTH-TAD-0171,ambiguity:来源字段完整但仍需正版逐页核验,HAS_AMBIGUITY,,,,,,,,,,,
span:AUTH-TAD-0171,annotation:span:AUTH-TAD-0171:r1,ANNOTATED_BY,,,,,,,,,,,
annotation:span:AUTH-TAD-0171:r1,rater:rater_1,MADE_BY,,,,,,,,,,,
span:AUTH-TAD-0171,annotation:span:AUTH-TAD-0171:r2,ANNOTATED_BY,,,,,,,,,,,
annotation:span:AUTH-TAD-0171:r2,rater:rater_2,MADE_BY,,,,,,,,,,,
span:AUTH-TAD-0171,annotation:span:AUTH-TAD-0171:r3,ANNOTATED_BY,,,,,,,,,,,
annotation:span:AUTH-TAD-0171:r3,rater:rater_3,MADE_BY,,,,,,,,,,,
span:AUTH-TAD-0171,cue:BEFORE_PREDICATE,TRIGGERS_CUE,,,,,,,,,,,
span:AUTH-TAD-0171,cue:EVENT_TIME,TRIGGERS_CUE,,,,,,,,,,,
span:AUTH-TAD-0171,cue:REVIEW_NON_TARGET_RISK,TRIGGERS_CUE,,,,,,,,,,,
span:AUTH-TAD-0171,cue:TEMPORAL_PREP,TRIGGERS_CUE,,,,,,,,,,,
span:AUTH-TAD-0171,cue:TIME_NOUN,TRIGGERS_CUE,,,,,,,,,,,
span:AUTH-TAD-0171,rule:R_TEMP_KG_OTHER_01,MATCHES_RULE,,,,,,,,1.0,OTHER,130.0,true
span:AUTH-TAD-0171,rule:R_TEMP_ADV_01,MATCHES_RULE,,,,,,,,2.0,TEMPORAL_ADVERBIAL,90.0,false
span:AUTH-TAD-0171,rule:R_TEMP_ADV_02,MATCHES_RULE,,,,,,,,3.0,TEMPORAL_ADVERBIAL,88.0,false
span:AUTH-TAD-0171,rule:R_TEMP_ADV_07,MATCHES_RULE,,,,,,,,4.0,TEMPORAL_ADVERBIAL,80.0,false
span:AUTH-TAD-0171,rule:R_TEMP_KG_ADV_02,MATCHES_RULE,,,,,,,,5.0,TEMPORAL_ADVERBIAL,72.0,false
sentence:SENT-0140,source:GRAMMAR_MANUAL_INTERMEDIATE,DERIVED_FROM,,,,,282,课本，刚才赶忙回宿 舍拿了一下儿,,,,,
sentence:SENT-0140,span:AUTH-TAD-0172,HAS_CANDIDATE,,,,,,,,,,,
span:AUTH-TAD-0172,consensus:AUTH-TAD-0172,HAS_CONSENSUS,,,,,,,,,,,
consensus:AUTH-TAD-0172,function:TEMPORAL_ADVERBIAL,MAPS_TO,,,,,,,,,,,
span:AUTH-TAD-0172,cleaning:A_主评测候选,HAS_CLEANING_STATUS,,,,,,,主实验/严格评测,,,,
span:AUTH-TAD-0172,ambiguity:无重复,HAS_AMBIGUITY,,,,,,,,,,,
span:AUTH-TAD-0172,ambiguity:来源字段完整但仍需正版逐页核验,HAS_AMBIGUITY,,,,,,,,,,,
span:AUTH-TAD-0172,annotation:span:AUTH-TAD-0172:r1,ANNOTATED_BY,,,,,,,,,,,
annotation:span:AUTH-TAD-0172:r1,rater:rater_1,MADE_BY,,,,,,,,,,,
span:AUTH-TAD-0172,annotation:span:AUTH-TAD-0172:r2,ANNOTATED_BY,,,,,,,,,,,
annotation:span:AUTH-TAD-0172:r2,rater:rater_2,MADE_BY,,,,,,,,,,,
span:AUTH-TAD-0172,annotation:span:AUTH-TAD-0172:r3,ANNOTATED_BY,,,,,,,,,,,
annotation:span:AUTH-TAD-0172:r3,rater:rater_3,MADE_BY,,,,,,,,,,,
span:AUTH-TAD-0172,cue:BEFORE_PREDICATE,TRIGGERS_CUE,,,,,,,,,,,
span:AUTH-TAD-0172,cue:EVENT_TIME,TRIGGERS_CUE,,,,,,,,,,,
span:AUTH-TAD-0172,cue:TIME_ADVERB,TRIGGERS_CUE,,,,,,,,,,,
span:AUTH-TAD-0172,cue:TIME_NOUN,TRIGGERS_CUE,,,,,,,,,,,
span:AUTH-TAD-0172,cue:TIME_POINT,TRIGGERS_CUE,,,,,,,,,,,
span:AUTH-TAD-0172,rule:R_TEMP_ADV_01,MATCHES_RULE,,,,,,,,1.0,TEMPORAL_ADVERBIAL,90.0,true
span:AUTH-TAD-0172,rule:R_TEMP_ADV_02,MATCHES_RULE,,,,,,,,2.0,TEMPORAL_ADVERBIAL,88.0,true
span:AUTH-TAD-0172,rule:R_TEMP_ADV_19,MATCHES_RULE,,,,,,,,3.0,TEMPORAL_ADVERBIAL,84.0,true
span:AUTH-TAD-0172,rule:R_TEMP_ADV_08,MATCHES_RULE,,,,,,,,4.0,TEMPORAL_ADVERBIAL,78.0,true
span:AUTH-TAD-0172,rule:R_TEMP_ADV_10,MATCHES_RULE,,,,,,,,5.0,TEMPORAL_ADVERBIAL,75.0,true
sentence:SENT-0049,source:GRAMMAR_MANUAL_ELEMENTARY,DERIVED_FROM,,,,,386,,,,,,
sentence:SENT-0049,span:AUTH-TAD-0173,HAS_CANDIDATE,,,,,,,,,,,
span:AUTH-TAD-0173,consensus:AUTH-TAD-0173,HAS_CONSENSUS,,,,,,,,,,,
consensus:AUTH-TAD-0173,function:TEMPORAL_ADVERBIAL,MAPS_TO,,,,,,,,,,,
span:AUTH-TAD-0173,cleaning:B_边界复核集,HAS_CLEANING_STATUS,,,,,,,边界集/鲁棒性分析,,,,
span:AUTH-TAD-0173,ambiguity:页面线索缺失,HAS_AMBIGUITY,,,,,,,,,,,
span:AUTH-TAD-0173,ambiguity:无重复,HAS_AMBIGUITY,,,,,,,,,,,
span:AUTH-TAD-0173,annotation:span:AUTH-TAD-0173:r1,ANNOTATED_BY,,,,,,,,,,,
annotation:span:AUTH-TAD-0173:r1,rater:rater_1,MADE_BY,,,,,,,,,,,
span:AUTH-TAD-0173,annotation:span:AUTH-TAD-0173:r2,ANNOTATED_BY,,,,,,,,,,,
annotation:span:AUTH-TAD-0173:r2,rater:rater_2,MADE_BY,,,,,,,,,,,
span:AUTH-TAD-0173,annotation:span:AUTH-TAD-0173:r3,ANNOTATED_BY,,,,,,,,,,,
annotation:span:AUTH-TAD-0173:r3,rater:rater_3,MADE_BY,,,,,,,,,,,
span:AUTH-TAD-0173,cue:BEFORE_PREDICATE,TRIGGERS_CUE,,,,,,,,,,,
span:AUTH-TAD-0173,cue:EVENT_TIME,TRIGGERS_CUE,,,,,,,,,,,
span:AUTH-TAD-0173,cue:SENTENCE_INITIAL,TRIGGERS_CUE,,,,,,,,,,,
span:AUTH-TAD-0173,cue:TIME_NOUN,TRIGGERS_CUE,,,,,,,,,,,
span:AUTH-TAD-0173,rule:R_TEMP_ADV_01,MATCHES_RULE,,,,,,,,1.0,TEMPORAL_ADVERBIAL,90.0,true
span:AUTH-TAD-0173,rule:R_TEMP_ADV_02,MATCHES_RULE,,,,,,,,2.0,TEMPORAL_ADVERBIAL,88.0,true
span:AUTH-TAD-0173,rule:R_TEMP_KG_ADV_02,MATCHES_RULE,,,,,,,,3.0,TEMPORAL_ADVERBIAL,72.0,true
sentence:SENT-0088,source:GRAMMAR_MANUAL_ELEMENTARY,DERIVED_FROM,,,,,386,,,,,,
sentence:SENT-0088,span:AUTH-TAD-0174,HAS_CANDIDATE,,,,,,,,,,,
span:AUTH-TAD-0174,consensus:AUTH-TAD-0174,HAS_CONSENSUS,,,,,,,,,,,
consensus:AUTH-TAD-0174,function:COMPLEMENT,MAPS_TO,,,,,,,,,,,
span:AUTH-TAD-0174,cleaning:B_边界复核集,HAS_CLEANING_STATUS,,,,,,,边界集/鲁棒性分析,,,,
span:AUTH-TAD-0174,ambiguity:页面线索缺失,HAS_AMBIGUITY,,,,,,,,,,,
span:AUTH-TAD-0174,ambiguity:时量补语_持续时间边界,HAS_AMBIGUITY,,,,,,,,,,,
span:AUTH-TAD-0174,ambiguity:无重复,HAS_AMBIGUITY,,,,,,,,,,,
span:AUTH-TAD-0174,annotation:span:AUTH-TAD-0174:r1,ANNOTATED_BY,,,,,,,,,,,
annotation:span:AUTH-TAD-0174:r1,rater:rater_1,MADE_BY,,,,,,,,,,,
span:AUTH-TAD-0174,annotation:span:AUTH-TAD-0174:r2,ANNOTATED_BY,,,,,,,,,,,
annotation:span:AUTH-TAD-0174:r2,rater:rater_2,MADE_BY,,,,,,,,,,,
span:AUTH-TAD-0174,annotation:span:AUTH-TAD-0174:r3,ANNOTATED_BY,,,,,,,,,,,
annotation:span:AUTH-TAD-0174:r3,rater:rater_3,MADE_BY,,,,,,,,,,,
span:AUTH-TAD-0174,cue:AFTER_VERB,TRIGGERS_CUE,,,,,,,,,,,
span:AUTH-TAD-0174,cue:COMPLEMENT_DURATION_CONTEXT,TRIGGERS_CUE,,,,,,,,,,,
span:AUTH-TAD-0174,cue:DURATION_COMPLEMENT,TRIGGERS_CUE,,,,,,,,,,,
span:AUTH-TAD-0174,cue:TIME_DURATION,TRIGGERS_CUE,,,,,,,,,,,
span:AUTH-TAD-0174,rule:R_TEMP_KG_COMP_01,MATCHES_RULE,,,,,,,,1.0,COMPLEMENT,127.0,true
span:AUTH-TAD-0174,rule:R_TEMP_COMP_01,MATCHES_RULE,,,,,,,,2.0,COMPLEMENT,96.0,true
span:AUTH-TAD-0174,rule:R_TEMP_COMP_02,MATCHES_RULE,,,,,,,,3.0,COMPLEMENT,95.0,true
span:AUTH-TAD-0174,rule:R_TEMP_COMP_07,MATCHES_RULE,,,,,,,,4.0,COMPLEMENT,94.0,true
sentence:SENT-0130,source:GRAMMAR_MANUAL_ELEMENTARY,DERIVED_FROM,,,,,55,级语法点 小提示 “马上”可以用于表达未发生的动作，也可以用于说,,,,,
sentence:SENT-0130,span:AUTH-TAD-0175,HAS_CANDIDATE,,,,,,,,,,,
span:AUTH-TAD-0175,consensus:AUTH-TAD-0175,HAS_CONSENSUS,,,,,,,,,,,
consensus:AUTH-TAD-0175,function:TEMPORAL_ADVERBIAL,MAPS_TO,,,,,,,,,,,
span:AUTH-TAD-0175,cleaning:B_边界复核集,HAS_CLEANING_STATUS,,,,,,,边界集/鲁棒性分析,,,,
span:AUTH-TAD-0175,ambiguity:时间副词_体貌副词边界,HAS_AMBIGUITY,,,,,,,,,,,
span:AUTH-TAD-0175,ambiguity:无重复,HAS_AMBIGUITY,,,,,,,,,,,
span:AUTH-TAD-0175,ambiguity:来源字段完整但仍需正版逐页核验,HAS_AMBIGUITY,,,,,,,,,,,
span:AUTH-TAD-0175,annotation:span:AUTH-TAD-0175:r1,ANNOTATED_BY,,,,,,,,,,,
annotation:span:AUTH-TAD-0175:r1,rater:rater_1,MADE_BY,,,,,,,,,,,
span:AUTH-TAD-0175,annotation:span:AUTH-TAD-0175:r2,ANNOTATED_BY,,,,,,,,,,,
annotation:span:AUTH-TAD-0175:r2,rater:rater_2,MADE_BY,,,,,,,,,,,
span:AUTH-TAD-0175,annotation:span:AUTH-TAD-0175:r3,ANNOTATED_BY,,,,,,,,,,,
annotation:span:AUTH-TAD-0175:r3,rater:rater_3,MADE_BY,,,,,,,,,,,
span:AUTH-TAD-0175,cue:BEFORE_PREDICATE,TRIGGERS_CUE,,,,,,,,,,,
span:AUTH-TAD-0175,cue:EVENT_TIME,TRIGGERS_CUE,,,,,,,,,,,
span:AUTH-TAD-0175,cue:LOCATION_EXPRESSION,TRIGGERS_CUE,,,,,,,,,,,
span:AUTH-TAD-0175,cue:NO_TEMPORAL_EXPRESSION,TRIGGERS_CUE,,,,,,,,,,,
span:AUTH-TAD-0175,cue:TIME_ADVERB,TRIGGERS_CUE,,,,,,,,,,,
span:AUTH-TAD-0175,rule:R_TEMP_OTHER_01,MATCHES_RULE,,,,,,,,1.0,OTHER,90.0,false
span:AUTH-TAD-0175,rule:R_TEMP_ADV_19,MATCHES_RULE,,,,,,,,2.0,TEMPORAL_ADVERBIAL,84.0,true
span:AUTH-TAD-0175,rule:R_TEMP_ADV_08,MATCHES_RULE,,,,,,,,3.0,TEMPORAL_ADVERBIAL,78.0,true
sentence:SENT-0083,source:GRAMMAR_MANUAL_INTERMEDIATE,DERIVED_FROM,,,,,47,,,,,,
sentence:SENT-0083,span:AUTH-TAD-0176,HAS_CANDIDATE,,,,,,,,,,,
span:AUTH-TAD-0176,consensus:AUTH-TAD-0176,HAS_CONSENSUS,,,,,,,,,,,
consensus:AUTH-TAD-0176,function:TEMPORAL_ADVERBIAL,MAPS_TO,,,,,,,,,,,
span:AUTH-TAD-0176,cleaning:B_边界复核集,HAS_CLEANING_STATUS,,,,,,,边界集/鲁棒性分析,,,,
span:AUTH-TAD-0176,ambiguity:页面线索缺失,HAS_AMBIGUITY,,,,,,,,,,,
span:AUTH-TAD-0176,ambiguity:时量补语_持续时间边界,HAS_AMBIGUITY,,,,,,,,,,,
span:AUTH-TAD-0176,ambiguity:无重复,HAS_AMBIGUITY,,,,,,,,,,,
span:AUTH-TAD-0176,annotation:span:AUTH-TAD-0176:r1,ANNOTATED_BY,,,,,,,,,,,
annotation:span:AUTH-TAD-0176:r1,rater:rater_1,MADE_BY,,,,,,,,,,,
span:AUTH-TAD-0176,annotation:span:AUTH-TAD-0176:r2,ANNOTATED_BY,,,,,,,,,,,
annotation:span:AUTH-TAD-0176:r2,rater:rater_2,MADE_BY,,,,,,,,,,,
span:AUTH-TAD-0176,annotation:span:AUTH-TAD-0176:r3,ANNOTATED_BY,,,,,,,,,,,
annotation:span:AUTH-TAD-0176:r3,rater:rater_3,MADE_BY,,,,,,,,,,,
span:AUTH-TAD-0176,cue:BEFORE_PREDICATE,TRIGGERS_CUE,,,,,,,,,,,
span:AUTH-TAD-0176,cue:EVENT_TIME,TRIGGERS_CUE,,,,,,,,,,,
span:AUTH-TAD-0176,cue:TIME_NOUN,TRIGGERS_CUE,,,,,,,,,,,
span:AUTH-TAD-0176,rule:R_TEMP_ADV_01,MATCHES_RULE,,,,,,,,1.0,TEMPORAL_ADVERBIAL,90.0,true
span:AUTH-TAD-0176,rule:R_TEMP_ADV_02,MATCHES_RULE,,,,,,,,2.0,TEMPORAL_ADVERBIAL,88.0,true
span:AUTH-TAD-0176,rule:R_TEMP_KG_ADV_02,MATCHES_RULE,,,,,,,,3.0,TEMPORAL_ADVERBIAL,72.0,true
sentence:SENT-0185,source:GRAMMAR_MANUAL_ADVANCED,DERIVED_FROM,,,,,41,B:别提了，上课的时候，老师一连问了好几个问题， 我都不知道怎,,,,,
sentence:SENT-0185,span:AUTH-TAD-0177,HAS_CANDIDATE,,,,,,,,,,,
span:AUTH-TAD-0177,consensus:AUTH-TAD-0177,HAS_CONSENSUS,,,,,,,,,,,
consensus:AUTH-TAD-0177,function:TEMPORAL_ADVERBIAL,MAPS_TO,,,,,,,,,,,
span:AUTH-TAD-0177,cleaning:A_主评测候选,HAS_CLEANING_STATUS,,,,,,,主实验/严格评测,,,,
span:AUTH-TAD-0177,ambiguity:无重复,HAS_AMBIGUITY,,,,,,,,,,,
span:AUTH-TAD-0177,ambiguity:来源字段完整但仍需正版逐页核验,HAS_AMBIGUITY,,,,,,,,,,,
span:AUTH-TAD-0177,annotation:span:AUTH-TAD-0177:r1,ANNOTATED_BY,,,,,,,,,,,
annotation:span:AUTH-TAD-0177:r1,rater:rater_1,MADE_BY,,,,,,,,,,,
span:AUTH-TAD-0177,annotation:span:AUTH-TAD-0177:r2,ANNOTATED_BY,,,,,,,,,,,
annotation:span:AUTH-TAD-0177:r2,rater:rater_2,MADE_BY,,,,,,,,,,,
span:AUTH-TAD-0177,annotation:span:AUTH-TAD-0177:r3,ANNOTATED_BY,,,,,,,,,,,
annotation:span:AUTH-TAD-0177:r3,rater:rater_3,MADE_BY,,,,,,,,,,,
span:AUTH-TAD-0177,cue:BEFORE_PREDICATE,TRIGGERS_CUE,,,,,,,,,,,
span:AUTH-TAD-0177,cue:EVENT_TIME,TRIGGERS_CUE,,,,,,,,,,,
span:AUTH-TAD-0177,cue:SENTENCE_INITIAL,TRIGGERS_CUE,,,,,,,,,,,
span:AUTH-TAD-0177,cue:TIME_NOUN,TRIGGERS_CUE,,,,,,,,,,,
span:AUTH-TAD-0177,rule:R_TEMP_ADV_01,MATCHES_RULE,,,,,,,,1.0,TEMPORAL_ADVERBIAL,90.0,true
span:AUTH-TAD-0177,rule:R_TEMP_ADV_02,MATCHES_RULE,,,,,,,,2.0,TEMPORAL_ADVERBIAL,88.0,true
span:AUTH-TAD-0177,rule:R_TEMP_KG_ADV_02,MATCHES_RULE,,,,,,,,3.0,TEMPORAL_ADVERBIAL,72.0,true
sentence:SENT-0461,source:GRAMMAR_MANUAL_ADVANCED,DERIVED_FROM,,,,,125,小提示 时间副词放在“把”字前面，不能放在谓语动词前,,,,,
sentence:SENT-0461,span:AUTH-TAD-0178,HAS_CANDIDATE,,,,,,,,,,,
span:AUTH-TAD-0178,consensus:AUTH-TAD-0178,HAS_CONSENSUS,,,,,,,,,,,
consensus:AUTH-TAD-0178,function:TEMPORAL_ADVERBIAL,MAPS_TO,,,,,,,,,,,
span:AUTH-TAD-0178,cleaning:B_边界复核集,HAS_CLEANING_STATUS,,,,,,,边界集/鲁棒性分析,,,,
span:AUTH-TAD-0178,ambiguity:时量补语_持续时间边界,HAS_AMBIGUITY,,,,,,,,,,,
span:AUTH-TAD-0178,ambiguity:三人标注不完全一致,HAS_AMBIGUITY,,,,,,,,,,,
span:AUTH-TAD-0178,ambiguity:无重复,HAS_AMBIGUITY,,,,,,,,,,,
span:AUTH-TAD-0178,ambiguity:来源字段完整但仍需正版逐页核验,HAS_AMBIGUITY,,,,,,,,,,,
span:AUTH-TAD-0178,annotation:span:AUTH-TAD-0178:r1,ANNOTATED_BY,,,,,,,,,,,
annotation:span:AUTH-TAD-0178:r1,rater:rater_1,MADE_BY,,,,,,,,,,,
span:AUTH-TAD-0178,annotation:span:AUTH-TAD-0178:r2,ANNOTATED_BY,,,,,,,,,,,
annotation:span:AUTH-TAD-0178:r2,rater:rater_2,MADE_BY,,,,,,,,,,,
span:AUTH-TAD-0178,annotation:span:AUTH-TAD-0178:r3,ANNOTATED_BY,,,,,,,,,,,
annotation:span:AUTH-TAD-0178:r3,rater:rater_3,MADE_BY,,,,,,,,,,,
span:AUTH-TAD-0178,cue:BEFORE_PREDICATE,TRIGGERS_CUE,,,,,,,,,,,
span:AUTH-TAD-0178,cue:EVENT_TIME,TRIGGERS_CUE,,,,,,,,,,,
span:AUTH-TAD-0178,cue:TIME_NOUN,TRIGGERS_CUE,,,,,,,,,,,
span:AUTH-TAD-0178,rule:R_TEMP_ADV_01,MATCHES_RULE,,,,,,,,1.0,TEMPORAL_ADVERBIAL,90.0,true
span:AUTH-TAD-0178,rule:R_TEMP_ADV_02,MATCHES_RULE,,,,,,,,2.0,TEMPORAL_ADVERBIAL,88.0,true
span:AUTH-TAD-0178,rule:R_TEMP_KG_ADV_02,MATCHES_RULE,,,,,,,,3.0,TEMPORAL_ADVERBIAL,72.0,true
sentence:SENT-0306,source:GRAMMAR_MANUAL_ADVANCED,DERIVED_FROM,,,,,137,,,,,,
sentence:SENT-0306,span:AUTH-TAD-0179,HAS_CANDIDATE,,,,,,,,,,,
span:AUTH-TAD-0179,consensus:AUTH-TAD-0179,HAS_CONSENSUS,,,,,,,,,,,
consensus:AUTH-TAD-0179,function:TEMPORAL_ADVERBIAL,MAPS_TO,,,,,,,,,,,
span:AUTH-TAD-0179,cleaning:B_边界复核集,HAS_CLEANING_STATUS,,,,,,,边界集/鲁棒性分析,,,,
span:AUTH-TAD-0179,ambiguity:页面线索缺失,HAS_AMBIGUITY,,,,,,,,,,,
span:AUTH-TAD-0179,ambiguity:无重复,HAS_AMBIGUITY,,,,,,,,,,,
span:AUTH-TAD-0179,annotation:span:AUTH-TAD-0179:r1,ANNOTATED_BY,,,,,,,,,,,
annotation:span:AUTH-TAD-0179:r1,rater:rater_1,MADE_BY,,,,,,,,,,,
span:AUTH-TAD-0179,annotation:span:AUTH-TAD-0179:r2,ANNOTATED_BY,,,,,,,,,,,
annotation:span:AUTH-TAD-0179:r2,rater:rater_2,MADE_BY,,,,,,,,,,,
span:AUTH-TAD-0179,annotation:span:AUTH-TAD-0179:r3,ANNOTATED_BY,,,,,,,,,,,
annotation:span:AUTH-TAD-0179:r3,rater:rater_3,MADE_BY,,,,,,,,,,,
span:AUTH-TAD-0179,cue:BEFORE_PREDICATE,TRIGGERS_CUE,,,,,,,,,,,
span:AUTH-TAD-0179,cue:EVENT_TIME,TRIGGERS_CUE,,,,,,,,,,,
span:AUTH-TAD-0179,cue:STATIVE_PREDICATE,TRIGGERS_CUE,,,,,,,,,,,
span:AUTH-TAD-0179,cue:TIME_ADVERB,TRIGGERS_CUE,,,,,,,,,,,
span:AUTH-TAD-0179,cue:TIME_NOUN,TRIGGERS_CUE,,,,,,,,,,,
span:AUTH-TAD-0179,cue:TIME_POINT,TRIGGERS_CUE,,,,,,,,,,,
span:AUTH-TAD-0179,rule:R_TEMP_ADV_01,MATCHES_RULE,,,,,,,,1.0,TEMPORAL_ADVERBIAL,90.0,true
span:AUTH-TAD-0179,rule:R_TEMP_ADV_02,MATCHES_RULE,,,,,,,,2.0,TEMPORAL_ADVERBIAL,88.0,true
span:AUTH-TAD-0179,rule:R_TEMP_ADV_19,MATCHES_RULE,,,,,,,,3.0,TEMPORAL_ADVERBIAL,84.0,true
span:AUTH-TAD-0179,rule:R_TEMP_ADV_08,MATCHES_RULE,,,,,,,,4.0,TEMPORAL_ADVERBIAL,78.0,true
span:AUTH-TAD-0179,rule:R_TEMP_ADV_10,MATCHES_RULE,,,,,,,,5.0,TEMPORAL_ADVERBIAL,75.0,true
sentence:SENT-0462,source:GRAMMAR_MANUAL_ELEMENTARY,DERIVED_FROM,,,,,131,点 (1)“那么、这么”一般放在动词、形容词前，作状语,,,,,
sentence:SENT-0462,span:AUTH-TAD-0180,HAS_CANDIDATE,,,,,,,,,,,
span:AUTH-TAD-0180,consensus:AUTH-TAD-0180,HAS_CONSENSUS,,,,,,,,,,,
consensus:AUTH-TAD-0180,function:TEMPORAL_ADVERBIAL,MAPS_TO,,,,,,,,,,,
span:AUTH-TAD-0180,cleaning:A_主评测候选,HAS_CLEANING_STATUS,,,,,,,主实验/严格评测,,,,
span:AUTH-TAD-0180,ambiguity:无重复,HAS_AMBIGUITY,,,,,,,,,,,
span:AUTH-TAD-0180,ambiguity:来源字段完整但仍需正版逐页核验,HAS_AMBIGUITY,,,,,,,,,,,
span:AUTH-TAD-0180,annotation:span:AUTH-TAD-0180:r1,ANNOTATED_BY,,,,,,,,,,,
annotation:span:AUTH-TAD-0180:r1,rater:rater_1,MADE_BY,,,,,,,,,,,
span:AUTH-TAD-0180,annotation:span:AUTH-TAD-0180:r2,ANNOTATED_BY,,,,,,,,,,,
annotation:span:AUTH-TAD-0180:r2,rater:rater_2,MADE_BY,,,,,,,,,,,
span:AUTH-TAD-0180,annotation:span:AUTH-TAD-0180:r3,ANNOTATED_BY,,,,,,,,,,,
annotation:span:AUTH-TAD-0180:r3,rater:rater_3,MADE_BY,,,,,,,,,,,
span:AUTH-TAD-0180,cue:TIME_NOUN,TRIGGERS_CUE,,,,,,,,,,,
span:AUTH-TAD-0180,rule:R_TEMP_KG_ADV_02,MATCHES_RULE,,,,,,,,1.0,TEMPORAL_ADVERBIAL,72.0,true
sentence:SENT-0233,source:GRAMMAR_MANUAL_ELEMENTARY,DERIVED_FROM,,,,,306,,,,,,
sentence:SENT-0233,span:AUTH-TAD-0181,HAS_CANDIDATE,,,,,,,,,,,
span:AUTH-TAD-0181,consensus:AUTH-TAD-0181,HAS_CONSENSUS,,,,,,,,,,,
consensus:AUTH-TAD-0181,function:OTHER,MAPS_TO,,,,,,,,,,,
span:AUTH-TAD-0181,cleaning:C_暂不纳入主实验,HAS_CLEANING_STATUS,,,,,,,待复核,,,,
span:AUTH-TAD-0181,ambiguity:页面线索缺失,HAS_AMBIGUITY,,,,,,,,,,,
span:AUTH-TAD-0181,ambiguity:时量补语_持续时间边界,HAS_AMBIGUITY,,,,,,,,,,,
span:AUTH-TAD-0181,ambiguity:非目标时间表达,HAS_AMBIGUITY,,,,,,,,,,,
span:AUTH-TAD-0181,ambiguity:三人标注不完全一致,HAS_AMBIGUITY,,,,,,,,,,,
span:AUTH-TAD-0181,ambiguity:至少一名标注者修正片段,HAS_AMBIGUITY,,,,,,,,,,,
span:AUTH-TAD-0181,ambiguity:无重复,HAS_AMBIGUITY,,,,,,,,,,,
span:AUTH-TAD-0181,annotation:span:AUTH-TAD-0181:r1,ANNOTATED_BY,,,,,,,,,,,
annotation:span:AUTH-TAD-0181:r1,rater:rater_1,MADE_BY,,,,,,,,,,,
span:AUTH-TAD-0181,annotation:span:AUTH-TAD-0181:r2,ANNOTATED_BY,,,,,,,,,,,
annotation:span:AUTH-TAD-0181:r2,rater:rater_2,MADE_BY,,,,,,,,,,,
span:AUTH-TAD-0181,annotation:span:AUTH-TAD-0181:r3,ANNOTATED_BY,,,,,,,,,,,
annotation:span:AUTH-TAD-0181:r3,rater:rater_3,MADE_BY,,,,,,,,,,,
span:AUTH-TAD-0181,cue:AFTER_VERB,TRIGGERS_CUE,,,,,,,,,,,
span:AUTH-TAD-0181,cue:COMPLEMENT_DURATION_CONTEXT,TRIGGERS_CUE,,,,,,,,,,,
span:AUTH-TAD-0181,cue:DURATION_COMPLEMENT,TRIGGERS_CUE,,,,,,,,,,,
span:AUTH-TAD-0181,cue:INDEFINITE_TIME,TRIGGERS_CUE,,,,,,,,,,,
span:AUTH-TAD-0181,cue:REVIEW_NON_TARGET_RISK,TRIGGERS_CUE,,,,,,,,,,,
span:AUTH-TAD-0181,cue:TIME_DURATION,TRIGGERS_CUE,,,,,,,,,,,
span:AUTH-TAD-0181,cue:TIME_POINT,TRIGGERS_CUE,,,,,,,,,,,
span:AUTH-TAD-0181,rule:R_TEMP_KG_OTHER_01,MATCHES_RULE,,,,,,,,1.0,OTHER,130.0,true
span:AUTH-TAD-0181,rule:R_TEMP_KG_COMP_01,MATCHES_RULE,,,,,,,,2.0,COMPLEMENT,127.0,false
span:AUTH-TAD-0181,rule:R_TEMP_COMP_01,MATCHES_RULE,,,,,,,,3.0,COMPLEMENT,96.0,false
span:AUTH-TAD-0181,rule:R_TEMP_COMP_02,MATCHES_RULE,,,,,,,,4.0,COMPLEMENT,95.0,false
span:AUTH-TAD-0181,rule:R_TEMP_COMP_07,MATCHES_RULE,,,,,,,,5.0,COMPLEMENT,94.0,false
sentence:SENT-0425,source:GRAMMAR_MANUAL_ELEMENTARY,DERIVED_FROM,,,,,73,这是你的衣服吗? 认真的学生每天都写作业,,,,,
sentence:SENT-0425,span:AUTH-TAD-0182,HAS_CANDIDATE,,,,,,,,,,,
span:AUTH-TAD-0182,consensus:AUTH-TAD-0182,HAS_CONSENSUS,,,,,,,,,,,
consensus:AUTH-TAD-0182,function:TEMPORAL_ADVERBIAL,MAPS_TO,,,,,,,,,,,
span:AUTH-TAD-0182,cleaning:A_主评测候选,HAS_CLEANING_STATUS,,,,,,,主实验/严格评测,,,,
span:AUTH-TAD-0182,ambiguity:无重复,HAS_AMBIGUITY,,,,,,,,,,,
span:AUTH-TAD-0182,ambiguity:来源字段完整但仍需正版逐页核验,HAS_AMBIGUITY,,,,,,,,,,,
span:AUTH-TAD-0182,annotation:span:AUTH-TAD-0182:r1,ANNOTATED_BY,,,,,,,,,,,
annotation:span:AUTH-TAD-0182:r1,rater:rater_1,MADE_BY,,,,,,,,,,,
span:AUTH-TAD-0182,annotation:span:AUTH-TAD-0182:r2,ANNOTATED_BY,,,,,,,,,,,
annotation:span:AUTH-TAD-0182:r2,rater:rater_2,MADE_BY,,,,,,,,,,,
span:AUTH-TAD-0182,annotation:span:AUTH-TAD-0182:r3,ANNOTATED_BY,,,,,,,,,,,
annotation:span:AUTH-TAD-0182:r3,rater:rater_3,MADE_BY,,,,,,,,,,,
span:AUTH-TAD-0182,cue:BEFORE_PREDICATE,TRIGGERS_CUE,,,,,,,,,,,
span:AUTH-TAD-0182,cue:EVENT_TIME,TRIGGERS_CUE,,,,,,,,,,,
span:AUTH-TAD-0182,cue:TIME_FREQUENCY,TRIGGERS_CUE,,,,,,,,,,,
span:AUTH-TAD-0182,rule:R_TEMP_ADV_04,MATCHES_RULE,,,,,,,,1.0,TEMPORAL_ADVERBIAL,84.0,true
span:AUTH-TAD-0182,rule:R_TEMP_KG_ADV_01,MATCHES_RULE,,,,,,,,2.0,TEMPORAL_ADVERBIAL,79.0,true
sentence:SENT-0405,source:GRAMMAR_MANUAL_ADVANCED,DERIVED_FROM,,,,,29,,,,,,
sentence:SENT-0405,span:AUTH-TAD-0183,HAS_CANDIDATE,,,,,,,,,,,
span:AUTH-TAD-0183,consensus:AUTH-TAD-0183,HAS_CONSENSUS,,,,,,,,,,,
consensus:AUTH-TAD-0183,function:TEMPORAL_ADVERBIAL,MAPS_TO,,,,,,,,,,,
span:AUTH-TAD-0183,cleaning:B_边界复核集,HAS_CLEANING_STATUS,,,,,,,边界集/鲁棒性分析,,,,
span:AUTH-TAD-0183,ambiguity:页面线索缺失,HAS_AMBIGUITY,,,,,,,,,,,
span:AUTH-TAD-0183,ambiguity:无重复,HAS_AMBIGUITY,,,,,,,,,,,
span:AUTH-TAD-0183,annotation:span:AUTH-TAD-0183:r1,ANNOTATED_BY,,,,,,,,,,,
annotation:span:AUTH-TAD-0183:r1,rater:rater_1,MADE_BY,,,,,,,,,,,
span:AUTH-TAD-0183,annotation:span:AUTH-TAD-0183:r2,ANNOTATED_BY,,,,,,,,,,,
annotation:span:AUTH-TAD-0183:r2,rater:rater_2,MADE_BY,,,,,,,,,,,
span:AUTH-TAD-0183,annotation:span:AUTH-TAD-0183:r3,ANNOTATED_BY,,,,,,,,,,,
annotation:span:AUTH-TAD-0183:r3,rater:rater_3,MADE_BY,,,,,,,,,,,
span:AUTH-TAD-0183,cue:BEFORE_PREDICATE,TRIGGERS_CUE,,,,,,,,,,,
span:AUTH-TAD-0183,cue:EVENT_TIME,TRIGGERS_CUE,,,,,,,,,,,
span:AUTH-TAD-0183,cue:SENTENCE_INITIAL,TRIGGERS_CUE,,,,,,,,,,,
span:AUTH-TAD-0183,cue:TIME_ADVERB,TRIGGERS_CUE,,,,,,,,,,,
span:AUTH-TAD-0183,cue:TIME_AFTER_BEFORE,TRIGGERS_CUE,,,,,,,,,,,
span:AUTH-TAD-0183,cue:TIME_FREQUENCY,TRIGGERS_CUE,,,,,,,,,,,
span:AUTH-TAD-0183,cue:TIME_NOUN,TRIGGERS_CUE,,,,,,,,,,,
span:AUTH-TAD-0183,cue:TIME_POINT,TRIGGERS_CUE,,,,,,,,,,,
span:AUTH-TAD-0183,rule:R_TEMP_ADV_01,MATCHES_RULE,,,,,,,,1.0,TEMPORAL_ADVERBIAL,90.0,true
span:AUTH-TAD-0183,rule:R_TEMP_ADV_02,MATCHES_RULE,,,,,,,,2.0,TEMPORAL_ADVERBIAL,88.0,true
span:AUTH-TAD-0183,rule:R_TEMP_ADV_04,MATCHES_RULE,,,,,,,,3.0,TEMPORAL_ADVERBIAL,84.0,true
span:AUTH-TAD-0183,rule:R_TEMP_ADV_19,MATCHES_RULE,,,,,,,,4.0,TEMPORAL_ADVERBIAL,84.0,true
span:AUTH-TAD-0183,rule:R_TEMP_ADV_05,MATCHES_RULE,,,,,,,,5.0,TEMPORAL_ADVERBIAL,83.0,true
sentence:SENT-0449,source:GRAMMAR_MANUAL_ADVANCED,DERIVED_FROM,,,,,186,,,,,,
sentence:SENT-0449,span:AUTH-TAD-0184,HAS_CANDIDATE,,,,,,,,,,,
span:AUTH-TAD-0184,consensus:AUTH-TAD-0184,HAS_CONSENSUS,,,,,,,,,,,
consensus:AUTH-TAD-0184,function:TEMPORAL_ADVERBIAL,MAPS_TO,,,,,,,,,,,
span:AUTH-TAD-0184,cleaning:B_边界复核集,HAS_CLEANING_STATUS,,,,,,,边界集/鲁棒性分析,,,,
span:AUTH-TAD-0184,ambiguity:页面线索缺失,HAS_AMBIGUITY,,,,,,,,,,,
span:AUTH-TAD-0184,ambiguity:无重复,HAS_AMBIGUITY,,,,,,,,,,,
span:AUTH-TAD-0184,annotation:span:AUTH-TAD-0184:r1,ANNOTATED_BY,,,,,,,,,,,
annotation:span:AUTH-TAD-0184:r1,rater:rater_1,MADE_BY,,,,,,,,,,,
span:AUTH-TAD-0184,annotation:span:AUTH-TAD-0184:r2,ANNOTATED_BY,,,,,,,,,,,
annotation:span:AUTH-TAD-0184:r2,rater:rater_2,MADE_BY,,,,,,,,,,,
span:AUTH-TAD-0184,annotation:span:AUTH-TAD-0184:r3,ANNOTATED_BY,,,,,,,,,,,
annotation:span:AUTH-TAD-0184:r3,rater:rater_3,MADE_BY,,,,,,,,,,,
span:AUTH-TAD-0184,cue:BEFORE_PREDICATE,TRIGGERS_CUE,,,,,,,,,,,
span:AUTH-TAD-0184,cue:EVENT_TIME,TRIGGERS_CUE,,,,,,,,,,,
span:AUTH-TAD-0184,cue:TIME_NOUN,TRIGGERS_CUE,,,,,,,,,,,
span:AUTH-TAD-0184,rule:R_TEMP_ADV_01,MATCHES_RULE,,,,,,,,1.0,TEMPORAL_ADVERBIAL,90.0,true
span:AUTH-TAD-0184,rule:R_TEMP_ADV_02,MATCHES_RULE,,,,,,,,2.0,TEMPORAL_ADVERBIAL,88.0,true
span:AUTH-TAD-0184,rule:R_TEMP_KG_ADV_02,MATCHES_RULE,,,,,,,,3.0,TEMPORAL_ADVERBIAL,72.0,true
sentence:SENT-0268,source:GRAMMAR_MANUAL_ADVANCED,DERIVED_FROM,,,,,134,】( ◎ 基本语义及用法 “此后”表示在某时或某事以后，用在两个分句间表示承接关系，前后分句表,,,,,
sentence:SENT-0268,span:AUTH-TAD-0185,HAS_CANDIDATE,,,,,,,,,,,
span:AUTH-TAD-0185,consensus:AUTH-TAD-0185,HAS_CONSENSUS,,,,,,,,,,,
consensus:AUTH-TAD-0185,function:OTHER,MAPS_TO,,,,,,,,,,,
span:AUTH-TAD-0185,cleaning:C_暂不纳入主实验,HAS_CLEANING_STATUS,,,,,,,错误分析/待复核,,,,
span:AUTH-TAD-0185,ambiguity:时量补语_持续时间边界,HAS_AMBIGUITY,,,,,,,,,,,
span:AUTH-TAD-0185,ambiguity:候选片段与最终片段不一致,HAS_AMBIGUITY,,,,,,,,,,,
span:AUTH-TAD-0185,ambiguity:非目标时间表达,HAS_AMBIGUITY,,,,,,,,,,,
span:AUTH-TAD-0185,ambiguity:至少一名标注者修正片段,HAS_AMBIGUITY,,,,,,,,,,,
span:AUTH-TAD-0185,ambiguity:无重复,HAS_AMBIGUITY,,,,,,,,,,,
span:AUTH-TAD-0185,ambiguity:来源字段完整但仍需正版逐页核验,HAS_AMBIGUITY,,,,,,,,,,,
span:AUTH-TAD-0185,annotation:span:AUTH-TAD-0185:r1,ANNOTATED_BY,,,,,,,,,,,
annotation:span:AUTH-TAD-0185:r1,rater:rater_1,MADE_BY,,,,,,,,,,,
span:AUTH-TAD-0185,annotation:span:AUTH-TAD-0185:r2,ANNOTATED_BY,,,,,,,,,,,
annotation:span:AUTH-TAD-0185:r2,rater:rater_2,MADE_BY,,,,,,,,,,,
span:AUTH-TAD-0185,annotation:span:AUTH-TAD-0185:r3,ANNOTATED_BY,,,,,,,,,,,
annotation:span:AUTH-TAD-0185:r3,rater:rater_3,MADE_BY,,,,,,,,,,,
span:AUTH-TAD-0185,cue:BEFORE_PREDICATE,TRIGGERS_CUE,,,,,,,,,,,
span:AUTH-TAD-0185,cue:EVENT_TIME,TRIGGERS_CUE,,,,,,,,,,,
span:AUTH-TAD-0185,cue:REVIEW_NON_TARGET_RISK,TRIGGERS_CUE,,,,,,,,,,,
span:AUTH-TAD-0185,cue:TIME_AFTER_BEFORE,TRIGGERS_CUE,,,,,,,,,,,
span:AUTH-TAD-0185,cue:TIME_DURATION,TRIGGERS_CUE,,,,,,,,,,,
span:AUTH-TAD-0185,rule:R_TEMP_KG_OTHER_01,MATCHES_RULE,,,,,,,,1.0,OTHER,130.0,true
span:AUTH-TAD-0185,rule:R_TEMP_ADV_17,MATCHES_RULE,,,,,,,,2.0,TEMPORAL_ADVERBIAL,85.0,false
span:AUTH-TAD-0185,rule:R_TEMP_ADV_05,MATCHES_RULE,,,,,,,,3.0,TEMPORAL_ADVERBIAL,83.0,false
sentence:SENT-0020,source:GRAMMAR_MANUAL_ADVANCED,DERIVED_FROM,,,,,155,,,,,,
sentence:SENT-0020,span:AUTH-TAD-0186,HAS_CANDIDATE,,,,,,,,,,,
span:AUTH-TAD-0186,consensus:AUTH-TAD-0186,HAS_CONSENSUS,,,,,,,,,,,
consensus:AUTH-TAD-0186,function:COMPLEMENT,MAPS_TO,,,,,,,,,,,
span:AUTH-TAD-0186,cleaning:C_暂不纳入主实验,HAS_CLEANING_STATUS,,,,,,,待复核,,,,
span:AUTH-TAD-0186,ambiguity:页面线索缺失,HAS_AMBIGUITY,,,,,,,,,,,
span:AUTH-TAD-0186,ambiguity:可能为时间定语,HAS_AMBIGUITY,,,,,,,,,,,
span:AUTH-TAD-0186,ambiguity:时量补语_持续时间边界,HAS_AMBIGUITY,,,,,,,,,,,
span:AUTH-TAD-0186,ambiguity:三人标注不完全一致,HAS_AMBIGUITY,,,,,,,,,,,
span:AUTH-TAD-0186,ambiguity:至少一名标注者修正片段,HAS_AMBIGUITY,,,,,,,,,,,
span:AUTH-TAD-0186,ambiguity:无重复,HAS_AMBIGUITY,,,,,,,,,,,
span:AUTH-TAD-0186,annotation:span:AUTH-TAD-0186:r1,ANNOTATED_BY,,,,,,,,,,,
annotation:span:AUTH-TAD-0186:r1,rater:rater_1,MADE_BY,,,,,,,,,,,
span:AUTH-TAD-0186,annotation:span:AUTH-TAD-0186:r2,ANNOTATED_BY,,,,,,,,,,,
annotation:span:AUTH-TAD-0186:r2,rater:rater_2,MADE_BY,,,,,,,,,,,
span:AUTH-TAD-0186,annotation:span:AUTH-TAD-0186:r3,ANNOTATED_BY,,,,,,,,,,,
annotation:span:AUTH-TAD-0186:r3,rater:rater_3,MADE_BY,,,,,,,,,,,
span:AUTH-TAD-0186,cue:AFTER_VERB,TRIGGERS_CUE,,,,,,,,,,,
span:AUTH-TAD-0186,cue:ATTR_DE_DIRECT,TRIGGERS_CUE,,,,,,,,,,,
span:AUTH-TAD-0186,cue:BEFORE_PREDICATE,TRIGGERS_CUE,,,,,,,,,,,
span:AUTH-TAD-0186,cue:COMPLEMENT_DURATION_CONTEXT,TRIGGERS_CUE,,,,,,,,,,,
span:AUTH-TAD-0186,cue:DE_PARTICLE,TRIGGERS_CUE,,,,,,,,,,,
span:AUTH-TAD-0186,cue:DURATION_COMPLEMENT,TRIGGERS_CUE,,,,,,,,,,,
span:AUTH-TAD-0186,cue:EVENT_TIME,TRIGGERS_CUE,,,,,,,,,,,
span:AUTH-TAD-0186,cue:NO_TEMPORAL_EXPRESSION,TRIGGERS_CUE,,,,,,,,,,,
span:AUTH-TAD-0186,cue:REVIEW_NON_TARGET_RISK,TRIGGERS_CUE,,,,,,,,,,,
span:AUTH-TAD-0186,rule:R_TEMP_KG_OTHER_01,MATCHES_RULE,,,,,,,,1.0,OTHER,130.0,false
span:AUTH-TAD-0186,rule:R_TEMP_KG_ATTR_01,MATCHES_RULE,,,,,,,,2.0,ATTRIBUTE,128.0,false
span:AUTH-TAD-0186,rule:R_TEMP_KG_COMP_01,MATCHES_RULE,,,,,,,,3.0,COMPLEMENT,127.0,true
sentence:SENT-0061,source:GRAMMAR_MANUAL_ADVANCED,DERIVED_FROM,,,,,67,小提示 “幸好”在承接上文后，如果语义已经很明确时，后面的分句可以不出现,,,,,
sentence:SENT-0061,span:AUTH-TAD-0187,HAS_CANDIDATE,,,,,,,,,,,
span:AUTH-TAD-0187,consensus:AUTH-TAD-0187,HAS_CONSENSUS,,,,,,,,,,,
consensus:AUTH-TAD-0187,function:TEMPORAL_ADVERBIAL,MAPS_TO,,,,,,,,,,,
span:AUTH-TAD-0187,cleaning:A_主评测候选,HAS_CLEANING_STATUS,,,,,,,主实验/严格评测,,,,
span:AUTH-TAD-0187,ambiguity:无重复,HAS_AMBIGUITY,,,,,,,,,,,
span:AUTH-TAD-0187,ambiguity:来源字段完整但仍需正版逐页核验,HAS_AMBIGUITY,,,,,,,,,,,
span:AUTH-TAD-0187,annotation:span:AUTH-TAD-0187:r1,ANNOTATED_BY,,,,,,,,,,,
annotation:span:AUTH-TAD-0187:r1,rater:rater_1,MADE_BY,,,,,,,,,,,
span:AUTH-TAD-0187,annotation:span:AUTH-TAD-0187:r2,ANNOTATED_BY,,,,,,,,,,,
annotation:span:AUTH-TAD-0187:r2,rater:rater_2,MADE_BY,,,,,,,,,,,
span:AUTH-TAD-0187,annotation:span:AUTH-TAD-0187:r3,ANNOTATED_BY,,,,,,,,,,,
annotation:span:AUTH-TAD-0187:r3,rater:rater_3,MADE_BY,,,,,,,,,,,
span:AUTH-TAD-0187,cue:BEFORE_PREDICATE,TRIGGERS_CUE,,,,,,,,,,,
span:AUTH-TAD-0187,cue:EVENT_TIME,TRIGGERS_CUE,,,,,,,,,,,
span:AUTH-TAD-0187,cue:SENTENCE_INITIAL,TRIGGERS_CUE,,,,,,,,,,,
span:AUTH-TAD-0187,cue:STATIVE_PREDICATE,TRIGGERS_CUE,,,,,,,,,,,
span:AUTH-TAD-0187,cue:TIME_NOUN,TRIGGERS_CUE,,,,,,,,,,,
span:AUTH-TAD-0187,rule:R_TEMP_SUBJ_02,MATCHES_RULE,,,,,,,,1.0,SUBJECT,92.0,false
span:AUTH-TAD-0187,rule:R_TEMP_ADV_01,MATCHES_RULE,,,,,,,,2.0,TEMPORAL_ADVERBIAL,90.0,true
span:AUTH-TAD-0187,rule:R_TEMP_ADV_02,MATCHES_RULE,,,,,,,,3.0,TEMPORAL_ADVERBIAL,88.0,true
span:AUTH-TAD-0187,rule:R_TEMP_KG_ADV_02,MATCHES_RULE,,,,,,,,4.0,TEMPORAL_ADVERBIAL,72.0,true
sentence:SENT-0403,source:GRAMMAR_MANUAL_ELEMENTARY,DERIVED_FROM,,,,,215,·语法学习手册(初等) 90“是……的”句1:强调时间、地点、方式、动作 者等 【二60】 ◎,,,,,
sentence:SENT-0403,span:AUTH-TAD-0188,HAS_CANDIDATE,,,,,,,,,,,
span:AUTH-TAD-0188,consensus:AUTH-TAD-0188,HAS_CONSENSUS,,,,,,,,,,,
consensus:AUTH-TAD-0188,function:OTHER,MAPS_TO,,,,,,,,,,,
span:AUTH-TAD-0188,cleaning:C_暂不纳入主实验,HAS_CLEANING_STATUS,,,,,,,待复核,,,,
span:AUTH-TAD-0188,ambiguity:非目标时间表达,HAS_AMBIGUITY,,,,,,,,,,,
span:AUTH-TAD-0188,ambiguity:三人标注不完全一致,HAS_AMBIGUITY,,,,,,,,,,,
span:AUTH-TAD-0188,ambiguity:出现不确定标注,HAS_AMBIGUITY,,,,,,,,,,,
span:AUTH-TAD-0188,ambiguity:至少一名标注者修正片段,HAS_AMBIGUITY,,,,,,,,,,,
span:AUTH-TAD-0188,ambiguity:无重复,HAS_AMBIGUITY,,,,,,,,,,,
span:AUTH-TAD-0188,ambiguity:来源字段完整但仍需正版逐页核验,HAS_AMBIGUITY,,,,,,,,,,,
span:AUTH-TAD-0188,annotation:span:AUTH-TAD-0188:r1,ANNOTATED_BY,,,,,,,,,,,
annotation:span:AUTH-TAD-0188:r1,rater:rater_1,MADE_BY,,,,,,,,,,,
span:AUTH-TAD-0188,annotation:span:AUTH-TAD-0188:r2,ANNOTATED_BY,,,,,,,,,,,
annotation:span:AUTH-TAD-0188:r2,rater:rater_2,MADE_BY,,,,,,,,,,,
span:AUTH-TAD-0188,annotation:span:AUTH-TAD-0188:r3,ANNOTATED_BY,,,,,,,,,,,
annotation:span:AUTH-TAD-0188:r3,rater:rater_3,MADE_BY,,,,,,,,,,,
span:AUTH-TAD-0188,cue:BEFORE_PREDICATE,TRIGGERS_CUE,,,,,,,,,,,
span:AUTH-TAD-0188,cue:EVENT_TIME,TRIGGERS_CUE,,,,,,,,,,,
span:AUTH-TAD-0188,cue:REVIEW_NON_TARGET_RISK,TRIGGERS_CUE,,,,,,,,,,,
span:AUTH-TAD-0188,cue:TIME_ADVERB,TRIGGERS_CUE,,,,,,,,,,,
span:AUTH-TAD-0188,cue:TIME_NOUN,TRIGGERS_CUE,,,,,,,,,,,
span:AUTH-TAD-0188,cue:TIME_POINT,TRIGGERS_CUE,,,,,,,,,,,
span:AUTH-TAD-0188,rule:R_TEMP_KG_OTHER_01,MATCHES_RULE,,,,,,,,1.0,OTHER,130.0,true
span:AUTH-TAD-0188,rule:R_TEMP_ADV_01,MATCHES_RULE,,,,,,,,2.0,TEMPORAL_ADVERBIAL,90.0,false
span:AUTH-TAD-0188,rule:R_TEMP_ADV_02,MATCHES_RULE,,,,,,,,3.0,TEMPORAL_ADVERBIAL,88.0,false
span:AUTH-TAD-0188,rule:R_TEMP_ADV_19,MATCHES_RULE,,,,,,,,4.0,TEMPORAL_ADVERBIAL,84.0,false
span:AUTH-TAD-0188,rule:R_TEMP_ADV_08,MATCHES_RULE,,,,,,,,5.0,TEMPORAL_ADVERBIAL,78.0,false
sentence:SENT-0349,source:GRAMMAR_MANUAL_ADVANCED,DERIVED_FROM,,,,,104,◎ 典型例句和对话 例句 交际实践 可不是，警察都已经 (在小区门口，询问出了什么事) 来了,,,,,
sentence:SENT-0349,span:AUTH-TAD-0189,HAS_CANDIDATE,,,,,,,,,,,
span:AUTH-TAD-0189,consensus:AUTH-TAD-0189,HAS_CONSENSUS,,,,,,,,,,,
consensus:AUTH-TAD-0189,function:TEMPORAL_ADVERBIAL,MAPS_TO,,,,,,,,,,,
span:AUTH-TAD-0189,cleaning:A_主评测候选,HAS_CLEANING_STATUS,,,,,,,主实验/严格评测,,,,
span:AUTH-TAD-0189,ambiguity:同句多候选_重复句,HAS_AMBIGUITY,,,,,,,,,,,
span:AUTH-TAD-0189,ambiguity:来源字段完整但仍需正版逐页核验,HAS_AMBIGUITY,,,,,,,,,,,
span:AUTH-TAD-0189,annotation:span:AUTH-TAD-0189:r1,ANNOTATED_BY,,,,,,,,,,,
annotation:span:AUTH-TAD-0189:r1,rater:rater_1,MADE_BY,,,,,,,,,,,
span:AUTH-TAD-0189,annotation:span:AUTH-TAD-0189:r2,ANNOTATED_BY,,,,,,,,,,,
annotation:span:AUTH-TAD-0189:r2,rater:rater_2,MADE_BY,,,,,,,,,,,
span:AUTH-TAD-0189,annotation:span:AUTH-TAD-0189:r3,ANNOTATED_BY,,,,,,,,,,,
annotation:span:AUTH-TAD-0189:r3,rater:rater_3,MADE_BY,,,,,,,,,,,
span:AUTH-TAD-0189,cue:BEFORE_PREDICATE,TRIGGERS_CUE,,,,,,,,,,,
span:AUTH-TAD-0189,cue:EVENT_TIME,TRIGGERS_CUE,,,,,,,,,,,
span:AUTH-TAD-0189,cue:SENTENCE_INITIAL,TRIGGERS_CUE,,,,,,,,,,,
span:AUTH-TAD-0189,cue:TIME_NOUN,TRIGGERS_CUE,,,,,,,,,,,
span:AUTH-TAD-0189,rule:R_TEMP_ADV_01,MATCHES_RULE,,,,,,,,1.0,TEMPORAL_ADVERBIAL,90.0,true
span:AUTH-TAD-0189,rule:R_TEMP_ADV_02,MATCHES_RULE,,,,,,,,2.0,TEMPORAL_ADVERBIAL,88.0,true
span:AUTH-TAD-0189,rule:R_TEMP_KG_ADV_02,MATCHES_RULE,,,,,,,,3.0,TEMPORAL_ADVERBIAL,72.0,true
sentence:SENT-0224,source:GRAMMAR_MANUAL_ELEMENTARY,DERIVED_FROM,,,,,240,,,,,,
sentence:SENT-0224,span:AUTH-TAD-0190,HAS_CANDIDATE,,,,,,,,,,,
span:AUTH-TAD-0190,consensus:AUTH-TAD-0190,HAS_CONSENSUS,,,,,,,,,,,
consensus:AUTH-TAD-0190,function:TEMPORAL_ADVERBIAL,MAPS_TO,,,,,,,,,,,
span:AUTH-TAD-0190,cleaning:B_边界复核集,HAS_CLEANING_STATUS,,,,,,,边界集/鲁棒性分析,,,,
span:AUTH-TAD-0190,ambiguity:页面线索缺失,HAS_AMBIGUITY,,,,,,,,,,,
span:AUTH-TAD-0190,ambiguity:无重复,HAS_AMBIGUITY,,,,,,,,,,,
span:AUTH-TAD-0190,annotation:span:AUTH-TAD-0190:r1,ANNOTATED_BY,,,,,,,,,,,
annotation:span:AUTH-TAD-0190:r1,rater:rater_1,MADE_BY,,,,,,,,,,,
span:AUTH-TAD-0190,annotation:span:AUTH-TAD-0190:r2,ANNOTATED_BY,,,,,,,,,,,
annotation:span:AUTH-TAD-0190:r2,rater:rater_2,MADE_BY,,,,,,,,,,,
span:AUTH-TAD-0190,annotation:span:AUTH-TAD-0190:r3,ANNOTATED_BY,,,,,,,,,,,
annotation:span:AUTH-TAD-0190:r3,rater:rater_3,MADE_BY,,,,,,,,,,,
span:AUTH-TAD-0190,cue:BEFORE_PREDICATE,TRIGGERS_CUE,,,,,,,,,,,
span:AUTH-TAD-0190,cue:EVENT_TIME,TRIGGERS_CUE,,,,,,,,,,,
span:AUTH-TAD-0190,cue:TIME_NOUN,TRIGGERS_CUE,,,,,,,,,,,
span:AUTH-TAD-0190,rule:R_TEMP_ADV_01,MATCHES_RULE,,,,,,,,1.0,TEMPORAL_ADVERBIAL,90.0,true
span:AUTH-TAD-0190,rule:R_TEMP_ADV_02,MATCHES_RULE,,,,,,,,2.0,TEMPORAL_ADVERBIAL,88.0,true
span:AUTH-TAD-0190,rule:R_TEMP_KG_ADV_02,MATCHES_RULE,,,,,,,,3.0,TEMPORAL_ADVERBIAL,72.0,true
sentence:SENT-0436,source:GRAMMAR_MANUAL_INTERMEDIATE,DERIVED_FROM,,,,,99,会议谁去 停止，或者重新 假? 参加? 开始，必须马上 B:暑假或者去上 B:咱们三个人，或者,,,,,
sentence:SENT-0436,span:AUTH-TAD-0191,HAS_CANDIDATE,,,,,,,,,,,
span:AUTH-TAD-0191,consensus:AUTH-TAD-0191,HAS_CONSENSUS,,,,,,,,,,,
consensus:AUTH-TAD-0191,function:TEMPORAL_ADVERBIAL,MAPS_TO,,,,,,,,,,,
span:AUTH-TAD-0191,cleaning:C_暂不纳入主实验,HAS_CLEANING_STATUS,,,,,,,待复核,,,,
span:AUTH-TAD-0191,ambiguity:三人标注不完全一致,HAS_AMBIGUITY,,,,,,,,,,,
span:AUTH-TAD-0191,ambiguity:至少一名标注者修正片段,HAS_AMBIGUITY,,,,,,,,,,,
span:AUTH-TAD-0191,ambiguity:无重复,HAS_AMBIGUITY,,,,,,,,,,,
span:AUTH-TAD-0191,ambiguity:来源字段完整但仍需正版逐页核验,HAS_AMBIGUITY,,,,,,,,,,,
span:AUTH-TAD-0191,annotation:span:AUTH-TAD-0191:r1,ANNOTATED_BY,,,,,,,,,,,
annotation:span:AUTH-TAD-0191:r1,rater:rater_1,MADE_BY,,,,,,,,,,,
span:AUTH-TAD-0191,annotation:span:AUTH-TAD-0191:r2,ANNOTATED_BY,,,,,,,,,,,
annotation:span:AUTH-TAD-0191:r2,rater:rater_2,MADE_BY,,,,,,,,,,,
span:AUTH-TAD-0191,annotation:span:AUTH-TAD-0191:r3,ANNOTATED_BY,,,,,,,,,,,
annotation:span:AUTH-TAD-0191:r3,rater:rater_3,MADE_BY,,,,,,,,,,,
span:AUTH-TAD-0191,cue:BEFORE_PREDICATE,TRIGGERS_CUE,,,,,,,,,,,
span:AUTH-TAD-0191,cue:EVENT_TIME,TRIGGERS_CUE,,,,,,,,,,,
span:AUTH-TAD-0191,cue:TIME_NOUN,TRIGGERS_CUE,,,,,,,,,,,
span:AUTH-TAD-0191,rule:R_TEMP_ADV_01,MATCHES_RULE,,,,,,,,1.0,TEMPORAL_ADVERBIAL,90.0,true
span:AUTH-TAD-0191,rule:R_TEMP_ADV_02,MATCHES_RULE,,,,,,,,2.0,TEMPORAL_ADVERBIAL,88.0,true
span:AUTH-TAD-0191,rule:R_TEMP_KG_ADV_02,MATCHES_RULE,,,,,,,,3.0,TEMPORAL_ADVERBIAL,72.0,true
sentence:SENT-0085,source:GRAMMAR_MANUAL_ADVANCED,DERIVED_FROM,,,,,110,他听了医生的话，每天都去外面散步，这样一来，他的身体越来越好,,,,,
sentence:SENT-0085,span:AUTH-TAD-0192,HAS_CANDIDATE,,,,,,,,,,,
span:AUTH-TAD-0192,consensus:AUTH-TAD-0192,HAS_CONSENSUS,,,,,,,,,,,
consensus:AUTH-TAD-0192,function:TEMPORAL_ADVERBIAL,MAPS_TO,,,,,,,,,,,
span:AUTH-TAD-0192,cleaning:A_主评测候选,HAS_CLEANING_STATUS,,,,,,,主实验/严格评测,,,,
span:AUTH-TAD-0192,ambiguity:无重复,HAS_AMBIGUITY,,,,,,,,,,,
span:AUTH-TAD-0192,ambiguity:来源字段完整但仍需正版逐页核验,HAS_AMBIGUITY,,,,,,,,,,,
span:AUTH-TAD-0192,annotation:span:AUTH-TAD-0192:r1,ANNOTATED_BY,,,,,,,,,,,
annotation:span:AUTH-TAD-0192:r1,rater:rater_1,MADE_BY,,,,,,,,,,,
span:AUTH-TAD-0192,annotation:span:AUTH-TAD-0192:r2,ANNOTATED_BY,,,,,,,,,,,
annotation:span:AUTH-TAD-0192:r2,rater:rater_2,MADE_BY,,,,,,,,,,,
span:AUTH-TAD-0192,annotation:span:AUTH-TAD-0192:r3,ANNOTATED_BY,,,,,,,,,,,
annotation:span:AUTH-TAD-0192:r3,rater:rater_3,MADE_BY,,,,,,,,,,,
span:AUTH-TAD-0192,cue:BEFORE_PREDICATE,TRIGGERS_CUE,,,,,,,,,,,
span:AUTH-TAD-0192,cue:EVENT_TIME,TRIGGERS_CUE,,,,,,,,,,,
span:AUTH-TAD-0192,cue:TIME_FREQUENCY,TRIGGERS_CUE,,,,,,,,,,,
span:AUTH-TAD-0192,rule:R_TEMP_ADV_04,MATCHES_RULE,,,,,,,,1.0,TEMPORAL_ADVERBIAL,84.0,true
span:AUTH-TAD-0192,rule:R_TEMP_KG_ADV_01,MATCHES_RULE,,,,,,,,2.0,TEMPORAL_ADVERBIAL,79.0,true
sentence:SENT-0184,source:GRAMMAR_MANUAL_ELEMENTARY,DERIVED_FROM,,,,,58,平等级标准·语法学习手册(初等) (2)“在、正、正在”不能和“了”连用,,,,,
sentence:SENT-0184,span:AUTH-TAD-0193,HAS_CANDIDATE,,,,,,,,,,,
span:AUTH-TAD-0193,consensus:AUTH-TAD-0193,HAS_CONSENSUS,,,,,,,,,,,
consensus:AUTH-TAD-0193,function:TEMPORAL_ADVERBIAL,MAPS_TO,,,,,,,,,,,
span:AUTH-TAD-0193,cleaning:A_主评测候选,HAS_CLEANING_STATUS,,,,,,,主实验/严格评测,,,,
span:AUTH-TAD-0193,ambiguity:无重复,HAS_AMBIGUITY,,,,,,,,,,,
span:AUTH-TAD-0193,ambiguity:来源字段完整但仍需正版逐页核验,HAS_AMBIGUITY,,,,,,,,,,,
span:AUTH-TAD-0193,annotation:span:AUTH-TAD-0193:r1,ANNOTATED_BY,,,,,,,,,,,
annotation:span:AUTH-TAD-0193:r1,rater:rater_1,MADE_BY,,,,,,,,,,,
span:AUTH-TAD-0193,annotation:span:AUTH-TAD-0193:r2,ANNOTATED_BY,,,,,,,,,,,
annotation:span:AUTH-TAD-0193:r2,rater:rater_2,MADE_BY,,,,,,,,,,,
span:AUTH-TAD-0193,annotation:span:AUTH-TAD-0193:r3,ANNOTATED_BY,,,,,,,,,,,
annotation:span:AUTH-TAD-0193:r3,rater:rater_3,MADE_BY,,,,,,,,,,,
span:AUTH-TAD-0193,cue:BEFORE_PREDICATE,TRIGGERS_CUE,,,,,,,,,,,
span:AUTH-TAD-0193,cue:EVENT_TIME,TRIGGERS_CUE,,,,,,,,,,,
span:AUTH-TAD-0193,cue:SENTENCE_INITIAL,TRIGGERS_CUE,,,,,,,,,,,
span:AUTH-TAD-0193,cue:TIME_NOUN,TRIGGERS_CUE,,,,,,,,,,,
span:AUTH-TAD-0193,rule:R_TEMP_ADV_01,MATCHES_RULE,,,,,,,,1.0,TEMPORAL_ADVERBIAL,90.0,true
span:AUTH-TAD-0193,rule:R_TEMP_ADV_02,MATCHES_RULE,,,,,,,,2.0,TEMPORAL_ADVERBIAL,88.0,true
span:AUTH-TAD-0193,rule:R_TEMP_KG_ADV_02,MATCHES_RULE,,,,,,,,3.0,TEMPORAL_ADVERBIAL,72.0,true
sentence:SENT-0458,source:GRAMMAR_MANUAL_ELEMENTARY,DERIVED_FROM,,,,,166,很多，带有惊讶或责怪的语气，如果说话 人主观上觉得时间早，就不能用“都2”,,,,,
sentence:SENT-0458,span:AUTH-TAD-0194,HAS_CANDIDATE,,,,,,,,,,,
span:AUTH-TAD-0194,consensus:AUTH-TAD-0194,HAS_CONSENSUS,,,,,,,,,,,
consensus:AUTH-TAD-0194,function:OTHER,MAPS_TO,,,,,,,,,,,
span:AUTH-TAD-0194,cleaning:C_暂不纳入主实验,HAS_CLEANING_STATUS,,,,,,,待复核,,,,
span:AUTH-TAD-0194,ambiguity:非目标时间表达,HAS_AMBIGUITY,,,,,,,,,,,
span:AUTH-TAD-0194,ambiguity:三人标注不完全一致,HAS_AMBIGUITY,,,,,,,,,,,
span:AUTH-TAD-0194,ambiguity:至少一名标注者修正片段,HAS_AMBIGUITY,,,,,,,,,,,
span:AUTH-TAD-0194,ambiguity:无重复,HAS_AMBIGUITY,,,,,,,,,,,
span:AUTH-TAD-0194,ambiguity:来源字段完整但仍需正版逐页核验,HAS_AMBIGUITY,,,,,,,,,,,
span:AUTH-TAD-0194,annotation:span:AUTH-TAD-0194:r1,ANNOTATED_BY,,,,,,,,,,,
annotation:span:AUTH-TAD-0194:r1,rater:rater_1,MADE_BY,,,,,,,,,,,
span:AUTH-TAD-0194,annotation:span:AUTH-TAD-0194:r2,ANNOTATED_BY,,,,,,,,,,,
annotation:span:AUTH-TAD-0194:r2,rater:rater_2,MADE_BY,,,,,,,,,,,
span:AUTH-TAD-0194,annotation:span:AUTH-TAD-0194:r3,ANNOTATED_BY,,,,,,,,,,,
annotation:span:AUTH-TAD-0194:r3,rater:rater_3,MADE_BY,,,,,,,,,,,
span:AUTH-TAD-0194,cue:ABSTRACT_OR_NON_TARGET_TIME,TRIGGERS_CUE,,,,,,,,,,,
span:AUTH-TAD-0194,cue:BEFORE_PREDICATE,TRIGGERS_CUE,,,,,,,,,,,
span:AUTH-TAD-0194,cue:EVENT_TIME,TRIGGERS_CUE,,,,,,,,,,,
span:AUTH-TAD-0194,cue:NO_TEMPORAL_EXPRESSION,TRIGGERS_CUE,,,,,,,,,,,
span:AUTH-TAD-0194,cue:REVIEW_NON_TARGET_RISK,TRIGGERS_CUE,,,,,,,,,,,
span:AUTH-TAD-0194,cue:TEMPORAL_COMPARISON_STATE,TRIGGERS_CUE,,,,,,,,,,,
span:AUTH-TAD-0194,rule:R_TEMP_KG_OTHER_01,MATCHES_RULE,,,,,,,,1.0,OTHER,130.0,true
span:AUTH-TAD-0194,rule:R_TEMP_KG_OTHER_02,MATCHES_RULE,,,,,,,,2.0,OTHER,124.0,true
span:AUTH-TAD-0194,rule:R_TEMP_KG_OTHER_03,MATCHES_RULE,,,,,,,,3.0,OTHER,123.0,true
sentence:SENT-0067,source:GRAMMAR_MANUAL_INTERMEDIATE,DERIVED_FROM,,,,,150,考察，所以要讨论 妈妈：天气将晴转 B:我已经想好了，不 一下儿具体的细节,,,,,
sentence:SENT-0067,span:AUTH-TAD-0195,HAS_CANDIDATE,,,,,,,,,,,
span:AUTH-TAD-0195,consensus:AUTH-TAD-0195,HAS_CONSENSUS,,,,,,,,,,,
consensus:AUTH-TAD-0195,function:TEMPORAL_ADVERBIAL,MAPS_TO,,,,,,,,,,,
span:AUTH-TAD-0195,cleaning:C_暂不纳入主实验,HAS_CLEANING_STATUS,,,,,,,待复核,,,,
span:AUTH-TAD-0195,ambiguity:三人标注不完全一致,HAS_AMBIGUITY,,,,,,,,,,,
span:AUTH-TAD-0195,ambiguity:至少一名标注者修正片段,HAS_AMBIGUITY,,,,,,,,,,,
span:AUTH-TAD-0195,ambiguity:无重复,HAS_AMBIGUITY,,,,,,,,,,,
span:AUTH-TAD-0195,ambiguity:来源字段完整但仍需正版逐页核验,HAS_AMBIGUITY,,,,,,,,,,,
span:AUTH-TAD-0195,annotation:span:AUTH-TAD-0195:r1,ANNOTATED_BY,,,,,,,,,,,
annotation:span:AUTH-TAD-0195:r1,rater:rater_1,MADE_BY,,,,,,,,,,,
span:AUTH-TAD-0195,annotation:span:AUTH-TAD-0195:r2,ANNOTATED_BY,,,,,,,,,,,
annotation:span:AUTH-TAD-0195:r2,rater:rater_2,MADE_BY,,,,,,,,,,,
span:AUTH-TAD-0195,annotation:span:AUTH-TAD-0195:r3,ANNOTATED_BY,,,,,,,,,,,
annotation:span:AUTH-TAD-0195:r3,rater:rater_3,MADE_BY,,,,,,,,,,,
span:AUTH-TAD-0195,cue:BEFORE_PREDICATE,TRIGGERS_CUE,,,,,,,,,,,
span:AUTH-TAD-0195,cue:EVENT_TIME,TRIGGERS_CUE,,,,,,,,,,,
span:AUTH-TAD-0195,cue:TIME_NOUN,TRIGGERS_CUE,,,,,,,,,,,
span:AUTH-TAD-0195,rule:R_TEMP_ADV_01,MATCHES_RULE,,,,,,,,1.0,TEMPORAL_ADVERBIAL,90.0,true
span:AUTH-TAD-0195,rule:R_TEMP_ADV_02,MATCHES_RULE,,,,,,,,2.0,TEMPORAL_ADVERBIAL,88.0,true
span:AUTH-TAD-0195,rule:R_TEMP_KG_ADV_02,MATCHES_RULE,,,,,,,,3.0,TEMPORAL_ADVERBIAL,72.0,true
sentence:SENT-0229,source:GRAMMAR_MANUAL_ELEMENTARY,DERIVED_FROM,,,,,169,平等级标准·语法学习手册(初等) 48 介词(引出时间):当 【二21】 ◎ 基本语义及用法,,,,,
sentence:SENT-0229,span:AUTH-TAD-0196,HAS_CANDIDATE,,,,,,,,,,,
span:AUTH-TAD-0196,consensus:AUTH-TAD-0196,HAS_CONSENSUS,,,,,,,,,,,
consensus:AUTH-TAD-0196,function:TEMPORAL_ADVERBIAL,MAPS_TO,,,,,,,,,,,
span:AUTH-TAD-0196,cleaning:B_边界复核集,HAS_CLEANING_STATUS,,,,,,,边界集/鲁棒性分析,,,,
span:AUTH-TAD-0196,ambiguity:时间副词_体貌副词边界,HAS_AMBIGUITY,,,,,,,,,,,
span:AUTH-TAD-0196,ambiguity:无重复,HAS_AMBIGUITY,,,,,,,,,,,
span:AUTH-TAD-0196,ambiguity:来源字段完整但仍需正版逐页核验,HAS_AMBIGUITY,,,,,,,,,,,
span:AUTH-TAD-0196,annotation:span:AUTH-TAD-0196:r1,ANNOTATED_BY,,,,,,,,,,,
annotation:span:AUTH-TAD-0196:r1,rater:rater_1,MADE_BY,,,,,,,,,,,
span:AUTH-TAD-0196,annotation:span:AUTH-TAD-0196:r2,ANNOTATED_BY,,,,,,,,,,,
annotation:span:AUTH-TAD-0196:r2,rater:rater_2,MADE_BY,,,,,,,,,,,
span:AUTH-TAD-0196,annotation:span:AUTH-TAD-0196:r3,ANNOTATED_BY,,,,,,,,,,,
annotation:span:AUTH-TAD-0196:r3,rater:rater_3,MADE_BY,,,,,,,,,,,
span:AUTH-TAD-0196,cue:BEFORE_PREDICATE,TRIGGERS_CUE,,,,,,,,,,,
span:AUTH-TAD-0196,cue:EVENT_TIME,TRIGGERS_CUE,,,,,,,,,,,
span:AUTH-TAD-0196,cue:STATIVE_PREDICATE,TRIGGERS_CUE,,,,,,,,,,,
span:AUTH-TAD-0196,cue:TIME_ADVERB,TRIGGERS_CUE,,,,,,,,,,,
span:AUTH-TAD-0196,cue:TIME_FREQUENCY,TRIGGERS_CUE,,,,,,,,,,,
span:AUTH-TAD-0196,rule:R_TEMP_ADV_04,MATCHES_RULE,,,,,,,,1.0,TEMPORAL_ADVERBIAL,84.0,true
span:AUTH-TAD-0196,rule:R_TEMP_ADV_19,MATCHES_RULE,,,,,,,,2.0,TEMPORAL_ADVERBIAL,84.0,true
span:AUTH-TAD-0196,rule:R_TEMP_KG_ADV_01,MATCHES_RULE,,,,,,,,3.0,TEMPORAL_ADVERBIAL,79.0,true
span:AUTH-TAD-0196,rule:R_TEMP_ADV_08,MATCHES_RULE,,,,,,,,4.0,TEMPORAL_ADVERBIAL,78.0,true
span:AUTH-TAD-0196,rule:R_TEMP_ADV_11,MATCHES_RULE,,,,,,,,5.0,TEMPORAL_ADVERBIAL,73.0,true
sentence:SENT-0093,source:GRAMMAR_MANUAL_ELEMENTARY,DERIVED_FROM,,,,,58,平等级标准·语法学习手册(初等) (2)“在、正、正在”不能和“了”连用,,,,,
sentence:SENT-0093,span:AUTH-TAD-0197,HAS_CANDIDATE,,,,,,,,,,,
span:AUTH-TAD-0197,consensus:AUTH-TAD-0197,HAS_CONSENSUS,,,,,,,,,,,
consensus:AUTH-TAD-0197,function:TEMPORAL_ADVERBIAL,MAPS_TO,,,,,,,,,,,
span:AUTH-TAD-0197,cleaning:B_边界复核集,HAS_CLEANING_STATUS,,,,,,,边界集/鲁棒性分析,,,,
span:AUTH-TAD-0197,ambiguity:时间副词_体貌副词边界,HAS_AMBIGUITY,,,,,,,,,,,
span:AUTH-TAD-0197,ambiguity:无重复,HAS_AMBIGUITY,,,,,,,,,,,
span:AUTH-TAD-0197,ambiguity:来源字段完整但仍需正版逐页核验,HAS_AMBIGUITY,,,,,,,,,,,
span:AUTH-TAD-0197,annotation:span:AUTH-TAD-0197:r1,ANNOTATED_BY,,,,,,,,,,,
annotation:span:AUTH-TAD-0197:r1,rater:rater_1,MADE_BY,,,,,,,,,,,
span:AUTH-TAD-0197,annotation:span:AUTH-TAD-0197:r2,ANNOTATED_BY,,,,,,,,,,,
annotation:span:AUTH-TAD-0197:r2,rater:rater_2,MADE_BY,,,,,,,,,,,
span:AUTH-TAD-0197,annotation:span:AUTH-TAD-0197:r3,ANNOTATED_BY,,,,,,,,,,,
annotation:span:AUTH-TAD-0197:r3,rater:rater_3,MADE_BY,,,,,,,,,,,
span:AUTH-TAD-0197,cue:BEFORE_PREDICATE,TRIGGERS_CUE,,,,,,,,,,,
span:AUTH-TAD-0197,cue:EVENT_TIME,TRIGGERS_CUE,,,,,,,,,,,
span:AUTH-TAD-0197,cue:TIME_FREQUENCY,TRIGGERS_CUE,,,,,,,,,,,
span:AUTH-TAD-0197,rule:R_TEMP_ADV_04,MATCHES_RULE,,,,,,,,1.0,TEMPORAL_ADVERBIAL,84.0,true
span:AUTH-TAD-0197,rule:R_TEMP_KG_ADV_01,MATCHES_RULE,,,,,,,,2.0,TEMPORAL_ADVERBIAL,79.0,true
sentence:SENT-0280,source:GRAMMAR_MANUAL_ADVANCED,DERIVED_FROM,,,,,11,获奖证书已经扫描整理成一个文件，请你将该文件交给有关,,,,,
sentence:SENT-0280,span:AUTH-TAD-0198,HAS_CANDIDATE,,,,,,,,,,,
span:AUTH-TAD-0198,consensus:AUTH-TAD-0198,HAS_CONSENSUS,,,,,,,,,,,
consensus:AUTH-TAD-0198,function:TEMPORAL_ADVERBIAL,MAPS_TO,,,,,,,,,,,
span:AUTH-TAD-0198,cleaning:A_主评测候选,HAS_CLEANING_STATUS,,,,,,,主实验/严格评测,,,,
span:AUTH-TAD-0198,ambiguity:无重复,HAS_AMBIGUITY,,,,,,,,,,,
span:AUTH-TAD-0198,ambiguity:来源字段完整但仍需正版逐页核验,HAS_AMBIGUITY,,,,,,,,,,,
span:AUTH-TAD-0198,annotation:span:AUTH-TAD-0198:r1,ANNOTATED_BY,,,,,,,,,,,
annotation:span:AUTH-TAD-0198:r1,rater:rater_1,MADE_BY,,,,,,,,,,,
span:AUTH-TAD-0198,annotation:span:AUTH-TAD-0198:r2,ANNOTATED_BY,,,,,,,,,,,
annotation:span:AUTH-TAD-0198:r2,rater:rater_2,MADE_BY,,,,,,,,,,,
span:AUTH-TAD-0198,annotation:span:AUTH-TAD-0198:r3,ANNOTATED_BY,,,,,,,,,,,
annotation:span:AUTH-TAD-0198:r3,rater:rater_3,MADE_BY,,,,,,,,,,,
span:AUTH-TAD-0198,cue:BEFORE_PREDICATE,TRIGGERS_CUE,,,,,,,,,,,
span:AUTH-TAD-0198,cue:EVENT_TIME,TRIGGERS_CUE,,,,,,,,,,,
span:AUTH-TAD-0198,cue:TIME_ADVERB,TRIGGERS_CUE,,,,,,,,,,,
span:AUTH-TAD-0198,cue:TIME_AFTER_BEFORE,TRIGGERS_CUE,,,,,,,,,,,
span:AUTH-TAD-0198,cue:TIME_NOUN,TRIGGERS_CUE,,,,,,,,,,,
span:AUTH-TAD-0198,cue:TIME_POINT,TRIGGERS_CUE,,,,,,,,,,,
span:AUTH-TAD-0198,rule:R_TEMP_ADV_01,MATCHES_RULE,,,,,,,,1.0,TEMPORAL_ADVERBIAL,90.0,true
span:AUTH-TAD-0198,rule:R_TEMP_ADV_02,MATCHES_RULE,,,,,,,,2.0,TEMPORAL_ADVERBIAL,88.0,true
span:AUTH-TAD-0198,rule:R_TEMP_ADV_19,MATCHES_RULE,,,,,,,,3.0,TEMPORAL_ADVERBIAL,84.0,true
span:AUTH-TAD-0198,rule:R_TEMP_ADV_05,MATCHES_RULE,,,,,,,,4.0,TEMPORAL_ADVERBIAL,83.0,true
span:AUTH-TAD-0198,rule:R_TEMP_ADV_08,MATCHES_RULE,,,,,,,,5.0,TEMPORAL_ADVERBIAL,78.0,true
sentence:SENT-0444,source:GRAMMAR_MANUAL_INTERMEDIATE,DERIVED_FROM,,,,,274,语法学习手册(中等) 小提示 (1)“一齐”表示在时间上同时发生的事情，“一起”表示在空间上合,,,,,
sentence:SENT-0444,span:AUTH-TAD-0199,HAS_CANDIDATE,,,,,,,,,,,
span:AUTH-TAD-0199,consensus:AUTH-TAD-0199,HAS_CONSENSUS,,,,,,,,,,,
consensus:AUTH-TAD-0199,function:OTHER,MAPS_TO,,,,,,,,,,,
span:AUTH-TAD-0199,cleaning:C_暂不纳入主实验,HAS_CLEANING_STATUS,,,,,,,错误分析/待复核,,,,
span:AUTH-TAD-0199,ambiguity:非目标时间表达,HAS_AMBIGUITY,,,,,,,,,,,
span:AUTH-TAD-0199,ambiguity:至少一名标注者修正片段,HAS_AMBIGUITY,,,,,,,,,,,
span:AUTH-TAD-0199,ambiguity:无重复,HAS_AMBIGUITY,,,,,,,,,,,
span:AUTH-TAD-0199,ambiguity:来源字段完整但仍需正版逐页核验,HAS_AMBIGUITY,,,,,,,,,,,
span:AUTH-TAD-0199,annotation:span:AUTH-TAD-0199:r1,ANNOTATED_BY,,,,,,,,,,,
annotation:span:AUTH-TAD-0199:r1,rater:rater_1,MADE_BY,,,,,,,,,,,
span:AUTH-TAD-0199,annotation:span:AUTH-TAD-0199:r2,ANNOTATED_BY,,,,,,,,,,,
annotation:span:AUTH-TAD-0199:r2,rater:rater_2,MADE_BY,,,,,,,,,,,
span:AUTH-TAD-0199,annotation:span:AUTH-TAD-0199:r3,ANNOTATED_BY,,,,,,,,,,,
annotation:span:AUTH-TAD-0199:r3,rater:rater_3,MADE_BY,,,,,,,,,,,
span:AUTH-TAD-0199,cue:BEFORE_PREDICATE,TRIGGERS_CUE,,,,,,,,,,,
span:AUTH-TAD-0199,cue:EVENT_TIME,TRIGGERS_CUE,,,,,,,,,,,
span:AUTH-TAD-0199,cue:NO_TEMPORAL_EXPRESSION,TRIGGERS_CUE,,,,,,,,,,,
span:AUTH-TAD-0199,cue:REVIEW_NON_TARGET_RISK,TRIGGERS_CUE,,,,,,,,,,,
span:AUTH-TAD-0199,rule:R_TEMP_KG_OTHER_01,MATCHES_RULE,,,,,,,,1.0,OTHER,130.0,true
sentence:SENT-0386,source:GRAMMAR_MANUAL_ADVANCED,DERIVED_FROM,,,,,11,获奖证书已经扫描整理成一个文件，请你将该文件交给有关,,,,,
sentence:SENT-0386,span:AUTH-TAD-0200,HAS_CANDIDATE,,,,,,,,,,,
span:AUTH-TAD-0200,consensus:AUTH-TAD-0200,HAS_CONSENSUS,,,,,,,,,,,
consensus:AUTH-TAD-0200,function:TEMPORAL_ADVERBIAL,MAPS_TO,,,,,,,,,,,
span:AUTH-TAD-0200,cleaning:B_边界复核集,HAS_CLEANING_STATUS,,,,,,,边界集/鲁棒性分析,,,,
span:AUTH-TAD-0200,ambiguity:时量补语_持续时间边界,HAS_AMBIGUITY,,,,,,,,,,,
span:AUTH-TAD-0200,ambiguity:无重复,HAS_AMBIGUITY,,,,,,,,,,,
span:AUTH-TAD-0200,ambiguity:来源字段完整但仍需正版逐页核验,HAS_AMBIGUITY,,,,,,,,,,,
span:AUTH-TAD-0200,annotation:span:AUTH-TAD-0200:r1,ANNOTATED_BY,,,,,,,,,,,
annotation:span:AUTH-TAD-0200:r1,rater:rater_1,MADE_BY,,,,,,,,,,,
span:AUTH-TAD-0200,annotation:span:AUTH-TAD-0200:r2,ANNOTATED_BY,,,,,,,,,,,
annotation:span:AUTH-TAD-0200:r2,rater:rater_2,MADE_BY,,,,,,,,,,,
span:AUTH-TAD-0200,annotation:span:AUTH-TAD-0200:r3,ANNOTATED_BY,,,,,,,,,,,
annotation:span:AUTH-TAD-0200:r3,rater:rater_3,MADE_BY,,,,,,,,,,,
span:AUTH-TAD-0200,cue:BEFORE_PREDICATE,TRIGGERS_CUE,,,,,,,,,,,
span:AUTH-TAD-0200,cue:EVENT_TIME,TRIGGERS_CUE,,,,,,,,,,,
span:AUTH-TAD-0200,cue:TIME_NOUN,TRIGGERS_CUE,,,,,,,,,,,
span:AUTH-TAD-0200,rule:R_TEMP_ADV_01,MATCHES_RULE,,,,,,,,1.0,TEMPORAL_ADVERBIAL,90.0,true
span:AUTH-TAD-0200,rule:R_TEMP_ADV_02,MATCHES_RULE,,,,,,,,2.0,TEMPORAL_ADVERBIAL,88.0,true
span:AUTH-TAD-0200,rule:R_TEMP_KG_ADV_02,MATCHES_RULE,,,,,,,,3.0,TEMPORAL_ADVERBIAL,72.0,true
sentence:SENT-0338,source:GRAMMAR_MANUAL_ELEMENTARY,DERIVED_FROM,,,,,109,,,,,,
sentence:SENT-0338,span:AUTH-TAD-0201,HAS_CANDIDATE,,,,,,,,,,,
span:AUTH-TAD-0201,consensus:AUTH-TAD-0201,HAS_CONSENSUS,,,,,,,,,,,
consensus:AUTH-TAD-0201,function:TEMPORAL_ADVERBIAL,MAPS_TO,,,,,,,,,,,
span:AUTH-TAD-0201,cleaning:B_边界复核集,HAS_CLEANING_STATUS,,,,,,,边界集/鲁棒性分析,,,,
span:AUTH-TAD-0201,ambiguity:页面线索缺失,HAS_AMBIGUITY,,,,,,,,,,,
span:AUTH-TAD-0201,ambiguity:无重复,HAS_AMBIGUITY,,,,,,,,,,,
span:AUTH-TAD-0201,annotation:span:AUTH-TAD-0201:r1,ANNOTATED_BY,,,,,,,,,,,
annotation:span:AUTH-TAD-0201:r1,rater:rater_1,MADE_BY,,,,,,,,,,,
span:AUTH-TAD-0201,annotation:span:AUTH-TAD-0201:r2,ANNOTATED_BY,,,,,,,,,,,
annotation:span:AUTH-TAD-0201:r2,rater:rater_2,MADE_BY,,,,,,,,,,,
span:AUTH-TAD-0201,annotation:span:AUTH-TAD-0201:r3,ANNOTATED_BY,,,,,,,,,,,
annotation:span:AUTH-TAD-0201:r3,rater:rater_3,MADE_BY,,,,,,,,,,,
span:AUTH-TAD-0201,cue:BEFORE_PREDICATE,TRIGGERS_CUE,,,,,,,,,,,
span:AUTH-TAD-0201,cue:EVENT_TIME,TRIGGERS_CUE,,,,,,,,,,,
span:AUTH-TAD-0201,cue:SENTENCE_INITIAL,TRIGGERS_CUE,,,,,,,,,,,
span:AUTH-TAD-0201,cue:TIME_NOUN,TRIGGERS_CUE,,,,,,,,,,,
span:AUTH-TAD-0201,rule:R_TEMP_ADV_01,MATCHES_RULE,,,,,,,,1.0,TEMPORAL_ADVERBIAL,90.0,true
span:AUTH-TAD-0201,rule:R_TEMP_ADV_02,MATCHES_RULE,,,,,,,,2.0,TEMPORAL_ADVERBIAL,88.0,true
span:AUTH-TAD-0201,rule:R_TEMP_KG_ADV_02,MATCHES_RULE,,,,,,,,3.0,TEMPORAL_ADVERBIAL,72.0,true
sentence:SENT-0451,source:GRAMMAR_MANUAL_ELEMENTARY,DERIVED_FROM,,,,,133,这样的事情经常有,,,,,
sentence:SENT-0451,span:AUTH-TAD-0202,HAS_CANDIDATE,,,,,,,,,,,
span:AUTH-TAD-0202,consensus:AUTH-TAD-0202,HAS_CONSENSUS,,,,,,,,,,,
consensus:AUTH-TAD-0202,function:TEMPORAL_ADVERBIAL,MAPS_TO,,,,,,,,,,,
span:AUTH-TAD-0202,cleaning:B_边界复核集,HAS_CLEANING_STATUS,,,,,,,边界集/鲁棒性分析,,,,
span:AUTH-TAD-0202,ambiguity:时间副词_体貌副词边界,HAS_AMBIGUITY,,,,,,,,,,,
span:AUTH-TAD-0202,ambiguity:无重复,HAS_AMBIGUITY,,,,,,,,,,,
span:AUTH-TAD-0202,ambiguity:来源字段完整但仍需正版逐页核验,HAS_AMBIGUITY,,,,,,,,,,,
span:AUTH-TAD-0202,annotation:span:AUTH-TAD-0202:r1,ANNOTATED_BY,,,,,,,,,,,
annotation:span:AUTH-TAD-0202:r1,rater:rater_1,MADE_BY,,,,,,,,,,,
span:AUTH-TAD-0202,annotation:span:AUTH-TAD-0202:r2,ANNOTATED_BY,,,,,,,,,,,
annotation:span:AUTH-TAD-0202:r2,rater:rater_2,MADE_BY,,,,,,,,,,,
span:AUTH-TAD-0202,annotation:span:AUTH-TAD-0202:r3,ANNOTATED_BY,,,,,,,,,,,
annotation:span:AUTH-TAD-0202:r3,rater:rater_3,MADE_BY,,,,,,,,,,,
span:AUTH-TAD-0202,cue:BEFORE_PREDICATE,TRIGGERS_CUE,,,,,,,,,,,
span:AUTH-TAD-0202,cue:EVENT_TIME,TRIGGERS_CUE,,,,,,,,,,,
span:AUTH-TAD-0202,cue:TIME_FREQUENCY,TRIGGERS_CUE,,,,,,,,,,,
span:AUTH-TAD-0202,rule:R_TEMP_ADV_04,MATCHES_RULE,,,,,,,,1.0,TEMPORAL_ADVERBIAL,84.0,true
span:AUTH-TAD-0202,rule:R_TEMP_KG_ADV_01,MATCHES_RULE,,,,,,,,2.0,TEMPORAL_ADVERBIAL,79.0,true
sentence:SENT-0318,source:GRAMMAR_MANUAL_ADVANCED,DERIVED_FROM,,,,,214,或者他们知道这样的教训，并且已经领教过很多次了,,,,,
sentence:SENT-0318,span:AUTH-TAD-0203,HAS_CANDIDATE,,,,,,,,,,,
span:AUTH-TAD-0203,consensus:AUTH-TAD-0203,HAS_CONSENSUS,,,,,,,,,,,
consensus:AUTH-TAD-0203,function:TEMPORAL_ADVERBIAL,MAPS_TO,,,,,,,,,,,
span:AUTH-TAD-0203,cleaning:B_边界复核集,HAS_CLEANING_STATUS,,,,,,,边界集/鲁棒性分析,,,,
span:AUTH-TAD-0203,ambiguity:时间副词_体貌副词边界,HAS_AMBIGUITY,,,,,,,,,,,
span:AUTH-TAD-0203,ambiguity:无重复,HAS_AMBIGUITY,,,,,,,,,,,
span:AUTH-TAD-0203,ambiguity:来源字段完整但仍需正版逐页核验,HAS_AMBIGUITY,,,,,,,,,,,
span:AUTH-TAD-0203,annotation:span:AUTH-TAD-0203:r1,ANNOTATED_BY,,,,,,,,,,,
annotation:span:AUTH-TAD-0203:r1,rater:rater_1,MADE_BY,,,,,,,,,,,
span:AUTH-TAD-0203,annotation:span:AUTH-TAD-0203:r2,ANNOTATED_BY,,,,,,,,,,,
annotation:span:AUTH-TAD-0203:r2,rater:rater_2,MADE_BY,,,,,,,,,,,
span:AUTH-TAD-0203,annotation:span:AUTH-TAD-0203:r3,ANNOTATED_BY,,,,,,,,,,,
annotation:span:AUTH-TAD-0203:r3,rater:rater_3,MADE_BY,,,,,,,,,,,
span:AUTH-TAD-0203,cue:TIME_ADVERB,TRIGGERS_CUE,,,,,,,,,,,
span:AUTH-TAD-0203,cue:TIME_FREQUENCY,TRIGGERS_CUE,,,,,,,,,,,
span:AUTH-TAD-0203,rule:R_TEMP_KG_ADV_01,MATCHES_RULE,,,,,,,,1.0,TEMPORAL_ADVERBIAL,79.0,true
span:AUTH-TAD-0203,rule:R_TEMP_ADV_11,MATCHES_RULE,,,,,,,,2.0,TEMPORAL_ADVERBIAL,73.0,true
sentence:SENT-0456,source:GRAMMAR_MANUAL_INTERMEDIATE,DERIVED_FROM,,,,,258,道理归道理，实际归实际，有时候根本说不清,,,,,
sentence:SENT-0456,span:AUTH-TAD-0204,HAS_CANDIDATE,,,,,,,,,,,
span:AUTH-TAD-0204,consensus:AUTH-TAD-0204,HAS_CONSENSUS,,,,,,,,,,,
consensus:AUTH-TAD-0204,function:OTHER,MAPS_TO,,,,,,,,,,,
span:AUTH-TAD-0204,cleaning:C_暂不纳入主实验,HAS_CLEANING_STATUS,,,,,,,错误分析/待复核,,,,
span:AUTH-TAD-0204,ambiguity:候选片段与最终片段不一致,HAS_AMBIGUITY,,,,,,,,,,,
span:AUTH-TAD-0204,ambiguity:非目标时间表达,HAS_AMBIGUITY,,,,,,,,,,,
span:AUTH-TAD-0204,ambiguity:至少一名标注者修正片段,HAS_AMBIGUITY,,,,,,,,,,,
span:AUTH-TAD-0204,ambiguity:无重复,HAS_AMBIGUITY,,,,,,,,,,,
span:AUTH-TAD-0204,ambiguity:来源字段完整但仍需正版逐页核验,HAS_AMBIGUITY,,,,,,,,,,,
span:AUTH-TAD-0204,annotation:span:AUTH-TAD-0204:r1,ANNOTATED_BY,,,,,,,,,,,
annotation:span:AUTH-TAD-0204:r1,rater:rater_1,MADE_BY,,,,,,,,,,,
span:AUTH-TAD-0204,annotation:span:AUTH-TAD-0204:r2,ANNOTATED_BY,,,,,,,,,,,
annotation:span:AUTH-TAD-0204:r2,rater:rater_2,MADE_BY,,,,,,,,,,,
span:AUTH-TAD-0204,annotation:span:AUTH-TAD-0204:r3,ANNOTATED_BY,,,,,,,,,,,
annotation:span:AUTH-TAD-0204:r3,rater:rater_3,MADE_BY,,,,,,,,,,,
span:AUTH-TAD-0204,cue:REVIEW_NON_TARGET_RISK,TRIGGERS_CUE,,,,,,,,,,,
span:AUTH-TAD-0204,cue:TIME_ADVERB,TRIGGERS_CUE,,,,,,,,,,,
span:AUTH-TAD-0204,cue:TIME_FREQUENCY,TRIGGERS_CUE,,,,,,,,,,,
span:AUTH-TAD-0204,cue:TIME_NOUN,TRIGGERS_CUE,,,,,,,,,,,
span:AUTH-TAD-0204,rule:R_TEMP_KG_OTHER_01,MATCHES_RULE,,,,,,,,1.0,OTHER,130.0,true
span:AUTH-TAD-0204,rule:R_TEMP_KG_ADV_01,MATCHES_RULE,,,,,,,,2.0,TEMPORAL_ADVERBIAL,79.0,false
span:AUTH-TAD-0204,rule:R_TEMP_ADV_11,MATCHES_RULE,,,,,,,,3.0,TEMPORAL_ADVERBIAL,73.0,false
span:AUTH-TAD-0204,rule:R_TEMP_KG_ADV_02,MATCHES_RULE,,,,,,,,4.0,TEMPORAL_ADVERBIAL,72.0,false
sentence:SENT-0157,source:GRAMMAR_MANUAL_INTERMEDIATE,DERIVED_FROM,,,,,182,依照医生的要求，他每天按时吃药,,,,,
sentence:SENT-0157,span:AUTH-TAD-0205,HAS_CANDIDATE,,,,,,,,,,,
span:AUTH-TAD-0205,consensus:AUTH-TAD-0205,HAS_CONSENSUS,,,,,,,,,,,
consensus:AUTH-TAD-0205,function:TEMPORAL_ADVERBIAL,MAPS_TO,,,,,,,,,,,
span:AUTH-TAD-0205,cleaning:B_边界复核集,HAS_CLEANING_STATUS,,,,,,,边界集/鲁棒性分析,,,,
span:AUTH-TAD-0205,ambiguity:三人标注不完全一致,HAS_AMBIGUITY,,,,,,,,,,,
span:AUTH-TAD-0205,ambiguity:无重复,HAS_AMBIGUITY,,,,,,,,,,,
span:AUTH-TAD-0205,ambiguity:来源字段完整但仍需正版逐页核验,HAS_AMBIGUITY,,,,,,,,,,,
span:AUTH-TAD-0205,annotation:span:AUTH-TAD-0205:r1,ANNOTATED_BY,,,,,,,,,,,
annotation:span:AUTH-TAD-0205:r1,rater:rater_1,MADE_BY,,,,,,,,,,,
span:AUTH-TAD-0205,annotation:span:AUTH-TAD-0205:r2,ANNOTATED_BY,,,,,,,,,,,
annotation:span:AUTH-TAD-0205:r2,rater:rater_2,MADE_BY,,,,,,,,,,,
span:AUTH-TAD-0205,annotation:span:AUTH-TAD-0205:r3,ANNOTATED_BY,,,,,,,,,,,
annotation:span:AUTH-TAD-0205:r3,rater:rater_3,MADE_BY,,,,,,,,,,,
span:AUTH-TAD-0205,cue:TIME_NOUN,TRIGGERS_CUE,,,,,,,,,,,
span:AUTH-TAD-0205,rule:R_TEMP_KG_ADV_02,MATCHES_RULE,,,,,,,,1.0,TEMPORAL_ADVERBIAL,72.0,true
sentence:SENT-0341,source:GRAMMAR_MANUAL_ELEMENTARY,DERIVED_FROM,,,,,348,◎ 结构特点 可能补语用于动词后,,,,,
sentence:SENT-0341,span:AUTH-TAD-0206,HAS_CANDIDATE,,,,,,,,,,,
span:AUTH-TAD-0206,consensus:AUTH-TAD-0206,HAS_CONSENSUS,,,,,,,,,,,
consensus:AUTH-TAD-0206,function:ATTRIBUTE,MAPS_TO,,,,,,,,,,,
span:AUTH-TAD-0206,cleaning:B_边界复核集,HAS_CLEANING_STATUS,,,,,,,边界集/鲁棒性分析,,,,
span:AUTH-TAD-0206,ambiguity:可能为时间定语,HAS_AMBIGUITY,,,,,,,,,,,
span:AUTH-TAD-0206,ambiguity:无重复,HAS_AMBIGUITY,,,,,,,,,,,
span:AUTH-TAD-0206,ambiguity:来源字段完整但仍需正版逐页核验,HAS_AMBIGUITY,,,,,,,,,,,
span:AUTH-TAD-0206,annotation:span:AUTH-TAD-0206:r1,ANNOTATED_BY,,,,,,,,,,,
annotation:span:AUTH-TAD-0206:r1,rater:rater_1,MADE_BY,,,,,,,,,,,
span:AUTH-TAD-0206,annotation:span:AUTH-TAD-0206:r2,ANNOTATED_BY,,,,,,,,,,,
annotation:span:AUTH-TAD-0206:r2,rater:rater_2,MADE_BY,,,,,,,,,,,
span:AUTH-TAD-0206,annotation:span:AUTH-TAD-0206:r3,ANNOTATED_BY,,,,,,,,,,,
annotation:span:AUTH-TAD-0206:r3,rater:rater_3,MADE_BY,,,,,,,,,,,
span:AUTH-TAD-0206,cue:ATTR_DE_DIRECT,TRIGGERS_CUE,,,,,,,,,,,
span:AUTH-TAD-0206,cue:ATTR_NOMINAL_DIRECT,TRIGGERS_CUE,,,,,,,,,,,
span:AUTH-TAD-0206,cue:DE_PARTICLE,TRIGGERS_CUE,,,,,,,,,,,
span:AUTH-TAD-0206,cue:NOMINAL_HEAD,TRIGGERS_CUE,,,,,,,,,,,
span:AUTH-TAD-0206,cue:SENTENCE_INITIAL,TRIGGERS_CUE,,,,,,,,,,,
span:AUTH-TAD-0206,cue:TIME_NOUN,TRIGGERS_CUE,,,,,,,,,,,
span:AUTH-TAD-0206,rule:R_TEMP_KG_ATTR_01,MATCHES_RULE,,,,,,,,1.0,ATTRIBUTE,128.0,true
span:AUTH-TAD-0206,rule:R_TEMP_KG_ATTR_02,MATCHES_RULE,,,,,,,,2.0,ATTRIBUTE,126.0,true
span:AUTH-TAD-0206,rule:R_TEMP_ATTR_01,MATCHES_RULE,,,,,,,,3.0,ATTRIBUTE,95.0,true
span:AUTH-TAD-0206,rule:R_TEMP_ATTR_03,MATCHES_RULE,,,,,,,,4.0,ATTRIBUTE,88.0,true
span:AUTH-TAD-0206,rule:R_TEMP_KG_ADV_02,MATCHES_RULE,,,,,,,,5.0,TEMPORAL_ADVERBIAL,72.0,false
sentence:SENT-0377,source:GRAMMAR_MANUAL_ADVANCED,DERIVED_FROM,,,,,129,,,,,,
sentence:SENT-0377,span:AUTH-TAD-0207,HAS_CANDIDATE,,,,,,,,,,,
span:AUTH-TAD-0207,consensus:AUTH-TAD-0207,HAS_CONSENSUS,,,,,,,,,,,
consensus:AUTH-TAD-0207,function:OTHER,MAPS_TO,,,,,,,,,,,
span:AUTH-TAD-0207,cleaning:C_暂不纳入主实验,HAS_CLEANING_STATUS,,,,,,,待复核,,,,
span:AUTH-TAD-0207,ambiguity:页面线索缺失,HAS_AMBIGUITY,,,,,,,,,,,
span:AUTH-TAD-0207,ambiguity:非目标时间表达,HAS_AMBIGUITY,,,,,,,,,,,
span:AUTH-TAD-0207,ambiguity:三人标注不完全一致,HAS_AMBIGUITY,,,,,,,,,,,
span:AUTH-TAD-0207,ambiguity:至少一名标注者修正片段,HAS_AMBIGUITY,,,,,,,,,,,
span:AUTH-TAD-0207,ambiguity:无重复,HAS_AMBIGUITY,,,,,,,,,,,
span:AUTH-TAD-0207,annotation:span:AUTH-TAD-0207:r1,ANNOTATED_BY,,,,,,,,,,,
annotation:span:AUTH-TAD-0207:r1,rater:rater_1,MADE_BY,,,,,,,,,,,
span:AUTH-TAD-0207,annotation:span:AUTH-TAD-0207:r2,ANNOTATED_BY,,,,,,,,,,,
annotation:span:AUTH-TAD-0207:r2,rater:rater_2,MADE_BY,,,,,,,,,,,
span:AUTH-TAD-0207,annotation:span:AUTH-TAD-0207:r3,ANNOTATED_BY,,,,,,,,,,,
annotation:span:AUTH-TAD-0207:r3,rater:rater_3,MADE_BY,,,,,,,,,,,
span:AUTH-TAD-0207,cue:BEFORE_PREDICATE,TRIGGERS_CUE,,,,,,,,,,,
span:AUTH-TAD-0207,cue:EVENT_TIME,TRIGGERS_CUE,,,,,,,,,,,
span:AUTH-TAD-0207,cue:REVIEW_NON_TARGET_RISK,TRIGGERS_CUE,,,,,,,,,,,
span:AUTH-TAD-0207,cue:TIME_NOUN,TRIGGERS_CUE,,,,,,,,,,,
span:AUTH-TAD-0207,rule:R_TEMP_KG_OTHER_01,MATCHES_RULE,,,,,,,,1.0,OTHER,130.0,true
span:AUTH-TAD-0207,rule:R_TEMP_ADV_01,MATCHES_RULE,,,,,,,,2.0,TEMPORAL_ADVERBIAL,90.0,false
span:AUTH-TAD-0207,rule:R_TEMP_ADV_02,MATCHES_RULE,,,,,,,,3.0,TEMPORAL_ADVERBIAL,88.0,false
span:AUTH-TAD-0207,rule:R_TEMP_KG_ADV_02,MATCHES_RULE,,,,,,,,4.0,TEMPORAL_ADVERBIAL,72.0,false
sentence:SENT-0124,source:GRAMMAR_MANUAL_ELEMENTARY,DERIVED_FROM,,,,,331,电话里已经告诉他了，另外， 我又写了一封信过去,,,,,
sentence:SENT-0124,span:AUTH-TAD-0208,HAS_CANDIDATE,,,,,,,,,,,
span:AUTH-TAD-0208,consensus:AUTH-TAD-0208,HAS_CONSENSUS,,,,,,,,,,,
consensus:AUTH-TAD-0208,function:TEMPORAL_ADVERBIAL,MAPS_TO,,,,,,,,,,,
span:AUTH-TAD-0208,cleaning:A_主评测候选,HAS_CLEANING_STATUS,,,,,,,主实验/严格评测,,,,
span:AUTH-TAD-0208,ambiguity:无重复,HAS_AMBIGUITY,,,,,,,,,,,
span:AUTH-TAD-0208,ambiguity:来源字段完整但仍需正版逐页核验,HAS_AMBIGUITY,,,,,,,,,,,
span:AUTH-TAD-0208,annotation:span:AUTH-TAD-0208:r1,ANNOTATED_BY,,,,,,,,,,,
annotation:span:AUTH-TAD-0208:r1,rater:rater_1,MADE_BY,,,,,,,,,,,
span:AUTH-TAD-0208,annotation:span:AUTH-TAD-0208:r2,ANNOTATED_BY,,,,,,,,,,,
annotation:span:AUTH-TAD-0208:r2,rater:rater_2,MADE_BY,,,,,,,,,,,
span:AUTH-TAD-0208,annotation:span:AUTH-TAD-0208:r3,ANNOTATED_BY,,,,,,,,,,,
annotation:span:AUTH-TAD-0208:r3,rater:rater_3,MADE_BY,,,,,,,,,,,
span:AUTH-TAD-0208,cue:BEFORE_PREDICATE,TRIGGERS_CUE,,,,,,,,,,,
span:AUTH-TAD-0208,cue:EVENT_TIME,TRIGGERS_CUE,,,,,,,,,,,
span:AUTH-TAD-0208,cue:TIME_NOUN,TRIGGERS_CUE,,,,,,,,,,,
span:AUTH-TAD-0208,rule:R_TEMP_ADV_01,MATCHES_RULE,,,,,,,,1.0,TEMPORAL_ADVERBIAL,90.0,true
span:AUTH-TAD-0208,rule:R_TEMP_ADV_02,MATCHES_RULE,,,,,,,,2.0,TEMPORAL_ADVERBIAL,88.0,true
span:AUTH-TAD-0208,rule:R_TEMP_KG_ADV_02,MATCHES_RULE,,,,,,,,3.0,TEMPORAL_ADVERBIAL,72.0,true
sentence:SENT-0118,source:GRAMMAR_MANUAL_ADVANCED,DERIVED_FROM,,,,,32,他最近状态不好，工作的时候频频失误,,,,,
sentence:SENT-0118,span:AUTH-TAD-0209,HAS_CANDIDATE,,,,,,,,,,,
span:AUTH-TAD-0209,consensus:AUTH-TAD-0209,HAS_CONSENSUS,,,,,,,,,,,
consensus:AUTH-TAD-0209,function:TEMPORAL_ADVERBIAL,MAPS_TO,,,,,,,,,,,
span:AUTH-TAD-0209,cleaning:B_边界复核集,HAS_CLEANING_STATUS,,,,,,,边界集/鲁棒性分析,,,,
span:AUTH-TAD-0209,ambiguity:时间副词_体貌副词边界,HAS_AMBIGUITY,,,,,,,,,,,
span:AUTH-TAD-0209,ambiguity:无重复,HAS_AMBIGUITY,,,,,,,,,,,
span:AUTH-TAD-0209,ambiguity:来源字段完整但仍需正版逐页核验,HAS_AMBIGUITY,,,,,,,,,,,
span:AUTH-TAD-0209,annotation:span:AUTH-TAD-0209:r1,ANNOTATED_BY,,,,,,,,,,,
annotation:span:AUTH-TAD-0209:r1,rater:rater_1,MADE_BY,,,,,,,,,,,
span:AUTH-TAD-0209,annotation:span:AUTH-TAD-0209:r2,ANNOTATED_BY,,,,,,,,,,,
annotation:span:AUTH-TAD-0209:r2,rater:rater_2,MADE_BY,,,,,,,,,,,
span:AUTH-TAD-0209,annotation:span:AUTH-TAD-0209:r3,ANNOTATED_BY,,,,,,,,,,,
annotation:span:AUTH-TAD-0209:r3,rater:rater_3,MADE_BY,,,,,,,,,,,
span:AUTH-TAD-0209,cue:BEFORE_PREDICATE,TRIGGERS_CUE,,,,,,,,,,,
span:AUTH-TAD-0209,cue:EVENT_TIME,TRIGGERS_CUE,,,,,,,,,,,
span:AUTH-TAD-0209,cue:TIME_FREQUENCY,TRIGGERS_CUE,,,,,,,,,,,
span:AUTH-TAD-0209,rule:R_TEMP_ADV_04,MATCHES_RULE,,,,,,,,1.0,TEMPORAL_ADVERBIAL,84.0,true
span:AUTH-TAD-0209,rule:R_TEMP_KG_ADV_01,MATCHES_RULE,,,,,,,,2.0,TEMPORAL_ADVERBIAL,79.0,true
sentence:SENT-0297,source:GRAMMAR_MANUAL_ELEMENTARY,DERIVED_FROM,,,,,69,我常常和他一起玩儿,,,,,
sentence:SENT-0297,span:AUTH-TAD-0210,HAS_CANDIDATE,,,,,,,,,,,
span:AUTH-TAD-0210,consensus:AUTH-TAD-0210,HAS_CONSENSUS,,,,,,,,,,,
consensus:AUTH-TAD-0210,function:TEMPORAL_ADVERBIAL,MAPS_TO,,,,,,,,,,,
span:AUTH-TAD-0210,cleaning:B_边界复核集,HAS_CLEANING_STATUS,,,,,,,边界集/鲁棒性分析,,,,
span:AUTH-TAD-0210,ambiguity:时间副词_体貌副词边界,HAS_AMBIGUITY,,,,,,,,,,,
span:AUTH-TAD-0210,ambiguity:无重复,HAS_AMBIGUITY,,,,,,,,,,,
span:AUTH-TAD-0210,ambiguity:来源字段完整但仍需正版逐页核验,HAS_AMBIGUITY,,,,,,,,,,,
span:AUTH-TAD-0210,annotation:span:AUTH-TAD-0210:r1,ANNOTATED_BY,,,,,,,,,,,
annotation:span:AUTH-TAD-0210:r1,rater:rater_1,MADE_BY,,,,,,,,,,,
span:AUTH-TAD-0210,annotation:span:AUTH-TAD-0210:r2,ANNOTATED_BY,,,,,,,,,,,
annotation:span:AUTH-TAD-0210:r2,rater:rater_2,MADE_BY,,,,,,,,,,,
span:AUTH-TAD-0210,annotation:span:AUTH-TAD-0210:r3,ANNOTATED_BY,,,,,,,,,,,
annotation:span:AUTH-TAD-0210:r3,rater:rater_3,MADE_BY,,,,,,,,,,,
span:AUTH-TAD-0210,cue:BEFORE_PREDICATE,TRIGGERS_CUE,,,,,,,,,,,
span:AUTH-TAD-0210,cue:EVENT_TIME,TRIGGERS_CUE,,,,,,,,,,,
span:AUTH-TAD-0210,cue:TIME_FREQUENCY,TRIGGERS_CUE,,,,,,,,,,,
span:AUTH-TAD-0210,rule:R_TEMP_ADV_04,MATCHES_RULE,,,,,,,,1.0,TEMPORAL_ADVERBIAL,84.0,true
span:AUTH-TAD-0210,rule:R_TEMP_KG_ADV_01,MATCHES_RULE,,,,,,,,2.0,TEMPORAL_ADVERBIAL,79.0,true
sentence:SENT-0050,source:GRAMMAR_MANUAL_INTERMEDIATE,DERIVED_FROM,,,,,144,结构特点 “稍”一般用在单音节动词或形容词前边作状语,,,,,
sentence:SENT-0050,span:AUTH-TAD-0211,HAS_CANDIDATE,,,,,,,,,,,
span:AUTH-TAD-0211,consensus:AUTH-TAD-0211,HAS_CONSENSUS,,,,,,,,,,,
consensus:AUTH-TAD-0211,function:OTHER,MAPS_TO,,,,,,,,,,,
span:AUTH-TAD-0211,cleaning:C_暂不纳入主实验,HAS_CLEANING_STATUS,,,,,,,待复核,,,,
span:AUTH-TAD-0211,ambiguity:非目标时间表达,HAS_AMBIGUITY,,,,,,,,,,,
span:AUTH-TAD-0211,ambiguity:三人标注不完全一致,HAS_AMBIGUITY,,,,,,,,,,,
span:AUTH-TAD-0211,ambiguity:至少一名标注者修正片段,HAS_AMBIGUITY,,,,,,,,,,,
span:AUTH-TAD-0211,ambiguity:无重复,HAS_AMBIGUITY,,,,,,,,,,,
span:AUTH-TAD-0211,ambiguity:来源字段完整但仍需正版逐页核验,HAS_AMBIGUITY,,,,,,,,,,,
span:AUTH-TAD-0211,annotation:span:AUTH-TAD-0211:r1,ANNOTATED_BY,,,,,,,,,,,
annotation:span:AUTH-TAD-0211:r1,rater:rater_1,MADE_BY,,,,,,,,,,,
span:AUTH-TAD-0211,annotation:span:AUTH-TAD-0211:r2,ANNOTATED_BY,,,,,,,,,,,
annotation:span:AUTH-TAD-0211:r2,rater:rater_2,MADE_BY,,,,,,,,,,,
span:AUTH-TAD-0211,annotation:span:AUTH-TAD-0211:r3,ANNOTATED_BY,,,,,,,,,,,
annotation:span:AUTH-TAD-0211:r3,rater:rater_3,MADE_BY,,,,,,,,,,,
span:AUTH-TAD-0211,cue:BEFORE_PREDICATE,TRIGGERS_CUE,,,,,,,,,,,
span:AUTH-TAD-0211,cue:EVENT_TIME,TRIGGERS_CUE,,,,,,,,,,,
span:AUTH-TAD-0211,cue:REVIEW_NON_TARGET_RISK,TRIGGERS_CUE,,,,,,,,,,,
span:AUTH-TAD-0211,cue:STATIVE_PREDICATE,TRIGGERS_CUE,,,,,,,,,,,
span:AUTH-TAD-0211,cue:TIME_NOUN,TRIGGERS_CUE,,,,,,,,,,,
span:AUTH-TAD-0211,rule:R_TEMP_KG_OTHER_01,MATCHES_RULE,,,,,,,,1.0,OTHER,130.0,true
span:AUTH-TAD-0211,rule:R_TEMP_ADV_01,MATCHES_RULE,,,,,,,,2.0,TEMPORAL_ADVERBIAL,90.0,false
span:AUTH-TAD-0211,rule:R_TEMP_ADV_02,MATCHES_RULE,,,,,,,,3.0,TEMPORAL_ADVERBIAL,88.0,false
span:AUTH-TAD-0211,rule:R_TEMP_KG_ADV_02,MATCHES_RULE,,,,,,,,4.0,TEMPORAL_ADVERBIAL,72.0,false
sentence:SENT-0455,source:GRAMMAR_MANUAL_INTERMEDIATE,DERIVED_FROM,,,,,158,一向”表示长期稳定、具有规律的状态，不能和表示具体时间的词同时出现,,,,,
sentence:SENT-0455,span:AUTH-TAD-0212,HAS_CANDIDATE,,,,,,,,,,,
span:AUTH-TAD-0212,consensus:AUTH-TAD-0212,HAS_CONSENSUS,,,,,,,,,,,
consensus:AUTH-TAD-0212,function:TEMPORAL_ADVERBIAL,MAPS_TO,,,,,,,,,,,
span:AUTH-TAD-0212,cleaning:B_边界复核集,HAS_CLEANING_STATUS,,,,,,,边界集/鲁棒性分析,,,,
span:AUTH-TAD-0212,ambiguity:相对时间框架边界,HAS_AMBIGUITY,,,,,,,,,,,
span:AUTH-TAD-0212,ambiguity:无重复,HAS_AMBIGUITY,,,,,,,,,,,
span:AUTH-TAD-0212,ambiguity:来源字段完整但仍需正版逐页核验,HAS_AMBIGUITY,,,,,,,,,,,
span:AUTH-TAD-0212,annotation:span:AUTH-TAD-0212:r1,ANNOTATED_BY,,,,,,,,,,,
annotation:span:AUTH-TAD-0212:r1,rater:rater_1,MADE_BY,,,,,,,,,,,
span:AUTH-TAD-0212,annotation:span:AUTH-TAD-0212:r2,ANNOTATED_BY,,,,,,,,,,,
annotation:span:AUTH-TAD-0212:r2,rater:rater_2,MADE_BY,,,,,,,,,,,
span:AUTH-TAD-0212,annotation:span:AUTH-TAD-0212:r3,ANNOTATED_BY,,,,,,,,,,,
annotation:span:AUTH-TAD-0212:r3,rater:rater_3,MADE_BY,,,,,,,,,,,
span:AUTH-TAD-0212,cue:BEFORE_PREDICATE,TRIGGERS_CUE,,,,,,,,,,,
span:AUTH-TAD-0212,cue:EVENT_TIME,TRIGGERS_CUE,,,,,,,,,,,
span:AUTH-TAD-0212,cue:NO_TEMPORAL_EXPRESSION,TRIGGERS_CUE,,,,,,,,,,,
span:AUTH-TAD-0212,cue:SENTENCE_INITIAL,TRIGGERS_CUE,,,,,,,,,,,
span:AUTH-TAD-0212,cue:TIME_AFTER_BEFORE,TRIGGERS_CUE,,,,,,,,,,,
span:AUTH-TAD-0212,rule:R_TEMP_ADV_05,MATCHES_RULE,,,,,,,,1.0,TEMPORAL_ADVERBIAL,83.0,true
sentence:SENT-0132,source:GRAMMAR_MANUAL_INTERMEDIATE,DERIVED_FROM,,,,,155,你出国以后，妈妈时刻想念着你,,,,,
sentence:SENT-0132,span:AUTH-TAD-0213,HAS_CANDIDATE,,,,,,,,,,,
span:AUTH-TAD-0213,consensus:AUTH-TAD-0213,HAS_CONSENSUS,,,,,,,,,,,
consensus:AUTH-TAD-0213,function:TEMPORAL_ADVERBIAL,MAPS_TO,,,,,,,,,,,
span:AUTH-TAD-0213,cleaning:C_暂不纳入主实验,HAS_CLEANING_STATUS,,,,,,,待复核,,,,
span:AUTH-TAD-0213,ambiguity:相对时间框架边界,HAS_AMBIGUITY,,,,,,,,,,,
span:AUTH-TAD-0213,ambiguity:三人标注不完全一致,HAS_AMBIGUITY,,,,,,,,,,,
span:AUTH-TAD-0213,ambiguity:至少一名标注者修正片段,HAS_AMBIGUITY,,,,,,,,,,,
span:AUTH-TAD-0213,ambiguity:无重复,HAS_AMBIGUITY,,,,,,,,,,,
span:AUTH-TAD-0213,ambiguity:来源字段完整但仍需正版逐页核验,HAS_AMBIGUITY,,,,,,,,,,,
span:AUTH-TAD-0213,annotation:span:AUTH-TAD-0213:r1,ANNOTATED_BY,,,,,,,,,,,
annotation:span:AUTH-TAD-0213:r1,rater:rater_1,MADE_BY,,,,,,,,,,,
span:AUTH-TAD-0213,annotation:span:AUTH-TAD-0213:r2,ANNOTATED_BY,,,,,,,,,,,
annotation:span:AUTH-TAD-0213:r2,rater:rater_2,MADE_BY,,,,,,,,,,,
span:AUTH-TAD-0213,annotation:span:AUTH-TAD-0213:r3,ANNOTATED_BY,,,,,,,,,,,
annotation:span:AUTH-TAD-0213:r3,rater:rater_3,MADE_BY,,,,,,,,,,,
span:AUTH-TAD-0213,cue:BEFORE_PREDICATE,TRIGGERS_CUE,,,,,,,,,,,
span:AUTH-TAD-0213,cue:EVENT_TIME,TRIGGERS_CUE,,,,,,,,,,,
span:AUTH-TAD-0213,cue:NO_TEMPORAL_EXPRESSION,TRIGGERS_CUE,,,,,,,,,,,
span:AUTH-TAD-0213,cue:SENTENCE_INITIAL,TRIGGERS_CUE,,,,,,,,,,,
span:AUTH-TAD-0213,cue:TIME_AFTER_BEFORE,TRIGGERS_CUE,,,,,,,,,,,
span:AUTH-TAD-0213,rule:R_TEMP_ADV_05,MATCHES_RULE,,,,,,,,1.0,TEMPORAL_ADVERBIAL,83.0,true
sentence:SENT-0348,source:GRAMMAR_MANUAL_ADVANCED,DERIVED_FROM,,,,,33,重复副词“再度”一般用在主语后、动词性成分前，作状语,,,,,
sentence:SENT-0348,span:AUTH-TAD-0214,HAS_CANDIDATE,,,,,,,,,,,
span:AUTH-TAD-0214,consensus:AUTH-TAD-0214,HAS_CONSENSUS,,,,,,,,,,,
consensus:AUTH-TAD-0214,function:TEMPORAL_ADVERBIAL,MAPS_TO,,,,,,,,,,,
span:AUTH-TAD-0214,cleaning:B_边界复核集,HAS_CLEANING_STATUS,,,,,,,边界集/鲁棒性分析,,,,
span:AUTH-TAD-0214,ambiguity:三人标注不完全一致,HAS_AMBIGUITY,,,,,,,,,,,
span:AUTH-TAD-0214,ambiguity:无重复,HAS_AMBIGUITY,,,,,,,,,,,
span:AUTH-TAD-0214,ambiguity:来源字段完整但仍需正版逐页核验,HAS_AMBIGUITY,,,,,,,,,,,
span:AUTH-TAD-0214,annotation:span:AUTH-TAD-0214:r1,ANNOTATED_BY,,,,,,,,,,,
annotation:span:AUTH-TAD-0214:r1,rater:rater_1,MADE_BY,,,,,,,,,,,
span:AUTH-TAD-0214,annotation:span:AUTH-TAD-0214:r2,ANNOTATED_BY,,,,,,,,,,,
annotation:span:AUTH-TAD-0214:r2,rater:rater_2,MADE_BY,,,,,,,,,,,
span:AUTH-TAD-0214,annotation:span:AUTH-TAD-0214:r3,ANNOTATED_BY,,,,,,,,,,,
annotation:span:AUTH-TAD-0214:r3,rater:rater_3,MADE_BY,,,,,,,,,,,
span:AUTH-TAD-0214,cue:ATTR_NOMINAL_DIRECT,TRIGGERS_CUE,,,,,,,,,,,
span:AUTH-TAD-0214,cue:NOMINAL_HEAD,TRIGGERS_CUE,,,,,,,,,,,
span:AUTH-TAD-0214,cue:SENTENCE_INITIAL,TRIGGERS_CUE,,,,,,,,,,,
span:AUTH-TAD-0214,cue:TIME_NOUN,TRIGGERS_CUE,,,,,,,,,,,
span:AUTH-TAD-0214,rule:R_TEMP_KG_ATTR_02,MATCHES_RULE,,,,,,,,1.0,ATTRIBUTE,126.0,false
span:AUTH-TAD-0214,rule:R_TEMP_ATTR_03,MATCHES_RULE,,,,,,,,2.0,ATTRIBUTE,88.0,false
span:AUTH-TAD-0214,rule:R_TEMP_KG_ADV_02,MATCHES_RULE,,,,,,,,3.0,TEMPORAL_ADVERBIAL,72.0,true
sentence:SENT-0367,source:GRAMMAR_MANUAL_ADVANCED,DERIVED_FROM,,,,,95,妻子：如果贷款，到时候我们一共要还多少钱? 丈夫：我们连本带利,,,,,
sentence:SENT-0367,span:AUTH-TAD-0215,HAS_CANDIDATE,,,,,,,,,,,
span:AUTH-TAD-0215,consensus:AUTH-TAD-0215,HAS_CONSENSUS,,,,,,,,,,,
consensus:AUTH-TAD-0215,function:TEMPORAL_ADVERBIAL,MAPS_TO,,,,,,,,,,,
span:AUTH-TAD-0215,cleaning:A_主评测候选,HAS_CLEANING_STATUS,,,,,,,主实验/严格评测,,,,
span:AUTH-TAD-0215,ambiguity:无重复,HAS_AMBIGUITY,,,,,,,,,,,
span:AUTH-TAD-0215,ambiguity:来源字段完整但仍需正版逐页核验,HAS_AMBIGUITY,,,,,,,,,,,
span:AUTH-TAD-0215,annotation:span:AUTH-TAD-0215:r1,ANNOTATED_BY,,,,,,,,,,,
annotation:span:AUTH-TAD-0215:r1,rater:rater_1,MADE_BY,,,,,,,,,,,
span:AUTH-TAD-0215,annotation:span:AUTH-TAD-0215:r2,ANNOTATED_BY,,,,,,,,,,,
annotation:span:AUTH-TAD-0215:r2,rater:rater_2,MADE_BY,,,,,,,,,,,
span:AUTH-TAD-0215,annotation:span:AUTH-TAD-0215:r3,ANNOTATED_BY,,,,,,,,,,,
annotation:span:AUTH-TAD-0215:r3,rater:rater_3,MADE_BY,,,,,,,,,,,
span:AUTH-TAD-0215,cue:BEFORE_PREDICATE,TRIGGERS_CUE,,,,,,,,,,,
span:AUTH-TAD-0215,cue:EVENT_TIME,TRIGGERS_CUE,,,,,,,,,,,
span:AUTH-TAD-0215,cue:SENTENCE_INITIAL,TRIGGERS_CUE,,,,,,,,,,,
span:AUTH-TAD-0215,cue:TIME_ADVERB,TRIGGERS_CUE,,,,,,,,,,,
span:AUTH-TAD-0215,cue:TIME_FREQUENCY,TRIGGERS_CUE,,,,,,,,,,,
span:AUTH-TAD-0215,cue:TIME_NOUN,TRIGGERS_CUE,,,,,,,,,,,
span:AUTH-TAD-0215,rule:R_TEMP_ADV_01,MATCHES_RULE,,,,,,,,1.0,TEMPORAL_ADVERBIAL,90.0,true
span:AUTH-TAD-0215,rule:R_TEMP_ADV_02,MATCHES_RULE,,,,,,,,2.0,TEMPORAL_ADVERBIAL,88.0,true
span:AUTH-TAD-0215,rule:R_TEMP_ADV_04,MATCHES_RULE,,,,,,,,3.0,TEMPORAL_ADVERBIAL,84.0,true
span:AUTH-TAD-0215,rule:R_TEMP_ADV_19,MATCHES_RULE,,,,,,,,4.0,TEMPORAL_ADVERBIAL,84.0,true
span:AUTH-TAD-0215,rule:R_TEMP_KG_ADV_01,MATCHES_RULE,,,,,,,,5.0,TEMPORAL_ADVERBIAL,79.0,true
sentence:SENT-0035,source:GRAMMAR_MANUAL_ADVANCED,DERIVED_FROM,,,,,47,玩笑，何必当真呢? 学校又不远，何必打车去呢? 你已经有了，何必又花钱买一个呢? 你又没有做错,,,,,
sentence:SENT-0035,span:AUTH-TAD-0216,HAS_CANDIDATE,,,,,,,,,,,
span:AUTH-TAD-0216,consensus:AUTH-TAD-0216,HAS_CONSENSUS,,,,,,,,,,,
consensus:AUTH-TAD-0216,function:TEMPORAL_ADVERBIAL,MAPS_TO,,,,,,,,,,,
span:AUTH-TAD-0216,cleaning:A_主评测候选,HAS_CLEANING_STATUS,,,,,,,主实验/严格评测,,,,
span:AUTH-TAD-0216,ambiguity:无重复,HAS_AMBIGUITY,,,,,,,,,,,
span:AUTH-TAD-0216,ambiguity:来源字段完整但仍需正版逐页核验,HAS_AMBIGUITY,,,,,,,,,,,
span:AUTH-TAD-0216,annotation:span:AUTH-TAD-0216:r1,ANNOTATED_BY,,,,,,,,,,,
annotation:span:AUTH-TAD-0216:r1,rater:rater_1,MADE_BY,,,,,,,,,,,
span:AUTH-TAD-0216,annotation:span:AUTH-TAD-0216:r2,ANNOTATED_BY,,,,,,,,,,,
annotation:span:AUTH-TAD-0216:r2,rater:rater_2,MADE_BY,,,,,,,,,,,
span:AUTH-TAD-0216,annotation:span:AUTH-TAD-0216:r3,ANNOTATED_BY,,,,,,,,,,,
annotation:span:AUTH-TAD-0216:r3,rater:rater_3,MADE_BY,,,,,,,,,,,
span:AUTH-TAD-0216,cue:BEFORE_PREDICATE,TRIGGERS_CUE,,,,,,,,,,,
span:AUTH-TAD-0216,cue:EVENT_TIME,TRIGGERS_CUE,,,,,,,,,,,
span:AUTH-TAD-0216,cue:SENTENCE_INITIAL,TRIGGERS_CUE,,,,,,,,,,,
span:AUTH-TAD-0216,cue:TIME_NOUN,TRIGGERS_CUE,,,,,,,,,,,
span:AUTH-TAD-0216,rule:R_TEMP_ADV_01,MATCHES_RULE,,,,,,,,1.0,TEMPORAL_ADVERBIAL,90.0,true
span:AUTH-TAD-0216,rule:R_TEMP_ADV_02,MATCHES_RULE,,,,,,,,2.0,TEMPORAL_ADVERBIAL,88.0,true
span:AUTH-TAD-0216,rule:R_TEMP_KG_ADV_02,MATCHES_RULE,,,,,,,,3.0,TEMPORAL_ADVERBIAL,72.0,true
sentence:SENT-0028,source:GRAMMAR_MANUAL_ADVANCED,DERIVED_FROM,,,,,47,玩笑，何必当真呢? 学校又不远，何必打车去呢? 你已经有了，何必又花钱买一个呢? 你又没有做错,,,,,
sentence:SENT-0028,span:AUTH-TAD-0217,HAS_CANDIDATE,,,,,,,,,,,
span:AUTH-TAD-0217,consensus:AUTH-TAD-0217,HAS_CONSENSUS,,,,,,,,,,,
consensus:AUTH-TAD-0217,function:TEMPORAL_ADVERBIAL,MAPS_TO,,,,,,,,,,,
span:AUTH-TAD-0217,cleaning:B_边界复核集,HAS_CLEANING_STATUS,,,,,,,边界集/鲁棒性分析,,,,
span:AUTH-TAD-0217,ambiguity:时间副词_体貌副词边界,HAS_AMBIGUITY,,,,,,,,,,,
span:AUTH-TAD-0217,ambiguity:无重复,HAS_AMBIGUITY,,,,,,,,,,,
span:AUTH-TAD-0217,ambiguity:来源字段完整但仍需正版逐页核验,HAS_AMBIGUITY,,,,,,,,,,,
span:AUTH-TAD-0217,annotation:span:AUTH-TAD-0217:r1,ANNOTATED_BY,,,,,,,,,,,
annotation:span:AUTH-TAD-0217:r1,rater:rater_1,MADE_BY,,,,,,,,,,,
span:AUTH-TAD-0217,annotation:span:AUTH-TAD-0217:r2,ANNOTATED_BY,,,,,,,,,,,
annotation:span:AUTH-TAD-0217:r2,rater:rater_2,MADE_BY,,,,,,,,,,,
span:AUTH-TAD-0217,annotation:span:AUTH-TAD-0217:r3,ANNOTATED_BY,,,,,,,,,,,
annotation:span:AUTH-TAD-0217:r3,rater:rater_3,MADE_BY,,,,,,,,,,,
span:AUTH-TAD-0217,cue:BEFORE_PREDICATE,TRIGGERS_CUE,,,,,,,,,,,
span:AUTH-TAD-0217,cue:EVENT_TIME,TRIGGERS_CUE,,,,,,,,,,,
span:AUTH-TAD-0217,cue:TIME_ADVERB,TRIGGERS_CUE,,,,,,,,,,,
span:AUTH-TAD-0217,cue:TIME_FREQUENCY,TRIGGERS_CUE,,,,,,,,,,,
span:AUTH-TAD-0217,rule:R_TEMP_ADV_04,MATCHES_RULE,,,,,,,,1.0,TEMPORAL_ADVERBIAL,84.0,true
span:AUTH-TAD-0217,rule:R_TEMP_ADV_19,MATCHES_RULE,,,,,,,,2.0,TEMPORAL_ADVERBIAL,84.0,true
span:AUTH-TAD-0217,rule:R_TEMP_KG_ADV_01,MATCHES_RULE,,,,,,,,3.0,TEMPORAL_ADVERBIAL,79.0,true
span:AUTH-TAD-0217,rule:R_TEMP_ADV_08,MATCHES_RULE,,,,,,,,4.0,TEMPORAL_ADVERBIAL,78.0,true
span:AUTH-TAD-0217,rule:R_TEMP_ADV_11,MATCHES_RULE,,,,,,,,5.0,TEMPORAL_ADVERBIAL,73.0,true
sentence:SENT-0065,source:GRAMMAR_MANUAL_INTERMEDIATE,DERIVED_FROM,,,,,118,,,,,,
sentence:SENT-0065,span:AUTH-TAD-0218,HAS_CANDIDATE,,,,,,,,,,,
span:AUTH-TAD-0218,consensus:AUTH-TAD-0218,HAS_CONSENSUS,,,,,,,,,,,
consensus:AUTH-TAD-0218,function:OTHER,MAPS_TO,,,,,,,,,,,
span:AUTH-TAD-0218,cleaning:C_暂不纳入主实验,HAS_CLEANING_STATUS,,,,,,,待复核,,,,
span:AUTH-TAD-0218,ambiguity:原表已建议复核_剔除,HAS_AMBIGUITY,,,,,,,,,,,
span:AUTH-TAD-0218,ambiguity:页面线索缺失,HAS_AMBIGUITY,,,,,,,,,,,
span:AUTH-TAD-0218,ambiguity:时量补语_持续时间边界,HAS_AMBIGUITY,,,,,,,,,,,
span:AUTH-TAD-0218,ambiguity:非目标时间表达,HAS_AMBIGUITY,,,,,,,,,,,
span:AUTH-TAD-0218,ambiguity:三人标注不完全一致,HAS_AMBIGUITY,,,,,,,,,,,
span:AUTH-TAD-0218,ambiguity:至少一名标注者修正片段,HAS_AMBIGUITY,,,,,,,,,,,
span:AUTH-TAD-0218,ambiguity:同句多候选_重复句,HAS_AMBIGUITY,,,,,,,,,,,
span:AUTH-TAD-0218,annotation:span:AUTH-TAD-0218:r1,ANNOTATED_BY,,,,,,,,,,,
annotation:span:AUTH-TAD-0218:r1,rater:rater_1,MADE_BY,,,,,,,,,,,
span:AUTH-TAD-0218,annotation:span:AUTH-TAD-0218:r2,ANNOTATED_BY,,,,,,,,,,,
annotation:span:AUTH-TAD-0218:r2,rater:rater_2,MADE_BY,,,,,,,,,,,
span:AUTH-TAD-0218,annotation:span:AUTH-TAD-0218:r3,ANNOTATED_BY,,,,,,,,,,,
annotation:span:AUTH-TAD-0218:r3,rater:rater_3,MADE_BY,,,,,,,,,,,
span:AUTH-TAD-0218,cue:ABSTRACT_OR_NON_TARGET_TIME,TRIGGERS_CUE,,,,,,,,,,,
span:AUTH-TAD-0218,cue:BEFORE_PREDICATE,TRIGGERS_CUE,,,,,,,,,,,
span:AUTH-TAD-0218,cue:EVENT_TIME,TRIGGERS_CUE,,,,,,,,,,,
span:AUTH-TAD-0218,cue:REVIEW_NON_TARGET_RISK,TRIGGERS_CUE,,,,,,,,,,,
span:AUTH-TAD-0218,cue:TEMPORAL_COMPARISON_STATE,TRIGGERS_CUE,,,,,,,,,,,
span:AUTH-TAD-0218,cue:TIME_NOUN,TRIGGERS_CUE,,,,,,,,,,,
span:AUTH-TAD-0218,rule:R_TEMP_KG_OTHER_01,MATCHES_RULE,,,,,,,,1.0,OTHER,130.0,true
span:AUTH-TAD-0218,rule:R_TEMP_KG_OTHER_02,MATCHES_RULE,,,,,,,,2.0,OTHER,124.0,true
span:AUTH-TAD-0218,rule:R_TEMP_KG_OTHER_03,MATCHES_RULE,,,,,,,,3.0,OTHER,123.0,true
span:AUTH-TAD-0218,rule:R_TEMP_ADV_01,MATCHES_RULE,,,,,,,,4.0,TEMPORAL_ADVERBIAL,90.0,false
span:AUTH-TAD-0218,rule:R_TEMP_ADV_02,MATCHES_RULE,,,,,,,,5.0,TEMPORAL_ADVERBIAL,88.0,false
sentence:SENT-0011,source:GRAMMAR_MANUAL_ELEMENTARY,DERIVED_FROM,,,,,285,下课以后，同学们立刻走出教室,,,,,
sentence:SENT-0011,span:AUTH-TAD-0219,HAS_CANDIDATE,,,,,,,,,,,
span:AUTH-TAD-0219,consensus:AUTH-TAD-0219,HAS_CONSENSUS,,,,,,,,,,,
consensus:AUTH-TAD-0219,function:TEMPORAL_ADVERBIAL,MAPS_TO,,,,,,,,,,,
span:AUTH-TAD-0219,cleaning:B_边界复核集,HAS_CLEANING_STATUS,,,,,,,边界集/鲁棒性分析,,,,
span:AUTH-TAD-0219,ambiguity:相对时间框架边界,HAS_AMBIGUITY,,,,,,,,,,,
span:AUTH-TAD-0219,ambiguity:无重复,HAS_AMBIGUITY,,,,,,,,,,,
span:AUTH-TAD-0219,ambiguity:来源字段完整但仍需正版逐页核验,HAS_AMBIGUITY,,,,,,,,,,,
span:AUTH-TAD-0219,annotation:span:AUTH-TAD-0219:r1,ANNOTATED_BY,,,,,,,,,,,
annotation:span:AUTH-TAD-0219:r1,rater:rater_1,MADE_BY,,,,,,,,,,,
span:AUTH-TAD-0219,annotation:span:AUTH-TAD-0219:r2,ANNOTATED_BY,,,,,,,,,,,
annotation:span:AUTH-TAD-0219:r2,rater:rater_2,MADE_BY,,,,,,,,,,,
span:AUTH-TAD-0219,annotation:span:AUTH-TAD-0219:r3,ANNOTATED_BY,,,,,,,,,,,
annotation:span:AUTH-TAD-0219:r3,rater:rater_3,MADE_BY,,,,,,,,,,,
span:AUTH-TAD-0219,cue:BEFORE_PREDICATE,TRIGGERS_CUE,,,,,,,,,,,
span:AUTH-TAD-0219,cue:EVENT_TIME,TRIGGERS_CUE,,,,,,,,,,,
span:AUTH-TAD-0219,cue:NO_TEMPORAL_EXPRESSION,TRIGGERS_CUE,,,,,,,,,,,
span:AUTH-TAD-0219,cue:SENTENCE_INITIAL,TRIGGERS_CUE,,,,,,,,,,,
span:AUTH-TAD-0219,cue:TIME_AFTER_BEFORE,TRIGGERS_CUE,,,,,,,,,,,
span:AUTH-TAD-0219,rule:R_TEMP_ADV_05,MATCHES_RULE,,,,,,,,1.0,TEMPORAL_ADVERBIAL,83.0,true
sentence:SENT-0023,source:GRAMMAR_MANUAL_INTERMEDIATE,DERIVED_FROM,,,,,291,,,,,,
sentence:SENT-0023,span:AUTH-TAD-0220,HAS_CANDIDATE,,,,,,,,,,,
span:AUTH-TAD-0220,consensus:AUTH-TAD-0220,HAS_CONSENSUS,,,,,,,,,,,
consensus:AUTH-TAD-0220,function:OTHER,MAPS_TO,,,,,,,,,,,
span:AUTH-TAD-0220,cleaning:C_暂不纳入主实验,HAS_CLEANING_STATUS,,,,,,,待复核,,,,
span:AUTH-TAD-0220,ambiguity:页面线索缺失,HAS_AMBIGUITY,,,,,,,,,,,
span:AUTH-TAD-0220,ambiguity:时量补语_持续时间边界,HAS_AMBIGUITY,,,,,,,,,,,
span:AUTH-TAD-0220,ambiguity:非目标时间表达,HAS_AMBIGUITY,,,,,,,,,,,
span:AUTH-TAD-0220,ambiguity:三人标注不完全一致,HAS_AMBIGUITY,,,,,,,,,,,
span:AUTH-TAD-0220,ambiguity:至少一名标注者修正片段,HAS_AMBIGUITY,,,,,,,,,,,
span:AUTH-TAD-0220,ambiguity:无重复,HAS_AMBIGUITY,,,,,,,,,,,
span:AUTH-TAD-0220,annotation:span:AUTH-TAD-0220:r1,ANNOTATED_BY,,,,,,,,,,,
annotation:span:AUTH-TAD-0220:r1,rater:rater_1,MADE_BY,,,,,,,,,,,
span:AUTH-TAD-0220,annotation:span:AUTH-TAD-0220:r2,ANNOTATED_BY,,,,,,,,,,,
annotation:span:AUTH-TAD-0220:r2,rater:rater_2,MADE_BY,,,,,,,,,,,
span:AUTH-TAD-0220,annotation:span:AUTH-TAD-0220:r3,ANNOTATED_BY,,,,,,,,,,,
annotation:span:AUTH-TAD-0220:r3,rater:rater_3,MADE_BY,,,,,,,,,,,
span:AUTH-TAD-0220,cue:INDEFINITE_TIME,TRIGGERS_CUE,,,,,,,,,,,
span:AUTH-TAD-0220,cue:REVIEW_NON_TARGET_RISK,TRIGGERS_CUE,,,,,,,,,,,
span:AUTH-TAD-0220,cue:TIME_DURATION,TRIGGERS_CUE,,,,,,,,,,,
span:AUTH-TAD-0220,cue:TIME_POINT,TRIGGERS_CUE,,,,,,,,,,,
span:AUTH-TAD-0220,rule:R_TEMP_KG_OTHER_01,MATCHES_RULE,,,,,,,,1.0,OTHER,130.0,true
sentence:SENT-0052,source:GRAMMAR_MANUAL_INTERMEDIATE,DERIVED_FROM,,,,,127,th doing. ◎ 典型例句和对话 例句 这才刚刚开始，没 你还是别担心了， 有什么好难,,,,,
sentence:SENT-0052,span:AUTH-TAD-0221,HAS_CANDIDATE,,,,,,,,,,,
span:AUTH-TAD-0221,consensus:AUTH-TAD-0221,HAS_CONSENSUS,,,,,,,,,,,
consensus:AUTH-TAD-0221,function:ATTRIBUTE,MAPS_TO,,,,,,,,,,,
span:AUTH-TAD-0221,cleaning:B_边界复核集,HAS_CLEANING_STATUS,,,,,,,边界集/鲁棒性分析,,,,
span:AUTH-TAD-0221,ambiguity:可能为时间定语,HAS_AMBIGUITY,,,,,,,,,,,
span:AUTH-TAD-0221,ambiguity:无重复,HAS_AMBIGUITY,,,,,,,,,,,
span:AUTH-TAD-0221,ambiguity:来源字段完整但仍需正版逐页核验,HAS_AMBIGUITY,,,,,,,,,,,
span:AUTH-TAD-0221,annotation:span:AUTH-TAD-0221:r1,ANNOTATED_BY,,,,,,,,,,,
annotation:span:AUTH-TAD-0221:r1,rater:rater_1,MADE_BY,,,,,,,,,,,
span:AUTH-TAD-0221,annotation:span:AUTH-TAD-0221:r2,ANNOTATED_BY,,,,,,,,,,,
annotation:span:AUTH-TAD-0221:r2,rater:rater_2,MADE_BY,,,,,,,,,,,
span:AUTH-TAD-0221,annotation:span:AUTH-TAD-0221:r3,ANNOTATED_BY,,,,,,,,,,,
annotation:span:AUTH-TAD-0221:r3,rater:rater_3,MADE_BY,,,,,,,,,,,
span:AUTH-TAD-0221,cue:ATTR_DE_DIRECT,TRIGGERS_CUE,,,,,,,,,,,
span:AUTH-TAD-0221,cue:ATTR_NOMINAL_DIRECT,TRIGGERS_CUE,,,,,,,,,,,
span:AUTH-TAD-0221,cue:BEFORE_PREDICATE,TRIGGERS_CUE,,,,,,,,,,,
span:AUTH-TAD-0221,cue:DE_PARTICLE,TRIGGERS_CUE,,,,,,,,,,,
span:AUTH-TAD-0221,cue:EVENT_TIME,TRIGGERS_CUE,,,,,,,,,,,
span:AUTH-TAD-0221,cue:NOMINAL_HEAD,TRIGGERS_CUE,,,,,,,,,,,
span:AUTH-TAD-0221,cue:SENTENCE_INITIAL,TRIGGERS_CUE,,,,,,,,,,,
span:AUTH-TAD-0221,cue:TIME_NOUN,TRIGGERS_CUE,,,,,,,,,,,
span:AUTH-TAD-0221,rule:R_TEMP_KG_ATTR_01,MATCHES_RULE,,,,,,,,1.0,ATTRIBUTE,128.0,true
span:AUTH-TAD-0221,rule:R_TEMP_KG_ATTR_02,MATCHES_RULE,,,,,,,,2.0,ATTRIBUTE,126.0,true
span:AUTH-TAD-0221,rule:R_TEMP_ATTR_01,MATCHES_RULE,,,,,,,,3.0,ATTRIBUTE,95.0,true
span:AUTH-TAD-0221,rule:R_TEMP_ADV_01,MATCHES_RULE,,,,,,,,4.0,TEMPORAL_ADVERBIAL,90.0,false
span:AUTH-TAD-0221,rule:R_TEMP_ADV_02,MATCHES_RULE,,,,,,,,5.0,TEMPORAL_ADVERBIAL,88.0,false
sentence:SENT-0003,source:GRAMMAR_MANUAL_INTERMEDIATE,DERIVED_FROM,,,,,105,A:明天八点，图书 妈妈：一定要把你们的 儿子：已经8:20了， 馆门口见,,,,,
sentence:SENT-0003,span:AUTH-TAD-0222,HAS_CANDIDATE,,,,,,,,,,,
span:AUTH-TAD-0222,consensus:AUTH-TAD-0222,HAS_CONSENSUS,,,,,,,,,,,
consensus:AUTH-TAD-0222,function:TEMPORAL_ADVERBIAL,MAPS_TO,,,,,,,,,,,
span:AUTH-TAD-0222,cleaning:B_边界复核集,HAS_CLEANING_STATUS,,,,,,,边界集/鲁棒性分析,,,,
span:AUTH-TAD-0222,ambiguity:时间副词_体貌副词边界,HAS_AMBIGUITY,,,,,,,,,,,
span:AUTH-TAD-0222,ambiguity:无重复,HAS_AMBIGUITY,,,,,,,,,,,
span:AUTH-TAD-0222,ambiguity:来源字段完整但仍需正版逐页核验,HAS_AMBIGUITY,,,,,,,,,,,
span:AUTH-TAD-0222,annotation:span:AUTH-TAD-0222:r1,ANNOTATED_BY,,,,,,,,,,,
annotation:span:AUTH-TAD-0222:r1,rater:rater_1,MADE_BY,,,,,,,,,,,
span:AUTH-TAD-0222,annotation:span:AUTH-TAD-0222:r2,ANNOTATED_BY,,,,,,,,,,,
annotation:span:AUTH-TAD-0222:r2,rater:rater_2,MADE_BY,,,,,,,,,,,
span:AUTH-TAD-0222,annotation:span:AUTH-TAD-0222:r3,ANNOTATED_BY,,,,,,,,,,,
annotation:span:AUTH-TAD-0222:r3,rater:rater_3,MADE_BY,,,,,,,,,,,
span:AUTH-TAD-0222,cue:LOCATION_EXPRESSION,TRIGGERS_CUE,,,,,,,,,,,
span:AUTH-TAD-0222,cue:NO_TEMPORAL_EXPRESSION,TRIGGERS_CUE,,,,,,,,,,,
span:AUTH-TAD-0222,cue:TIME_ADVERB,TRIGGERS_CUE,,,,,,,,,,,
span:AUTH-TAD-0222,rule:R_TEMP_OTHER_01,MATCHES_RULE,,,,,,,,1.0,OTHER,90.0,false
sentence:SENT-0188,source:GRAMMAR_MANUAL_INTERMEDIATE,DERIVED_FROM,,,,,112,哪怕这件衣服已经打折了，价格还是很高,,,,,
sentence:SENT-0188,span:AUTH-TAD-0223,HAS_CANDIDATE,,,,,,,,,,,
span:AUTH-TAD-0223,consensus:AUTH-TAD-0223,HAS_CONSENSUS,,,,,,,,,,,
consensus:AUTH-TAD-0223,function:TEMPORAL_ADVERBIAL,MAPS_TO,,,,,,,,,,,
span:AUTH-TAD-0223,cleaning:A_主评测候选,HAS_CLEANING_STATUS,,,,,,,主实验/严格评测,,,,
span:AUTH-TAD-0223,ambiguity:无重复,HAS_AMBIGUITY,,,,,,,,,,,
span:AUTH-TAD-0223,ambiguity:来源字段完整但仍需正版逐页核验,HAS_AMBIGUITY,,,,,,,,,,,
span:AUTH-TAD-0223,annotation:span:AUTH-TAD-0223:r1,ANNOTATED_BY,,,,,,,,,,,
annotation:span:AUTH-TAD-0223:r1,rater:rater_1,MADE_BY,,,,,,,,,,,
span:AUTH-TAD-0223,annotation:span:AUTH-TAD-0223:r2,ANNOTATED_BY,,,,,,,,,,,
annotation:span:AUTH-TAD-0223:r2,rater:rater_2,MADE_BY,,,,,,,,,,,
span:AUTH-TAD-0223,annotation:span:AUTH-TAD-0223:r3,ANNOTATED_BY,,,,,,,,,,,
annotation:span:AUTH-TAD-0223:r3,rater:rater_3,MADE_BY,,,,,,,,,,,
span:AUTH-TAD-0223,cue:BEFORE_PREDICATE,TRIGGERS_CUE,,,,,,,,,,,
span:AUTH-TAD-0223,cue:EVENT_TIME,TRIGGERS_CUE,,,,,,,,,,,
span:AUTH-TAD-0223,cue:TIME_NOUN,TRIGGERS_CUE,,,,,,,,,,,
span:AUTH-TAD-0223,rule:R_TEMP_ADV_01,MATCHES_RULE,,,,,,,,1.0,TEMPORAL_ADVERBIAL,90.0,true
span:AUTH-TAD-0223,rule:R_TEMP_ADV_02,MATCHES_RULE,,,,,,,,2.0,TEMPORAL_ADVERBIAL,88.0,true
span:AUTH-TAD-0223,rule:R_TEMP_KG_ADV_02,MATCHES_RULE,,,,,,,,3.0,TEMPORAL_ADVERBIAL,72.0,true
sentence:SENT-0277,source:GRAMMAR_MANUAL_ELEMENTARY,DERIVED_FROM,,,,,60,”多用于将来要重复的动作或没有完成的事情，不能用于已经发生的事 情,,,,,
sentence:SENT-0277,span:AUTH-TAD-0224,HAS_CANDIDATE,,,,,,,,,,,
span:AUTH-TAD-0224,consensus:AUTH-TAD-0224,HAS_CONSENSUS,,,,,,,,,,,
consensus:AUTH-TAD-0224,function:TEMPORAL_ADVERBIAL,MAPS_TO,,,,,,,,,,,
span:AUTH-TAD-0224,cleaning:A_主评测候选,HAS_CLEANING_STATUS,,,,,,,主实验/严格评测,,,,
span:AUTH-TAD-0224,ambiguity:无重复,HAS_AMBIGUITY,,,,,,,,,,,
span:AUTH-TAD-0224,ambiguity:来源字段完整但仍需正版逐页核验,HAS_AMBIGUITY,,,,,,,,,,,
span:AUTH-TAD-0224,annotation:span:AUTH-TAD-0224:r1,ANNOTATED_BY,,,,,,,,,,,
annotation:span:AUTH-TAD-0224:r1,rater:rater_1,MADE_BY,,,,,,,,,,,
span:AUTH-TAD-0224,annotation:span:AUTH-TAD-0224:r2,ANNOTATED_BY,,,,,,,,,,,
annotation:span:AUTH-TAD-0224:r2,rater:rater_2,MADE_BY,,,,,,,,,,,
span:AUTH-TAD-0224,annotation:span:AUTH-TAD-0224:r3,ANNOTATED_BY,,,,,,,,,,,
annotation:span:AUTH-TAD-0224:r3,rater:rater_3,MADE_BY,,,,,,,,,,,
span:AUTH-TAD-0224,cue:BEFORE_PREDICATE,TRIGGERS_CUE,,,,,,,,,,,
span:AUTH-TAD-0224,cue:EVENT_TIME,TRIGGERS_CUE,,,,,,,,,,,
span:AUTH-TAD-0224,cue:TIME_NOUN,TRIGGERS_CUE,,,,,,,,,,,
span:AUTH-TAD-0224,rule:R_TEMP_ADV_01,MATCHES_RULE,,,,,,,,1.0,TEMPORAL_ADVERBIAL,90.0,true
span:AUTH-TAD-0224,rule:R_TEMP_ADV_02,MATCHES_RULE,,,,,,,,2.0,TEMPORAL_ADVERBIAL,88.0,true
span:AUTH-TAD-0224,rule:R_TEMP_KG_ADV_02,MATCHES_RULE,,,,,,,,3.0,TEMPORAL_ADVERBIAL,72.0,true
sentence:SENT-0087,source:GRAMMAR_MANUAL_INTERMEDIATE,DERIVED_FROM,,,,,72,在采访中，这位明星提到了小时候的经历,,,,,
sentence:SENT-0087,span:AUTH-TAD-0225,HAS_CANDIDATE,,,,,,,,,,,
span:AUTH-TAD-0225,consensus:AUTH-TAD-0225,HAS_CONSENSUS,,,,,,,,,,,
consensus:AUTH-TAD-0225,function:ATTRIBUTE,MAPS_TO,,,,,,,,,,,
span:AUTH-TAD-0225,cleaning:B_边界复核集,HAS_CLEANING_STATUS,,,,,,,边界集/鲁棒性分析,,,,
span:AUTH-TAD-0225,ambiguity:可能为时间定语,HAS_AMBIGUITY,,,,,,,,,,,
span:AUTH-TAD-0225,ambiguity:时量补语_持续时间边界,HAS_AMBIGUITY,,,,,,,,,,,
span:AUTH-TAD-0225,ambiguity:无重复,HAS_AMBIGUITY,,,,,,,,,,,
span:AUTH-TAD-0225,ambiguity:来源字段完整但仍需正版逐页核验,HAS_AMBIGUITY,,,,,,,,,,,
span:AUTH-TAD-0225,annotation:span:AUTH-TAD-0225:r1,ANNOTATED_BY,,,,,,,,,,,
annotation:span:AUTH-TAD-0225:r1,rater:rater_1,MADE_BY,,,,,,,,,,,
span:AUTH-TAD-0225,annotation:span:AUTH-TAD-0225:r2,ANNOTATED_BY,,,,,,,,,,,
annotation:span:AUTH-TAD-0225:r2,rater:rater_2,MADE_BY,,,,,,,,,,,
span:AUTH-TAD-0225,annotation:span:AUTH-TAD-0225:r3,ANNOTATED_BY,,,,,,,,,,,
annotation:span:AUTH-TAD-0225:r3,rater:rater_3,MADE_BY,,,,,,,,,,,
span:AUTH-TAD-0225,cue:ATTR_DE_DIRECT,TRIGGERS_CUE,,,,,,,,,,,
span:AUTH-TAD-0225,cue:ATTR_NOMINAL_DIRECT,TRIGGERS_CUE,,,,,,,,,,,
span:AUTH-TAD-0225,cue:BEFORE_PREDICATE,TRIGGERS_CUE,,,,,,,,,,,
span:AUTH-TAD-0225,cue:DE_PARTICLE,TRIGGERS_CUE,,,,,,,,,,,
span:AUTH-TAD-0225,cue:EVENT_TIME,TRIGGERS_CUE,,,,,,,,,,,
span:AUTH-TAD-0225,cue:NOMINAL_HEAD,TRIGGERS_CUE,,,,,,,,,,,
span:AUTH-TAD-0225,cue:NO_TEMPORAL_EXPRESSION,TRIGGERS_CUE,,,,,,,,,,,
span:AUTH-TAD-0225,rule:R_TEMP_KG_ATTR_01,MATCHES_RULE,,,,,,,,1.0,ATTRIBUTE,128.0,true
span:AUTH-TAD-0225,rule:R_TEMP_KG_ATTR_02,MATCHES_RULE,,,,,,,,2.0,ATTRIBUTE,126.0,true
span:AUTH-TAD-0225,rule:R_TEMP_ATTR_01,MATCHES_RULE,,,,,,,,3.0,ATTRIBUTE,95.0,true
sentence:SENT-0072,source:GRAMMAR_MANUAL_ADVANCED,DERIVED_FROM,,,,,173,话 例句 交际实践 这部电影之所以好 (在电影院，刚看完电影) 看，是因为内容很 A:这部电,,,,,
sentence:SENT-0072,span:AUTH-TAD-0226,HAS_CANDIDATE,,,,,,,,,,,
span:AUTH-TAD-0226,consensus:AUTH-TAD-0226,HAS_CONSENSUS,,,,,,,,,,,
consensus:AUTH-TAD-0226,function:TEMPORAL_ADVERBIAL,MAPS_TO,,,,,,,,,,,
span:AUTH-TAD-0226,cleaning:B_边界复核集,HAS_CLEANING_STATUS,,,,,,,边界集/鲁棒性分析,,,,
span:AUTH-TAD-0226,ambiguity:时间副词_体貌副词边界,HAS_AMBIGUITY,,,,,,,,,,,
span:AUTH-TAD-0226,ambiguity:无重复,HAS_AMBIGUITY,,,,,,,,,,,
span:AUTH-TAD-0226,ambiguity:来源字段完整但仍需正版逐页核验,HAS_AMBIGUITY,,,,,,,,,,,
span:AUTH-TAD-0226,annotation:span:AUTH-TAD-0226:r1,ANNOTATED_BY,,,,,,,,,,,
annotation:span:AUTH-TAD-0226:r1,rater:rater_1,MADE_BY,,,,,,,,,,,
span:AUTH-TAD-0226,annotation:span:AUTH-TAD-0226:r2,ANNOTATED_BY,,,,,,,,,,,
annotation:span:AUTH-TAD-0226:r2,rater:rater_2,MADE_BY,,,,,,,,,,,
span:AUTH-TAD-0226,annotation:span:AUTH-TAD-0226:r3,ANNOTATED_BY,,,,,,,,,,,
annotation:span:AUTH-TAD-0226:r3,rater:rater_3,MADE_BY,,,,,,,,,,,
span:AUTH-TAD-0226,cue:TIME_FREQUENCY,TRIGGERS_CUE,,,,,,,,,,,
span:AUTH-TAD-0226,rule:R_TEMP_KG_ADV_01,MATCHES_RULE,,,,,,,,1.0,TEMPORAL_ADVERBIAL,79.0,true
sentence:SENT-0254,source:GRAMMAR_MANUAL_ADVANCED,DERIVED_FROM,,,,,124,七一九级语法点 ◎ 结构特点 由“个”引导的状态补语有两种形式：肯定形式的补语和否定形式的补,,,,,
sentence:SENT-0254,span:AUTH-TAD-0227,HAS_CANDIDATE,,,,,,,,,,,
span:AUTH-TAD-0227,consensus:AUTH-TAD-0227,HAS_CONSENSUS,,,,,,,,,,,
consensus:AUTH-TAD-0227,function:TEMPORAL_ADVERBIAL,MAPS_TO,,,,,,,,,,,
span:AUTH-TAD-0227,cleaning:B_边界复核集,HAS_CLEANING_STATUS,,,,,,,边界集/鲁棒性分析,,,,
span:AUTH-TAD-0227,ambiguity:时量补语_持续时间边界,HAS_AMBIGUITY,,,,,,,,,,,
span:AUTH-TAD-0227,ambiguity:无重复,HAS_AMBIGUITY,,,,,,,,,,,
span:AUTH-TAD-0227,ambiguity:来源字段完整但仍需正版逐页核验,HAS_AMBIGUITY,,,,,,,,,,,
span:AUTH-TAD-0227,annotation:span:AUTH-TAD-0227:r1,ANNOTATED_BY,,,,,,,,,,,
annotation:span:AUTH-TAD-0227:r1,rater:rater_1,MADE_BY,,,,,,,,,,,
span:AUTH-TAD-0227,annotation:span:AUTH-TAD-0227:r2,ANNOTATED_BY,,,,,,,,,,,
annotation:span:AUTH-TAD-0227:r2,rater:rater_2,MADE_BY,,,,,,,,,,,
span:AUTH-TAD-0227,annotation:span:AUTH-TAD-0227:r3,ANNOTATED_BY,,,,,,,,,,,
annotation:span:AUTH-TAD-0227:r3,rater:rater_3,MADE_BY,,,,,,,,,,,
span:AUTH-TAD-0227,cue:BEFORE_PREDICATE,TRIGGERS_CUE,,,,,,,,,,,
span:AUTH-TAD-0227,cue:EVENT_TIME,TRIGGERS_CUE,,,,,,,,,,,
span:AUTH-TAD-0227,cue:TIME_NOUN,TRIGGERS_CUE,,,,,,,,,,,
span:AUTH-TAD-0227,rule:R_TEMP_ADV_01,MATCHES_RULE,,,,,,,,1.0,TEMPORAL_ADVERBIAL,90.0,true
span:AUTH-TAD-0227,rule:R_TEMP_ADV_02,MATCHES_RULE,,,,,,,,2.0,TEMPORAL_ADVERBIAL,88.0,true
span:AUTH-TAD-0227,rule:R_TEMP_KG_ADV_02,MATCHES_RULE,,,,,,,,3.0,TEMPORAL_ADVERBIAL,72.0,true
sentence:SENT-0178,source:GRAMMAR_MANUAL_ADVANCED,DERIVED_FROM,,,,,97,外面的雪时大时小，短时间内停不下来,,,,,
sentence:SENT-0178,span:AUTH-TAD-0228,HAS_CANDIDATE,,,,,,,,,,,
span:AUTH-TAD-0228,consensus:AUTH-TAD-0228,HAS_CONSENSUS,,,,,,,,,,,
consensus:AUTH-TAD-0228,function:COMPLEMENT,MAPS_TO,,,,,,,,,,,
span:AUTH-TAD-0228,cleaning:C_暂不纳入主实验,HAS_CLEANING_STATUS,,,,,,,待复核,,,,
span:AUTH-TAD-0228,ambiguity:时量补语_持续时间边界,HAS_AMBIGUITY,,,,,,,,,,,
span:AUTH-TAD-0228,ambiguity:三人标注不完全一致,HAS_AMBIGUITY,,,,,,,,,,,
span:AUTH-TAD-0228,ambiguity:至少一名标注者修正片段,HAS_AMBIGUITY,,,,,,,,,,,
span:AUTH-TAD-0228,ambiguity:无重复,HAS_AMBIGUITY,,,,,,,,,,,
span:AUTH-TAD-0228,ambiguity:来源字段完整但仍需正版逐页核验,HAS_AMBIGUITY,,,,,,,,,,,
span:AUTH-TAD-0228,annotation:span:AUTH-TAD-0228:r1,ANNOTATED_BY,,,,,,,,,,,
annotation:span:AUTH-TAD-0228:r1,rater:rater_1,MADE_BY,,,,,,,,,,,
span:AUTH-TAD-0228,annotation:span:AUTH-TAD-0228:r2,ANNOTATED_BY,,,,,,,,,,,
annotation:span:AUTH-TAD-0228:r2,rater:rater_2,MADE_BY,,,,,,,,,,,
span:AUTH-TAD-0228,annotation:span:AUTH-TAD-0228:r3,ANNOTATED_BY,,,,,,,,,,,
annotation:span:AUTH-TAD-0228:r3,rater:rater_3,MADE_BY,,,,,,,,,,,
span:AUTH-TAD-0228,cue:AFTER_VERB,TRIGGERS_CUE,,,,,,,,,,,
span:AUTH-TAD-0228,cue:COMPLEMENT_DURATION_CONTEXT,TRIGGERS_CUE,,,,,,,,,,,
span:AUTH-TAD-0228,cue:DURATION_COMPLEMENT,TRIGGERS_CUE,,,,,,,,,,,
span:AUTH-TAD-0228,cue:NO_TEMPORAL_EXPRESSION,TRIGGERS_CUE,,,,,,,,,,,
span:AUTH-TAD-0228,rule:R_TEMP_KG_COMP_01,MATCHES_RULE,,,,,,,,1.0,COMPLEMENT,127.0,true
sentence:SENT-0110,source:GRAMMAR_MANUAL_INTERMEDIATE,DERIVED_FROM,,,,,18,6时间副词(1):按时 【四07】 ◎基本语义,,,,,
sentence:SENT-0110,span:AUTH-TAD-0229,HAS_CANDIDATE,,,,,,,,,,,
span:AUTH-TAD-0229,consensus:AUTH-TAD-0229,HAS_CONSENSUS,,,,,,,,,,,
consensus:AUTH-TAD-0229,function:TEMPORAL_ADVERBIAL,MAPS_TO,,,,,,,,,,,
span:AUTH-TAD-0229,cleaning:A_主评测候选,HAS_CLEANING_STATUS,,,,,,,主实验/严格评测,,,,
span:AUTH-TAD-0229,ambiguity:无重复,HAS_AMBIGUITY,,,,,,,,,,,
span:AUTH-TAD-0229,ambiguity:来源字段完整但仍需正版逐页核验,HAS_AMBIGUITY,,,,,,,,,,,
span:AUTH-TAD-0229,annotation:span:AUTH-TAD-0229:r1,ANNOTATED_BY,,,,,,,,,,,
annotation:span:AUTH-TAD-0229:r1,rater:rater_1,MADE_BY,,,,,,,,,,,
span:AUTH-TAD-0229,annotation:span:AUTH-TAD-0229:r2,ANNOTATED_BY,,,,,,,,,,,
annotation:span:AUTH-TAD-0229:r2,rater:rater_2,MADE_BY,,,,,,,,,,,
span:AUTH-TAD-0229,annotation:span:AUTH-TAD-0229:r3,ANNOTATED_BY,,,,,,,,,,,
annotation:span:AUTH-TAD-0229:r3,rater:rater_3,MADE_BY,,,,,,,,,,,
span:AUTH-TAD-0229,cue:BEFORE_PREDICATE,TRIGGERS_CUE,,,,,,,,,,,
span:AUTH-TAD-0229,cue:EVENT_TIME,TRIGGERS_CUE,,,,,,,,,,,
span:AUTH-TAD-0229,cue:TIME_FREQUENCY,TRIGGERS_CUE,,,,,,,,,,,
span:AUTH-TAD-0229,rule:R_TEMP_ADV_04,MATCHES_RULE,,,,,,,,1.0,TEMPORAL_ADVERBIAL,84.0,true
span:AUTH-TAD-0229,rule:R_TEMP_KG_ADV_01,MATCHES_RULE,,,,,,,,2.0,TEMPORAL_ADVERBIAL,79.0,true
sentence:SENT-0237,source:GRAMMAR_MANUAL_ADVANCED,DERIVED_FROM,,,,,81,你刚开始是一套， (在咖啡厅，聊不被信任的原,,,,,
sentence:SENT-0237,span:AUTH-TAD-0230,HAS_CANDIDATE,,,,,,,,,,,
span:AUTH-TAD-0230,consensus:AUTH-TAD-0230,HAS_CONSENSUS,,,,,,,,,,,
consensus:AUTH-TAD-0230,function:OTHER,MAPS_TO,,,,,,,,,,,
span:AUTH-TAD-0230,cleaning:C_暂不纳入主实验,HAS_CLEANING_STATUS,,,,,,,待复核,,,,
span:AUTH-TAD-0230,ambiguity:相对时间框架边界,HAS_AMBIGUITY,,,,,,,,,,,
span:AUTH-TAD-0230,ambiguity:候选片段与最终片段不一致,HAS_AMBIGUITY,,,,,,,,,,,
span:AUTH-TAD-0230,ambiguity:非目标时间表达,HAS_AMBIGUITY,,,,,,,,,,,
span:AUTH-TAD-0230,ambiguity:三人标注不完全一致,HAS_AMBIGUITY,,,,,,,,,,,
span:AUTH-TAD-0230,ambiguity:至少一名标注者修正片段,HAS_AMBIGUITY,,,,,,,,,,,
span:AUTH-TAD-0230,ambiguity:无重复,HAS_AMBIGUITY,,,,,,,,,,,
span:AUTH-TAD-0230,ambiguity:来源字段完整但仍需正版逐页核验,HAS_AMBIGUITY,,,,,,,,,,,
span:AUTH-TAD-0230,annotation:span:AUTH-TAD-0230:r1,ANNOTATED_BY,,,,,,,,,,,
annotation:span:AUTH-TAD-0230:r1,rater:rater_1,MADE_BY,,,,,,,,,,,
span:AUTH-TAD-0230,annotation:span:AUTH-TAD-0230:r2,ANNOTATED_BY,,,,,,,,,,,
annotation:span:AUTH-TAD-0230:r2,rater:rater_2,MADE_BY,,,,,,,,,,,
span:AUTH-TAD-0230,annotation:span:AUTH-TAD-0230:r3,ANNOTATED_BY,,,,,,,,,,,
annotation:span:AUTH-TAD-0230:r3,rater:rater_3,MADE_BY,,,,,,,,,,,
span:AUTH-TAD-0230,cue:NO_TEMPORAL_EXPRESSION,TRIGGERS_CUE,,,,,,,,,,,
span:AUTH-TAD-0230,cue:REVIEW_NON_TARGET_RISK,TRIGGERS_CUE,,,,,,,,,,,
span:AUTH-TAD-0230,cue:TIME_AFTER_BEFORE,TRIGGERS_CUE,,,,,,,,,,,
span:AUTH-TAD-0230,rule:R_TEMP_KG_OTHER_01,MATCHES_RULE,,,,,,,,1.0,OTHER,130.0,true
sentence:SENT-0421,source:GRAMMAR_MANUAL_ADVANCED,DERIVED_FROM,,,,,49,(2)“莫非”也可以用于单句，位于动词性成分前，作状语,,,,,
sentence:SENT-0421,span:AUTH-TAD-0231,HAS_CANDIDATE,,,,,,,,,,,
span:AUTH-TAD-0231,consensus:AUTH-TAD-0231,HAS_CONSENSUS,,,,,,,,,,,
consensus:AUTH-TAD-0231,function:TEMPORAL_ADVERBIAL,MAPS_TO,,,,,,,,,,,
span:AUTH-TAD-0231,cleaning:A_主评测候选,HAS_CLEANING_STATUS,,,,,,,主实验/严格评测,,,,
span:AUTH-TAD-0231,ambiguity:无重复,HAS_AMBIGUITY,,,,,,,,,,,
span:AUTH-TAD-0231,ambiguity:来源字段完整但仍需正版逐页核验,HAS_AMBIGUITY,,,,,,,,,,,
span:AUTH-TAD-0231,annotation:span:AUTH-TAD-0231:r1,ANNOTATED_BY,,,,,,,,,,,
annotation:span:AUTH-TAD-0231:r1,rater:rater_1,MADE_BY,,,,,,,,,,,
span:AUTH-TAD-0231,annotation:span:AUTH-TAD-0231:r2,ANNOTATED_BY,,,,,,,,,,,
annotation:span:AUTH-TAD-0231:r2,rater:rater_2,MADE_BY,,,,,,,,,,,
span:AUTH-TAD-0231,annotation:span:AUTH-TAD-0231:r3,ANNOTATED_BY,,,,,,,,,,,
annotation:span:AUTH-TAD-0231:r3,rater:rater_3,MADE_BY,,,,,,,,,,,
span:AUTH-TAD-0231,cue:BEFORE_PREDICATE,TRIGGERS_CUE,,,,,,,,,,,
span:AUTH-TAD-0231,cue:EVENT_TIME,TRIGGERS_CUE,,,,,,,,,,,
span:AUTH-TAD-0231,cue:TIME_NOUN,TRIGGERS_CUE,,,,,,,,,,,
span:AUTH-TAD-0231,rule:R_TEMP_ADV_01,MATCHES_RULE,,,,,,,,1.0,TEMPORAL_ADVERBIAL,90.0,true
span:AUTH-TAD-0231,rule:R_TEMP_ADV_02,MATCHES_RULE,,,,,,,,2.0,TEMPORAL_ADVERBIAL,88.0,true
span:AUTH-TAD-0231,rule:R_TEMP_KG_ADV_02,MATCHES_RULE,,,,,,,,3.0,TEMPORAL_ADVERBIAL,72.0,true
sentence:SENT-0401,source:GRAMMAR_MANUAL_ELEMENTARY,DERIVED_FROM,,,,,332,例如： *电话里已经告诉他了，另外的我又写了一封信过去,,,,,
sentence:SENT-0401,span:AUTH-TAD-0232,HAS_CANDIDATE,,,,,,,,,,,
span:AUTH-TAD-0232,consensus:AUTH-TAD-0232,HAS_CONSENSUS,,,,,,,,,,,
consensus:AUTH-TAD-0232,function:TEMPORAL_ADVERBIAL,MAPS_TO,,,,,,,,,,,
span:AUTH-TAD-0232,cleaning:B_边界复核集,HAS_CLEANING_STATUS,,,,,,,边界集/鲁棒性分析,,,,
span:AUTH-TAD-0232,ambiguity:时间副词_体貌副词边界,HAS_AMBIGUITY,,,,,,,,,,,
span:AUTH-TAD-0232,ambiguity:无重复,HAS_AMBIGUITY,,,,,,,,,,,
span:AUTH-TAD-0232,ambiguity:来源字段完整但仍需正版逐页核验,HAS_AMBIGUITY,,,,,,,,,,,
span:AUTH-TAD-0232,annotation:span:AUTH-TAD-0232:r1,ANNOTATED_BY,,,,,,,,,,,
annotation:span:AUTH-TAD-0232:r1,rater:rater_1,MADE_BY,,,,,,,,,,,
span:AUTH-TAD-0232,annotation:span:AUTH-TAD-0232:r2,ANNOTATED_BY,,,,,,,,,,,
annotation:span:AUTH-TAD-0232:r2,rater:rater_2,MADE_BY,,,,,,,,,,,
span:AUTH-TAD-0232,annotation:span:AUTH-TAD-0232:r3,ANNOTATED_BY,,,,,,,,,,,
annotation:span:AUTH-TAD-0232:r3,rater:rater_3,MADE_BY,,,,,,,,,,,
span:AUTH-TAD-0232,cue:BEFORE_PREDICATE,TRIGGERS_CUE,,,,,,,,,,,
span:AUTH-TAD-0232,cue:EVENT_TIME,TRIGGERS_CUE,,,,,,,,,,,
span:AUTH-TAD-0232,cue:TIME_ADVERB,TRIGGERS_CUE,,,,,,,,,,,
span:AUTH-TAD-0232,cue:TIME_FREQUENCY,TRIGGERS_CUE,,,,,,,,,,,
span:AUTH-TAD-0232,rule:R_TEMP_ADV_04,MATCHES_RULE,,,,,,,,1.0,TEMPORAL_ADVERBIAL,84.0,true
span:AUTH-TAD-0232,rule:R_TEMP_ADV_19,MATCHES_RULE,,,,,,,,2.0,TEMPORAL_ADVERBIAL,84.0,true
span:AUTH-TAD-0232,rule:R_TEMP_KG_ADV_01,MATCHES_RULE,,,,,,,,3.0,TEMPORAL_ADVERBIAL,79.0,true
span:AUTH-TAD-0232,rule:R_TEMP_ADV_08,MATCHES_RULE,,,,,,,,4.0,TEMPORAL_ADVERBIAL,78.0,true
span:AUTH-TAD-0232,rule:R_TEMP_ADV_11,MATCHES_RULE,,,,,,,,5.0,TEMPORAL_ADVERBIAL,73.0,true
sentence:SENT-0005,source:GRAMMAR_MANUAL_INTERMEDIATE,DERIVED_FROM,,,,,106,不管有 电脑? 丈夫：已经约好了,,,,,
sentence:SENT-0005,span:AUTH-TAD-0233,HAS_CANDIDATE,,,,,,,,,,,
span:AUTH-TAD-0233,consensus:AUTH-TAD-0233,HAS_CONSENSUS,,,,,,,,,,,
consensus:AUTH-TAD-0233,function:TEMPORAL_ADVERBIAL,MAPS_TO,,,,,,,,,,,
span:AUTH-TAD-0233,cleaning:B_边界复核集,HAS_CLEANING_STATUS,,,,,,,边界集/鲁棒性分析,,,,
span:AUTH-TAD-0233,ambiguity:时间副词_体貌副词边界,HAS_AMBIGUITY,,,,,,,,,,,
span:AUTH-TAD-0233,ambiguity:无重复,HAS_AMBIGUITY,,,,,,,,,,,
span:AUTH-TAD-0233,ambiguity:来源字段完整但仍需正版逐页核验,HAS_AMBIGUITY,,,,,,,,,,,
span:AUTH-TAD-0233,annotation:span:AUTH-TAD-0233:r1,ANNOTATED_BY,,,,,,,,,,,
annotation:span:AUTH-TAD-0233:r1,rater:rater_1,MADE_BY,,,,,,,,,,,
span:AUTH-TAD-0233,annotation:span:AUTH-TAD-0233:r2,ANNOTATED_BY,,,,,,,,,,,
annotation:span:AUTH-TAD-0233:r2,rater:rater_2,MADE_BY,,,,,,,,,,,
span:AUTH-TAD-0233,annotation:span:AUTH-TAD-0233:r3,ANNOTATED_BY,,,,,,,,,,,
annotation:span:AUTH-TAD-0233:r3,rater:rater_3,MADE_BY,,,,,,,,,,,
span:AUTH-TAD-0233,cue:BEFORE_PREDICATE,TRIGGERS_CUE,,,,,,,,,,,
span:AUTH-TAD-0233,cue:EVENT_TIME,TRIGGERS_CUE,,,,,,,,,,,
span:AUTH-TAD-0233,cue:STATIVE_PREDICATE,TRIGGERS_CUE,,,,,,,,,,,
span:AUTH-TAD-0233,cue:TIME_ADVERB,TRIGGERS_CUE,,,,,,,,,,,
span:AUTH-TAD-0233,cue:TIME_FREQUENCY,TRIGGERS_CUE,,,,,,,,,,,
span:AUTH-TAD-0233,rule:R_TEMP_ADV_04,MATCHES_RULE,,,,,,,,1.0,TEMPORAL_ADVERBIAL,84.0,true
span:AUTH-TAD-0233,rule:R_TEMP_ADV_19,MATCHES_RULE,,,,,,,,2.0,TEMPORAL_ADVERBIAL,84.0,true
span:AUTH-TAD-0233,rule:R_TEMP_KG_ADV_01,MATCHES_RULE,,,,,,,,3.0,TEMPORAL_ADVERBIAL,79.0,true
span:AUTH-TAD-0233,rule:R_TEMP_ADV_08,MATCHES_RULE,,,,,,,,4.0,TEMPORAL_ADVERBIAL,78.0,true
span:AUTH-TAD-0233,rule:R_TEMP_ADV_11,MATCHES_RULE,,,,,,,,5.0,TEMPORAL_ADVERBIAL,73.0,true
sentence:SENT-0041,source:GRAMMAR_MANUAL_ELEMENTARY,DERIVED_FROM,,,,,212,这么流利吗? B:没错，听说她家的 B:我妹妹刚刚开始学 院子有球场那么大,,,,,
sentence:SENT-0041,span:AUTH-TAD-0234,HAS_CANDIDATE,,,,,,,,,,,
span:AUTH-TAD-0234,consensus:AUTH-TAD-0234,HAS_CONSENSUS,,,,,,,,,,,
consensus:AUTH-TAD-0234,function:TEMPORAL_ADVERBIAL,MAPS_TO,,,,,,,,,,,
span:AUTH-TAD-0234,cleaning:A_主评测候选,HAS_CLEANING_STATUS,,,,,,,主实验/严格评测,,,,
span:AUTH-TAD-0234,ambiguity:无重复,HAS_AMBIGUITY,,,,,,,,,,,
span:AUTH-TAD-0234,ambiguity:来源字段完整但仍需正版逐页核验,HAS_AMBIGUITY,,,,,,,,,,,
span:AUTH-TAD-0234,annotation:span:AUTH-TAD-0234:r1,ANNOTATED_BY,,,,,,,,,,,
annotation:span:AUTH-TAD-0234:r1,rater:rater_1,MADE_BY,,,,,,,,,,,
span:AUTH-TAD-0234,annotation:span:AUTH-TAD-0234:r2,ANNOTATED_BY,,,,,,,,,,,
annotation:span:AUTH-TAD-0234:r2,rater:rater_2,MADE_BY,,,,,,,,,,,
span:AUTH-TAD-0234,annotation:span:AUTH-TAD-0234:r3,ANNOTATED_BY,,,,,,,,,,,
annotation:span:AUTH-TAD-0234:r3,rater:rater_3,MADE_BY,,,,,,,,,,,
span:AUTH-TAD-0234,cue:BEFORE_PREDICATE,TRIGGERS_CUE,,,,,,,,,,,
span:AUTH-TAD-0234,cue:EVENT_TIME,TRIGGERS_CUE,,,,,,,,,,,
span:AUTH-TAD-0234,cue:SENTENCE_INITIAL,TRIGGERS_CUE,,,,,,,,,,,
span:AUTH-TAD-0234,cue:TIME_NOUN,TRIGGERS_CUE,,,,,,,,,,,
span:AUTH-TAD-0234,rule:R_TEMP_ADV_01,MATCHES_RULE,,,,,,,,1.0,TEMPORAL_ADVERBIAL,90.0,true
span:AUTH-TAD-0234,rule:R_TEMP_ADV_02,MATCHES_RULE,,,,,,,,2.0,TEMPORAL_ADVERBIAL,88.0,true
span:AUTH-TAD-0234,rule:R_TEMP_KG_ADV_02,MATCHES_RULE,,,,,,,,3.0,TEMPORAL_ADVERBIAL,72.0,true
sentence:SENT-0428,source:GRAMMAR_MANUAL_ELEMENTARY,DERIVED_FROM,,,,,42,,,,,,
sentence:SENT-0428,span:AUTH-TAD-0235,HAS_CANDIDATE,,,,,,,,,,,
span:AUTH-TAD-0235,consensus:AUTH-TAD-0235,HAS_CONSENSUS,,,,,,,,,,,
consensus:AUTH-TAD-0235,function:TEMPORAL_ADVERBIAL,MAPS_TO,,,,,,,,,,,
span:AUTH-TAD-0235,cleaning:B_边界复核集,HAS_CLEANING_STATUS,,,,,,,边界集/鲁棒性分析,,,,
span:AUTH-TAD-0235,ambiguity:页面线索缺失,HAS_AMBIGUITY,,,,,,,,,,,
span:AUTH-TAD-0235,ambiguity:无重复,HAS_AMBIGUITY,,,,,,,,,,,
span:AUTH-TAD-0235,annotation:span:AUTH-TAD-0235:r1,ANNOTATED_BY,,,,,,,,,,,
annotation:span:AUTH-TAD-0235:r1,rater:rater_1,MADE_BY,,,,,,,,,,,
span:AUTH-TAD-0235,annotation:span:AUTH-TAD-0235:r2,ANNOTATED_BY,,,,,,,,,,,
annotation:span:AUTH-TAD-0235:r2,rater:rater_2,MADE_BY,,,,,,,,,,,
span:AUTH-TAD-0235,annotation:span:AUTH-TAD-0235:r3,ANNOTATED_BY,,,,,,,,,,,
annotation:span:AUTH-TAD-0235:r3,rater:rater_3,MADE_BY,,,,,,,,,,,
span:AUTH-TAD-0235,cue:BEFORE_PREDICATE,TRIGGERS_CUE,,,,,,,,,,,
span:AUTH-TAD-0235,cue:EVENT_TIME,TRIGGERS_CUE,,,,,,,,,,,
span:AUTH-TAD-0235,cue:TIME_NOUN,TRIGGERS_CUE,,,,,,,,,,,
span:AUTH-TAD-0235,rule:R_TEMP_ADV_01,MATCHES_RULE,,,,,,,,1.0,TEMPORAL_ADVERBIAL,90.0,true
span:AUTH-TAD-0235,rule:R_TEMP_ADV_02,MATCHES_RULE,,,,,,,,2.0,TEMPORAL_ADVERBIAL,88.0,true
span:AUTH-TAD-0235,rule:R_TEMP_KG_ADV_02,MATCHES_RULE,,,,,,,,3.0,TEMPORAL_ADVERBIAL,72.0,true
sentence:SENT-0410,source:GRAMMAR_MANUAL_INTERMEDIATE,DERIVED_FROM,,,,,36,我刚开始也不 学生：老师，我们觉 B:真的吗,,,,,
sentence:SENT-0410,span:AUTH-TAD-0236,HAS_CANDIDATE,,,,,,,,,,,
span:AUTH-TAD-0236,consensus:AUTH-TAD-0236,HAS_CONSENSUS,,,,,,,,,,,
consensus:AUTH-TAD-0236,function:TEMPORAL_ADVERBIAL,MAPS_TO,,,,,,,,,,,
span:AUTH-TAD-0236,cleaning:B_边界复核集,HAS_CLEANING_STATUS,,,,,,,边界集/鲁棒性分析,,,,
span:AUTH-TAD-0236,ambiguity:时量补语_持续时间边界,HAS_AMBIGUITY,,,,,,,,,,,
span:AUTH-TAD-0236,ambiguity:无重复,HAS_AMBIGUITY,,,,,,,,,,,
span:AUTH-TAD-0236,ambiguity:来源字段完整但仍需正版逐页核验,HAS_AMBIGUITY,,,,,,,,,,,
span:AUTH-TAD-0236,annotation:span:AUTH-TAD-0236:r1,ANNOTATED_BY,,,,,,,,,,,
annotation:span:AUTH-TAD-0236:r1,rater:rater_1,MADE_BY,,,,,,,,,,,
span:AUTH-TAD-0236,annotation:span:AUTH-TAD-0236:r2,ANNOTATED_BY,,,,,,,,,,,
annotation:span:AUTH-TAD-0236:r2,rater:rater_2,MADE_BY,,,,,,,,,,,
span:AUTH-TAD-0236,annotation:span:AUTH-TAD-0236:r3,ANNOTATED_BY,,,,,,,,,,,
annotation:span:AUTH-TAD-0236:r3,rater:rater_3,MADE_BY,,,,,,,,,,,
span:AUTH-TAD-0236,cue:BEFORE_PREDICATE,TRIGGERS_CUE,,,,,,,,,,,
span:AUTH-TAD-0236,cue:EVENT_TIME,TRIGGERS_CUE,,,,,,,,,,,
span:AUTH-TAD-0236,cue:TIME_POINT,TRIGGERS_CUE,,,,,,,,,,,
sentence:SENT-0374,source:GRAMMAR_MANUAL_ELEMENTARY,DERIVED_FROM,,,,,383,，他 为了学好中文，我每 为了让父母放心，我例句 每天坚持运动,,,,,
sentence:SENT-0374,span:AUTH-TAD-0237,HAS_CANDIDATE,,,,,,,,,,,
span:AUTH-TAD-0237,consensus:AUTH-TAD-0237,HAS_CONSENSUS,,,,,,,,,,,
consensus:AUTH-TAD-0237,function:TEMPORAL_ADVERBIAL,MAPS_TO,,,,,,,,,,,
span:AUTH-TAD-0237,cleaning:A_主评测候选,HAS_CLEANING_STATUS,,,,,,,主实验/严格评测,,,,
span:AUTH-TAD-0237,ambiguity:无重复,HAS_AMBIGUITY,,,,,,,,,,,
span:AUTH-TAD-0237,ambiguity:来源字段完整但仍需正版逐页核验,HAS_AMBIGUITY,,,,,,,,,,,
span:AUTH-TAD-0237,annotation:span:AUTH-TAD-0237:r1,ANNOTATED_BY,,,,,,,,,,,
annotation:span:AUTH-TAD-0237:r1,rater:rater_1,MADE_BY,,,,,,,,,,,
span:AUTH-TAD-0237,annotation:span:AUTH-TAD-0237:r2,ANNOTATED_BY,,,,,,,,,,,
annotation:span:AUTH-TAD-0237:r2,rater:rater_2,MADE_BY,,,,,,,,,,,
span:AUTH-TAD-0237,annotation:span:AUTH-TAD-0237:r3,ANNOTATED_BY,,,,,,,,,,,
annotation:span:AUTH-TAD-0237:r3,rater:rater_3,MADE_BY,,,,,,,,,,,
span:AUTH-TAD-0237,cue:BEFORE_PREDICATE,TRIGGERS_CUE,,,,,,,,,,,
span:AUTH-TAD-0237,cue:EVENT_TIME,TRIGGERS_CUE,,,,,,,,,,,
span:AUTH-TAD-0237,cue:SENTENCE_INITIAL,TRIGGERS_CUE,,,,,,,,,,,
span:AUTH-TAD-0237,cue:TIME_FREQUENCY,TRIGGERS_CUE,,,,,,,,,,,
span:AUTH-TAD-0237,rule:R_TEMP_ADV_04,MATCHES_RULE,,,,,,,,1.0,TEMPORAL_ADVERBIAL,84.0,true
span:AUTH-TAD-0237,rule:R_TEMP_KG_ADV_01,MATCHES_RULE,,,,,,,,2.0,TEMPORAL_ADVERBIAL,79.0,true
sentence:SENT-0156,source:GRAMMAR_MANUAL_INTERMEDIATE,DERIVED_FROM,,,,,14,不去嘛! ◎结构特点 “人家”可以作主语、宾语或者定语,,,,,
sentence:SENT-0156,span:AUTH-TAD-0238,HAS_CANDIDATE,,,,,,,,,,,
span:AUTH-TAD-0238,consensus:AUTH-TAD-0238,HAS_CONSENSUS,,,,,,,,,,,
consensus:AUTH-TAD-0238,function:ATTRIBUTE,MAPS_TO,,,,,,,,,,,
span:AUTH-TAD-0238,cleaning:B_边界复核集,HAS_CLEANING_STATUS,,,,,,,边界集/鲁棒性分析,,,,
span:AUTH-TAD-0238,ambiguity:可能为时间定语,HAS_AMBIGUITY,,,,,,,,,,,
span:AUTH-TAD-0238,ambiguity:无重复,HAS_AMBIGUITY,,,,,,,,,,,
span:AUTH-TAD-0238,ambiguity:来源字段完整但仍需正版逐页核验,HAS_AMBIGUITY,,,,,,,,,,,
span:AUTH-TAD-0238,annotation:span:AUTH-TAD-0238:r1,ANNOTATED_BY,,,,,,,,,,,
annotation:span:AUTH-TAD-0238:r1,rater:rater_1,MADE_BY,,,,,,,,,,,
span:AUTH-TAD-0238,annotation:span:AUTH-TAD-0238:r2,ANNOTATED_BY,,,,,,,,,,,
annotation:span:AUTH-TAD-0238:r2,rater:rater_2,MADE_BY,,,,,,,,,,,
span:AUTH-TAD-0238,annotation:span:AUTH-TAD-0238:r3,ANNOTATED_BY,,,,,,,,,,,
annotation:span:AUTH-TAD-0238:r3,rater:rater_3,MADE_BY,,,,,,,,,,,
span:AUTH-TAD-0238,cue:ATTR_DE_DIRECT,TRIGGERS_CUE,,,,,,,,,,,
span:AUTH-TAD-0238,cue:ATTR_NOMINAL_DIRECT,TRIGGERS_CUE,,,,,,,,,,,
span:AUTH-TAD-0238,cue:DE_PARTICLE,TRIGGERS_CUE,,,,,,,,,,,
span:AUTH-TAD-0238,cue:NOMINAL_HEAD,TRIGGERS_CUE,,,,,,,,,,,
span:AUTH-TAD-0238,cue:TIME_NOUN,TRIGGERS_CUE,,,,,,,,,,,
span:AUTH-TAD-0238,rule:R_TEMP_KG_ATTR_01,MATCHES_RULE,,,,,,,,1.0,ATTRIBUTE,128.0,true
span:AUTH-TAD-0238,rule:R_TEMP_KG_ATTR_02,MATCHES_RULE,,,,,,,,2.0,ATTRIBUTE,126.0,true
span:AUTH-TAD-0238,rule:R_TEMP_ATTR_01,MATCHES_RULE,,,,,,,,3.0,ATTRIBUTE,95.0,true
span:AUTH-TAD-0238,rule:R_TEMP_ATTR_03,MATCHES_RULE,,,,,,,,4.0,ATTRIBUTE,88.0,true
span:AUTH-TAD-0238,rule:R_TEMP_KG_ADV_02,MATCHES_RULE,,,,,,,,5.0,TEMPORAL_ADVERBIAL,72.0,false
sentence:SENT-0063,source:GRAMMAR_MANUAL_ADVANCED,DERIVED_FROM,,,,,65,◎ 补充例句 他每天的工作无非就是联系客户、推销新产品,,,,,
sentence:SENT-0063,span:AUTH-TAD-0239,HAS_CANDIDATE,,,,,,,,,,,
span:AUTH-TAD-0239,consensus:AUTH-TAD-0239,HAS_CONSENSUS,,,,,,,,,,,
consensus:AUTH-TAD-0239,function:ATTRIBUTE,MAPS_TO,,,,,,,,,,,
span:AUTH-TAD-0239,cleaning:C_暂不纳入主实验,HAS_CLEANING_STATUS,,,,,,,待复核,,,,
span:AUTH-TAD-0239,ambiguity:原表已建议复核_剔除,HAS_AMBIGUITY,,,,,,,,,,,
span:AUTH-TAD-0239,ambiguity:时量补语_持续时间边界,HAS_AMBIGUITY,,,,,,,,,,,
span:AUTH-TAD-0239,ambiguity:三人标注不完全一致,HAS_AMBIGUITY,,,,,,,,,,,
span:AUTH-TAD-0239,ambiguity:至少一名标注者修正片段,HAS_AMBIGUITY,,,,,,,,,,,
span:AUTH-TAD-0239,ambiguity:同句多候选_重复句,HAS_AMBIGUITY,,,,,,,,,,,
span:AUTH-TAD-0239,ambiguity:来源字段完整但仍需正版逐页核验,HAS_AMBIGUITY,,,,,,,,,,,
span:AUTH-TAD-0239,annotation:span:AUTH-TAD-0239:r1,ANNOTATED_BY,,,,,,,,,,,
annotation:span:AUTH-TAD-0239:r1,rater:rater_1,MADE_BY,,,,,,,,,,,
span:AUTH-TAD-0239,annotation:span:AUTH-TAD-0239:r2,ANNOTATED_BY,,,,,,,,,,,
annotation:span:AUTH-TAD-0239:r2,rater:rater_2,MADE_BY,,,,,,,,,,,
span:AUTH-TAD-0239,annotation:span:AUTH-TAD-0239:r3,ANNOTATED_BY,,,,,,,,,,,
annotation:span:AUTH-TAD-0239:r3,rater:rater_3,MADE_BY,,,,,,,,,,,
span:AUTH-TAD-0239,cue:ABSTRACT_OR_NON_TARGET_TIME,TRIGGERS_CUE,,,,,,,,,,,
span:AUTH-TAD-0239,cue:TEMPORAL_COMPARISON_STATE,TRIGGERS_CUE,,,,,,,,,,,
span:AUTH-TAD-0239,cue:TIME_NOUN,TRIGGERS_CUE,,,,,,,,,,,
span:AUTH-TAD-0239,rule:R_TEMP_KG_OTHER_02,MATCHES_RULE,,,,,,,,1.0,OTHER,124.0,false
span:AUTH-TAD-0239,rule:R_TEMP_KG_OTHER_03,MATCHES_RULE,,,,,,,,2.0,OTHER,123.0,false
span:AUTH-TAD-0239,rule:R_TEMP_KG_ADV_02,MATCHES_RULE,,,,,,,,3.0,TEMPORAL_ADVERBIAL,72.0,false
sentence:SENT-0230,source:GRAMMAR_MANUAL_ADVANCED,DERIVED_FROM,,,,,59,我已经穿好衣服准 (在家，询问没有出门的原因),,,,,
sentence:SENT-0230,span:AUTH-TAD-0240,HAS_CANDIDATE,,,,,,,,,,,
span:AUTH-TAD-0240,consensus:AUTH-TAD-0240,HAS_CONSENSUS,,,,,,,,,,,
consensus:AUTH-TAD-0240,function:TEMPORAL_ADVERBIAL,MAPS_TO,,,,,,,,,,,
span:AUTH-TAD-0240,cleaning:B_边界复核集,HAS_CLEANING_STATUS,,,,,,,边界集/鲁棒性分析,,,,
span:AUTH-TAD-0240,ambiguity:时间副词_体貌副词边界,HAS_AMBIGUITY,,,,,,,,,,,
span:AUTH-TAD-0240,ambiguity:无重复,HAS_AMBIGUITY,,,,,,,,,,,
span:AUTH-TAD-0240,ambiguity:来源字段完整但仍需正版逐页核验,HAS_AMBIGUITY,,,,,,,,,,,
span:AUTH-TAD-0240,annotation:span:AUTH-TAD-0240:r1,ANNOTATED_BY,,,,,,,,,,,
annotation:span:AUTH-TAD-0240:r1,rater:rater_1,MADE_BY,,,,,,,,,,,
span:AUTH-TAD-0240,annotation:span:AUTH-TAD-0240:r2,ANNOTATED_BY,,,,,,,,,,,
annotation:span:AUTH-TAD-0240:r2,rater:rater_2,MADE_BY,,,,,,,,,,,
span:AUTH-TAD-0240,annotation:span:AUTH-TAD-0240:r3,ANNOTATED_BY,,,,,,,,,,,
annotation:span:AUTH-TAD-0240:r3,rater:rater_3,MADE_BY,,,,,,,,,,,
span:AUTH-TAD-0240,cue:BEFORE_PREDICATE,TRIGGERS_CUE,,,,,,,,,,,
span:AUTH-TAD-0240,cue:EVENT_TIME,TRIGGERS_CUE,,,,,,,,,,,
span:AUTH-TAD-0240,cue:STATIVE_PREDICATE,TRIGGERS_CUE,,,,,,,,,,,
span:AUTH-TAD-0240,cue:TIME_ADVERB,TRIGGERS_CUE,,,,,,,,,,,
span:AUTH-TAD-0240,cue:TIME_FREQUENCY,TRIGGERS_CUE,,,,,,,,,,,
span:AUTH-TAD-0240,rule:R_TEMP_ADV_04,MATCHES_RULE,,,,,,,,1.0,TEMPORAL_ADVERBIAL,84.0,true
span:AUTH-TAD-0240,rule:R_TEMP_ADV_19,MATCHES_RULE,,,,,,,,2.0,TEMPORAL_ADVERBIAL,84.0,true
span:AUTH-TAD-0240,rule:R_TEMP_KG_ADV_01,MATCHES_RULE,,,,,,,,3.0,TEMPORAL_ADVERBIAL,79.0,true
span:AUTH-TAD-0240,rule:R_TEMP_ADV_08,MATCHES_RULE,,,,,,,,4.0,TEMPORAL_ADVERBIAL,78.0,true
span:AUTH-TAD-0240,rule:R_TEMP_ADV_11,MATCHES_RULE,,,,,,,,5.0,TEMPORAL_ADVERBIAL,73.0,true
sentence:SENT-0159,span:AUTH-TAD-0241,HAS_CANDIDATE,,,,,,,,,,,
span:AUTH-TAD-0241,consensus:AUTH-TAD-0241,HAS_CONSENSUS,,,,,,,,,,,
consensus:AUTH-TAD-0241,function:OTHER,MAPS_TO,,,,,,,,,,,
span:AUTH-TAD-0241,cleaning:C_暂不纳入主实验,HAS_CLEANING_STATUS,,,,,,,错误分析/待复核,,,,
span:AUTH-TAD-0241,ambiguity:相对时间框架边界,HAS_AMBIGUITY,,,,,,,,,,,
span:AUTH-TAD-0241,ambiguity:候选片段与最终片段不一致,HAS_AMBIGUITY,,,,,,,,,,,
span:AUTH-TAD-0241,ambiguity:非目标时间表达,HAS_AMBIGUITY,,,,,,,,,,,
span:AUTH-TAD-0241,ambiguity:至少一名标注者修正片段,HAS_AMBIGUITY,,,,,,,,,,,
span:AUTH-TAD-0241,ambiguity:同句多候选_重复句,HAS_AMBIGUITY,,,,,,,,,,,
span:AUTH-TAD-0241,ambiguity:来源字段完整但仍需正版逐页核验,HAS_AMBIGUITY,,,,,,,,,,,
span:AUTH-TAD-0241,annotation:span:AUTH-TAD-0241:r1,ANNOTATED_BY,,,,,,,,,,,
annotation:span:AUTH-TAD-0241:r1,rater:rater_1,MADE_BY,,,,,,,,,,,
span:AUTH-TAD-0241,annotation:span:AUTH-TAD-0241:r2,ANNOTATED_BY,,,,,,,,,,,
annotation:span:AUTH-TAD-0241:r2,rater:rater_2,MADE_BY,,,,,,,,,,,
span:AUTH-TAD-0241,annotation:span:AUTH-TAD-0241:r3,ANNOTATED_BY,,,,,,,,,,,
annotation:span:AUTH-TAD-0241:r3,rater:rater_3,MADE_BY,,,,,,,,,,,
span:AUTH-TAD-0241,cue:BEFORE_PREDICATE,TRIGGERS_CUE,,,,,,,,,,,
span:AUTH-TAD-0241,cue:EVENT_TIME,TRIGGERS_CUE,,,,,,,,,,,
span:AUTH-TAD-0241,cue:REVIEW_NON_TARGET_RISK,TRIGGERS_CUE,,,,,,,,,,,
span:AUTH-TAD-0241,cue:TIME_NOUN,TRIGGERS_CUE,,,,,,,,,,,
span:AUTH-TAD-0241,cue:TIME_POINT,TRIGGERS_CUE,,,,,,,,,,,
span:AUTH-TAD-0241,rule:R_TEMP_KG_OTHER_01,MATCHES_RULE,,,,,,,,1.0,OTHER,130.0,true
span:AUTH-TAD-0241,rule:R_TEMP_ADV_01,MATCHES_RULE,,,,,,,,2.0,TEMPORAL_ADVERBIAL,90.0,false
span:AUTH-TAD-0241,rule:R_TEMP_ADV_02,MATCHES_RULE,,,,,,,,3.0,TEMPORAL_ADVERBIAL,88.0,false
span:AUTH-TAD-0241,rule:R_TEMP_ADV_10,MATCHES_RULE,,,,,,,,4.0,TEMPORAL_ADVERBIAL,75.0,false
span:AUTH-TAD-0241,rule:R_TEMP_KG_ADV_02,MATCHES_RULE,,,,,,,,5.0,TEMPORAL_ADVERBIAL,72.0,false
sentence:SENT-0320,span:AUTH-TAD-0242,HAS_CANDIDATE,,,,,,,,,,,
span:AUTH-TAD-0242,consensus:AUTH-TAD-0242,HAS_CONSENSUS,,,,,,,,,,,
consensus:AUTH-TAD-0242,function:ATTRIBUTE,MAPS_TO,,,,,,,,,,,
span:AUTH-TAD-0242,cleaning:B_边界复核集,HAS_CLEANING_STATUS,,,,,,,边界集/鲁棒性分析,,,,
span:AUTH-TAD-0242,ambiguity:可能为时间定语,HAS_AMBIGUITY,,,,,,,,,,,
span:AUTH-TAD-0242,ambiguity:时量补语_持续时间边界,HAS_AMBIGUITY,,,,,,,,,,,
span:AUTH-TAD-0242,ambiguity:同句多候选_重复句,HAS_AMBIGUITY,,,,,,,,,,,
span:AUTH-TAD-0242,ambiguity:来源字段完整但仍需正版逐页核验,HAS_AMBIGUITY,,,,,,,,,,,
span:AUTH-TAD-0242,annotation:span:AUTH-TAD-0242:r1,ANNOTATED_BY,,,,,,,,,,,
annotation:span:AUTH-TAD-0242:r1,rater:rater_1,MADE_BY,,,,,,,,,,,
span:AUTH-TAD-0242,annotation:span:AUTH-TAD-0242:r2,ANNOTATED_BY,,,,,,,,,,,
annotation:span:AUTH-TAD-0242:r2,rater:rater_2,MADE_BY,,,,,,,,,,,
span:AUTH-TAD-0242,annotation:span:AUTH-TAD-0242:r3,ANNOTATED_BY,,,,,,,,,,,
annotation:span:AUTH-TAD-0242:r3,rater:rater_3,MADE_BY,,,,,,,,,,,
span:AUTH-TAD-0242,cue:ATTR_DE_DIRECT,TRIGGERS_CUE,,,,,,,,,,,
span:AUTH-TAD-0242,cue:ATTR_NOMINAL_DIRECT,TRIGGERS_CUE,,,,,,,,,,,
span:AUTH-TAD-0242,cue:BEFORE_PREDICATE,TRIGGERS_CUE,,,,,,,,,,,
span:AUTH-TAD-0242,cue:DE_PARTICLE,TRIGGERS_CUE,,,,,,,,,,,
span:AUTH-TAD-0242,cue:EVENT_TIME,TRIGGERS_CUE,,,,,,,,,,,
span:AUTH-TAD-0242,cue:NOMINAL_HEAD,TRIGGERS_CUE,,,,,,,,,,,
span:AUTH-TAD-0242,cue:NO_TEMPORAL_EXPRESSION,TRIGGERS_CUE,,,,,,,,,,,
span:AUTH-TAD-0242,rule:R_TEMP_KG_ATTR_01,MATCHES_RULE,,,,,,,,1.0,ATTRIBUTE,128.0,true
span:AUTH-TAD-0242,rule:R_TEMP_KG_ATTR_02,MATCHES_RULE,,,,,,,,2.0,ATTRIBUTE,126.0,true
span:AUTH-TAD-0242,rule:R_TEMP_ATTR_01,MATCHES_RULE,,,,,,,,3.0,ATTRIBUTE,95.0,true
sentence:SENT-0311,source:GRAMMAR_MANUAL_INTERMEDIATE,DERIVED_FROM,,,,,24,你想尽快通过考试，就必须抓紧时间学习,,,,,
sentence:SENT-0311,span:AUTH-TAD-0243,HAS_CANDIDATE,,,,,,,,,,,
span:AUTH-TAD-0243,consensus:AUTH-TAD-0243,HAS_CONSENSUS,,,,,,,,,,,
consensus:AUTH-TAD-0243,function:ATTRIBUTE,MAPS_TO,,,,,,,,,,,
span:AUTH-TAD-0243,cleaning:B_边界复核集,HAS_CLEANING_STATUS,,,,,,,边界集/鲁棒性分析,,,,
span:AUTH-TAD-0243,ambiguity:可能为时间定语,HAS_AMBIGUITY,,,,,,,,,,,
span:AUTH-TAD-0243,ambiguity:无重复,HAS_AMBIGUITY,,,,,,,,,,,
span:AUTH-TAD-0243,ambiguity:来源字段完整但仍需正版逐页核验,HAS_AMBIGUITY,,,,,,,,,,,
span:AUTH-TAD-0243,annotation:span:AUTH-TAD-0243:r1,ANNOTATED_BY,,,,,,,,,,,
annotation:span:AUTH-TAD-0243:r1,rater:rater_1,MADE_BY,,,,,,,,,,,
span:AUTH-TAD-0243,annotation:span:AUTH-TAD-0243:r2,ANNOTATED_BY,,,,,,,,,,,
annotation:span:AUTH-TAD-0243:r2,rater:rater_2,MADE_BY,,,,,,,,,,,
span:AUTH-TAD-0243,annotation:span:AUTH-TAD-0243:r3,ANNOTATED_BY,,,,,,,,,,,
annotation:span:AUTH-TAD-0243:r3,rater:rater_3,MADE_BY,,,,,,,,,,,
span:AUTH-TAD-0243,cue:ATTR_DE_DIRECT,TRIGGERS_CUE,,,,,,,,,,,
span:AUTH-TAD-0243,cue:ATTR_NOMINAL_DIRECT,TRIGGERS_CUE,,,,,,,,,,,
span:AUTH-TAD-0243,cue:DE_PARTICLE,TRIGGERS_CUE,,,,,,,,,,,
span:AUTH-TAD-0243,cue:NOMINAL_HEAD,TRIGGERS_CUE,,,,,,,,,,,
span:AUTH-TAD-0243,cue:TIME_NOUN,TRIGGERS_CUE,,,,,,,,,,,
span:AUTH-TAD-0243,rule:R_TEMP_KG_ATTR_01,MATCHES_RULE,,,,,,,,1.0,ATTRIBUTE,128.0,true
span:AUTH-TAD-0243,rule:R_TEMP_KG_ATTR_02,MATCHES_RULE,,,,,,,,2.0,ATTRIBUTE,126.0,true
span:AUTH-TAD-0243,rule:R_TEMP_ATTR_01,MATCHES_RULE,,,,,,,,3.0,ATTRIBUTE,95.0,true
span:AUTH-TAD-0243,rule:R_TEMP_ATTR_03,MATCHES_RULE,,,,,,,,4.0,ATTRIBUTE,88.0,true
span:AUTH-TAD-0243,rule:R_TEMP_KG_ADV_02,MATCHES_RULE,,,,,,,,5.0,TEMPORAL_ADVERBIAL,72.0,false
sentence:SENT-0363,source:GRAMMAR_MANUAL_ELEMENTARY,DERIVED_FROM,,,,,248,级语法点 ◎ 补充例句 你们什么时候见面? 他为什么想学中文? 咱们什么时候,,,,,
sentence:SENT-0363,span:AUTH-TAD-0244,HAS_CANDIDATE,,,,,,,,,,,
span:AUTH-TAD-0244,consensus:AUTH-TAD-0244,HAS_CONSENSUS,,,,,,,,,,,
consensus:AUTH-TAD-0244,function:TEMPORAL_ADVERBIAL,MAPS_TO,,,,,,,,,,,
span:AUTH-TAD-0244,cleaning:A_主评测候选,HAS_CLEANING_STATUS,,,,,,,主实验/严格评测,,,,
span:AUTH-TAD-0244,ambiguity:无重复,HAS_AMBIGUITY,,,,,,,,,,,
span:AUTH-TAD-0244,ambiguity:来源字段完整但仍需正版逐页核验,HAS_AMBIGUITY,,,,,,,,,,,
span:AUTH-TAD-0244,annotation:span:AUTH-TAD-0244:r1,ANNOTATED_BY,,,,,,,,,,,
annotation:span:AUTH-TAD-0244:r1,rater:rater_1,MADE_BY,,,,,,,,,,,
span:AUTH-TAD-0244,annotation:span:AUTH-TAD-0244:r2,ANNOTATED_BY,,,,,,,,,,,
annotation:span:AUTH-TAD-0244:r2,rater:rater_2,MADE_BY,,,,,,,,,,,
span:AUTH-TAD-0244,annotation:span:AUTH-TAD-0244:r3,ANNOTATED_BY,,,,,,,,,,,
annotation:span:AUTH-TAD-0244:r3,rater:rater_3,MADE_BY,,,,,,,,,,,
span:AUTH-TAD-0244,cue:BEFORE_PREDICATE,TRIGGERS_CUE,,,,,,,,,,,
span:AUTH-TAD-0244,cue:EVENT_TIME,TRIGGERS_CUE,,,,,,,,,,,
span:AUTH-TAD-0244,cue:SENTENCE_INITIAL,TRIGGERS_CUE,,,,,,,,,,,
span:AUTH-TAD-0244,cue:TIME_NOUN,TRIGGERS_CUE,,,,,,,,,,,
span:AUTH-TAD-0244,rule:R_TEMP_ADV_01,MATCHES_RULE,,,,,,,,1.0,TEMPORAL_ADVERBIAL,90.0,true
span:AUTH-TAD-0244,rule:R_TEMP_ADV_02,MATCHES_RULE,,,,,,,,2.0,TEMPORAL_ADVERBIAL,88.0,true
span:AUTH-TAD-0244,rule:R_TEMP_KG_ADV_02,MATCHES_RULE,,,,,,,,3.0,TEMPORAL_ADVERBIAL,72.0,true
sentence:SENT-0168,source:GRAMMAR_MANUAL_ADVANCED,DERIVED_FROM,,,,,66,S+)无非+是/就是+NP/VP(+罢了/而已) 每天回家吃饭，无非 就是 那几样菜,,,,,
sentence:SENT-0168,span:AUTH-TAD-0245,HAS_CANDIDATE,,,,,,,,,,,
span:AUTH-TAD-0245,consensus:AUTH-TAD-0245,HAS_CONSENSUS,,,,,,,,,,,
consensus:AUTH-TAD-0245,function:OTHER,MAPS_TO,,,,,,,,,,,
span:AUTH-TAD-0245,cleaning:C_暂不纳入主实验,HAS_CLEANING_STATUS,,,,,,,待复核,,,,
span:AUTH-TAD-0245,ambiguity:时间主语_普通时间词边界,HAS_AMBIGUITY,,,,,,,,,,,
span:AUTH-TAD-0245,ambiguity:非目标时间表达,HAS_AMBIGUITY,,,,,,,,,,,
span:AUTH-TAD-0245,ambiguity:三人标注不完全一致,HAS_AMBIGUITY,,,,,,,,,,,
span:AUTH-TAD-0245,ambiguity:至少一名标注者修正片段,HAS_AMBIGUITY,,,,,,,,,,,
span:AUTH-TAD-0245,ambiguity:无重复,HAS_AMBIGUITY,,,,,,,,,,,
span:AUTH-TAD-0245,ambiguity:来源字段完整但仍需正版逐页核验,HAS_AMBIGUITY,,,,,,,,,,,
span:AUTH-TAD-0245,annotation:span:AUTH-TAD-0245:r1,ANNOTATED_BY,,,,,,,,,,,
annotation:span:AUTH-TAD-0245:r1,rater:rater_1,MADE_BY,,,,,,,,,,,
span:AUTH-TAD-0245,annotation:span:AUTH-TAD-0245:r2,ANNOTATED_BY,,,,,,,,,,,
annotation:span:AUTH-TAD-0245:r2,rater:rater_2,MADE_BY,,,,,,,,,,,
span:AUTH-TAD-0245,annotation:span:AUTH-TAD-0245:r3,ANNOTATED_BY,,,,,,,,,,,
annotation:span:AUTH-TAD-0245:r3,rater:rater_3,MADE_BY,,,,,,,,,,,
span:AUTH-TAD-0245,cue:COPULA_SHI,TRIGGERS_CUE,,,,,,,,,,,
span:AUTH-TAD-0245,cue:REVIEW_NON_TARGET_RISK,TRIGGERS_CUE,,,,,,,,,,,
span:AUTH-TAD-0245,cue:TIME_NOUN,TRIGGERS_CUE,,,,,,,,,,,
span:AUTH-TAD-0245,rule:R_TEMP_KG_OTHER_01,MATCHES_RULE,,,,,,,,1.0,OTHER,130.0,true
span:AUTH-TAD-0245,rule:R_TEMP_KG_ADV_02,MATCHES_RULE,,,,,,,,2.0,TEMPORAL_ADVERBIAL,72.0,false
sentence:SENT-0032,source:GRAMMAR_MANUAL_ELEMENTARY,DERIVED_FROM,,,,,369,他经常说话不算话，一会儿答 应去，一会儿又说不,,,,,
sentence:SENT-0032,span:AUTH-TAD-0246,HAS_CANDIDATE,,,,,,,,,,,
span:AUTH-TAD-0246,consensus:AUTH-TAD-0246,HAS_CONSENSUS,,,,,,,,,,,
consensus:AUTH-TAD-0246,function:OTHER,MAPS_TO,,,,,,,,,,,
span:AUTH-TAD-0246,cleaning:C_暂不纳入主实验,HAS_CLEANING_STATUS,,,,,,,待复核,,,,
span:AUTH-TAD-0246,ambiguity:原表已建议复核_剔除,HAS_AMBIGUITY,,,,,,,,,,,
span:AUTH-TAD-0246,ambiguity:非目标时间表达,HAS_AMBIGUITY,,,,,,,,,,,
span:AUTH-TAD-0246,ambiguity:三人标注不完全一致,HAS_AMBIGUITY,,,,,,,,,,,
span:AUTH-TAD-0246,ambiguity:至少一名标注者修正片段,HAS_AMBIGUITY,,,,,,,,,,,
span:AUTH-TAD-0246,ambiguity:无重复,HAS_AMBIGUITY,,,,,,,,,,,
span:AUTH-TAD-0246,ambiguity:来源字段完整但仍需正版逐页核验,HAS_AMBIGUITY,,,,,,,,,,,
span:AUTH-TAD-0246,annotation:span:AUTH-TAD-0246:r1,ANNOTATED_BY,,,,,,,,,,,
annotation:span:AUTH-TAD-0246:r1,rater:rater_1,MADE_BY,,,,,,,,,,,
span:AUTH-TAD-0246,annotation:span:AUTH-TAD-0246:r2,ANNOTATED_BY,,,,,,,,,,,
annotation:span:AUTH-TAD-0246:r2,rater:rater_2,MADE_BY,,,,,,,,,,,
span:AUTH-TAD-0246,annotation:span:AUTH-TAD-0246:r3,ANNOTATED_BY,,,,,,,,,,,
annotation:span:AUTH-TAD-0246:r3,rater:rater_3,MADE_BY,,,,,,,,,,,
span:AUTH-TAD-0246,cue:BEFORE_PREDICATE,TRIGGERS_CUE,,,,,,,,,,,
span:AUTH-TAD-0246,cue:EVENT_TIME,TRIGGERS_CUE,,,,,,,,,,,
span:AUTH-TAD-0246,cue:REVIEW_NON_TARGET_RISK,TRIGGERS_CUE,,,,,,,,,,,
span:AUTH-TAD-0246,cue:SENTENCE_INITIAL,TRIGGERS_CUE,,,,,,,,,,,
span:AUTH-TAD-0246,cue:TIME_NOUN,TRIGGERS_CUE,,,,,,,,,,,
span:AUTH-TAD-0246,rule:R_TEMP_KG_OTHER_01,MATCHES_RULE,,,,,,,,1.0,OTHER,130.0,true
span:AUTH-TAD-0246,rule:R_TEMP_ADV_01,MATCHES_RULE,,,,,,,,2.0,TEMPORAL_ADVERBIAL,90.0,false
span:AUTH-TAD-0246,rule:R_TEMP_ADV_02,MATCHES_RULE,,,,,,,,3.0,TEMPORAL_ADVERBIAL,88.0,false
span:AUTH-TAD-0246,rule:R_TEMP_KG_ADV_02,MATCHES_RULE,,,,,,,,4.0,TEMPORAL_ADVERBIAL,72.0,false
sentence:SENT-0413,source:GRAMMAR_MANUAL_ADVANCED,DERIVED_FROM,,,,,105,等级标准·语法学习手册(高等) 可不是嘛，我儿子 每天早上七点去上班，晚上九点才能到家,,,,,
sentence:SENT-0413,span:AUTH-TAD-0247,HAS_CANDIDATE,,,,,,,,,,,
span:AUTH-TAD-0247,consensus:AUTH-TAD-0247,HAS_CONSENSUS,,,,,,,,,,,
consensus:AUTH-TAD-0247,function:TEMPORAL_ADVERBIAL,MAPS_TO,,,,,,,,,,,
span:AUTH-TAD-0247,cleaning:A_主评测候选,HAS_CLEANING_STATUS,,,,,,,主实验/严格评测,,,,
span:AUTH-TAD-0247,ambiguity:无重复,HAS_AMBIGUITY,,,,,,,,,,,
span:AUTH-TAD-0247,ambiguity:来源字段完整但仍需正版逐页核验,HAS_AMBIGUITY,,,,,,,,,,,
span:AUTH-TAD-0247,annotation:span:AUTH-TAD-0247:r1,ANNOTATED_BY,,,,,,,,,,,
annotation:span:AUTH-TAD-0247:r1,rater:rater_1,MADE_BY,,,,,,,,,,,
span:AUTH-TAD-0247,annotation:span:AUTH-TAD-0247:r2,ANNOTATED_BY,,,,,,,,,,,
annotation:span:AUTH-TAD-0247:r2,rater:rater_2,MADE_BY,,,,,,,,,,,
span:AUTH-TAD-0247,annotation:span:AUTH-TAD-0247:r3,ANNOTATED_BY,,,,,,,,,,,
annotation:span:AUTH-TAD-0247:r3,rater:rater_3,MADE_BY,,,,,,,,,,,
span:AUTH-TAD-0247,cue:BEFORE_PREDICATE,TRIGGERS_CUE,,,,,,,,,,,
span:AUTH-TAD-0247,cue:EVENT_TIME,TRIGGERS_CUE,,,,,,,,,,,
span:AUTH-TAD-0247,cue:TIME_ADVERB,TRIGGERS_CUE,,,,,,,,,,,
span:AUTH-TAD-0247,cue:TIME_NOUN,TRIGGERS_CUE,,,,,,,,,,,
span:AUTH-TAD-0247,cue:TIME_POINT,TRIGGERS_CUE,,,,,,,,,,,
span:AUTH-TAD-0247,rule:R_TEMP_ADV_01,MATCHES_RULE,,,,,,,,1.0,TEMPORAL_ADVERBIAL,90.0,true
span:AUTH-TAD-0247,rule:R_TEMP_ADV_02,MATCHES_RULE,,,,,,,,2.0,TEMPORAL_ADVERBIAL,88.0,true
span:AUTH-TAD-0247,rule:R_TEMP_ADV_19,MATCHES_RULE,,,,,,,,3.0,TEMPORAL_ADVERBIAL,84.0,true
span:AUTH-TAD-0247,rule:R_TEMP_ADV_08,MATCHES_RULE,,,,,,,,4.0,TEMPORAL_ADVERBIAL,78.0,true
span:AUTH-TAD-0247,rule:R_TEMP_ADV_10,MATCHES_RULE,,,,,,,,5.0,TEMPORAL_ADVERBIAL,75.0,true
sentence:SENT-0406,source:GRAMMAR_MANUAL_INTERMEDIATE,DERIVED_FROM,,,,,281,点 “不禁”位于主语之后、动词性成分之前，在句中作状语,,,,,
sentence:SENT-0406,span:AUTH-TAD-0248,HAS_CANDIDATE,,,,,,,,,,,
span:AUTH-TAD-0248,consensus:AUTH-TAD-0248,HAS_CONSENSUS,,,,,,,,,,,
consensus:AUTH-TAD-0248,function:TEMPORAL_ADVERBIAL,MAPS_TO,,,,,,,,,,,
span:AUTH-TAD-0248,cleaning:B_边界复核集,HAS_CLEANING_STATUS,,,,,,,边界集/鲁棒性分析,,,,
span:AUTH-TAD-0248,ambiguity:三人标注不完全一致,HAS_AMBIGUITY,,,,,,,,,,,
span:AUTH-TAD-0248,ambiguity:无重复,HAS_AMBIGUITY,,,,,,,,,,,
span:AUTH-TAD-0248,ambiguity:来源字段完整但仍需正版逐页核验,HAS_AMBIGUITY,,,,,,,,,,,
span:AUTH-TAD-0248,annotation:span:AUTH-TAD-0248:r1,ANNOTATED_BY,,,,,,,,,,,
annotation:span:AUTH-TAD-0248:r1,rater:rater_1,MADE_BY,,,,,,,,,,,
span:AUTH-TAD-0248,annotation:span:AUTH-TAD-0248:r2,ANNOTATED_BY,,,,,,,,,,,
annotation:span:AUTH-TAD-0248:r2,rater:rater_2,MADE_BY,,,,,,,,,,,
span:AUTH-TAD-0248,annotation:span:AUTH-TAD-0248:r3,ANNOTATED_BY,,,,,,,,,,,
annotation:span:AUTH-TAD-0248:r3,rater:rater_3,MADE_BY,,,,,,,,,,,
span:AUTH-TAD-0248,cue:NO_TEMPORAL_EXPRESSION,TRIGGERS_CUE,,,,,,,,,,,
span:AUTH-TAD-0248,cue:STATIVE_PREDICATE,TRIGGERS_CUE,,,,,,,,,,,
sentence:SENT-0260,source:GRAMMAR_MANUAL_INTERMEDIATE,DERIVED_FROM,,,,,92,而 这不是我的书，而 这件事错的不是我，例句 是没时间,,,,,
sentence:SENT-0260,span:AUTH-TAD-0249,HAS_CANDIDATE,,,,,,,,,,,
span:AUTH-TAD-0249,consensus:AUTH-TAD-0249,HAS_CONSENSUS,,,,,,,,,,,
consensus:AUTH-TAD-0249,function:TEMPORAL_ADVERBIAL,MAPS_TO,,,,,,,,,,,
span:AUTH-TAD-0249,cleaning:B_边界复核集,HAS_CLEANING_STATUS,,,,,,,边界集/鲁棒性分析,,,,
span:AUTH-TAD-0249,ambiguity:时间副词_体貌副词边界,HAS_AMBIGUITY,,,,,,,,,,,
span:AUTH-TAD-0249,ambiguity:无重复,HAS_AMBIGUITY,,,,,,,,,,,
span:AUTH-TAD-0249,ambiguity:来源字段完整但仍需正版逐页核验,HAS_AMBIGUITY,,,,,,,,,,,
span:AUTH-TAD-0249,annotation:span:AUTH-TAD-0249:r1,ANNOTATED_BY,,,,,,,,,,,
annotation:span:AUTH-TAD-0249:r1,rater:rater_1,MADE_BY,,,,,,,,,,,
span:AUTH-TAD-0249,annotation:span:AUTH-TAD-0249:r2,ANNOTATED_BY,,,,,,,,,,,
annotation:span:AUTH-TAD-0249:r2,rater:rater_2,MADE_BY,,,,,,,,,,,
span:AUTH-TAD-0249,annotation:span:AUTH-TAD-0249:r3,ANNOTATED_BY,,,,,,,,,,,
annotation:span:AUTH-TAD-0249:r3,rater:rater_3,MADE_BY,,,,,,,,,,,
span:AUTH-TAD-0249,cue:TIME_ADVERB,TRIGGERS_CUE,,,,,,,,,,,
span:AUTH-TAD-0249,cue:TIME_FREQUENCY,TRIGGERS_CUE,,,,,,,,,,,
span:AUTH-TAD-0249,rule:R_TEMP_KG_ADV_01,MATCHES_RULE,,,,,,,,1.0,TEMPORAL_ADVERBIAL,79.0,true
span:AUTH-TAD-0249,rule:R_TEMP_ADV_11,MATCHES_RULE,,,,,,,,2.0,TEMPORAL_ADVERBIAL,73.0,true
sentence:SENT-0179,source:GRAMMAR_MANUAL_INTERMEDIATE,DERIVED_FROM,,,,,304,饮料同蛋糕已经准备好了，我们开始吧,,,,,
sentence:SENT-0179,span:AUTH-TAD-0250,HAS_CANDIDATE,,,,,,,,,,,
span:AUTH-TAD-0250,consensus:AUTH-TAD-0250,HAS_CONSENSUS,,,,,,,,,,,
consensus:AUTH-TAD-0250,function:TEMPORAL_ADVERBIAL,MAPS_TO,,,,,,,,,,,
span:AUTH-TAD-0250,cleaning:C_暂不纳入主实验,HAS_CLEANING_STATUS,,,,,,,待复核,,,,
span:AUTH-TAD-0250,ambiguity:三人标注不完全一致,HAS_AMBIGUITY,,,,,,,,,,,
span:AUTH-TAD-0250,ambiguity:至少一名标注者修正片段,HAS_AMBIGUITY,,,,,,,,,,,
span:AUTH-TAD-0250,ambiguity:无重复,HAS_AMBIGUITY,,,,,,,,,,,
span:AUTH-TAD-0250,ambiguity:来源字段完整但仍需正版逐页核验,HAS_AMBIGUITY,,,,,,,,,,,
span:AUTH-TAD-0250,annotation:span:AUTH-TAD-0250:r1,ANNOTATED_BY,,,,,,,,,,,
annotation:span:AUTH-TAD-0250:r1,rater:rater_1,MADE_BY,,,,,,,,,,,
span:AUTH-TAD-0250,annotation:span:AUTH-TAD-0250:r2,ANNOTATED_BY,,,,,,,,,,,
annotation:span:AUTH-TAD-0250:r2,rater:rater_2,MADE_BY,,,,,,,,,,,
span:AUTH-TAD-0250,annotation:span:AUTH-TAD-0250:r3,ANNOTATED_BY,,,,,,,,,,,
annotation:span:AUTH-TAD-0250:r3,rater:rater_3,MADE_BY,,,,,,,,,,,
span:AUTH-TAD-0250,cue:BEFORE_PREDICATE,TRIGGERS_CUE,,,,,,,,,,,
span:AUTH-TAD-0250,cue:EVENT_TIME,TRIGGERS_CUE,,,,,,,,,,,
span:AUTH-TAD-0250,cue:TIME_NOUN,TRIGGERS_CUE,,,,,,,,,,,
span:AUTH-TAD-0250,rule:R_TEMP_ADV_01,MATCHES_RULE,,,,,,,,1.0,TEMPORAL_ADVERBIAL,90.0,true
span:AUTH-TAD-0250,rule:R_TEMP_ADV_02,MATCHES_RULE,,,,,,,,2.0,TEMPORAL_ADVERBIAL,88.0,true
span:AUTH-TAD-0250,rule:R_TEMP_KG_ADV_02,MATCHES_RULE,,,,,,,,3.0,TEMPORAL_ADVERBIAL,72.0,true
sentence:SENT-0164,source:GRAMMAR_MANUAL_ELEMENTARY,DERIVED_FROM,,,,,280,级语法点 20 时间副词(3):曾经 【三14】 ◎基本语义及用法 表示某种,,,,,
sentence:SENT-0164,span:AUTH-TAD-0251,HAS_CANDIDATE,,,,,,,,,,,
span:AUTH-TAD-0251,consensus:AUTH-TAD-0251,HAS_CONSENSUS,,,,,,,,,,,
consensus:AUTH-TAD-0251,function:TEMPORAL_ADVERBIAL,MAPS_TO,,,,,,,,,,,
span:AUTH-TAD-0251,cleaning:C_暂不纳入主实验,HAS_CLEANING_STATUS,,,,,,,待复核,,,,
span:AUTH-TAD-0251,ambiguity:时间副词_体貌副词边界,HAS_AMBIGUITY,,,,,,,,,,,
span:AUTH-TAD-0251,ambiguity:三人标注不完全一致,HAS_AMBIGUITY,,,,,,,,,,,
span:AUTH-TAD-0251,ambiguity:至少一名标注者修正片段,HAS_AMBIGUITY,,,,,,,,,,,
span:AUTH-TAD-0251,ambiguity:无重复,HAS_AMBIGUITY,,,,,,,,,,,
span:AUTH-TAD-0251,ambiguity:来源字段完整但仍需正版逐页核验,HAS_AMBIGUITY,,,,,,,,,,,
span:AUTH-TAD-0251,annotation:span:AUTH-TAD-0251:r1,ANNOTATED_BY,,,,,,,,,,,
annotation:span:AUTH-TAD-0251:r1,rater:rater_1,MADE_BY,,,,,,,,,,,
span:AUTH-TAD-0251,annotation:span:AUTH-TAD-0251:r2,ANNOTATED_BY,,,,,,,,,,,
annotation:span:AUTH-TAD-0251:r2,rater:rater_2,MADE_BY,,,,,,,,,,,
span:AUTH-TAD-0251,annotation:span:AUTH-TAD-0251:r3,ANNOTATED_BY,,,,,,,,,,,
annotation:span:AUTH-TAD-0251:r3,rater:rater_3,MADE_BY,,,,,,,,,,,
span:AUTH-TAD-0251,cue:BEFORE_PREDICATE,TRIGGERS_CUE,,,,,,,,,,,
span:AUTH-TAD-0251,cue:EVENT_TIME,TRIGGERS_CUE,,,,,,,,,,,
span:AUTH-TAD-0251,cue:TIME_ADVERB,TRIGGERS_CUE,,,,,,,,,,,
span:AUTH-TAD-0251,cue:TIME_FREQUENCY,TRIGGERS_CUE,,,,,,,,,,,
span:AUTH-TAD-0251,rule:R_TEMP_ADV_04,MATCHES_RULE,,,,,,,,1.0,TEMPORAL_ADVERBIAL,84.0,true
span:AUTH-TAD-0251,rule:R_TEMP_ADV_19,MATCHES_RULE,,,,,,,,2.0,TEMPORAL_ADVERBIAL,84.0,true
span:AUTH-TAD-0251,rule:R_TEMP_KG_ADV_01,MATCHES_RULE,,,,,,,,3.0,TEMPORAL_ADVERBIAL,79.0,true
span:AUTH-TAD-0251,rule:R_TEMP_ADV_08,MATCHES_RULE,,,,,,,,4.0,TEMPORAL_ADVERBIAL,78.0,true
span:AUTH-TAD-0251,rule:R_TEMP_ADV_11,MATCHES_RULE,,,,,,,,5.0,TEMPORAL_ADVERBIAL,73.0,true
sentence:SENT-0400,source:GRAMMAR_MANUAL_ADVANCED,DERIVED_FROM,,,,,43,◎补充例句 按说这个时候应该下雪了，可今年一场雪还没下,,,,,
sentence:SENT-0400,span:AUTH-TAD-0252,HAS_CANDIDATE,,,,,,,,,,,
span:AUTH-TAD-0252,consensus:AUTH-TAD-0252,HAS_CONSENSUS,,,,,,,,,,,
consensus:AUTH-TAD-0252,function:TEMPORAL_ADVERBIAL,MAPS_TO,,,,,,,,,,,
span:AUTH-TAD-0252,cleaning:C_暂不纳入主实验,HAS_CLEANING_STATUS,,,,,,,待复核,,,,
span:AUTH-TAD-0252,ambiguity:三人标注不完全一致,HAS_AMBIGUITY,,,,,,,,,,,
span:AUTH-TAD-0252,ambiguity:至少一名标注者修正片段,HAS_AMBIGUITY,,,,,,,,,,,
span:AUTH-TAD-0252,ambiguity:同句多候选_重复句,HAS_AMBIGUITY,,,,,,,,,,,
span:AUTH-TAD-0252,ambiguity:来源字段完整但仍需正版逐页核验,HAS_AMBIGUITY,,,,,,,,,,,
span:AUTH-TAD-0252,annotation:span:AUTH-TAD-0252:r1,ANNOTATED_BY,,,,,,,,,,,
annotation:span:AUTH-TAD-0252:r1,rater:rater_1,MADE_BY,,,,,,,,,,,
span:AUTH-TAD-0252,annotation:span:AUTH-TAD-0252:r2,ANNOTATED_BY,,,,,,,,,,,
annotation:span:AUTH-TAD-0252:r2,rater:rater_2,MADE_BY,,,,,,,,,,,
span:AUTH-TAD-0252,annotation:span:AUTH-TAD-0252:r3,ANNOTATED_BY,,,,,,,,,,,
annotation:span:AUTH-TAD-0252:r3,rater:rater_3,MADE_BY,,,,,,,,,,,
span:AUTH-TAD-0252,cue:ABSTRACT_OR_NON_TARGET_TIME,TRIGGERS_CUE,,,,,,,,,,,
span:AUTH-TAD-0252,cue:BEFORE_PREDICATE,TRIGGERS_CUE,,,,,,,,,,,
span:AUTH-TAD-0252,cue:EVENT_TIME,TRIGGERS_CUE,,,,,,,,,,,
span:AUTH-TAD-0252,cue:SENTENCE_INITIAL,TRIGGERS_CUE,,,,,,,,,,,
span:AUTH-TAD-0252,cue:TEMPORAL_COMPARISON_STATE,TRIGGERS_CUE,,,,,,,,,,,
span:AUTH-TAD-0252,cue:TIME_ADVERB,TRIGGERS_CUE,,,,,,,,,,,
span:AUTH-TAD-0252,cue:TIME_NOUN,TRIGGERS_CUE,,,,,,,,,,,
span:AUTH-TAD-0252,cue:TIME_POINT,TRIGGERS_CUE,,,,,,,,,,,
span:AUTH-TAD-0252,rule:R_TEMP_KG_OTHER_02,MATCHES_RULE,,,,,,,,1.0,OTHER,124.0,false
span:AUTH-TAD-0252,rule:R_TEMP_KG_OTHER_03,MATCHES_RULE,,,,,,,,2.0,OTHER,123.0,false
span:AUTH-TAD-0252,rule:R_TEMP_ADV_01,MATCHES_RULE,,,,,,,,3.0,TEMPORAL_ADVERBIAL,90.0,true
span:AUTH-TAD-0252,rule:R_TEMP_ADV_02,MATCHES_RULE,,,,,,,,4.0,TEMPORAL_ADVERBIAL,88.0,true
span:AUTH-TAD-0252,rule:R_TEMP_ADV_19,MATCHES_RULE,,,,,,,,5.0,TEMPORAL_ADVERBIAL,84.0,true
sentence:SENT-0284,source:GRAMMAR_MANUAL_ELEMENTARY,DERIVED_FROM,,,,,55,级语法点 小提示 “马上”可以用于表达未发生的动作，也可以用于说,,,,,
sentence:SENT-0284,span:AUTH-TAD-0253,HAS_CANDIDATE,,,,,,,,,,,
span:AUTH-TAD-0253,consensus:AUTH-TAD-0253,HAS_CONSENSUS,,,,,,,,,,,
consensus:AUTH-TAD-0253,function:TEMPORAL_ADVERBIAL,MAPS_TO,,,,,,,,,,,
span:AUTH-TAD-0253,cleaning:B_边界复核集,HAS_CLEANING_STATUS,,,,,,,边界集/鲁棒性分析,,,,
span:AUTH-TAD-0253,ambiguity:三人标注不完全一致,HAS_AMBIGUITY,,,,,,,,,,,
span:AUTH-TAD-0253,ambiguity:无重复,HAS_AMBIGUITY,,,,,,,,,,,
span:AUTH-TAD-0253,ambiguity:来源字段完整但仍需正版逐页核验,HAS_AMBIGUITY,,,,,,,,,,,
span:AUTH-TAD-0253,annotation:span:AUTH-TAD-0253:r1,ANNOTATED_BY,,,,,,,,,,,
annotation:span:AUTH-TAD-0253:r1,rater:rater_1,MADE_BY,,,,,,,,,,,
span:AUTH-TAD-0253,annotation:span:AUTH-TAD-0253:r2,ANNOTATED_BY,,,,,,,,,,,
annotation:span:AUTH-TAD-0253:r2,rater:rater_2,MADE_BY,,,,,,,,,,,
span:AUTH-TAD-0253,annotation:span:AUTH-TAD-0253:r3,ANNOTATED_BY,,,,,,,,,,,
annotation:span:AUTH-TAD-0253:r3,rater:rater_3,MADE_BY,,,,,,,,,,,
span:AUTH-TAD-0253,cue:BEFORE_PREDICATE,TRIGGERS_CUE,,,,,,,,,,,
span:AUTH-TAD-0253,cue:EVENT_TIME,TRIGGERS_CUE,,,,,,,,,,,
span:AUTH-TAD-0253,cue:TIME_NOUN,TRIGGERS_CUE,,,,,,,,,,,
span:AUTH-TAD-0253,rule:R_TEMP_ADV_01,MATCHES_RULE,,,,,,,,1.0,TEMPORAL_ADVERBIAL,90.0,true
span:AUTH-TAD-0253,rule:R_TEMP_ADV_02,MATCHES_RULE,,,,,,,,2.0,TEMPORAL_ADVERBIAL,88.0,true
span:AUTH-TAD-0253,rule:R_TEMP_KG_ADV_02,MATCHES_RULE,,,,,,,,3.0,TEMPORAL_ADVERBIAL,72.0,true
sentence:SENT-0116,source:GRAMMAR_MANUAL_INTERMEDIATE,DERIVED_FROM,,,,,230,◎结构特点 比较句“A+形容词+B+数量补语”中的A和B分别为不同的名词或人称代词,,,,,
sentence:SENT-0116,span:AUTH-TAD-0254,HAS_CANDIDATE,,,,,,,,,,,
span:AUTH-TAD-0254,consensus:AUTH-TAD-0254,HAS_CONSENSUS,,,,,,,,,,,
consensus:AUTH-TAD-0254,function:COMPLEMENT,MAPS_TO,,,,,,,,,,,
span:AUTH-TAD-0254,cleaning:B_边界复核集,HAS_CLEANING_STATUS,,,,,,,边界集/鲁棒性分析,,,,
span:AUTH-TAD-0254,ambiguity:时量补语_持续时间边界,HAS_AMBIGUITY,,,,,,,,,,,
span:AUTH-TAD-0254,ambiguity:无重复,HAS_AMBIGUITY,,,,,,,,,,,
span:AUTH-TAD-0254,ambiguity:来源字段完整但仍需正版逐页核验,HAS_AMBIGUITY,,,,,,,,,,,
span:AUTH-TAD-0254,annotation:span:AUTH-TAD-0254:r1,ANNOTATED_BY,,,,,,,,,,,
annotation:span:AUTH-TAD-0254:r1,rater:rater_1,MADE_BY,,,,,,,,,,,
span:AUTH-TAD-0254,annotation:span:AUTH-TAD-0254:r2,ANNOTATED_BY,,,,,,,,,,,
annotation:span:AUTH-TAD-0254:r2,rater:rater_2,MADE_BY,,,,,,,,,,,
span:AUTH-TAD-0254,annotation:span:AUTH-TAD-0254:r3,ANNOTATED_BY,,,,,,,,,,,
annotation:span:AUTH-TAD-0254:r3,rater:rater_3,MADE_BY,,,,,,,,,,,
span:AUTH-TAD-0254,cue:AFTER_VERB,TRIGGERS_CUE,,,,,,,,,,,
span:AUTH-TAD-0254,cue:COMPLEMENT_DURATION_CONTEXT,TRIGGERS_CUE,,,,,,,,,,,
span:AUTH-TAD-0254,cue:DURATION_COMPLEMENT,TRIGGERS_CUE,,,,,,,,,,,
span:AUTH-TAD-0254,cue:TIME_DURATION,TRIGGERS_CUE,,,,,,,,,,,
span:AUTH-TAD-0254,rule:R_TEMP_KG_COMP_01,MATCHES_RULE,,,,,,,,1.0,COMPLEMENT,127.0,true
span:AUTH-TAD-0254,rule:R_TEMP_COMP_01,MATCHES_RULE,,,,,,,,2.0,COMPLEMENT,96.0,true
span:AUTH-TAD-0254,rule:R_TEMP_COMP_02,MATCHES_RULE,,,,,,,,3.0,COMPLEMENT,95.0,true
span:AUTH-TAD-0254,rule:R_TEMP_COMP_07,MATCHES_RULE,,,,,,,,4.0,COMPLEMENT,94.0,true
sentence:SENT-0249,source:GRAMMAR_MANUAL_ELEMENTARY,DERIVED_FROM,,,,,360,” 我明天坐飞机去 我每天坐地铁上班,,,,,
sentence:SENT-0249,span:AUTH-TAD-0255,HAS_CANDIDATE,,,,,,,,,,,
span:AUTH-TAD-0255,consensus:AUTH-TAD-0255,HAS_CONSENSUS,,,,,,,,,,,
consensus:AUTH-TAD-0255,function:TEMPORAL_ADVERBIAL,MAPS_TO,,,,,,,,,,,
span:AUTH-TAD-0255,cleaning:B_边界复核集,HAS_CLEANING_STATUS,,,,,,,边界集/鲁棒性分析,,,,
span:AUTH-TAD-0255,ambiguity:时间副词_体貌副词边界,HAS_AMBIGUITY,,,,,,,,,,,
span:AUTH-TAD-0255,ambiguity:无重复,HAS_AMBIGUITY,,,,,,,,,,,
span:AUTH-TAD-0255,ambiguity:来源字段完整但仍需正版逐页核验,HAS_AMBIGUITY,,,,,,,,,,,
span:AUTH-TAD-0255,annotation:span:AUTH-TAD-0255:r1,ANNOTATED_BY,,,,,,,,,,,
annotation:span:AUTH-TAD-0255:r1,rater:rater_1,MADE_BY,,,,,,,,,,,
span:AUTH-TAD-0255,annotation:span:AUTH-TAD-0255:r2,ANNOTATED_BY,,,,,,,,,,,
annotation:span:AUTH-TAD-0255:r2,rater:rater_2,MADE_BY,,,,,,,,,,,
span:AUTH-TAD-0255,annotation:span:AUTH-TAD-0255:r3,ANNOTATED_BY,,,,,,,,,,,
annotation:span:AUTH-TAD-0255:r3,rater:rater_3,MADE_BY,,,,,,,,,,,
span:AUTH-TAD-0255,cue:BEFORE_PREDICATE,TRIGGERS_CUE,,,,,,,,,,,
span:AUTH-TAD-0255,cue:EVENT_TIME,TRIGGERS_CUE,,,,,,,,,,,
span:AUTH-TAD-0255,cue:TIME_FREQUENCY,TRIGGERS_CUE,,,,,,,,,,,
span:AUTH-TAD-0255,rule:R_TEMP_ADV_04,MATCHES_RULE,,,,,,,,1.0,TEMPORAL_ADVERBIAL,84.0,true
span:AUTH-TAD-0255,rule:R_TEMP_KG_ADV_01,MATCHES_RULE,,,,,,,,2.0,TEMPORAL_ADVERBIAL,79.0,true
sentence:SENT-0042,source:GRAMMAR_MANUAL_INTERMEDIATE,DERIVED_FROM,,,,,97,,,,,,
sentence:SENT-0042,span:AUTH-TAD-0256,HAS_CANDIDATE,,,,,,,,,,,
span:AUTH-TAD-0256,consensus:AUTH-TAD-0256,HAS_CONSENSUS,,,,,,,,,,,
consensus:AUTH-TAD-0256,function:TEMPORAL_ADVERBIAL,MAPS_TO,,,,,,,,,,,
span:AUTH-TAD-0256,cleaning:B_边界复核集,HAS_CLEANING_STATUS,,,,,,,边界集/鲁棒性分析,,,,
span:AUTH-TAD-0256,ambiguity:页面线索缺失,HAS_AMBIGUITY,,,,,,,,,,,
span:AUTH-TAD-0256,ambiguity:无重复,HAS_AMBIGUITY,,,,,,,,,,,
span:AUTH-TAD-0256,annotation:span:AUTH-TAD-0256:r1,ANNOTATED_BY,,,,,,,,,,,
annotation:span:AUTH-TAD-0256:r1,rater:rater_1,MADE_BY,,,,,,,,,,,
span:AUTH-TAD-0256,annotation:span:AUTH-TAD-0256:r2,ANNOTATED_BY,,,,,,,,,,,
annotation:span:AUTH-TAD-0256:r2,rater:rater_2,MADE_BY,,,,,,,,,,,
span:AUTH-TAD-0256,annotation:span:AUTH-TAD-0256:r3,ANNOTATED_BY,,,,,,,,,,,
annotation:span:AUTH-TAD-0256:r3,rater:rater_3,MADE_BY,,,,,,,,,,,
span:AUTH-TAD-0256,cue:BEFORE_PREDICATE,TRIGGERS_CUE,,,,,,,,,,,
span:AUTH-TAD-0256,cue:EVENT_TIME,TRIGGERS_CUE,,,,,,,,,,,
span:AUTH-TAD-0256,cue:SENTENCE_INITIAL,TRIGGERS_CUE,,,,,,,,,,,
span:AUTH-TAD-0256,cue:TIME_NOUN,TRIGGERS_CUE,,,,,,,,,,,
span:AUTH-TAD-0256,rule:R_TEMP_ADV_01,MATCHES_RULE,,,,,,,,1.0,TEMPORAL_ADVERBIAL,90.0,true
span:AUTH-TAD-0256,rule:R_TEMP_ADV_02,MATCHES_RULE,,,,,,,,2.0,TEMPORAL_ADVERBIAL,88.0,true
span:AUTH-TAD-0256,rule:R_TEMP_KG_ADV_02,MATCHES_RULE,,,,,,,,3.0,TEMPORAL_ADVERBIAL,72.0,true
sentence:SENT-0162,source:GRAMMAR_MANUAL_ELEMENTARY,DERIVED_FROM,,,,,396,冷就冷点儿吧，马上就春天了,,,,,
sentence:SENT-0162,span:AUTH-TAD-0257,HAS_CANDIDATE,,,,,,,,,,,
span:AUTH-TAD-0257,consensus:AUTH-TAD-0257,HAS_CONSENSUS,,,,,,,,,,,
consensus:AUTH-TAD-0257,function:TEMPORAL_ADVERBIAL,MAPS_TO,,,,,,,,,,,
span:AUTH-TAD-0257,cleaning:B_边界复核集,HAS_CLEANING_STATUS,,,,,,,边界集/鲁棒性分析,,,,
span:AUTH-TAD-0257,ambiguity:时间副词_体貌副词边界,HAS_AMBIGUITY,,,,,,,,,,,
span:AUTH-TAD-0257,ambiguity:无重复,HAS_AMBIGUITY,,,,,,,,,,,
span:AUTH-TAD-0257,ambiguity:来源字段完整但仍需正版逐页核验,HAS_AMBIGUITY,,,,,,,,,,,
span:AUTH-TAD-0257,annotation:span:AUTH-TAD-0257:r1,ANNOTATED_BY,,,,,,,,,,,
annotation:span:AUTH-TAD-0257:r1,rater:rater_1,MADE_BY,,,,,,,,,,,
span:AUTH-TAD-0257,annotation:span:AUTH-TAD-0257:r2,ANNOTATED_BY,,,,,,,,,,,
annotation:span:AUTH-TAD-0257:r2,rater:rater_2,MADE_BY,,,,,,,,,,,
span:AUTH-TAD-0257,annotation:span:AUTH-TAD-0257:r3,ANNOTATED_BY,,,,,,,,,,,
annotation:span:AUTH-TAD-0257:r3,rater:rater_3,MADE_BY,,,,,,,,,,,
span:AUTH-TAD-0257,cue:BEFORE_PREDICATE,TRIGGERS_CUE,,,,,,,,,,,
span:AUTH-TAD-0257,cue:EVENT_TIME,TRIGGERS_CUE,,,,,,,,,,,
span:AUTH-TAD-0257,cue:LOCATION_EXPRESSION,TRIGGERS_CUE,,,,,,,,,,,
span:AUTH-TAD-0257,cue:NO_TEMPORAL_EXPRESSION,TRIGGERS_CUE,,,,,,,,,,,
span:AUTH-TAD-0257,cue:TIME_ADVERB,TRIGGERS_CUE,,,,,,,,,,,
span:AUTH-TAD-0257,rule:R_TEMP_OTHER_01,MATCHES_RULE,,,,,,,,1.0,OTHER,90.0,false
span:AUTH-TAD-0257,rule:R_TEMP_ADV_19,MATCHES_RULE,,,,,,,,2.0,TEMPORAL_ADVERBIAL,84.0,true
span:AUTH-TAD-0257,rule:R_TEMP_ADV_08,MATCHES_RULE,,,,,,,,3.0,TEMPORAL_ADVERBIAL,78.0,true
sentence:SENT-0372,source:GRAMMAR_MANUAL_INTERMEDIATE,DERIVED_FROM,,,,,36,我刚开始也不 学生：老师，我们觉 B:真的吗,,,,,
sentence:SENT-0372,span:AUTH-TAD-0258,HAS_CANDIDATE,,,,,,,,,,,
span:AUTH-TAD-0258,consensus:AUTH-TAD-0258,HAS_CONSENSUS,,,,,,,,,,,
consensus:AUTH-TAD-0258,function:COMPLEMENT,MAPS_TO,,,,,,,,,,,
span:AUTH-TAD-0258,cleaning:B_边界复核集,HAS_CLEANING_STATUS,,,,,,,边界集/鲁棒性分析,,,,
span:AUTH-TAD-0258,ambiguity:时量补语_持续时间边界,HAS_AMBIGUITY,,,,,,,,,,,
span:AUTH-TAD-0258,ambiguity:无重复,HAS_AMBIGUITY,,,,,,,,,,,
span:AUTH-TAD-0258,ambiguity:来源字段完整但仍需正版逐页核验,HAS_AMBIGUITY,,,,,,,,,,,
span:AUTH-TAD-0258,annotation:span:AUTH-TAD-0258:r1,ANNOTATED_BY,,,,,,,,,,,
annotation:span:AUTH-TAD-0258:r1,rater:rater_1,MADE_BY,,,,,,,,,,,
span:AUTH-TAD-0258,annotation:span:AUTH-TAD-0258:r2,ANNOTATED_BY,,,,,,,,,,,
annotation:span:AUTH-TAD-0258:r2,rater:rater_2,MADE_BY,,,,,,,,,,,
span:AUTH-TAD-0258,annotation:span:AUTH-TAD-0258:r3,ANNOTATED_BY,,,,,,,,,,,
annotation:span:AUTH-TAD-0258:r3,rater:rater_3,MADE_BY,,,,,,,,,,,
span:AUTH-TAD-0258,cue:AFTER_VERB,TRIGGERS_CUE,,,,,,,,,,,
span:AUTH-TAD-0258,cue:COMPLEMENT_DURATION_CONTEXT,TRIGGERS_CUE,,,,,,,,,,,
span:AUTH-TAD-0258,cue:DURATION_COMPLEMENT,TRIGGERS_CUE,,,,,,,,,,,
span:AUTH-TAD-0258,cue:TIME_DURATION,TRIGGERS_CUE,,,,,,,,,,,
span:AUTH-TAD-0258,rule:R_TEMP_KG_COMP_01,MATCHES_RULE,,,,,,,,1.0,COMPLEMENT,127.0,true
span:AUTH-TAD-0258,rule:R_TEMP_COMP_01,MATCHES_RULE,,,,,,,,2.0,COMPLEMENT,96.0,true
span:AUTH-TAD-0258,rule:R_TEMP_COMP_02,MATCHES_RULE,,,,,,,,3.0,COMPLEMENT,95.0,true
span:AUTH-TAD-0258,rule:R_TEMP_COMP_07,MATCHES_RULE,,,,,,,,4.0,COMPLEMENT,94.0,true
sentence:SENT-0051,source:GRAMMAR_MANUAL_ELEMENTARY,DERIVED_FROM,,,,,210,,,,,,
sentence:SENT-0051,span:AUTH-TAD-0259,HAS_CANDIDATE,,,,,,,,,,,
span:AUTH-TAD-0259,consensus:AUTH-TAD-0259,HAS_CONSENSUS,,,,,,,,,,,
consensus:AUTH-TAD-0259,function:OTHER,MAPS_TO,,,,,,,,,,,
span:AUTH-TAD-0259,cleaning:C_暂不纳入主实验,HAS_CLEANING_STATUS,,,,,,,待复核,,,,
span:AUTH-TAD-0259,ambiguity:页面线索缺失,HAS_AMBIGUITY,,,,,,,,,,,
span:AUTH-TAD-0259,ambiguity:非目标时间表达,HAS_AMBIGUITY,,,,,,,,,,,
span:AUTH-TAD-0259,ambiguity:三人标注不完全一致,HAS_AMBIGUITY,,,,,,,,,,,
span:AUTH-TAD-0259,ambiguity:至少一名标注者修正片段,HAS_AMBIGUITY,,,,,,,,,,,
span:AUTH-TAD-0259,ambiguity:无重复,HAS_AMBIGUITY,,,,,,,,,,,
span:AUTH-TAD-0259,annotation:span:AUTH-TAD-0259:r1,ANNOTATED_BY,,,,,,,,,,,
annotation:span:AUTH-TAD-0259:r1,rater:rater_1,MADE_BY,,,,,,,,,,,
span:AUTH-TAD-0259,annotation:span:AUTH-TAD-0259:r2,ANNOTATED_BY,,,,,,,,,,,
annotation:span:AUTH-TAD-0259:r2,rater:rater_2,MADE_BY,,,,,,,,,,,
span:AUTH-TAD-0259,annotation:span:AUTH-TAD-0259:r3,ANNOTATED_BY,,,,,,,,,,,
annotation:span:AUTH-TAD-0259:r3,rater:rater_3,MADE_BY,,,,,,,,,,,
span:AUTH-TAD-0259,cue:BEFORE_PREDICATE,TRIGGERS_CUE,,,,,,,,,,,
span:AUTH-TAD-0259,cue:EVENT_TIME,TRIGGERS_CUE,,,,,,,,,,,
span:AUTH-TAD-0259,cue:REVIEW_NON_TARGET_RISK,TRIGGERS_CUE,,,,,,,,,,,
span:AUTH-TAD-0259,cue:TIME_NOUN,TRIGGERS_CUE,,,,,,,,,,,
span:AUTH-TAD-0259,rule:R_TEMP_KG_OTHER_01,MATCHES_RULE,,,,,,,,1.0,OTHER,130.0,true
span:AUTH-TAD-0259,rule:R_TEMP_ADV_01,MATCHES_RULE,,,,,,,,2.0,TEMPORAL_ADVERBIAL,90.0,false
span:AUTH-TAD-0259,rule:R_TEMP_ADV_02,MATCHES_RULE,,,,,,,,3.0,TEMPORAL_ADVERBIAL,88.0,false
span:AUTH-TAD-0259,rule:R_TEMP_KG_ADV_02,MATCHES_RULE,,,,,,,,4.0,TEMPORAL_ADVERBIAL,72.0,false
sentence:SENT-0131,source:GRAMMAR_MANUAL_INTERMEDIATE,DERIVED_FROM,,,,,80,你先把位置留着，我马上就来,,,,,
sentence:SENT-0131,span:AUTH-TAD-0260,HAS_CANDIDATE,,,,,,,,,,,
span:AUTH-TAD-0260,consensus:AUTH-TAD-0260,HAS_CONSENSUS,,,,,,,,,,,
consensus:AUTH-TAD-0260,function:TEMPORAL_ADVERBIAL,MAPS_TO,,,,,,,,,,,
span:AUTH-TAD-0260,cleaning:B_边界复核集,HAS_CLEANING_STATUS,,,,,,,边界集/鲁棒性分析,,,,
span:AUTH-TAD-0260,ambiguity:时间副词_体貌副词边界,HAS_AMBIGUITY,,,,,,,,,,,
span:AUTH-TAD-0260,ambiguity:无重复,HAS_AMBIGUITY,,,,,,,,,,,
span:AUTH-TAD-0260,ambiguity:来源字段完整但仍需正版逐页核验,HAS_AMBIGUITY,,,,,,,,,,,
span:AUTH-TAD-0260,annotation:span:AUTH-TAD-0260:r1,ANNOTATED_BY,,,,,,,,,,,
annotation:span:AUTH-TAD-0260:r1,rater:rater_1,MADE_BY,,,,,,,,,,,
span:AUTH-TAD-0260,annotation:span:AUTH-TAD-0260:r2,ANNOTATED_BY,,,,,,,,,,,
annotation:span:AUTH-TAD-0260:r2,rater:rater_2,MADE_BY,,,,,,,,,,,
span:AUTH-TAD-0260,annotation:span:AUTH-TAD-0260:r3,ANNOTATED_BY,,,,,,,,,,,
annotation:span:AUTH-TAD-0260:r3,rater:rater_3,MADE_BY,,,,,,,,,,,
span:AUTH-TAD-0260,cue:LOCATION_EXPRESSION,TRIGGERS_CUE,,,,,,,,,,,
span:AUTH-TAD-0260,cue:NO_TEMPORAL_EXPRESSION,TRIGGERS_CUE,,,,,,,,,,,
span:AUTH-TAD-0260,cue:TIME_ADVERB,TRIGGERS_CUE,,,,,,,,,,,
span:AUTH-TAD-0260,rule:R_TEMP_OTHER_01,MATCHES_RULE,,,,,,,,1.0,OTHER,90.0,false
sentence:SENT-0334,span:AUTH-TAD-0261,HAS_CANDIDATE,,,,,,,,,,,
span:AUTH-TAD-0261,consensus:AUTH-TAD-0261,HAS_CONSENSUS,,,,,,,,,,,
consensus:AUTH-TAD-0261,function:TEMPORAL_ADVERBIAL,MAPS_TO,,,,,,,,,,,
span:AUTH-TAD-0261,cleaning:C_暂不纳入主实验,HAS_CLEANING_STATUS,,,,,,,待复核,,,,
span:AUTH-TAD-0261,ambiguity:三人标注不完全一致,HAS_AMBIGUITY,,,,,,,,,,,
span:AUTH-TAD-0261,ambiguity:至少一名标注者修正片段,HAS_AMBIGUITY,,,,,,,,,,,
span:AUTH-TAD-0261,ambiguity:同句多候选_重复句,HAS_AMBIGUITY,,,,,,,,,,,
span:AUTH-TAD-0261,ambiguity:来源字段完整但仍需正版逐页核验,HAS_AMBIGUITY,,,,,,,,,,,
span:AUTH-TAD-0261,annotation:span:AUTH-TAD-0261:r1,ANNOTATED_BY,,,,,,,,,,,
annotation:span:AUTH-TAD-0261:r1,rater:rater_1,MADE_BY,,,,,,,,,,,
span:AUTH-TAD-0261,annotation:span:AUTH-TAD-0261:r2,ANNOTATED_BY,,,,,,,,,,,
annotation:span:AUTH-TAD-0261:r2,rater:rater_2,MADE_BY,,,,,,,,,,,
span:AUTH-TAD-0261,annotation:span:AUTH-TAD-0261:r3,ANNOTATED_BY,,,,,,,,,,,
annotation:span:AUTH-TAD-0261:r3,rater:rater_3,MADE_BY,,,,,,,,,,,
span:AUTH-TAD-0261,cue:BEFORE_PREDICATE,TRIGGERS_CUE,,,,,,,,,,,
span:AUTH-TAD-0261,cue:EVENT_TIME,TRIGGERS_CUE,,,,,,,,,,,
span:AUTH-TAD-0261,cue:SENTENCE_INITIAL,TRIGGERS_CUE,,,,,,,,,,,
span:AUTH-TAD-0261,cue:TIME_NOUN,TRIGGERS_CUE,,,,,,,,,,,
span:AUTH-TAD-0261,rule:R_TEMP_ADV_01,MATCHES_RULE,,,,,,,,1.0,TEMPORAL_ADVERBIAL,90.0,true
span:AUTH-TAD-0261,rule:R_TEMP_ADV_02,MATCHES_RULE,,,,,,,,2.0,TEMPORAL_ADVERBIAL,88.0,true
span:AUTH-TAD-0261,rule:R_TEMP_KG_ADV_02,MATCHES_RULE,,,,,,,,3.0,TEMPORAL_ADVERBIAL,72.0,true
sentence:SENT-0084,source:GRAMMAR_MANUAL_ADVANCED,DERIVED_FROM,,,,,48,(又+)何必+呢? 事情已经解决了，这 又 何必 呢? 为这点儿小事,,,,,
sentence:SENT-0084,span:AUTH-TAD-0262,HAS_CANDIDATE,,,,,,,,,,,
span:AUTH-TAD-0262,consensus:AUTH-TAD-0262,HAS_CONSENSUS,,,,,,,,,,,
consensus:AUTH-TAD-0262,function:TEMPORAL_ADVERBIAL,MAPS_TO,,,,,,,,,,,
span:AUTH-TAD-0262,cleaning:A_主评测候选,HAS_CLEANING_STATUS,,,,,,,主实验/严格评测,,,,
span:AUTH-TAD-0262,ambiguity:无重复,HAS_AMBIGUITY,,,,,,,,,,,
span:AUTH-TAD-0262,ambiguity:来源字段完整但仍需正版逐页核验,HAS_AMBIGUITY,,,,,,,,,,,
span:AUTH-TAD-0262,annotation:span:AUTH-TAD-0262:r1,ANNOTATED_BY,,,,,,,,,,,
annotation:span:AUTH-TAD-0262:r1,rater:rater_1,MADE_BY,,,,,,,,,,,
span:AUTH-TAD-0262,annotation:span:AUTH-TAD-0262:r2,ANNOTATED_BY,,,,,,,,,,,
annotation:span:AUTH-TAD-0262:r2,rater:rater_2,MADE_BY,,,,,,,,,,,
span:AUTH-TAD-0262,annotation:span:AUTH-TAD-0262:r3,ANNOTATED_BY,,,,,,,,,,,
annotation:span:AUTH-TAD-0262:r3,rater:rater_3,MADE_BY,,,,,,,,,,,
span:AUTH-TAD-0262,cue:TIME_ADVERB,TRIGGERS_CUE,,,,,,,,,,,
span:AUTH-TAD-0262,cue:TIME_FREQUENCY,TRIGGERS_CUE,,,,,,,,,,,
span:AUTH-TAD-0262,cue:TIME_NOUN,TRIGGERS_CUE,,,,,,,,,,,
span:AUTH-TAD-0262,rule:R_TEMP_KG_ADV_01,MATCHES_RULE,,,,,,,,1.0,TEMPORAL_ADVERBIAL,79.0,true
span:AUTH-TAD-0262,rule:R_TEMP_ADV_11,MATCHES_RULE,,,,,,,,2.0,TEMPORAL_ADVERBIAL,73.0,true
span:AUTH-TAD-0262,rule:R_TEMP_KG_ADV_02,MATCHES_RULE,,,,,,,,3.0,TEMPORAL_ADVERBIAL,72.0,true
sentence:SENT-0044,span:AUTH-TAD-0263,HAS_CANDIDATE,,,,,,,,,,,
span:AUTH-TAD-0263,consensus:AUTH-TAD-0263,HAS_CONSENSUS,,,,,,,,,,,
consensus:AUTH-TAD-0263,function:TEMPORAL_ADVERBIAL,MAPS_TO,,,,,,,,,,,
span:AUTH-TAD-0263,cleaning:B_边界复核集,HAS_CLEANING_STATUS,,,,,,,边界集/鲁棒性分析,,,,
span:AUTH-TAD-0263,ambiguity:页面线索缺失,HAS_AMBIGUITY,,,,,,,,,,,
span:AUTH-TAD-0263,ambiguity:同句多候选_重复句,HAS_AMBIGUITY,,,,,,,,,,,
span:AUTH-TAD-0263,annotation:span:AUTH-TAD-0263:r1,ANNOTATED_BY,,,,,,,,,,,
annotation:span:AUTH-TAD-0263:r1,rater:rater_1,MADE_BY,,,,,,,,,,,
span:AUTH-TAD-0263,annotation:span:AUTH-TAD-0263:r2,ANNOTATED_BY,,,,,,,,,,,
annotation:span:AUTH-TAD-0263:r2,rater:rater_2,MADE_BY,,,,,,,,,,,
span:AUTH-TAD-0263,annotation:span:AUTH-TAD-0263:r3,ANNOTATED_BY,,,,,,,,,,,
annotation:span:AUTH-TAD-0263:r3,rater:rater_3,MADE_BY,,,,,,,,,,,
span:AUTH-TAD-0263,cue:BEFORE_PREDICATE,TRIGGERS_CUE,,,,,,,,,,,
span:AUTH-TAD-0263,cue:EVENT_TIME,TRIGGERS_CUE,,,,,,,,,,,
span:AUTH-TAD-0263,cue:SENTENCE_INITIAL,TRIGGERS_CUE,,,,,,,,,,,
span:AUTH-TAD-0263,cue:TIME_NOUN,TRIGGERS_CUE,,,,,,,,,,,
span:AUTH-TAD-0263,rule:R_TEMP_ADV_01,MATCHES_RULE,,,,,,,,1.0,TEMPORAL_ADVERBIAL,90.0,true
span:AUTH-TAD-0263,rule:R_TEMP_ADV_02,MATCHES_RULE,,,,,,,,2.0,TEMPORAL_ADVERBIAL,88.0,true
span:AUTH-TAD-0263,rule:R_TEMP_KG_ADV_02,MATCHES_RULE,,,,,,,,3.0,TEMPORAL_ADVERBIAL,72.0,true
sentence:SENT-0301,source:GRAMMAR_MANUAL_ELEMENTARY,DERIVED_FROM,,,,,196,级语法点 ◎结构特点 (在+)T/VP+以前/以后/前/后 在 来中国 以前，我只学过一点,,,,,
sentence:SENT-0301,span:AUTH-TAD-0264,HAS_CANDIDATE,,,,,,,,,,,
span:AUTH-TAD-0264,consensus:AUTH-TAD-0264,HAS_CONSENSUS,,,,,,,,,,,
consensus:AUTH-TAD-0264,function:TEMPORAL_ADVERBIAL,MAPS_TO,,,,,,,,,,,
span:AUTH-TAD-0264,cleaning:A_主评测候选,HAS_CLEANING_STATUS,,,,,,,主实验/严格评测,,,,
span:AUTH-TAD-0264,ambiguity:无重复,HAS_AMBIGUITY,,,,,,,,,,,
span:AUTH-TAD-0264,ambiguity:来源字段完整但仍需正版逐页核验,HAS_AMBIGUITY,,,,,,,,,,,
span:AUTH-TAD-0264,annotation:span:AUTH-TAD-0264:r1,ANNOTATED_BY,,,,,,,,,,,
annotation:span:AUTH-TAD-0264:r1,rater:rater_1,MADE_BY,,,,,,,,,,,
span:AUTH-TAD-0264,annotation:span:AUTH-TAD-0264:r2,ANNOTATED_BY,,,,,,,,,,,
annotation:span:AUTH-TAD-0264:r2,rater:rater_2,MADE_BY,,,,,,,,,,,
span:AUTH-TAD-0264,annotation:span:AUTH-TAD-0264:r3,ANNOTATED_BY,,,,,,,,,,,
annotation:span:AUTH-TAD-0264:r3,rater:rater_3,MADE_BY,,,,,,,,,,,
span:AUTH-TAD-0264,cue:BEFORE_PREDICATE,TRIGGERS_CUE,,,,,,,,,,,
span:AUTH-TAD-0264,cue:EVENT_TIME,TRIGGERS_CUE,,,,,,,,,,,
span:AUTH-TAD-0264,cue:TIME_NOUN,TRIGGERS_CUE,,,,,,,,,,,
span:AUTH-TAD-0264,rule:R_TEMP_ADV_01,MATCHES_RULE,,,,,,,,1.0,TEMPORAL_ADVERBIAL,90.0,true
span:AUTH-TAD-0264,rule:R_TEMP_ADV_02,MATCHES_RULE,,,,,,,,2.0,TEMPORAL_ADVERBIAL,88.0,true
span:AUTH-TAD-0264,rule:R_TEMP_KG_ADV_02,MATCHES_RULE,,,,,,,,3.0,TEMPORAL_ADVERBIAL,72.0,true
sentence:SENT-0391,source:GRAMMAR_MANUAL_ADVANCED,DERIVED_FROM,,,,,108,我们看到，很多在学校里学习成绩好的学生，工作以后未必表现出色,,,,,
sentence:SENT-0391,span:AUTH-TAD-0265,HAS_CANDIDATE,,,,,,,,,,,
span:AUTH-TAD-0265,consensus:AUTH-TAD-0265,HAS_CONSENSUS,,,,,,,,,,,
consensus:AUTH-TAD-0265,function:TEMPORAL_ADVERBIAL,MAPS_TO,,,,,,,,,,,
span:AUTH-TAD-0265,cleaning:A_主评测候选,HAS_CLEANING_STATUS,,,,,,,主实验/严格评测,,,,
span:AUTH-TAD-0265,ambiguity:无重复,HAS_AMBIGUITY,,,,,,,,,,,
span:AUTH-TAD-0265,ambiguity:来源字段完整但仍需正版逐页核验,HAS_AMBIGUITY,,,,,,,,,,,
span:AUTH-TAD-0265,annotation:span:AUTH-TAD-0265:r1,ANNOTATED_BY,,,,,,,,,,,
annotation:span:AUTH-TAD-0265:r1,rater:rater_1,MADE_BY,,,,,,,,,,,
span:AUTH-TAD-0265,annotation:span:AUTH-TAD-0265:r2,ANNOTATED_BY,,,,,,,,,,,
annotation:span:AUTH-TAD-0265:r2,rater:rater_2,MADE_BY,,,,,,,,,,,
span:AUTH-TAD-0265,annotation:span:AUTH-TAD-0265:r3,ANNOTATED_BY,,,,,,,,,,,
annotation:span:AUTH-TAD-0265:r3,rater:rater_3,MADE_BY,,,,,,,,,,,
span:AUTH-TAD-0265,cue:SENTENCE_INITIAL,TRIGGERS_CUE,,,,,,,,,,,
span:AUTH-TAD-0265,cue:TIME_ADVERB,TRIGGERS_CUE,,,,,,,,,,,
span:AUTH-TAD-0265,cue:TIME_NOUN,TRIGGERS_CUE,,,,,,,,,,,
span:AUTH-TAD-0265,cue:TIME_POINT,TRIGGERS_CUE,,,,,,,,,,,
span:AUTH-TAD-0265,rule:R_TEMP_KG_ADV_02,MATCHES_RULE,,,,,,,,1.0,TEMPORAL_ADVERBIAL,72.0,true
sentence:SENT-0322,source:GRAMMAR_MANUAL_ELEMENTARY,DERIVED_FROM,,,,,291,放假的时候，你通常会做什么? ◎结构特点 “通常”,,,,,
sentence:SENT-0322,span:AUTH-TAD-0266,HAS_CANDIDATE,,,,,,,,,,,
span:AUTH-TAD-0266,consensus:AUTH-TAD-0266,HAS_CONSENSUS,,,,,,,,,,,
consensus:AUTH-TAD-0266,function:TEMPORAL_ADVERBIAL,MAPS_TO,,,,,,,,,,,
span:AUTH-TAD-0266,cleaning:B_边界复核集,HAS_CLEANING_STATUS,,,,,,,边界集/鲁棒性分析,,,,
span:AUTH-TAD-0266,ambiguity:相对时间框架边界,HAS_AMBIGUITY,,,,,,,,,,,
span:AUTH-TAD-0266,ambiguity:无重复,HAS_AMBIGUITY,,,,,,,,,,,
span:AUTH-TAD-0266,ambiguity:来源字段完整但仍需正版逐页核验,HAS_AMBIGUITY,,,,,,,,,,,
span:AUTH-TAD-0266,annotation:span:AUTH-TAD-0266:r1,ANNOTATED_BY,,,,,,,,,,,
annotation:span:AUTH-TAD-0266:r1,rater:rater_1,MADE_BY,,,,,,,,,,,
span:AUTH-TAD-0266,annotation:span:AUTH-TAD-0266:r2,ANNOTATED_BY,,,,,,,,,,,
annotation:span:AUTH-TAD-0266:r2,rater:rater_2,MADE_BY,,,,,,,,,,,
span:AUTH-TAD-0266,annotation:span:AUTH-TAD-0266:r3,ANNOTATED_BY,,,,,,,,,,,
annotation:span:AUTH-TAD-0266:r3,rater:rater_3,MADE_BY,,,,,,,,,,,
span:AUTH-TAD-0266,cue:BEFORE_PREDICATE,TRIGGERS_CUE,,,,,,,,,,,
span:AUTH-TAD-0266,cue:EVENT_TIME,TRIGGERS_CUE,,,,,,,,,,,
span:AUTH-TAD-0266,cue:SENTENCE_INITIAL,TRIGGERS_CUE,,,,,,,,,,,
span:AUTH-TAD-0266,cue:TIME_NOUN,TRIGGERS_CUE,,,,,,,,,,,
span:AUTH-TAD-0266,rule:R_TEMP_ADV_01,MATCHES_RULE,,,,,,,,1.0,TEMPORAL_ADVERBIAL,90.0,true
span:AUTH-TAD-0266,rule:R_TEMP_ADV_02,MATCHES_RULE,,,,,,,,2.0,TEMPORAL_ADVERBIAL,88.0,true
span:AUTH-TAD-0266,rule:R_TEMP_KG_ADV_02,MATCHES_RULE,,,,,,,,3.0,TEMPORAL_ADVERBIAL,72.0,true
sentence:SENT-0418,source:GRAMMAR_MANUAL_ADVANCED,DERIVED_FROM,,,,,156,而我常常选择在教室里及时复习功课,,,,,
sentence:SENT-0418,span:AUTH-TAD-0267,HAS_CANDIDATE,,,,,,,,,,,
span:AUTH-TAD-0267,consensus:AUTH-TAD-0267,HAS_CONSENSUS,,,,,,,,,,,
consensus:AUTH-TAD-0267,function:TEMPORAL_ADVERBIAL,MAPS_TO,,,,,,,,,,,
span:AUTH-TAD-0267,cleaning:B_边界复核集,HAS_CLEANING_STATUS,,,,,,,边界集/鲁棒性分析,,,,
span:AUTH-TAD-0267,ambiguity:时间副词_体貌副词边界,HAS_AMBIGUITY,,,,,,,,,,,
span:AUTH-TAD-0267,ambiguity:无重复,HAS_AMBIGUITY,,,,,,,,,,,
span:AUTH-TAD-0267,ambiguity:来源字段完整但仍需正版逐页核验,HAS_AMBIGUITY,,,,,,,,,,,
span:AUTH-TAD-0267,annotation:span:AUTH-TAD-0267:r1,ANNOTATED_BY,,,,,,,,,,,
annotation:span:AUTH-TAD-0267:r1,rater:rater_1,MADE_BY,,,,,,,,,,,
span:AUTH-TAD-0267,annotation:span:AUTH-TAD-0267:r2,ANNOTATED_BY,,,,,,,,,,,
annotation:span:AUTH-TAD-0267:r2,rater:rater_2,MADE_BY,,,,,,,,,,,
span:AUTH-TAD-0267,annotation:span:AUTH-TAD-0267:r3,ANNOTATED_BY,,,,,,,,,,,
annotation:span:AUTH-TAD-0267:r3,rater:rater_3,MADE_BY,,,,,,,,,,,
span:AUTH-TAD-0267,cue:BEFORE_PREDICATE,TRIGGERS_CUE,,,,,,,,,,,
span:AUTH-TAD-0267,cue:EVENT_TIME,TRIGGERS_CUE,,,,,,,,,,,
span:AUTH-TAD-0267,cue:TIME_FREQUENCY,TRIGGERS_CUE,,,,,,,,,,,
span:AUTH-TAD-0267,rule:R_TEMP_ADV_04,MATCHES_RULE,,,,,,,,1.0,TEMPORAL_ADVERBIAL,84.0,true
span:AUTH-TAD-0267,rule:R_TEMP_KG_ADV_01,MATCHES_RULE,,,,,,,,2.0,TEMPORAL_ADVERBIAL,79.0,true
sentence:SENT-0329,span:AUTH-TAD-0268,HAS_CANDIDATE,,,,,,,,,,,
span:AUTH-TAD-0268,consensus:AUTH-TAD-0268,HAS_CONSENSUS,,,,,,,,,,,
consensus:AUTH-TAD-0268,function:OTHER,MAPS_TO,,,,,,,,,,,
span:AUTH-TAD-0268,cleaning:C_暂不纳入主实验,HAS_CLEANING_STATUS,,,,,,,错误分析/待复核,,,,
span:AUTH-TAD-0268,ambiguity:候选片段与最终片段不一致,HAS_AMBIGUITY,,,,,,,,,,,
span:AUTH-TAD-0268,ambiguity:非目标时间表达,HAS_AMBIGUITY,,,,,,,,,,,
span:AUTH-TAD-0268,ambiguity:至少一名标注者修正片段,HAS_AMBIGUITY,,,,,,,,,,,
span:AUTH-TAD-0268,ambiguity:同句多候选_重复句,HAS_AMBIGUITY,,,,,,,,,,,
span:AUTH-TAD-0268,ambiguity:来源字段完整但仍需正版逐页核验,HAS_AMBIGUITY,,,,,,,,,,,
span:AUTH-TAD-0268,annotation:span:AUTH-TAD-0268:r1,ANNOTATED_BY,,,,,,,,,,,
annotation:span:AUTH-TAD-0268:r1,rater:rater_1,MADE_BY,,,,,,,,,,,
span:AUTH-TAD-0268,annotation:span:AUTH-TAD-0268:r2,ANNOTATED_BY,,,,,,,,,,,
annotation:span:AUTH-TAD-0268:r2,rater:rater_2,MADE_BY,,,,,,,,,,,
span:AUTH-TAD-0268,annotation:span:AUTH-TAD-0268:r3,ANNOTATED_BY,,,,,,,,,,,
annotation:span:AUTH-TAD-0268:r3,rater:rater_3,MADE_BY,,,,,,,,,,,
span:AUTH-TAD-0268,cue:BEFORE_PREDICATE,TRIGGERS_CUE,,,,,,,,,,,
span:AUTH-TAD-0268,cue:EVENT_TIME,TRIGGERS_CUE,,,,,,,,,,,
span:AUTH-TAD-0268,cue:NO_TEMPORAL_EXPRESSION,TRIGGERS_CUE,,,,,,,,,,,
span:AUTH-TAD-0268,cue:REVIEW_NON_TARGET_RISK,TRIGGERS_CUE,,,,,,,,,,,
span:AUTH-TAD-0268,rule:R_TEMP_KG_OTHER_01,MATCHES_RULE,,,,,,,,1.0,OTHER,130.0,true
sentence:SENT-0358,span:AUTH-TAD-0269,HAS_CANDIDATE,,,,,,,,,,,
span:AUTH-TAD-0269,consensus:AUTH-TAD-0269,HAS_CONSENSUS,,,,,,,,,,,
consensus:AUTH-TAD-0269,function:TEMPORAL_ADVERBIAL,MAPS_TO,,,,,,,,,,,
span:AUTH-TAD-0269,cleaning:A_主评测候选,HAS_CLEANING_STATUS,,,,,,,主实验/严格评测,,,,
span:AUTH-TAD-0269,ambiguity:同句多候选_重复句,HAS_AMBIGUITY,,,,,,,,,,,
span:AUTH-TAD-0269,ambiguity:来源字段完整但仍需正版逐页核验,HAS_AMBIGUITY,,,,,,,,,,,
span:AUTH-TAD-0269,annotation:span:AUTH-TAD-0269:r1,ANNOTATED_BY,,,,,,,,,,,
annotation:span:AUTH-TAD-0269:r1,rater:rater_1,MADE_BY,,,,,,,,,,,
span:AUTH-TAD-0269,annotation:span:AUTH-TAD-0269:r2,ANNOTATED_BY,,,,,,,,,,,
annotation:span:AUTH-TAD-0269:r2,rater:rater_2,MADE_BY,,,,,,,,,,,
span:AUTH-TAD-0269,annotation:span:AUTH-TAD-0269:r3,ANNOTATED_BY,,,,,,,,,,,
annotation:span:AUTH-TAD-0269:r3,rater:rater_3,MADE_BY,,,,,,,,,,,
span:AUTH-TAD-0269,cue:BEFORE_PREDICATE,TRIGGERS_CUE,,,,,,,,,,,
span:AUTH-TAD-0269,cue:EVENT_TIME,TRIGGERS_CUE,,,,,,,,,,,
span:AUTH-TAD-0269,cue:TIME_NOUN,TRIGGERS_CUE,,,,,,,,,,,
span:AUTH-TAD-0269,rule:R_TEMP_ADV_01,MATCHES_RULE,,,,,,,,1.0,TEMPORAL_ADVERBIAL,90.0,true
span:AUTH-TAD-0269,rule:R_TEMP_ADV_02,MATCHES_RULE,,,,,,,,2.0,TEMPORAL_ADVERBIAL,88.0,true
span:AUTH-TAD-0269,rule:R_TEMP_KG_ADV_02,MATCHES_RULE,,,,,,,,3.0,TEMPORAL_ADVERBIAL,72.0,true
sentence:SENT-0315,source:GRAMMAR_MANUAL_ADVANCED,DERIVED_FROM,,,,,139,即使是年轻人也要花好长时间才能登上这座山，别说老年人了,,,,,
sentence:SENT-0315,span:AUTH-TAD-0270,HAS_CANDIDATE,,,,,,,,,,,
span:AUTH-TAD-0270,consensus:AUTH-TAD-0270,HAS_CONSENSUS,,,,,,,,,,,
consensus:AUTH-TAD-0270,function:COMPLEMENT,MAPS_TO,,,,,,,,,,,
span:AUTH-TAD-0270,cleaning:B_边界复核集,HAS_CLEANING_STATUS,,,,,,,边界集/鲁棒性分析,,,,
span:AUTH-TAD-0270,ambiguity:时量补语_持续时间边界,HAS_AMBIGUITY,,,,,,,,,,,
span:AUTH-TAD-0270,ambiguity:同句多候选_重复句,HAS_AMBIGUITY,,,,,,,,,,,
span:AUTH-TAD-0270,ambiguity:来源字段完整但仍需正版逐页核验,HAS_AMBIGUITY,,,,,,,,,,,
span:AUTH-TAD-0270,annotation:span:AUTH-TAD-0270:r1,ANNOTATED_BY,,,,,,,,,,,
annotation:span:AUTH-TAD-0270:r1,rater:rater_1,MADE_BY,,,,,,,,,,,
span:AUTH-TAD-0270,annotation:span:AUTH-TAD-0270:r2,ANNOTATED_BY,,,,,,,,,,,
annotation:span:AUTH-TAD-0270:r2,rater:rater_2,MADE_BY,,,,,,,,,,,
span:AUTH-TAD-0270,annotation:span:AUTH-TAD-0270:r3,ANNOTATED_BY,,,,,,,,,,,
annotation:span:AUTH-TAD-0270:r3,rater:rater_3,MADE_BY,,,,,,,,,,,
span:AUTH-TAD-0270,cue:AFTER_VERB,TRIGGERS_CUE,,,,,,,,,,,
span:AUTH-TAD-0270,cue:COMPLEMENT_DURATION_CONTEXT,TRIGGERS_CUE,,,,,,,,,,,
span:AUTH-TAD-0270,cue:DURATION_COMPLEMENT,TRIGGERS_CUE,,,,,,,,,,,
span:AUTH-TAD-0270,cue:TIME_DURATION,TRIGGERS_CUE,,,,,,,,,,,
span:AUTH-TAD-0270,rule:R_TEMP_KG_COMP_01,MATCHES_RULE,,,,,,,,1.0,COMPLEMENT,127.0,true
span:AUTH-TAD-0270,rule:R_TEMP_COMP_01,MATCHES_RULE,,,,,,,,2.0,COMPLEMENT,96.0,true
span:AUTH-TAD-0270,rule:R_TEMP_COMP_02,MATCHES_RULE,,,,,,,,3.0,COMPLEMENT,95.0,true
span:AUTH-TAD-0270,rule:R_TEMP_COMP_07,MATCHES_RULE,,,,,,,,4.0,COMPLEMENT,94.0,true
sentence:SENT-0192,source:GRAMMAR_MANUAL_ELEMENTARY,DERIVED_FROM,,,,,237,因为我们经常通信，所以他的 事我都知道,,,,,
sentence:SENT-0192,span:AUTH-TAD-0271,HAS_CANDIDATE,,,,,,,,,,,
span:AUTH-TAD-0271,consensus:AUTH-TAD-0271,HAS_CONSENSUS,,,,,,,,,,,
consensus:AUTH-TAD-0271,function:TEMPORAL_ADVERBIAL,MAPS_TO,,,,,,,,,,,
span:AUTH-TAD-0271,cleaning:B_边界复核集,HAS_CLEANING_STATUS,,,,,,,边界集/鲁棒性分析,,,,
span:AUTH-TAD-0271,ambiguity:三人标注不完全一致,HAS_AMBIGUITY,,,,,,,,,,,
span:AUTH-TAD-0271,ambiguity:无重复,HAS_AMBIGUITY,,,,,,,,,,,
span:AUTH-TAD-0271,ambiguity:来源字段完整但仍需正版逐页核验,HAS_AMBIGUITY,,,,,,,,,,,
span:AUTH-TAD-0271,annotation:span:AUTH-TAD-0271:r1,ANNOTATED_BY,,,,,,,,,,,
annotation:span:AUTH-TAD-0271:r1,rater:rater_1,MADE_BY,,,,,,,,,,,
span:AUTH-TAD-0271,annotation:span:AUTH-TAD-0271:r2,ANNOTATED_BY,,,,,,,,,,,
annotation:span:AUTH-TAD-0271:r2,rater:rater_2,MADE_BY,,,,,,,,,,,
span:AUTH-TAD-0271,annotation:span:AUTH-TAD-0271:r3,ANNOTATED_BY,,,,,,,,,,,
annotation:span:AUTH-TAD-0271:r3,rater:rater_3,MADE_BY,,,,,,,,,,,
span:AUTH-TAD-0271,cue:BEFORE_PREDICATE,TRIGGERS_CUE,,,,,,,,,,,
span:AUTH-TAD-0271,cue:EVENT_TIME,TRIGGERS_CUE,,,,,,,,,,,
span:AUTH-TAD-0271,cue:TIME_NOUN,TRIGGERS_CUE,,,,,,,,,,,
span:AUTH-TAD-0271,rule:R_TEMP_ADV_01,MATCHES_RULE,,,,,,,,1.0,TEMPORAL_ADVERBIAL,90.0,true
span:AUTH-TAD-0271,rule:R_TEMP_ADV_02,MATCHES_RULE,,,,,,,,2.0,TEMPORAL_ADVERBIAL,88.0,true
span:AUTH-TAD-0271,rule:R_TEMP_KG_ADV_02,MATCHES_RULE,,,,,,,,3.0,TEMPORAL_ADVERBIAL,72.0,true
sentence:SENT-0147,source:GRAMMAR_MANUAL_INTERMEDIATE,DERIVED_FROM,,,,,102,,,,,,
sentence:SENT-0147,span:AUTH-TAD-0272,HAS_CANDIDATE,,,,,,,,,,,
span:AUTH-TAD-0272,consensus:AUTH-TAD-0272,HAS_CONSENSUS,,,,,,,,,,,
consensus:AUTH-TAD-0272,function:TEMPORAL_ADVERBIAL,MAPS_TO,,,,,,,,,,,
span:AUTH-TAD-0272,cleaning:B_边界复核集,HAS_CLEANING_STATUS,,,,,,,边界集/鲁棒性分析,,,,
span:AUTH-TAD-0272,ambiguity:页面线索缺失,HAS_AMBIGUITY,,,,,,,,,,,
span:AUTH-TAD-0272,ambiguity:无重复,HAS_AMBIGUITY,,,,,,,,,,,
span:AUTH-TAD-0272,annotation:span:AUTH-TAD-0272:r1,ANNOTATED_BY,,,,,,,,,,,
annotation:span:AUTH-TAD-0272:r1,rater:rater_1,MADE_BY,,,,,,,,,,,
span:AUTH-TAD-0272,annotation:span:AUTH-TAD-0272:r2,ANNOTATED_BY,,,,,,,,,,,
annotation:span:AUTH-TAD-0272:r2,rater:rater_2,MADE_BY,,,,,,,,,,,
span:AUTH-TAD-0272,annotation:span:AUTH-TAD-0272:r3,ANNOTATED_BY,,,,,,,,,,,
annotation:span:AUTH-TAD-0272:r3,rater:rater_3,MADE_BY,,,,,,,,,,,
span:AUTH-TAD-0272,cue:BEFORE_PREDICATE,TRIGGERS_CUE,,,,,,,,,,,
span:AUTH-TAD-0272,cue:EVENT_TIME,TRIGGERS_CUE,,,,,,,,,,,
span:AUTH-TAD-0272,cue:TIME_ADVERB,TRIGGERS_CUE,,,,,,,,,,,
span:AUTH-TAD-0272,cue:TIME_NOUN,TRIGGERS_CUE,,,,,,,,,,,
span:AUTH-TAD-0272,cue:TIME_POINT,TRIGGERS_CUE,,,,,,,,,,,
span:AUTH-TAD-0272,rule:R_TEMP_ADV_01,MATCHES_RULE,,,,,,,,1.0,TEMPORAL_ADVERBIAL,90.0,true
span:AUTH-TAD-0272,rule:R_TEMP_ADV_02,MATCHES_RULE,,,,,,,,2.0,TEMPORAL_ADVERBIAL,88.0,true
span:AUTH-TAD-0272,rule:R_TEMP_ADV_19,MATCHES_RULE,,,,,,,,3.0,TEMPORAL_ADVERBIAL,84.0,true
span:AUTH-TAD-0272,rule:R_TEMP_ADV_08,MATCHES_RULE,,,,,,,,4.0,TEMPORAL_ADVERBIAL,78.0,true
span:AUTH-TAD-0272,rule:R_TEMP_ADV_10,MATCHES_RULE,,,,,,,,5.0,TEMPORAL_ADVERBIAL,75.0,true
sentence:SENT-0064,span:AUTH-TAD-0273,HAS_CANDIDATE,,,,,,,,,,,
span:AUTH-TAD-0273,consensus:AUTH-TAD-0273,HAS_CONSENSUS,,,,,,,,,,,
consensus:AUTH-TAD-0273,function:OTHER,MAPS_TO,,,,,,,,,,,
span:AUTH-TAD-0273,cleaning:C_暂不纳入主实验,HAS_CLEANING_STATUS,,,,,,,待复核,,,,
span:AUTH-TAD-0273,ambiguity:相对时间框架边界,HAS_AMBIGUITY,,,,,,,,,,,
span:AUTH-TAD-0273,ambiguity:候选片段与最终片段不一致,HAS_AMBIGUITY,,,,,,,,,,,
span:AUTH-TAD-0273,ambiguity:非目标时间表达,HAS_AMBIGUITY,,,,,,,,,,,
span:AUTH-TAD-0273,ambiguity:三人标注不完全一致,HAS_AMBIGUITY,,,,,,,,,,,
span:AUTH-TAD-0273,ambiguity:至少一名标注者修正片段,HAS_AMBIGUITY,,,,,,,,,,,
span:AUTH-TAD-0273,ambiguity:同句多候选_重复句,HAS_AMBIGUITY,,,,,,,,,,,
span:AUTH-TAD-0273,ambiguity:来源字段完整但仍需正版逐页核验,HAS_AMBIGUITY,,,,,,,,,,,
span:AUTH-TAD-0273,annotation:span:AUTH-TAD-0273:r1,ANNOTATED_BY,,,,,,,,,,,
annotation:span:AUTH-TAD-0273:r1,rater:rater_1,MADE_BY,,,,,,,,,,,
span:AUTH-TAD-0273,annotation:span:AUTH-TAD-0273:r2,ANNOTATED_BY,,,,,,,,,,,
annotation:span:AUTH-TAD-0273:r2,rater:rater_2,MADE_BY,,,,,,,,,,,
span:AUTH-TAD-0273,annotation:span:AUTH-TAD-0273:r3,ANNOTATED_BY,,,,,,,,,,,
annotation:span:AUTH-TAD-0273:r3,rater:rater_3,MADE_BY,,,,,,,,,,,
span:AUTH-TAD-0273,cue:BEFORE_PREDICATE,TRIGGERS_CUE,,,,,,,,,,,
span:AUTH-TAD-0273,cue:EVENT_TIME,TRIGGERS_CUE,,,,,,,,,,,
span:AUTH-TAD-0273,cue:NO_TEMPORAL_EXPRESSION,TRIGGERS_CUE,,,,,,,,,,,
span:AUTH-TAD-0273,cue:REVIEW_NON_TARGET_RISK,TRIGGERS_CUE,,,,,,,,,,,
span:AUTH-TAD-0273,rule:R_TEMP_KG_OTHER_01,MATCHES_RULE,,,,,,,,1.0,OTHER,130.0,true
sentence:SENT-0025,source:GRAMMAR_MANUAL_INTERMEDIATE,DERIVED_FROM,,,,,356,话 就算成绩最好的 例句 同学也无法回答 就是你想马上瘦下来 就算他做错了你也要 这个问题,,,,,
sentence:SENT-0025,span:AUTH-TAD-0274,HAS_CANDIDATE,,,,,,,,,,,
span:AUTH-TAD-0274,consensus:AUTH-TAD-0274,HAS_CONSENSUS,,,,,,,,,,,
consensus:AUTH-TAD-0274,function:TEMPORAL_ADVERBIAL,MAPS_TO,,,,,,,,,,,
span:AUTH-TAD-0274,cleaning:A_主评测候选,HAS_CLEANING_STATUS,,,,,,,主实验/严格评测,,,,
span:AUTH-TAD-0274,ambiguity:无重复,HAS_AMBIGUITY,,,,,,,,,,,
span:AUTH-TAD-0274,ambiguity:来源字段完整但仍需正版逐页核验,HAS_AMBIGUITY,,,,,,,,,,,
span:AUTH-TAD-0274,annotation:span:AUTH-TAD-0274:r1,ANNOTATED_BY,,,,,,,,,,,
annotation:span:AUTH-TAD-0274:r1,rater:rater_1,MADE_BY,,,,,,,,,,,
span:AUTH-TAD-0274,annotation:span:AUTH-TAD-0274:r2,ANNOTATED_BY,,,,,,,,,,,
annotation:span:AUTH-TAD-0274:r2,rater:rater_2,MADE_BY,,,,,,,,,,,
span:AUTH-TAD-0274,annotation:span:AUTH-TAD-0274:r3,ANNOTATED_BY,,,,,,,,,,,
annotation:span:AUTH-TAD-0274:r3,rater:rater_3,MADE_BY,,,,,,,,,,,
span:AUTH-TAD-0274,cue:BEFORE_PREDICATE,TRIGGERS_CUE,,,,,,,,,,,
span:AUTH-TAD-0274,cue:EVENT_TIME,TRIGGERS_CUE,,,,,,,,,,,
span:AUTH-TAD-0274,cue:TIME_FREQUENCY,TRIGGERS_CUE,,,,,,,,,,,
span:AUTH-TAD-0274,rule:R_TEMP_ADV_04,MATCHES_RULE,,,,,,,,1.0,TEMPORAL_ADVERBIAL,84.0,true
span:AUTH-TAD-0274,rule:R_TEMP_KG_ADV_01,MATCHES_RULE,,,,,,,,2.0,TEMPORAL_ADVERBIAL,79.0,true
sentence:SENT-0315,span:AUTH-TAD-0275,HAS_CANDIDATE,,,,,,,,,,,
span:AUTH-TAD-0275,consensus:AUTH-TAD-0275,HAS_CONSENSUS,,,,,,,,,,,
consensus:AUTH-TAD-0275,function:COMPLEMENT,MAPS_TO,,,,,,,,,,,
span:AUTH-TAD-0275,cleaning:B_边界复核集,HAS_CLEANING_STATUS,,,,,,,边界集/鲁棒性分析,,,,
span:AUTH-TAD-0275,ambiguity:时量补语_持续时间边界,HAS_AMBIGUITY,,,,,,,,,,,
span:AUTH-TAD-0275,ambiguity:三人标注不完全一致,HAS_AMBIGUITY,,,,,,,,,,,
span:AUTH-TAD-0275,ambiguity:同句多候选_重复句,HAS_AMBIGUITY,,,,,,,,,,,
span:AUTH-TAD-0275,ambiguity:来源字段完整但仍需正版逐页核验,HAS_AMBIGUITY,,,,,,,,,,,
span:AUTH-TAD-0275,annotation:span:AUTH-TAD-0275:r1,ANNOTATED_BY,,,,,,,,,,,
annotation:span:AUTH-TAD-0275:r1,rater:rater_1,MADE_BY,,,,,,,,,,,
span:AUTH-TAD-0275,annotation:span:AUTH-TAD-0275:r2,ANNOTATED_BY,,,,,,,,,,,
annotation:span:AUTH-TAD-0275:r2,rater:rater_2,MADE_BY,,,,,,,,,,,
span:AUTH-TAD-0275,annotation:span:AUTH-TAD-0275:r3,ANNOTATED_BY,,,,,,,,,,,
annotation:span:AUTH-TAD-0275:r3,rater:rater_3,MADE_BY,,,,,,,,,,,
span:AUTH-TAD-0275,cue:AFTER_VERB,TRIGGERS_CUE,,,,,,,,,,,
span:AUTH-TAD-0275,cue:COMPLEMENT_DURATION_CONTEXT,TRIGGERS_CUE,,,,,,,,,,,
span:AUTH-TAD-0275,cue:DURATION_COMPLEMENT,TRIGGERS_CUE,,,,,,,,,,,
span:AUTH-TAD-0275,cue:TIME_DURATION,TRIGGERS_CUE,,,,,,,,,,,
span:AUTH-TAD-0275,rule:R_TEMP_KG_COMP_01,MATCHES_RULE,,,,,,,,1.0,COMPLEMENT,127.0,true
span:AUTH-TAD-0275,rule:R_TEMP_COMP_01,MATCHES_RULE,,,,,,,,2.0,COMPLEMENT,96.0,true
span:AUTH-TAD-0275,rule:R_TEMP_COMP_02,MATCHES_RULE,,,,,,,,3.0,COMPLEMENT,95.0,true
span:AUTH-TAD-0275,rule:R_TEMP_COMP_07,MATCHES_RULE,,,,,,,,4.0,COMPLEMENT,94.0,true
sentence:SENT-0330,source:GRAMMAR_MANUAL_ELEMENTARY,DERIVED_FROM,,,,,75,级语法点 小提示 短语作状语时，后边一般要用“地”,,,,,
sentence:SENT-0330,span:AUTH-TAD-0276,HAS_CANDIDATE,,,,,,,,,,,
span:AUTH-TAD-0276,consensus:AUTH-TAD-0276,HAS_CONSENSUS,,,,,,,,,,,
consensus:AUTH-TAD-0276,function:TEMPORAL_ADVERBIAL,MAPS_TO,,,,,,,,,,,
span:AUTH-TAD-0276,cleaning:A_主评测候选,HAS_CLEANING_STATUS,,,,,,,主实验/严格评测,,,,
span:AUTH-TAD-0276,ambiguity:无重复,HAS_AMBIGUITY,,,,,,,,,,,
span:AUTH-TAD-0276,ambiguity:来源字段完整但仍需正版逐页核验,HAS_AMBIGUITY,,,,,,,,,,,
span:AUTH-TAD-0276,annotation:span:AUTH-TAD-0276:r1,ANNOTATED_BY,,,,,,,,,,,
annotation:span:AUTH-TAD-0276:r1,rater:rater_1,MADE_BY,,,,,,,,,,,
span:AUTH-TAD-0276,annotation:span:AUTH-TAD-0276:r2,ANNOTATED_BY,,,,,,,,,,,
annotation:span:AUTH-TAD-0276:r2,rater:rater_2,MADE_BY,,,,,,,,,,,
span:AUTH-TAD-0276,annotation:span:AUTH-TAD-0276:r3,ANNOTATED_BY,,,,,,,,,,,
annotation:span:AUTH-TAD-0276:r3,rater:rater_3,MADE_BY,,,,,,,,,,,
span:AUTH-TAD-0276,cue:BEFORE_PREDICATE,TRIGGERS_CUE,,,,,,,,,,,
span:AUTH-TAD-0276,cue:EVENT_TIME,TRIGGERS_CUE,,,,,,,,,,,
span:AUTH-TAD-0276,cue:SENTENCE_INITIAL,TRIGGERS_CUE,,,,,,,,,,,
span:AUTH-TAD-0276,cue:TIME_NOUN,TRIGGERS_CUE,,,,,,,,,,,
span:AUTH-TAD-0276,rule:R_TEMP_ADV_01,MATCHES_RULE,,,,,,,,1.0,TEMPORAL_ADVERBIAL,90.0,true
span:AUTH-TAD-0276,rule:R_TEMP_ADV_02,MATCHES_RULE,,,,,,,,2.0,TEMPORAL_ADVERBIAL,88.0,true
span:AUTH-TAD-0276,rule:R_TEMP_KG_ADV_02,MATCHES_RULE,,,,,,,,3.0,TEMPORAL_ADVERBIAL,72.0,true
sentence:SENT-0126,source:GRAMMAR_MANUAL_INTERMEDIATE,DERIVED_FROM,,,,,15,◎ 结构特点 “格外”用在形容词或动词性成分前，作状语,,,,,
sentence:SENT-0126,span:AUTH-TAD-0277,HAS_CANDIDATE,,,,,,,,,,,
span:AUTH-TAD-0277,consensus:AUTH-TAD-0277,HAS_CONSENSUS,,,,,,,,,,,
consensus:AUTH-TAD-0277,function:ATTRIBUTE,MAPS_TO,,,,,,,,,,,
span:AUTH-TAD-0277,cleaning:B_边界复核集,HAS_CLEANING_STATUS,,,,,,,边界集/鲁棒性分析,,,,
span:AUTH-TAD-0277,ambiguity:可能为时间定语,HAS_AMBIGUITY,,,,,,,,,,,
span:AUTH-TAD-0277,ambiguity:无重复,HAS_AMBIGUITY,,,,,,,,,,,
span:AUTH-TAD-0277,ambiguity:来源字段完整但仍需正版逐页核验,HAS_AMBIGUITY,,,,,,,,,,,
span:AUTH-TAD-0277,annotation:span:AUTH-TAD-0277:r1,ANNOTATED_BY,,,,,,,,,,,
annotation:span:AUTH-TAD-0277:r1,rater:rater_1,MADE_BY,,,,,,,,,,,
span:AUTH-TAD-0277,annotation:span:AUTH-TAD-0277:r2,ANNOTATED_BY,,,,,,,,,,,
annotation:span:AUTH-TAD-0277:r2,rater:rater_2,MADE_BY,,,,,,,,,,,
span:AUTH-TAD-0277,annotation:span:AUTH-TAD-0277:r3,ANNOTATED_BY,,,,,,,,,,,
annotation:span:AUTH-TAD-0277:r3,rater:rater_3,MADE_BY,,,,,,,,,,,
span:AUTH-TAD-0277,cue:ATTR_DE_DIRECT,TRIGGERS_CUE,,,,,,,,,,,
span:AUTH-TAD-0277,cue:ATTR_NOMINAL_DIRECT,TRIGGERS_CUE,,,,,,,,,,,
span:AUTH-TAD-0277,cue:DE_PARTICLE,TRIGGERS_CUE,,,,,,,,,,,
span:AUTH-TAD-0277,cue:NOMINAL_HEAD,TRIGGERS_CUE,,,,,,,,,,,
span:AUTH-TAD-0277,cue:TIME_NOUN,TRIGGERS_CUE,,,,,,,,,,,
span:AUTH-TAD-0277,rule:R_TEMP_KG_ATTR_01,MATCHES_RULE,,,,,,,,1.0,ATTRIBUTE,128.0,true
span:AUTH-TAD-0277,rule:R_TEMP_KG_ATTR_02,MATCHES_RULE,,,,,,,,2.0,ATTRIBUTE,126.0,true
span:AUTH-TAD-0277,rule:R_TEMP_ATTR_01,MATCHES_RULE,,,,,,,,3.0,ATTRIBUTE,95.0,true
span:AUTH-TAD-0277,rule:R_TEMP_ATTR_03,MATCHES_RULE,,,,,,,,4.0,ATTRIBUTE,88.0,true
span:AUTH-TAD-0277,rule:R_TEMP_KG_ADV_02,MATCHES_RULE,,,,,,,,5.0,TEMPORAL_ADVERBIAL,72.0,false
sentence:SENT-0187,source:GRAMMAR_MANUAL_INTERMEDIATE,DERIVED_FROM,,,,,158,一向”表示长期稳定、具有规律的状态，不能和表示具体时间的词同时出现,,,,,
sentence:SENT-0187,span:AUTH-TAD-0278,HAS_CANDIDATE,,,,,,,,,,,
span:AUTH-TAD-0278,consensus:AUTH-TAD-0278,HAS_CONSENSUS,,,,,,,,,,,
consensus:AUTH-TAD-0278,function:OTHER,MAPS_TO,,,,,,,,,,,
span:AUTH-TAD-0278,cleaning:C_暂不纳入主实验,HAS_CLEANING_STATUS,,,,,,,错误分析/待复核,,,,
span:AUTH-TAD-0278,ambiguity:相对时间框架边界,HAS_AMBIGUITY,,,,,,,,,,,
span:AUTH-TAD-0278,ambiguity:可能为时间定语,HAS_AMBIGUITY,,,,,,,,,,,
span:AUTH-TAD-0278,ambiguity:候选片段与最终片段不一致,HAS_AMBIGUITY,,,,,,,,,,,
span:AUTH-TAD-0278,ambiguity:非目标时间表达,HAS_AMBIGUITY,,,,,,,,,,,
span:AUTH-TAD-0278,ambiguity:至少一名标注者修正片段,HAS_AMBIGUITY,,,,,,,,,,,
span:AUTH-TAD-0278,ambiguity:无重复,HAS_AMBIGUITY,,,,,,,,,,,
span:AUTH-TAD-0278,ambiguity:来源字段完整但仍需正版逐页核验,HAS_AMBIGUITY,,,,,,,,,,,
span:AUTH-TAD-0278,annotation:span:AUTH-TAD-0278:r1,ANNOTATED_BY,,,,,,,,,,,
annotation:span:AUTH-TAD-0278:r1,rater:rater_1,MADE_BY,,,,,,,,,,,
span:AUTH-TAD-0278,annotation:span:AUTH-TAD-0278:r2,ANNOTATED_BY,,,,,,,,,,,
annotation:span:AUTH-TAD-0278:r2,rater:rater_2,MADE_BY,,,,,,,,,,,
span:AUTH-TAD-0278,annotation:span:AUTH-TAD-0278:r3,ANNOTATED_BY,,,,,,,,,,,
annotation:span:AUTH-TAD-0278:r3,rater:rater_3,MADE_BY,,,,,,,,,,,
span:AUTH-TAD-0278,cue:BEFORE_PREDICATE,TRIGGERS_CUE,,,,,,,,,,,
span:AUTH-TAD-0278,cue:DE_PARTICLE,TRIGGERS_CUE,,,,,,,,,,,
span:AUTH-TAD-0278,cue:EVENT_TIME,TRIGGERS_CUE,,,,,,,,,,,
span:AUTH-TAD-0278,cue:REVIEW_NON_TARGET_RISK,TRIGGERS_CUE,,,,,,,,,,,
span:AUTH-TAD-0278,cue:SENTENCE_INITIAL,TRIGGERS_CUE,,,,,,,,,,,
span:AUTH-TAD-0278,cue:TIME_NOUN,TRIGGERS_CUE,,,,,,,,,,,
span:AUTH-TAD-0278,rule:R_TEMP_KG_OTHER_01,MATCHES_RULE,,,,,,,,1.0,OTHER,130.0,true
span:AUTH-TAD-0278,rule:R_TEMP_ADV_01,MATCHES_RULE,,,,,,,,2.0,TEMPORAL_ADVERBIAL,90.0,false
span:AUTH-TAD-0278,rule:R_TEMP_ADV_02,MATCHES_RULE,,,,,,,,3.0,TEMPORAL_ADVERBIAL,88.0,false
span:AUTH-TAD-0278,rule:R_TEMP_KG_ADV_02,MATCHES_RULE,,,,,,,,4.0,TEMPORAL_ADVERBIAL,72.0,false
sentence:SENT-0422,source:GRAMMAR_MANUAL_ADVANCED,DERIVED_FROM,,,,,87,,,,,,
sentence:SENT-0422,span:AUTH-TAD-0279,HAS_CANDIDATE,,,,,,,,,,,
span:AUTH-TAD-0279,consensus:AUTH-TAD-0279,HAS_CONSENSUS,,,,,,,,,,,
consensus:AUTH-TAD-0279,function:COMPLEMENT,MAPS_TO,,,,,,,,,,,
span:AUTH-TAD-0279,cleaning:B_边界复核集,HAS_CLEANING_STATUS,,,,,,,边界集/鲁棒性分析,,,,
span:AUTH-TAD-0279,ambiguity:页面线索缺失,HAS_AMBIGUITY,,,,,,,,,,,
span:AUTH-TAD-0279,ambiguity:时量补语_持续时间边界,HAS_AMBIGUITY,,,,,,,,,,,
span:AUTH-TAD-0279,ambiguity:三人标注不完全一致,HAS_AMBIGUITY,,,,,,,,,,,
span:AUTH-TAD-0279,ambiguity:无重复,HAS_AMBIGUITY,,,,,,,,,,,
span:AUTH-TAD-0279,annotation:span:AUTH-TAD-0279:r1,ANNOTATED_BY,,,,,,,,,,,
annotation:span:AUTH-TAD-0279:r1,rater:rater_1,MADE_BY,,,,,,,,,,,
span:AUTH-TAD-0279,annotation:span:AUTH-TAD-0279:r2,ANNOTATED_BY,,,,,,,,,,,
annotation:span:AUTH-TAD-0279:r2,rater:rater_2,MADE_BY,,,,,,,,,,,
span:AUTH-TAD-0279,annotation:span:AUTH-TAD-0279:r3,ANNOTATED_BY,,,,,,,,,,,
annotation:span:AUTH-TAD-0279:r3,rater:rater_3,MADE_BY,,,,,,,,,,,
span:AUTH-TAD-0279,cue:AFTER_VERB,TRIGGERS_CUE,,,,,,,,,,,
span:AUTH-TAD-0279,cue:COMPLEMENT_DURATION_CONTEXT,TRIGGERS_CUE,,,,,,,,,,,
span:AUTH-TAD-0279,cue:DURATION_COMPLEMENT,TRIGGERS_CUE,,,,,,,,,,,
span:AUTH-TAD-0279,cue:TIME_AFTER_BEFORE,TRIGGERS_CUE,,,,,,,,,,,
span:AUTH-TAD-0279,cue:TIME_DURATION,TRIGGERS_CUE,,,,,,,,,,,
span:AUTH-TAD-0279,rule:R_TEMP_KG_COMP_01,MATCHES_RULE,,,,,,,,1.0,COMPLEMENT,127.0,true
span:AUTH-TAD-0279,rule:R_TEMP_COMP_01,MATCHES_RULE,,,,,,,,2.0,COMPLEMENT,96.0,true
span:AUTH-TAD-0279,rule:R_TEMP_COMP_02,MATCHES_RULE,,,,,,,,3.0,COMPLEMENT,95.0,true
span:AUTH-TAD-0279,rule:R_TEMP_COMP_07,MATCHES_RULE,,,,,,,,4.0,COMPLEMENT,94.0,true
span:AUTH-TAD-0279,rule:R_TEMP_COMP_08,MATCHES_RULE,,,,,,,,5.0,COMPLEMENT,89.0,true
sentence:SENT-0368,span:AUTH-TAD-0280,HAS_CANDIDATE,,,,,,,,,,,
span:AUTH-TAD-0280,consensus:AUTH-TAD-0280,HAS_CONSENSUS,,,,,,,,,,,
consensus:AUTH-TAD-0280,function:OTHER,MAPS_TO,,,,,,,,,,,
span:AUTH-TAD-0280,cleaning:C_暂不纳入主实验,HAS_CLEANING_STATUS,,,,,,,错误分析/待复核,,,,
span:AUTH-TAD-0280,ambiguity:候选片段与最终片段不一致,HAS_AMBIGUITY,,,,,,,,,,,
span:AUTH-TAD-0280,ambiguity:非目标时间表达,HAS_AMBIGUITY,,,,,,,,,,,
span:AUTH-TAD-0280,ambiguity:至少一名标注者修正片段,HAS_AMBIGUITY,,,,,,,,,,,
span:AUTH-TAD-0280,ambiguity:同句多候选_重复句,HAS_AMBIGUITY,,,,,,,,,,,
span:AUTH-TAD-0280,ambiguity:来源字段完整但仍需正版逐页核验,HAS_AMBIGUITY,,,,,,,,,,,
span:AUTH-TAD-0280,annotation:span:AUTH-TAD-0280:r1,ANNOTATED_BY,,,,,,,,,,,
annotation:span:AUTH-TAD-0280:r1,rater:rater_1,MADE_BY,,,,,,,,,,,
span:AUTH-TAD-0280,annotation:span:AUTH-TAD-0280:r2,ANNOTATED_BY,,,,,,,,,,,
annotation:span:AUTH-TAD-0280:r2,rater:rater_2,MADE_BY,,,,,,,,,,,
span:AUTH-TAD-0280,annotation:span:AUTH-TAD-0280:r3,ANNOTATED_BY,,,,,,,,,,,
annotation:span:AUTH-TAD-0280:r3,rater:rater_3,MADE_BY,,,,,,,,,,,
span:AUTH-TAD-0280,cue:AFTER_VERB,TRIGGERS_CUE,,,,,,,,,,,
span:AUTH-TAD-0280,cue:BEFORE_PREDICATE,TRIGGERS_CUE,,,,,,,,,,,
span:AUTH-TAD-0280,cue:COMPLEMENT_DURATION_CONTEXT,TRIGGERS_CUE,,,,,,,,,,,
span:AUTH-TAD-0280,cue:DURATION_COMPLEMENT,TRIGGERS_CUE,,,,,,,,,,,
span:AUTH-TAD-0280,cue:EVENT_TIME,TRIGGERS_CUE,,,,,,,,,,,
span:AUTH-TAD-0280,cue:REVIEW_NON_TARGET_RISK,TRIGGERS_CUE,,,,,,,,,,,
span:AUTH-TAD-0280,cue:TIME_NOUN,TRIGGERS_CUE,,,,,,,,,,,
span:AUTH-TAD-0280,cue:TIME_POINT,TRIGGERS_CUE,,,,,,,,,,,
span:AUTH-TAD-0280,rule:R_TEMP_KG_OTHER_01,MATCHES_RULE,,,,,,,,1.0,OTHER,130.0,true
span:AUTH-TAD-0280,rule:R_TEMP_KG_COMP_01,MATCHES_RULE,,,,,,,,2.0,COMPLEMENT,127.0,false
span:AUTH-TAD-0280,rule:R_TEMP_ADV_01,MATCHES_RULE,,,,,,,,3.0,TEMPORAL_ADVERBIAL,90.0,false
span:AUTH-TAD-0280,rule:R_TEMP_ADV_02,MATCHES_RULE,,,,,,,,4.0,TEMPORAL_ADVERBIAL,88.0,false
span:AUTH-TAD-0280,rule:R_TEMP_ADV_10,MATCHES_RULE,,,,,,,,5.0,TEMPORAL_ADVERBIAL,75.0,false
sentence:SENT-0327,source:GRAMMAR_MANUAL_ELEMENTARY,DERIVED_FROM,,,,,332,例如： *电话里已经告诉他了，另外的我又写了一封信过去,,,,,
sentence:SENT-0327,span:AUTH-TAD-0281,HAS_CANDIDATE,,,,,,,,,,,
span:AUTH-TAD-0281,consensus:AUTH-TAD-0281,HAS_CONSENSUS,,,,,,,,,,,
consensus:AUTH-TAD-0281,function:OTHER,MAPS_TO,,,,,,,,,,,
span:AUTH-TAD-0281,cleaning:C_暂不纳入主实验,HAS_CLEANING_STATUS,,,,,,,待复核,,,,
span:AUTH-TAD-0281,ambiguity:原表已建议复核_剔除,HAS_AMBIGUITY,,,,,,,,,,,
span:AUTH-TAD-0281,ambiguity:时量补语_持续时间边界,HAS_AMBIGUITY,,,,,,,,,,,
span:AUTH-TAD-0281,ambiguity:非目标时间表达,HAS_AMBIGUITY,,,,,,,,,,,
span:AUTH-TAD-0281,ambiguity:三人标注不完全一致,HAS_AMBIGUITY,,,,,,,,,,,
span:AUTH-TAD-0281,ambiguity:至少一名标注者修正片段,HAS_AMBIGUITY,,,,,,,,,,,
span:AUTH-TAD-0281,ambiguity:无重复,HAS_AMBIGUITY,,,,,,,,,,,
span:AUTH-TAD-0281,ambiguity:来源字段完整但仍需正版逐页核验,HAS_AMBIGUITY,,,,,,,,,,,
span:AUTH-TAD-0281,annotation:span:AUTH-TAD-0281:r1,ANNOTATED_BY,,,,,,,,,,,
annotation:span:AUTH-TAD-0281:r1,rater:rater_1,MADE_BY,,,,,,,,,,,
span:AUTH-TAD-0281,annotation:span:AUTH-TAD-0281:r2,ANNOTATED_BY,,,,,,,,,,,
annotation:span:AUTH-TAD-0281:r2,rater:rater_2,MADE_BY,,,,,,,,,,,
span:AUTH-TAD-0281,annotation:span:AUTH-TAD-0281:r3,ANNOTATED_BY,,,,,,,,,,,
annotation:span:AUTH-TAD-0281:r3,rater:rater_3,MADE_BY,,,,,,,,,,,
span:AUTH-TAD-0281,cue:BEFORE_PREDICATE,TRIGGERS_CUE,,,,,,,,,,,
span:AUTH-TAD-0281,cue:EVENT_TIME,TRIGGERS_CUE,,,,,,,,,,,
span:AUTH-TAD-0281,cue:INDEFINITE_TIME,TRIGGERS_CUE,,,,,,,,,,,
span:AUTH-TAD-0281,cue:REVIEW_NON_TARGET_RISK,TRIGGERS_CUE,,,,,,,,,,,
span:AUTH-TAD-0281,cue:TIME_DURATION,TRIGGERS_CUE,,,,,,,,,,,
span:AUTH-TAD-0281,cue:TIME_POINT,TRIGGERS_CUE,,,,,,,,,,,
span:AUTH-TAD-0281,rule:R_TEMP_KG_OTHER_01,MATCHES_RULE,,,,,,,,1.0,OTHER,130.0,true
span:AUTH-TAD-0281,rule:R_TEMP_ADV_14,MATCHES_RULE,,,,,,,,2.0,TEMPORAL_ADVERBIAL,77.0,false
sentence:SENT-0231,source:GRAMMAR_MANUAL_INTERMEDIATE,DERIVED_FROM,,,,,174,交际实践 ◎补充例句 调查了很长时间，事情总算搞清楚了,,,,,
sentence:SENT-0231,span:AUTH-TAD-0282,HAS_CANDIDATE,,,,,,,,,,,
span:AUTH-TAD-0282,consensus:AUTH-TAD-0282,HAS_CONSENSUS,,,,,,,,,,,
consensus:AUTH-TAD-0282,function:COMPLEMENT,MAPS_TO,,,,,,,,,,,
span:AUTH-TAD-0282,cleaning:C_暂不纳入主实验,HAS_CLEANING_STATUS,,,,,,,待复核,,,,
span:AUTH-TAD-0282,ambiguity:时量补语_持续时间边界,HAS_AMBIGUITY,,,,,,,,,,,
span:AUTH-TAD-0282,ambiguity:三人标注不完全一致,HAS_AMBIGUITY,,,,,,,,,,,
span:AUTH-TAD-0282,ambiguity:至少一名标注者修正片段,HAS_AMBIGUITY,,,,,,,,,,,
span:AUTH-TAD-0282,ambiguity:无重复,HAS_AMBIGUITY,,,,,,,,,,,
span:AUTH-TAD-0282,ambiguity:来源字段完整但仍需正版逐页核验,HAS_AMBIGUITY,,,,,,,,,,,
span:AUTH-TAD-0282,annotation:span:AUTH-TAD-0282:r1,ANNOTATED_BY,,,,,,,,,,,
annotation:span:AUTH-TAD-0282:r1,rater:rater_1,MADE_BY,,,,,,,,,,,
span:AUTH-TAD-0282,annotation:span:AUTH-TAD-0282:r2,ANNOTATED_BY,,,,,,,,,,,
annotation:span:AUTH-TAD-0282:r2,rater:rater_2,MADE_BY,,,,,,,,,,,
span:AUTH-TAD-0282,annotation:span:AUTH-TAD-0282:r3,ANNOTATED_BY,,,,,,,,,,,
annotation:span:AUTH-TAD-0282:r3,rater:rater_3,MADE_BY,,,,,,,,,,,
span:AUTH-TAD-0282,cue:AFTER_VERB,TRIGGERS_CUE,,,,,,,,,,,
span:AUTH-TAD-0282,cue:COMPLEMENT_DURATION_CONTEXT,TRIGGERS_CUE,,,,,,,,,,,
span:AUTH-TAD-0282,cue:DURATION_COMPLEMENT,TRIGGERS_CUE,,,,,,,,,,,
span:AUTH-TAD-0282,cue:TIME_DURATION,TRIGGERS_CUE,,,,,,,,,,,
span:AUTH-TAD-0282,rule:R_TEMP_KG_COMP_01,MATCHES_RULE,,,,,,,,1.0,COMPLEMENT,127.0,true
span:AUTH-TAD-0282,rule:R_TEMP_COMP_01,MATCHES_RULE,,,,,,,,2.0,COMPLEMENT,96.0,true
span:AUTH-TAD-0282,rule:R_TEMP_COMP_02,MATCHES_RULE,,,,,,,,3.0,COMPLEMENT,95.0,true
span:AUTH-TAD-0282,rule:R_TEMP_COMP_07,MATCHES_RULE,,,,,,,,4.0,COMPLEMENT,94.0,true
sentence:SENT-0314,source:GRAMMAR_MANUAL_ADVANCED,DERIVED_FROM,,,,,97,外面的雪时大时小，短时间内停不下来,,,,,
sentence:SENT-0314,span:AUTH-TAD-0283,HAS_CANDIDATE,,,,,,,,,,,
span:AUTH-TAD-0283,consensus:AUTH-TAD-0283,HAS_CONSENSUS,,,,,,,,,,,
consensus:AUTH-TAD-0283,function:OTHER,MAPS_TO,,,,,,,,,,,
span:AUTH-TAD-0283,cleaning:C_暂不纳入主实验,HAS_CLEANING_STATUS,,,,,,,待复核,,,,
span:AUTH-TAD-0283,ambiguity:非目标时间表达,HAS_AMBIGUITY,,,,,,,,,,,
span:AUTH-TAD-0283,ambiguity:三人标注不完全一致,HAS_AMBIGUITY,,,,,,,,,,,
span:AUTH-TAD-0283,ambiguity:出现不确定标注,HAS_AMBIGUITY,,,,,,,,,,,
span:AUTH-TAD-0283,ambiguity:至少一名标注者修正片段,HAS_AMBIGUITY,,,,,,,,,,,
span:AUTH-TAD-0283,ambiguity:无重复,HAS_AMBIGUITY,,,,,,,,,,,
span:AUTH-TAD-0283,ambiguity:来源字段完整但仍需正版逐页核验,HAS_AMBIGUITY,,,,,,,,,,,
span:AUTH-TAD-0283,annotation:span:AUTH-TAD-0283:r1,ANNOTATED_BY,,,,,,,,,,,
annotation:span:AUTH-TAD-0283:r1,rater:rater_1,MADE_BY,,,,,,,,,,,
span:AUTH-TAD-0283,annotation:span:AUTH-TAD-0283:r2,ANNOTATED_BY,,,,,,,,,,,
annotation:span:AUTH-TAD-0283:r2,rater:rater_2,MADE_BY,,,,,,,,,,,
span:AUTH-TAD-0283,annotation:span:AUTH-TAD-0283:r3,ANNOTATED_BY,,,,,,,,,,,
annotation:span:AUTH-TAD-0283:r3,rater:rater_3,MADE_BY,,,,,,,,,,,
span:AUTH-TAD-0283,cue:REVIEW_NON_TARGET_RISK,TRIGGERS_CUE,,,,,,,,,,,
span:AUTH-TAD-0283,cue:TIME_ADVERB,TRIGGERS_CUE,,,,,,,,,,,
span:AUTH-TAD-0283,cue:TIME_FREQUENCY,TRIGGERS_CUE,,,,,,,,,,,
span:AUTH-TAD-0283,cue:TIME_NOUN,TRIGGERS_CUE,,,,,,,,,,,
span:AUTH-TAD-0283,rule:R_TEMP_KG_OTHER_01,MATCHES_RULE,,,,,,,,1.0,OTHER,130.0,true
span:AUTH-TAD-0283,rule:R_TEMP_KG_ADV_01,MATCHES_RULE,,,,,,,,2.0,TEMPORAL_ADVERBIAL,79.0,false
span:AUTH-TAD-0283,rule:R_TEMP_ADV_11,MATCHES_RULE,,,,,,,,3.0,TEMPORAL_ADVERBIAL,73.0,false
span:AUTH-TAD-0283,rule:R_TEMP_KG_ADV_02,MATCHES_RULE,,,,,,,,4.0,TEMPORAL_ADVERBIAL,72.0,false
sentence:SENT-0078,source:GRAMMAR_MANUAL_ELEMENTARY,DERIVED_FROM,,,,,349,参加 不了 明天的比赛? 小提示 (1)充当可能补语的只能是单个形容词或单个动词，不加修饰成,,,,,
sentence:SENT-0078,span:AUTH-TAD-0284,HAS_CANDIDATE,,,,,,,,,,,
span:AUTH-TAD-0284,consensus:AUTH-TAD-0284,HAS_CONSENSUS,,,,,,,,,,,
consensus:AUTH-TAD-0284,function:TEMPORAL_ADVERBIAL,MAPS_TO,,,,,,,,,,,
span:AUTH-TAD-0284,cleaning:A_主评测候选,HAS_CLEANING_STATUS,,,,,,,主实验/严格评测,,,,
span:AUTH-TAD-0284,ambiguity:无重复,HAS_AMBIGUITY,,,,,,,,,,,
span:AUTH-TAD-0284,ambiguity:来源字段完整但仍需正版逐页核验,HAS_AMBIGUITY,,,,,,,,,,,
span:AUTH-TAD-0284,annotation:span:AUTH-TAD-0284:r1,ANNOTATED_BY,,,,,,,,,,,
annotation:span:AUTH-TAD-0284:r1,rater:rater_1,MADE_BY,,,,,,,,,,,
span:AUTH-TAD-0284,annotation:span:AUTH-TAD-0284:r2,ANNOTATED_BY,,,,,,,,,,,
annotation:span:AUTH-TAD-0284:r2,rater:rater_2,MADE_BY,,,,,,,,,,,
span:AUTH-TAD-0284,annotation:span:AUTH-TAD-0284:r3,ANNOTATED_BY,,,,,,,,,,,
annotation:span:AUTH-TAD-0284:r3,rater:rater_3,MADE_BY,,,,,,,,,,,
span:AUTH-TAD-0284,cue:BEFORE_PREDICATE,TRIGGERS_CUE,,,,,,,,,,,
span:AUTH-TAD-0284,cue:EVENT_TIME,TRIGGERS_CUE,,,,,,,,,,,
span:AUTH-TAD-0284,cue:STATIVE_PREDICATE,TRIGGERS_CUE,,,,,,,,,,,
span:AUTH-TAD-0284,cue:TIME_NOUN,TRIGGERS_CUE,,,,,,,,,,,
span:AUTH-TAD-0284,rule:R_TEMP_ADV_01,MATCHES_RULE,,,,,,,,1.0,TEMPORAL_ADVERBIAL,90.0,true
span:AUTH-TAD-0284,rule:R_TEMP_ADV_02,MATCHES_RULE,,,,,,,,2.0,TEMPORAL_ADVERBIAL,88.0,true
span:AUTH-TAD-0284,rule:R_TEMP_KG_ADV_02,MATCHES_RULE,,,,,,,,3.0,TEMPORAL_ADVERBIAL,72.0,true
sentence:SENT-0214,source:GRAMMAR_MANUAL_ELEMENTARY,DERIVED_FROM,,,,,134,她很喜欢笑，每天都开开心 心的,,,,,
sentence:SENT-0214,span:AUTH-TAD-0285,HAS_CANDIDATE,,,,,,,,,,,
span:AUTH-TAD-0285,consensus:AUTH-TAD-0285,HAS_CONSENSUS,,,,,,,,,,,
consensus:AUTH-TAD-0285,function:TEMPORAL_ADVERBIAL,MAPS_TO,,,,,,,,,,,
span:AUTH-TAD-0285,cleaning:A_主评测候选,HAS_CLEANING_STATUS,,,,,,,主实验/严格评测,,,,
span:AUTH-TAD-0285,ambiguity:无重复,HAS_AMBIGUITY,,,,,,,,,,,
span:AUTH-TAD-0285,ambiguity:来源字段完整但仍需正版逐页核验,HAS_AMBIGUITY,,,,,,,,,,,
span:AUTH-TAD-0285,annotation:span:AUTH-TAD-0285:r1,ANNOTATED_BY,,,,,,,,,,,
annotation:span:AUTH-TAD-0285:r1,rater:rater_1,MADE_BY,,,,,,,,,,,
span:AUTH-TAD-0285,annotation:span:AUTH-TAD-0285:r2,ANNOTATED_BY,,,,,,,,,,,
annotation:span:AUTH-TAD-0285:r2,rater:rater_2,MADE_BY,,,,,,,,,,,
span:AUTH-TAD-0285,annotation:span:AUTH-TAD-0285:r3,ANNOTATED_BY,,,,,,,,,,,
annotation:span:AUTH-TAD-0285:r3,rater:rater_3,MADE_BY,,,,,,,,,,,
span:AUTH-TAD-0285,cue:BEFORE_PREDICATE,TRIGGERS_CUE,,,,,,,,,,,
span:AUTH-TAD-0285,cue:EVENT_TIME,TRIGGERS_CUE,,,,,,,,,,,
span:AUTH-TAD-0285,cue:TIME_FREQUENCY,TRIGGERS_CUE,,,,,,,,,,,
span:AUTH-TAD-0285,rule:R_TEMP_ADV_04,MATCHES_RULE,,,,,,,,1.0,TEMPORAL_ADVERBIAL,84.0,true
span:AUTH-TAD-0285,rule:R_TEMP_KG_ADV_01,MATCHES_RULE,,,,,,,,2.0,TEMPORAL_ADVERBIAL,79.0,true
sentence:SENT-0286,source:GRAMMAR_MANUAL_INTERMEDIATE,DERIVED_FROM,,,,,381,学校正在校园里建食堂,,,,,
sentence:SENT-0286,span:AUTH-TAD-0286,HAS_CANDIDATE,,,,,,,,,,,
span:AUTH-TAD-0286,consensus:AUTH-TAD-0286,HAS_CONSENSUS,,,,,,,,,,,
consensus:AUTH-TAD-0286,function:TEMPORAL_ADVERBIAL,MAPS_TO,,,,,,,,,,,
span:AUTH-TAD-0286,cleaning:A_主评测候选,HAS_CLEANING_STATUS,,,,,,,主实验/严格评测,,,,
span:AUTH-TAD-0286,ambiguity:无重复,HAS_AMBIGUITY,,,,,,,,,,,
span:AUTH-TAD-0286,ambiguity:来源字段完整但仍需正版逐页核验,HAS_AMBIGUITY,,,,,,,,,,,
span:AUTH-TAD-0286,annotation:span:AUTH-TAD-0286:r1,ANNOTATED_BY,,,,,,,,,,,
annotation:span:AUTH-TAD-0286:r1,rater:rater_1,MADE_BY,,,,,,,,,,,
span:AUTH-TAD-0286,annotation:span:AUTH-TAD-0286:r2,ANNOTATED_BY,,,,,,,,,,,
annotation:span:AUTH-TAD-0286:r2,rater:rater_2,MADE_BY,,,,,,,,,,,
span:AUTH-TAD-0286,annotation:span:AUTH-TAD-0286:r3,ANNOTATED_BY,,,,,,,,,,,
annotation:span:AUTH-TAD-0286:r3,rater:rater_3,MADE_BY,,,,,,,,,,,
span:AUTH-TAD-0286,cue:BEFORE_PREDICATE,TRIGGERS_CUE,,,,,,,,,,,
span:AUTH-TAD-0286,cue:EVENT_TIME,TRIGGERS_CUE,,,,,,,,,,,
span:AUTH-TAD-0286,cue:NO_TEMPORAL_EXPRESSION,TRIGGERS_CUE,,,,,,,,,,,
span:AUTH-TAD-0286,cue:TIME_AFTER_BEFORE,TRIGGERS_CUE,,,,,,,,,,,
span:AUTH-TAD-0286,rule:R_TEMP_ADV_05,MATCHES_RULE,,,,,,,,1.0,TEMPORAL_ADVERBIAL,83.0,true
sentence:SENT-0379,source:GRAMMAR_MANUAL_ELEMENTARY,DERIVED_FROM,,,,,173,平等级标准·语法学习手册(初等) ◎ 补充例句 我刚从他们面前经过,,,,,
sentence:SENT-0379,span:AUTH-TAD-0287,HAS_CANDIDATE,,,,,,,,,,,
span:AUTH-TAD-0287,consensus:AUTH-TAD-0287,HAS_CONSENSUS,,,,,,,,,,,
consensus:AUTH-TAD-0287,function:OTHER,MAPS_TO,,,,,,,,,,,
span:AUTH-TAD-0287,cleaning:C_暂不纳入主实验,HAS_CLEANING_STATUS,,,,,,,待复核,,,,
span:AUTH-TAD-0287,ambiguity:非目标时间表达,HAS_AMBIGUITY,,,,,,,,,,,
span:AUTH-TAD-0287,ambiguity:三人标注不完全一致,HAS_AMBIGUITY,,,,,,,,,,,
span:AUTH-TAD-0287,ambiguity:出现不确定标注,HAS_AMBIGUITY,,,,,,,,,,,
span:AUTH-TAD-0287,ambiguity:至少一名标注者修正片段,HAS_AMBIGUITY,,,,,,,,,,,
span:AUTH-TAD-0287,ambiguity:无重复,HAS_AMBIGUITY,,,,,,,,,,,
span:AUTH-TAD-0287,ambiguity:来源字段完整但仍需正版逐页核验,HAS_AMBIGUITY,,,,,,,,,,,
span:AUTH-TAD-0287,annotation:span:AUTH-TAD-0287:r1,ANNOTATED_BY,,,,,,,,,,,
annotation:span:AUTH-TAD-0287:r1,rater:rater_1,MADE_BY,,,,,,,,,,,
span:AUTH-TAD-0287,annotation:span:AUTH-TAD-0287:r2,ANNOTATED_BY,,,,,,,,,,,
annotation:span:AUTH-TAD-0287:r2,rater:rater_2,MADE_BY,,,,,,,,,,,
span:AUTH-TAD-0287,annotation:span:AUTH-TAD-0287:r3,ANNOTATED_BY,,,,,,,,,,,
annotation:span:AUTH-TAD-0287:r3,rater:rater_3,MADE_BY,,,,,,,,,,,
span:AUTH-TAD-0287,cue:BEFORE_PREDICATE,TRIGGERS_CUE,,,,,,,,,,,
span:AUTH-TAD-0287,cue:EVENT_TIME,TRIGGERS_CUE,,,,,,,,,,,
span:AUTH-TAD-0287,cue:NO_TEMPORAL_EXPRESSION,TRIGGERS_CUE,,,,,,,,,,,
span:AUTH-TAD-0287,cue:REVIEW_NON_TARGET_RISK,TRIGGERS_CUE,,,,,,,,,,,
span:AUTH-TAD-0287,rule:R_TEMP_KG_OTHER_01,MATCHES_RULE,,,,,,,,1.0,OTHER,130.0,true
sentence:SENT-0246,source:GRAMMAR_MANUAL_ELEMENTARY,DERIVED_FROM,,,,,152,级语法点 例句 校长已经下班了,,,,,
sentence:SENT-0246,span:AUTH-TAD-0288,HAS_CANDIDATE,,,,,,,,,,,
span:AUTH-TAD-0288,consensus:AUTH-TAD-0288,HAS_CONSENSUS,,,,,,,,,,,
consensus:AUTH-TAD-0288,function:TEMPORAL_ADVERBIAL,MAPS_TO,,,,,,,,,,,
span:AUTH-TAD-0288,cleaning:C_暂不纳入主实验,HAS_CLEANING_STATUS,,,,,,,待复核,,,,
span:AUTH-TAD-0288,ambiguity:时间副词_体貌副词边界,HAS_AMBIGUITY,,,,,,,,,,,
span:AUTH-TAD-0288,ambiguity:三人标注不完全一致,HAS_AMBIGUITY,,,,,,,,,,,
span:AUTH-TAD-0288,ambiguity:至少一名标注者修正片段,HAS_AMBIGUITY,,,,,,,,,,,
span:AUTH-TAD-0288,ambiguity:同句多候选_重复句,HAS_AMBIGUITY,,,,,,,,,,,
span:AUTH-TAD-0288,ambiguity:来源字段完整但仍需正版逐页核验,HAS_AMBIGUITY,,,,,,,,,,,
span:AUTH-TAD-0288,annotation:span:AUTH-TAD-0288:r1,ANNOTATED_BY,,,,,,,,,,,
annotation:span:AUTH-TAD-0288:r1,rater:rater_1,MADE_BY,,,,,,,,,,,
span:AUTH-TAD-0288,annotation:span:AUTH-TAD-0288:r2,ANNOTATED_BY,,,,,,,,,,,
annotation:span:AUTH-TAD-0288:r2,rater:rater_2,MADE_BY,,,,,,,,,,,
span:AUTH-TAD-0288,annotation:span:AUTH-TAD-0288:r3,ANNOTATED_BY,,,,,,,,,,,
annotation:span:AUTH-TAD-0288:r3,rater:rater_3,MADE_BY,,,,,,,,,,,
span:AUTH-TAD-0288,cue:BEFORE_PREDICATE,TRIGGERS_CUE,,,,,,,,,,,
span:AUTH-TAD-0288,cue:EVENT_TIME,TRIGGERS_CUE,,,,,,,,,,,
span:AUTH-TAD-0288,cue:SENTENCE_INITIAL,TRIGGERS_CUE,,,,,,,,,,,
span:AUTH-TAD-0288,cue:TIME_ADVERB,TRIGGERS_CUE,,,,,,,,,,,
span:AUTH-TAD-0288,cue:TIME_FREQUENCY,TRIGGERS_CUE,,,,,,,,,,,
span:AUTH-TAD-0288,rule:R_TEMP_ADV_04,MATCHES_RULE,,,,,,,,1.0,TEMPORAL_ADVERBIAL,84.0,true
span:AUTH-TAD-0288,rule:R_TEMP_ADV_19,MATCHES_RULE,,,,,,,,2.0,TEMPORAL_ADVERBIAL,84.0,true
span:AUTH-TAD-0288,rule:R_TEMP_KG_ADV_01,MATCHES_RULE,,,,,,,,3.0,TEMPORAL_ADVERBIAL,79.0,true
span:AUTH-TAD-0288,rule:R_TEMP_ADV_08,MATCHES_RULE,,,,,,,,4.0,TEMPORAL_ADVERBIAL,78.0,true
span:AUTH-TAD-0288,rule:R_TEMP_ADV_11,MATCHES_RULE,,,,,,,,5.0,TEMPORAL_ADVERBIAL,73.0,true
sentence:SENT-0395,span:AUTH-TAD-0289,HAS_CANDIDATE,,,,,,,,,,,
span:AUTH-TAD-0289,consensus:AUTH-TAD-0289,HAS_CONSENSUS,,,,,,,,,,,
consensus:AUTH-TAD-0289,function:OTHER,MAPS_TO,,,,,,,,,,,
span:AUTH-TAD-0289,cleaning:C_暂不纳入主实验,HAS_CLEANING_STATUS,,,,,,,待复核,,,,
span:AUTH-TAD-0289,ambiguity:原表已建议复核_剔除,HAS_AMBIGUITY,,,,,,,,,,,
span:AUTH-TAD-0289,ambiguity:非目标时间表达,HAS_AMBIGUITY,,,,,,,,,,,
span:AUTH-TAD-0289,ambiguity:三人标注不完全一致,HAS_AMBIGUITY,,,,,,,,,,,
span:AUTH-TAD-0289,ambiguity:至少一名标注者修正片段,HAS_AMBIGUITY,,,,,,,,,,,
span:AUTH-TAD-0289,ambiguity:同句多候选_重复句,HAS_AMBIGUITY,,,,,,,,,,,
span:AUTH-TAD-0289,ambiguity:来源字段完整但仍需正版逐页核验,HAS_AMBIGUITY,,,,,,,,,,,
span:AUTH-TAD-0289,annotation:span:AUTH-TAD-0289:r1,ANNOTATED_BY,,,,,,,,,,,
annotation:span:AUTH-TAD-0289:r1,rater:rater_1,MADE_BY,,,,,,,,,,,
span:AUTH-TAD-0289,annotation:span:AUTH-TAD-0289:r2,ANNOTATED_BY,,,,,,,,,,,
annotation:span:AUTH-TAD-0289:r2,rater:rater_2,MADE_BY,,,,,,,,,,,
span:AUTH-TAD-0289,annotation:span:AUTH-TAD-0289:r3,ANNOTATED_BY,,,,,,,,,,,
annotation:span:AUTH-TAD-0289:r3,rater:rater_3,MADE_BY,,,,,,,,,,,
span:AUTH-TAD-0289,cue:BEFORE_PREDICATE,TRIGGERS_CUE,,,,,,,,,,,
span:AUTH-TAD-0289,cue:EVENT_TIME,TRIGGERS_CUE,,,,,,,,,,,
span:AUTH-TAD-0289,cue:NO_TEMPORAL_EXPRESSION,TRIGGERS_CUE,,,,,,,,,,,
span:AUTH-TAD-0289,cue:REVIEW_NON_TARGET_RISK,TRIGGERS_CUE,,,,,,,,,,,
span:AUTH-TAD-0289,rule:R_TEMP_KG_OTHER_01,MATCHES_RULE,,,,,,,,1.0,OTHER,130.0,true
sentence:SENT-0181,source:GRAMMAR_MANUAL_INTERMEDIATE,DERIVED_FROM,,,,,231,例句 这件事或是哥哥做 你或是参加这次考 休息的时候，我或 的，或是弟弟做的,,,,,
sentence:SENT-0181,span:AUTH-TAD-0290,HAS_CANDIDATE,,,,,,,,,,,
span:AUTH-TAD-0290,consensus:AUTH-TAD-0290,HAS_CONSENSUS,,,,,,,,,,,
consensus:AUTH-TAD-0290,function:TEMPORAL_ADVERBIAL,MAPS_TO,,,,,,,,,,,
span:AUTH-TAD-0290,cleaning:A_主评测候选,HAS_CLEANING_STATUS,,,,,,,主实验/严格评测,,,,
span:AUTH-TAD-0290,ambiguity:无重复,HAS_AMBIGUITY,,,,,,,,,,,
span:AUTH-TAD-0290,ambiguity:来源字段完整但仍需正版逐页核验,HAS_AMBIGUITY,,,,,,,,,,,
span:AUTH-TAD-0290,annotation:span:AUTH-TAD-0290:r1,ANNOTATED_BY,,,,,,,,,,,
annotation:span:AUTH-TAD-0290:r1,rater:rater_1,MADE_BY,,,,,,,,,,,
span:AUTH-TAD-0290,annotation:span:AUTH-TAD-0290:r2,ANNOTATED_BY,,,,,,,,,,,
annotation:span:AUTH-TAD-0290:r2,rater:rater_2,MADE_BY,,,,,,,,,,,
span:AUTH-TAD-0290,annotation:span:AUTH-TAD-0290:r3,ANNOTATED_BY,,,,,,,,,,,
annotation:span:AUTH-TAD-0290:r3,rater:rater_3,MADE_BY,,,,,,,,,,,
span:AUTH-TAD-0290,cue:TIME_ADVERB,TRIGGERS_CUE,,,,,,,,,,,
span:AUTH-TAD-0290,cue:TIME_AFTER_BEFORE,TRIGGERS_CUE,,,,,,,,,,,
span:AUTH-TAD-0290,cue:TIME_FREQUENCY,TRIGGERS_CUE,,,,,,,,,,,
span:AUTH-TAD-0290,cue:TIME_NOUN,TRIGGERS_CUE,,,,,,,,,,,
span:AUTH-TAD-0290,cue:TIME_POINT,TRIGGERS_CUE,,,,,,,,,,,
span:AUTH-TAD-0290,rule:R_TEMP_KG_ADV_01,MATCHES_RULE,,,,,,,,1.0,TEMPORAL_ADVERBIAL,79.0,true
span:AUTH-TAD-0290,rule:R_TEMP_ADV_11,MATCHES_RULE,,,,,,,,2.0,TEMPORAL_ADVERBIAL,73.0,true
span:AUTH-TAD-0290,rule:R_TEMP_KG_ADV_02,MATCHES_RULE,,,,,,,,3.0,TEMPORAL_ADVERBIAL,72.0,true
sentence:SENT-0354,source:GRAMMAR_MANUAL_ELEMENTARY,DERIVED_FROM,,,,,65,◎结构特点 “没、没有”在动词性成分前，表示对已经发生或曾经发生的动作行为的否定； 在形容,,,,,
sentence:SENT-0354,span:AUTH-TAD-0291,HAS_CANDIDATE,,,,,,,,,,,
span:AUTH-TAD-0291,consensus:AUTH-TAD-0291,HAS_CONSENSUS,,,,,,,,,,,
consensus:AUTH-TAD-0291,function:TEMPORAL_ADVERBIAL,MAPS_TO,,,,,,,,,,,
span:AUTH-TAD-0291,cleaning:A_主评测候选,HAS_CLEANING_STATUS,,,,,,,主实验/严格评测,,,,
span:AUTH-TAD-0291,ambiguity:无重复,HAS_AMBIGUITY,,,,,,,,,,,
span:AUTH-TAD-0291,ambiguity:来源字段完整但仍需正版逐页核验,HAS_AMBIGUITY,,,,,,,,,,,
span:AUTH-TAD-0291,annotation:span:AUTH-TAD-0291:r1,ANNOTATED_BY,,,,,,,,,,,
annotation:span:AUTH-TAD-0291:r1,rater:rater_1,MADE_BY,,,,,,,,,,,
span:AUTH-TAD-0291,annotation:span:AUTH-TAD-0291:r2,ANNOTATED_BY,,,,,,,,,,,
annotation:span:AUTH-TAD-0291:r2,rater:rater_2,MADE_BY,,,,,,,,,,,
span:AUTH-TAD-0291,annotation:span:AUTH-TAD-0291:r3,ANNOTATED_BY,,,,,,,,,,,
annotation:span:AUTH-TAD-0291:r3,rater:rater_3,MADE_BY,,,,,,,,,,,
span:AUTH-TAD-0291,cue:BEFORE_PREDICATE,TRIGGERS_CUE,,,,,,,,,,,
span:AUTH-TAD-0291,cue:EVENT_TIME,TRIGGERS_CUE,,,,,,,,,,,
span:AUTH-TAD-0291,cue:SENTENCE_INITIAL,TRIGGERS_CUE,,,,,,,,,,,
span:AUTH-TAD-0291,cue:TIME_NOUN,TRIGGERS_CUE,,,,,,,,,,,
span:AUTH-TAD-0291,rule:R_TEMP_ADV_01,MATCHES_RULE,,,,,,,,1.0,TEMPORAL_ADVERBIAL,90.0,true
span:AUTH-TAD-0291,rule:R_TEMP_ADV_02,MATCHES_RULE,,,,,,,,2.0,TEMPORAL_ADVERBIAL,88.0,true
span:AUTH-TAD-0291,rule:R_TEMP_KG_ADV_02,MATCHES_RULE,,,,,,,,3.0,TEMPORAL_ADVERBIAL,72.0,true
sentence:SENT-0266,source:GRAMMAR_MANUAL_ELEMENTARY,DERIVED_FROM,,,,,386,,,,,,
sentence:SENT-0266,span:AUTH-TAD-0292,HAS_CANDIDATE,,,,,,,,,,,
span:AUTH-TAD-0292,consensus:AUTH-TAD-0292,HAS_CONSENSUS,,,,,,,,,,,
consensus:AUTH-TAD-0292,function:COMPLEMENT,MAPS_TO,,,,,,,,,,,
span:AUTH-TAD-0292,cleaning:B_边界复核集,HAS_CLEANING_STATUS,,,,,,,边界集/鲁棒性分析,,,,
span:AUTH-TAD-0292,ambiguity:页面线索缺失,HAS_AMBIGUITY,,,,,,,,,,,
span:AUTH-TAD-0292,ambiguity:时量补语_持续时间边界,HAS_AMBIGUITY,,,,,,,,,,,
span:AUTH-TAD-0292,ambiguity:无重复,HAS_AMBIGUITY,,,,,,,,,,,
span:AUTH-TAD-0292,annotation:span:AUTH-TAD-0292:r1,ANNOTATED_BY,,,,,,,,,,,
annotation:span:AUTH-TAD-0292:r1,rater:rater_1,MADE_BY,,,,,,,,,,,
span:AUTH-TAD-0292,annotation:span:AUTH-TAD-0292:r2,ANNOTATED_BY,,,,,,,,,,,
annotation:span:AUTH-TAD-0292:r2,rater:rater_2,MADE_BY,,,,,,,,,,,
span:AUTH-TAD-0292,annotation:span:AUTH-TAD-0292:r3,ANNOTATED_BY,,,,,,,,,,,
annotation:span:AUTH-TAD-0292:r3,rater:rater_3,MADE_BY,,,,,,,,,,,
span:AUTH-TAD-0292,cue:AFTER_VERB,TRIGGERS_CUE,,,,,,,,,,,
span:AUTH-TAD-0292,cue:COMPLEMENT_DURATION_CONTEXT,TRIGGERS_CUE,,,,,,,,,,,
span:AUTH-TAD-0292,cue:DURATION_COMPLEMENT,TRIGGERS_CUE,,,,,,,,,,,
span:AUTH-TAD-0292,cue:TIME_DURATION,TRIGGERS_CUE,,,,,,,,,,,
span:AUTH-TAD-0292,rule:R_TEMP_KG_COMP_01,MATCHES_RULE,,,,,,,,1.0,COMPLEMENT,127.0,true
span:AUTH-TAD-0292,rule:R_TEMP_COMP_01,MATCHES_RULE,,,,,,,,2.0,COMPLEMENT,96.0,true
span:AUTH-TAD-0292,rule:R_TEMP_COMP_02,MATCHES_RULE,,,,,,,,3.0,COMPLEMENT,95.0,true
span:AUTH-TAD-0292,rule:R_TEMP_COMP_07,MATCHES_RULE,,,,,,,,4.0,COMPLEMENT,94.0,true
sentence:SENT-0333,source:GRAMMAR_MANUAL_ELEMENTARY,DERIVED_FROM,,,,,163,,,,,,
sentence:SENT-0333,span:AUTH-TAD-0293,HAS_CANDIDATE,,,,,,,,,,,
span:AUTH-TAD-0293,consensus:AUTH-TAD-0293,HAS_CONSENSUS,,,,,,,,,,,
consensus:AUTH-TAD-0293,function:TEMPORAL_ADVERBIAL,MAPS_TO,,,,,,,,,,,
span:AUTH-TAD-0293,cleaning:B_边界复核集,HAS_CLEANING_STATUS,,,,,,,边界集/鲁棒性分析,,,,
span:AUTH-TAD-0293,ambiguity:页面线索缺失,HAS_AMBIGUITY,,,,,,,,,,,
span:AUTH-TAD-0293,ambiguity:无重复,HAS_AMBIGUITY,,,,,,,,,,,
span:AUTH-TAD-0293,annotation:span:AUTH-TAD-0293:r1,ANNOTATED_BY,,,,,,,,,,,
annotation:span:AUTH-TAD-0293:r1,rater:rater_1,MADE_BY,,,,,,,,,,,
span:AUTH-TAD-0293,annotation:span:AUTH-TAD-0293:r2,ANNOTATED_BY,,,,,,,,,,,
annotation:span:AUTH-TAD-0293:r2,rater:rater_2,MADE_BY,,,,,,,,,,,
span:AUTH-TAD-0293,annotation:span:AUTH-TAD-0293:r3,ANNOTATED_BY,,,,,,,,,,,
annotation:span:AUTH-TAD-0293:r3,rater:rater_3,MADE_BY,,,,,,,,,,,
span:AUTH-TAD-0293,cue:BEFORE_PREDICATE,TRIGGERS_CUE,,,,,,,,,,,
span:AUTH-TAD-0293,cue:EVENT_TIME,TRIGGERS_CUE,,,,,,,,,,,
span:AUTH-TAD-0293,cue:SENTENCE_INITIAL,TRIGGERS_CUE,,,,,,,,,,,
span:AUTH-TAD-0293,cue:TIME_NOUN,TRIGGERS_CUE,,,,,,,,,,,
span:AUTH-TAD-0293,rule:R_TEMP_ADV_01,MATCHES_RULE,,,,,,,,1.0,TEMPORAL_ADVERBIAL,90.0,true
span:AUTH-TAD-0293,rule:R_TEMP_ADV_02,MATCHES_RULE,,,,,,,,2.0,TEMPORAL_ADVERBIAL,88.0,true
span:AUTH-TAD-0293,rule:R_TEMP_KG_ADV_02,MATCHES_RULE,,,,,,,,3.0,TEMPORAL_ADVERBIAL,72.0,true
sentence:SENT-0404,span:AUTH-TAD-0294,HAS_CANDIDATE,,,,,,,,,,,
span:AUTH-TAD-0294,consensus:AUTH-TAD-0294,HAS_CONSENSUS,,,,,,,,,,,
consensus:AUTH-TAD-0294,function:ATTRIBUTE,MAPS_TO,,,,,,,,,,,
span:AUTH-TAD-0294,cleaning:B_边界复核集,HAS_CLEANING_STATUS,,,,,,,边界集/鲁棒性分析,,,,
span:AUTH-TAD-0294,ambiguity:可能为时间定语,HAS_AMBIGUITY,,,,,,,,,,,
span:AUTH-TAD-0294,ambiguity:同句多候选_重复句,HAS_AMBIGUITY,,,,,,,,,,,
span:AUTH-TAD-0294,ambiguity:来源字段完整但仍需正版逐页核验,HAS_AMBIGUITY,,,,,,,,,,,
span:AUTH-TAD-0294,annotation:span:AUTH-TAD-0294:r1,ANNOTATED_BY,,,,,,,,,,,
annotation:span:AUTH-TAD-0294:r1,rater:rater_1,MADE_BY,,,,,,,,,,,
span:AUTH-TAD-0294,annotation:span:AUTH-TAD-0294:r2,ANNOTATED_BY,,,,,,,,,,,
annotation:span:AUTH-TAD-0294:r2,rater:rater_2,MADE_BY,,,,,,,,,,,
span:AUTH-TAD-0294,annotation:span:AUTH-TAD-0294:r3,ANNOTATED_BY,,,,,,,,,,,
annotation:span:AUTH-TAD-0294:r3,rater:rater_3,MADE_BY,,,,,,,,,,,
span:AUTH-TAD-0294,cue:ATTR_DE_DIRECT,TRIGGERS_CUE,,,,,,,,,,,
span:AUTH-TAD-0294,cue:BEFORE_PREDICATE,TRIGGERS_CUE,,,,,,,,,,,
span:AUTH-TAD-0294,cue:DE_PARTICLE,TRIGGERS_CUE,,,,,,,,,,,
span:AUTH-TAD-0294,cue:EVENT_TIME,TRIGGERS_CUE,,,,,,,,,,,
span:AUTH-TAD-0294,cue:SENTENCE_INITIAL,TRIGGERS_CUE,,,,,,,,,,,
span:AUTH-TAD-0294,cue:TIME_ADVERB,TRIGGERS_CUE,,,,,,,,,,,
span:AUTH-TAD-0294,cue:TIME_AFTER_BEFORE,TRIGGERS_CUE,,,,,,,,,,,
span:AUTH-TAD-0294,cue:TIME_FREQUENCY,TRIGGERS_CUE,,,,,,,,,,,
span:AUTH-TAD-0294,cue:TIME_NOUN,TRIGGERS_CUE,,,,,,,,,,,
span:AUTH-TAD-0294,cue:TIME_POINT,TRIGGERS_CUE,,,,,,,,,,,
span:AUTH-TAD-0294,rule:R_TEMP_KG_ATTR_01,MATCHES_RULE,,,,,,,,1.0,ATTRIBUTE,128.0,true
span:AUTH-TAD-0294,rule:R_TEMP_ADV_01,MATCHES_RULE,,,,,,,,2.0,TEMPORAL_ADVERBIAL,90.0,false
span:AUTH-TAD-0294,rule:R_TEMP_ADV_02,MATCHES_RULE,,,,,,,,3.0,TEMPORAL_ADVERBIAL,88.0,false
span:AUTH-TAD-0294,rule:R_TEMP_ADV_04,MATCHES_RULE,,,,,,,,4.0,TEMPORAL_ADVERBIAL,84.0,false
span:AUTH-TAD-0294,rule:R_TEMP_ADV_19,MATCHES_RULE,,,,,,,,5.0,TEMPORAL_ADVERBIAL,84.0,false
sentence:SENT-0177,source:GRAMMAR_MANUAL_ADVANCED,DERIVED_FROM,,,,,104,◎ 典型例句和对话 例句 交际实践 可不是，警察都已经 (在小区门口，询问出了什么事) 来了,,,,,
sentence:SENT-0177,span:AUTH-TAD-0295,HAS_CANDIDATE,,,,,,,,,,,
span:AUTH-TAD-0295,consensus:AUTH-TAD-0295,HAS_CONSENSUS,,,,,,,,,,,
consensus:AUTH-TAD-0295,function:TEMPORAL_ADVERBIAL,MAPS_TO,,,,,,,,,,,
span:AUTH-TAD-0295,cleaning:B_边界复核集,HAS_CLEANING_STATUS,,,,,,,边界集/鲁棒性分析,,,,
span:AUTH-TAD-0295,ambiguity:时间副词_体貌副词边界,HAS_AMBIGUITY,,,,,,,,,,,
span:AUTH-TAD-0295,ambiguity:无重复,HAS_AMBIGUITY,,,,,,,,,,,
span:AUTH-TAD-0295,ambiguity:来源字段完整但仍需正版逐页核验,HAS_AMBIGUITY,,,,,,,,,,,
span:AUTH-TAD-0295,annotation:span:AUTH-TAD-0295:r1,ANNOTATED_BY,,,,,,,,,,,
annotation:span:AUTH-TAD-0295:r1,rater:rater_1,MADE_BY,,,,,,,,,,,
span:AUTH-TAD-0295,annotation:span:AUTH-TAD-0295:r2,ANNOTATED_BY,,,,,,,,,,,
annotation:span:AUTH-TAD-0295:r2,rater:rater_2,MADE_BY,,,,,,,,,,,
span:AUTH-TAD-0295,annotation:span:AUTH-TAD-0295:r3,ANNOTATED_BY,,,,,,,,,,,
annotation:span:AUTH-TAD-0295:r3,rater:rater_3,MADE_BY,,,,,,,,,,,
span:AUTH-TAD-0295,cue:BEFORE_PREDICATE,TRIGGERS_CUE,,,,,,,,,,,
span:AUTH-TAD-0295,cue:EVENT_TIME,TRIGGERS_CUE,,,,,,,,,,,
span:AUTH-TAD-0295,cue:TIME_ADVERB,TRIGGERS_CUE,,,,,,,,,,,
span:AUTH-TAD-0295,cue:TIME_FREQUENCY,TRIGGERS_CUE,,,,,,,,,,,
span:AUTH-TAD-0295,rule:R_TEMP_ADV_04,MATCHES_RULE,,,,,,,,1.0,TEMPORAL_ADVERBIAL,84.0,true
span:AUTH-TAD-0295,rule:R_TEMP_ADV_19,MATCHES_RULE,,,,,,,,2.0,TEMPORAL_ADVERBIAL,84.0,true
span:AUTH-TAD-0295,rule:R_TEMP_KG_ADV_01,MATCHES_RULE,,,,,,,,3.0,TEMPORAL_ADVERBIAL,79.0,true
span:AUTH-TAD-0295,rule:R_TEMP_ADV_08,MATCHES_RULE,,,,,,,,4.0,TEMPORAL_ADVERBIAL,78.0,true
span:AUTH-TAD-0295,rule:R_TEMP_ADV_11,MATCHES_RULE,,,,,,,,5.0,TEMPORAL_ADVERBIAL,73.0,true
sentence:SENT-0272,source:GRAMMAR_MANUAL_ELEMENTARY,DERIVED_FROM,,,,,300,态副词(1):大概 ◎基本语义及用法 表示对数量、时间不是很精确的估计，也表示对情况的估计,,,,,
sentence:SENT-0272,span:AUTH-TAD-0296,HAS_CANDIDATE,,,,,,,,,,,
span:AUTH-TAD-0296,consensus:AUTH-TAD-0296,HAS_CONSENSUS,,,,,,,,,,,
consensus:AUTH-TAD-0296,function:COMPLEMENT,MAPS_TO,,,,,,,,,,,
span:AUTH-TAD-0296,cleaning:B_边界复核集,HAS_CLEANING_STATUS,,,,,,,边界集/鲁棒性分析,,,,
span:AUTH-TAD-0296,ambiguity:时量补语_持续时间边界,HAS_AMBIGUITY,,,,,,,,,,,
span:AUTH-TAD-0296,ambiguity:无重复,HAS_AMBIGUITY,,,,,,,,,,,
span:AUTH-TAD-0296,ambiguity:来源字段完整但仍需正版逐页核验,HAS_AMBIGUITY,,,,,,,,,,,
span:AUTH-TAD-0296,annotation:span:AUTH-TAD-0296:r1,ANNOTATED_BY,,,,,,,,,,,
annotation:span:AUTH-TAD-0296:r1,rater:rater_1,MADE_BY,,,,,,,,,,,
span:AUTH-TAD-0296,annotation:span:AUTH-TAD-0296:r2,ANNOTATED_BY,,,,,,,,,,,
annotation:span:AUTH-TAD-0296:r2,rater:rater_2,MADE_BY,,,,,,,,,,,
span:AUTH-TAD-0296,annotation:span:AUTH-TAD-0296:r3,ANNOTATED_BY,,,,,,,,,,,
annotation:span:AUTH-TAD-0296:r3,rater:rater_3,MADE_BY,,,,,,,,,,,
span:AUTH-TAD-0296,cue:AFTER_VERB,TRIGGERS_CUE,,,,,,,,,,,
span:AUTH-TAD-0296,cue:COMPLEMENT_DURATION_CONTEXT,TRIGGERS_CUE,,,,,,,,,,,
span:AUTH-TAD-0296,cue:DURATION_COMPLEMENT,TRIGGERS_CUE,,,,,,,,,,,
span:AUTH-TAD-0296,cue:TIME_DURATION,TRIGGERS_CUE,,,,,,,,,,,
span:AUTH-TAD-0296,rule:R_TEMP_KG_COMP_01,MATCHES_RULE,,,,,,,,1.0,COMPLEMENT,127.0,true
span:AUTH-TAD-0296,rule:R_TEMP_COMP_01,MATCHES_RULE,,,,,,,,2.0,COMPLEMENT,96.0,true
span:AUTH-TAD-0296,rule:R_TEMP_COMP_02,MATCHES_RULE,,,,,,,,3.0,COMPLEMENT,95.0,true
span:AUTH-TAD-0296,rule:R_TEMP_COMP_07,MATCHES_RULE,,,,,,,,4.0,COMPLEMENT,94.0,true
sentence:SENT-0427,source:GRAMMAR_MANUAL_INTERMEDIATE,DERIVED_FROM,,,,,180,议，正在修改方案,,,,,
sentence:SENT-0427,span:AUTH-TAD-0297,HAS_CANDIDATE,,,,,,,,,,,
span:AUTH-TAD-0297,consensus:AUTH-TAD-0297,HAS_CONSENSUS,,,,,,,,,,,
consensus:AUTH-TAD-0297,function:TEMPORAL_ADVERBIAL,MAPS_TO,,,,,,,,,,,
span:AUTH-TAD-0297,cleaning:B_边界复核集,HAS_CLEANING_STATUS,,,,,,,边界集/鲁棒性分析,,,,
span:AUTH-TAD-0297,ambiguity:时间副词_体貌副词边界,HAS_AMBIGUITY,,,,,,,,,,,
span:AUTH-TAD-0297,ambiguity:无重复,HAS_AMBIGUITY,,,,,,,,,,,
span:AUTH-TAD-0297,ambiguity:来源字段完整但仍需正版逐页核验,HAS_AMBIGUITY,,,,,,,,,,,
span:AUTH-TAD-0297,annotation:span:AUTH-TAD-0297:r1,ANNOTATED_BY,,,,,,,,,,,
annotation:span:AUTH-TAD-0297:r1,rater:rater_1,MADE_BY,,,,,,,,,,,
span:AUTH-TAD-0297,annotation:span:AUTH-TAD-0297:r2,ANNOTATED_BY,,,,,,,,,,,
annotation:span:AUTH-TAD-0297:r2,rater:rater_2,MADE_BY,,,,,,,,,,,
span:AUTH-TAD-0297,annotation:span:AUTH-TAD-0297:r3,ANNOTATED_BY,,,,,,,,,,,
annotation:span:AUTH-TAD-0297:r3,rater:rater_3,MADE_BY,,,,,,,,,,,
span:AUTH-TAD-0297,cue:BEFORE_PREDICATE,TRIGGERS_CUE,,,,,,,,,,,
span:AUTH-TAD-0297,cue:EVENT_TIME,TRIGGERS_CUE,,,,,,,,,,,
span:AUTH-TAD-0297,cue:NO_TEMPORAL_EXPRESSION,TRIGGERS_CUE,,,,,,,,,,,
span:AUTH-TAD-0297,cue:TIME_ADVERB,TRIGGERS_CUE,,,,,,,,,,,
span:AUTH-TAD-0297,rule:R_TEMP_ADV_19,MATCHES_RULE,,,,,,,,1.0,TEMPORAL_ADVERBIAL,84.0,true
span:AUTH-TAD-0297,rule:R_TEMP_ADV_08,MATCHES_RULE,,,,,,,,2.0,TEMPORAL_ADVERBIAL,78.0,true
sentence:SENT-0082,source:GRAMMAR_MANUAL_INTERMEDIATE,DERIVED_FROM,,,,,362,小妹：那当然，他错 以后不跟他来往 了我就能管,,,,,
sentence:SENT-0082,span:AUTH-TAD-0298,HAS_CANDIDATE,,,,,,,,,,,
span:AUTH-TAD-0298,consensus:AUTH-TAD-0298,HAS_CONSENSUS,,,,,,,,,,,
consensus:AUTH-TAD-0298,function:TEMPORAL_ADVERBIAL,MAPS_TO,,,,,,,,,,,
span:AUTH-TAD-0298,cleaning:A_主评测候选,HAS_CLEANING_STATUS,,,,,,,主实验/严格评测,,,,
span:AUTH-TAD-0298,ambiguity:无重复,HAS_AMBIGUITY,,,,,,,,,,,
span:AUTH-TAD-0298,ambiguity:来源字段完整但仍需正版逐页核验,HAS_AMBIGUITY,,,,,,,,,,,
span:AUTH-TAD-0298,annotation:span:AUTH-TAD-0298:r1,ANNOTATED_BY,,,,,,,,,,,
annotation:span:AUTH-TAD-0298:r1,rater:rater_1,MADE_BY,,,,,,,,,,,
span:AUTH-TAD-0298,annotation:span:AUTH-TAD-0298:r2,ANNOTATED_BY,,,,,,,,,,,
annotation:span:AUTH-TAD-0298:r2,rater:rater_2,MADE_BY,,,,,,,,,,,
span:AUTH-TAD-0298,annotation:span:AUTH-TAD-0298:r3,ANNOTATED_BY,,,,,,,,,,,
annotation:span:AUTH-TAD-0298:r3,rater:rater_3,MADE_BY,,,,,,,,,,,
span:AUTH-TAD-0298,cue:BEFORE_PREDICATE,TRIGGERS_CUE,,,,,,,,,,,
span:AUTH-TAD-0298,cue:EVENT_TIME,TRIGGERS_CUE,,,,,,,,,,,
span:AUTH-TAD-0298,cue:TIME_ADVERB,TRIGGERS_CUE,,,,,,,,,,,
span:AUTH-TAD-0298,cue:TIME_NOUN,TRIGGERS_CUE,,,,,,,,,,,
span:AUTH-TAD-0298,cue:TIME_POINT,TRIGGERS_CUE,,,,,,,,,,,
span:AUTH-TAD-0298,rule:R_TEMP_ADV_01,MATCHES_RULE,,,,,,,,1.0,TEMPORAL_ADVERBIAL,90.0,true
span:AUTH-TAD-0298,rule:R_TEMP_ADV_02,MATCHES_RULE,,,,,,,,2.0,TEMPORAL_ADVERBIAL,88.0,true
span:AUTH-TAD-0298,rule:R_TEMP_ADV_19,MATCHES_RULE,,,,,,,,3.0,TEMPORAL_ADVERBIAL,84.0,true
span:AUTH-TAD-0298,rule:R_TEMP_ADV_08,MATCHES_RULE,,,,,,,,4.0,TEMPORAL_ADVERBIAL,78.0,true
span:AUTH-TAD-0298,rule:R_TEMP_ADV_10,MATCHES_RULE,,,,,,,,5.0,TEMPORAL_ADVERBIAL,75.0,true
sentence:SENT-0285,source:GRAMMAR_MANUAL_ELEMENTARY,DERIVED_FROM,,,,,354,B:我觉得举行庆祝晚 差不多已经 会、让他们去旅行、 习惯了,,,,,
sentence:SENT-0285,span:AUTH-TAD-0299,HAS_CANDIDATE,,,,,,,,,,,
span:AUTH-TAD-0299,consensus:AUTH-TAD-0299,HAS_CONSENSUS,,,,,,,,,,,
consensus:AUTH-TAD-0299,function:COMPLEMENT,MAPS_TO,,,,,,,,,,,
span:AUTH-TAD-0299,cleaning:B_边界复核集,HAS_CLEANING_STATUS,,,,,,,边界集/鲁棒性分析,,,,
span:AUTH-TAD-0299,ambiguity:时量补语_持续时间边界,HAS_AMBIGUITY,,,,,,,,,,,
span:AUTH-TAD-0299,ambiguity:三人标注不完全一致,HAS_AMBIGUITY,,,,,,,,,,,
span:AUTH-TAD-0299,ambiguity:无重复,HAS_AMBIGUITY,,,,,,,,,,,
span:AUTH-TAD-0299,ambiguity:来源字段完整但仍需正版逐页核验,HAS_AMBIGUITY,,,,,,,,,,,
span:AUTH-TAD-0299,annotation:span:AUTH-TAD-0299:r1,ANNOTATED_BY,,,,,,,,,,,
annotation:span:AUTH-TAD-0299:r1,rater:rater_1,MADE_BY,,,,,,,,,,,
span:AUTH-TAD-0299,annotation:span:AUTH-TAD-0299:r2,ANNOTATED_BY,,,,,,,,,,,
annotation:span:AUTH-TAD-0299:r2,rater:rater_2,MADE_BY,,,,,,,,,,,
span:AUTH-TAD-0299,annotation:span:AUTH-TAD-0299:r3,ANNOTATED_BY,,,,,,,,,,,
annotation:span:AUTH-TAD-0299:r3,rater:rater_3,MADE_BY,,,,,,,,,,,
span:AUTH-TAD-0299,cue:AFTER_VERB,TRIGGERS_CUE,,,,,,,,,,,
span:AUTH-TAD-0299,cue:COMPLEMENT_DURATION_CONTEXT,TRIGGERS_CUE,,,,,,,,,,,
span:AUTH-TAD-0299,cue:DURATION_COMPLEMENT,TRIGGERS_CUE,,,,,,,,,,,
span:AUTH-TAD-0299,cue:TIME_DURATION,TRIGGERS_CUE,,,,,,,,,,,
span:AUTH-TAD-0299,rule:R_TEMP_KG_COMP_01,MATCHES_RULE,,,,,,,,1.0,COMPLEMENT,127.0,true
span:AUTH-TAD-0299,rule:R_TEMP_COMP_01,MATCHES_RULE,,,,,,,,2.0,COMPLEMENT,96.0,true
span:AUTH-TAD-0299,rule:R_TEMP_COMP_02,MATCHES_RULE,,,,,,,,3.0,COMPLEMENT,95.0,true
span:AUTH-TAD-0299,rule:R_TEMP_COMP_07,MATCHES_RULE,,,,,,,,4.0,COMPLEMENT,94.0,true
sentence:SENT-0390,source:GRAMMAR_MANUAL_INTERMEDIATE,DERIVED_FROM,,,,,270,语法学习手册(中等) ◎ 典型例句和对话 刚上班，分配给 例句 这桌上尽是土,,,,,
sentence:SENT-0390,span:AUTH-TAD-0300,HAS_CANDIDATE,,,,,,,,,,,
span:AUTH-TAD-0300,consensus:AUTH-TAD-0300,HAS_CONSENSUS,,,,,,,,,,,
consensus:AUTH-TAD-0300,function:TEMPORAL_ADVERBIAL,MAPS_TO,,,,,,,,,,,
span:AUTH-TAD-0300,cleaning:A_主评测候选,HAS_CLEANING_STATUS,,,,,,,主实验/严格评测,,,,
span:AUTH-TAD-0300,ambiguity:无重复,HAS_AMBIGUITY,,,,,,,,,,,
span:AUTH-TAD-0300,ambiguity:来源字段完整但仍需正版逐页核验,HAS_AMBIGUITY,,,,,,,,,,,
span:AUTH-TAD-0300,annotation:span:AUTH-TAD-0300:r1,ANNOTATED_BY,,,,,,,,,,,
annotation:span:AUTH-TAD-0300:r1,rater:rater_1,MADE_BY,,,,,,,,,,,
span:AUTH-TAD-0300,annotation:span:AUTH-TAD-0300:r2,ANNOTATED_BY,,,,,,,,,,,
annotation:span:AUTH-TAD-0300:r2,rater:rater_2,MADE_BY,,,,,,,,,,,
span:AUTH-TAD-0300,annotation:span:AUTH-TAD-0300:r3,ANNOTATED_BY,,,,,,,,,,,
annotation:span:AUTH-TAD-0300:r3,rater:rater_3,MADE_BY,,,,,,,,,,,
span:AUTH-TAD-0300,cue:BEFORE_PREDICATE,TRIGGERS_CUE,,,,,,,,,,,
span:AUTH-TAD-0300,cue:EVENT_TIME,TRIGGERS_CUE,,,,,,,,,,,
span:AUTH-TAD-0300,cue:SENTENCE_INITIAL,TRIGGERS_CUE,,,,,,,,,,,
span:AUTH-TAD-0300,cue:TIME_ADVERB,TRIGGERS_CUE,,,,,,,,,,,
span:AUTH-TAD-0300,cue:TIME_NOUN,TRIGGERS_CUE,,,,,,,,,,,
span:AUTH-TAD-0300,cue:TIME_POINT,TRIGGERS_CUE,,,,,,,,,,,
span:AUTH-TAD-0300,rule:R_TEMP_ADV_01,MATCHES_RULE,,,,,,,,1.0,TEMPORAL_ADVERBIAL,90.0,true
span:AUTH-TAD-0300,rule:R_TEMP_ADV_02,MATCHES_RULE,,,,,,,,2.0,TEMPORAL_ADVERBIAL,88.0,true
span:AUTH-TAD-0300,rule:R_TEMP_ADV_19,MATCHES_RULE,,,,,,,,3.0,TEMPORAL_ADVERBIAL,84.0,true
span:AUTH-TAD-0300,rule:R_TEMP_ADV_08,MATCHES_RULE,,,,,,,,4.0,TEMPORAL_ADVERBIAL,78.0,true
span:AUTH-TAD-0300,rule:R_TEMP_ADV_10,MATCHES_RULE,,,,,,,,5.0,TEMPORAL_ADVERBIAL,75.0,true
sentence:SENT-0245,source:GRAMMAR_MANUAL_INTERMEDIATE,DERIVED_FROM,,,,,156,A:爷爷现在还住在 A:谁是公司本季度 记者：您已经离开家乡多 老房子里吗? 的金牌销售员?,,,,,
sentence:SENT-0245,span:AUTH-TAD-0301,HAS_CANDIDATE,,,,,,,,,,,
span:AUTH-TAD-0301,consensus:AUTH-TAD-0301,HAS_CONSENSUS,,,,,,,,,,,
consensus:AUTH-TAD-0301,function:TEMPORAL_ADVERBIAL,MAPS_TO,,,,,,,,,,,
span:AUTH-TAD-0301,cleaning:B_边界复核集,HAS_CLEANING_STATUS,,,,,,,边界集/鲁棒性分析,,,,
span:AUTH-TAD-0301,ambiguity:时间副词_体貌副词边界,HAS_AMBIGUITY,,,,,,,,,,,
span:AUTH-TAD-0301,ambiguity:无重复,HAS_AMBIGUITY,,,,,,,,,,,
span:AUTH-TAD-0301,ambiguity:来源字段完整但仍需正版逐页核验,HAS_AMBIGUITY,,,,,,,,,,,
span:AUTH-TAD-0301,annotation:span:AUTH-TAD-0301:r1,ANNOTATED_BY,,,,,,,,,,,
annotation:span:AUTH-TAD-0301:r1,rater:rater_1,MADE_BY,,,,,,,,,,,
span:AUTH-TAD-0301,annotation:span:AUTH-TAD-0301:r2,ANNOTATED_BY,,,,,,,,,,,
annotation:span:AUTH-TAD-0301:r2,rater:rater_2,MADE_BY,,,,,,,,,,,
span:AUTH-TAD-0301,annotation:span:AUTH-TAD-0301:r3,ANNOTATED_BY,,,,,,,,,,,
annotation:span:AUTH-TAD-0301:r3,rater:rater_3,MADE_BY,,,,,,,,,,,
span:AUTH-TAD-0301,cue:BEFORE_PREDICATE,TRIGGERS_CUE,,,,,,,,,,,
span:AUTH-TAD-0301,cue:EVENT_TIME,TRIGGERS_CUE,,,,,,,,,,,
span:AUTH-TAD-0301,cue:SENTENCE_INITIAL,TRIGGERS_CUE,,,,,,,,,,,
span:AUTH-TAD-0301,cue:TIME_ADVERB,TRIGGERS_CUE,,,,,,,,,,,
span:AUTH-TAD-0301,cue:TIME_FREQUENCY,TRIGGERS_CUE,,,,,,,,,,,
span:AUTH-TAD-0301,rule:R_TEMP_ADV_04,MATCHES_RULE,,,,,,,,1.0,TEMPORAL_ADVERBIAL,84.0,true
span:AUTH-TAD-0301,rule:R_TEMP_ADV_19,MATCHES_RULE,,,,,,,,2.0,TEMPORAL_ADVERBIAL,84.0,true
span:AUTH-TAD-0301,rule:R_TEMP_KG_ADV_01,MATCHES_RULE,,,,,,,,3.0,TEMPORAL_ADVERBIAL,79.0,true
span:AUTH-TAD-0301,rule:R_TEMP_ADV_08,MATCHES_RULE,,,,,,,,4.0,TEMPORAL_ADVERBIAL,78.0,true
span:AUTH-TAD-0301,rule:R_TEMP_ADV_11,MATCHES_RULE,,,,,,,,5.0,TEMPORAL_ADVERBIAL,73.0,true
sentence:SENT-0246,span:AUTH-TAD-0302,HAS_CANDIDATE,,,,,,,,,,,
span:AUTH-TAD-0302,consensus:AUTH-TAD-0302,HAS_CONSENSUS,,,,,,,,,,,
consensus:AUTH-TAD-0302,function:OTHER,MAPS_TO,,,,,,,,,,,
span:AUTH-TAD-0302,cleaning:C_暂不纳入主实验,HAS_CLEANING_STATUS,,,,,,,待复核,,,,
span:AUTH-TAD-0302,ambiguity:原表已建议复核_剔除,HAS_AMBIGUITY,,,,,,,,,,,
span:AUTH-TAD-0302,ambiguity:非目标时间表达,HAS_AMBIGUITY,,,,,,,,,,,
span:AUTH-TAD-0302,ambiguity:三人标注不完全一致,HAS_AMBIGUITY,,,,,,,,,,,
span:AUTH-TAD-0302,ambiguity:至少一名标注者修正片段,HAS_AMBIGUITY,,,,,,,,,,,
span:AUTH-TAD-0302,ambiguity:同句多候选_重复句,HAS_AMBIGUITY,,,,,,,,,,,
span:AUTH-TAD-0302,ambiguity:来源字段完整但仍需正版逐页核验,HAS_AMBIGUITY,,,,,,,,,,,
span:AUTH-TAD-0302,annotation:span:AUTH-TAD-0302:r1,ANNOTATED_BY,,,,,,,,,,,
annotation:span:AUTH-TAD-0302:r1,rater:rater_1,MADE_BY,,,,,,,,,,,
span:AUTH-TAD-0302,annotation:span:AUTH-TAD-0302:r2,ANNOTATED_BY,,,,,,,,,,,
annotation:span:AUTH-TAD-0302:r2,rater:rater_2,MADE_BY,,,,,,,,,,,
span:AUTH-TAD-0302,annotation:span:AUTH-TAD-0302:r3,ANNOTATED_BY,,,,,,,,,,,
annotation:span:AUTH-TAD-0302:r3,rater:rater_3,MADE_BY,,,,,,,,,,,
span:AUTH-TAD-0302,cue:BEFORE_PREDICATE,TRIGGERS_CUE,,,,,,,,,,,
span:AUTH-TAD-0302,cue:EVENT_TIME,TRIGGERS_CUE,,,,,,,,,,,
span:AUTH-TAD-0302,cue:NO_TEMPORAL_EXPRESSION,TRIGGERS_CUE,,,,,,,,,,,
span:AUTH-TAD-0302,cue:REVIEW_NON_TARGET_RISK,TRIGGERS_CUE,,,,,,,,,,,
span:AUTH-TAD-0302,rule:R_TEMP_KG_OTHER_01,MATCHES_RULE,,,,,,,,1.0,OTHER,130.0,true
sentence:SENT-0074,source:GRAMMAR_MANUAL_INTERMEDIATE,DERIVED_FROM,,,,,262,,,,,,
sentence:SENT-0074,span:AUTH-TAD-0303,HAS_CANDIDATE,,,,,,,,,,,
span:AUTH-TAD-0303,consensus:AUTH-TAD-0303,HAS_CONSENSUS,,,,,,,,,,,
consensus:AUTH-TAD-0303,function:TEMPORAL_ADVERBIAL,MAPS_TO,,,,,,,,,,,
span:AUTH-TAD-0303,cleaning:B_边界复核集,HAS_CLEANING_STATUS,,,,,,,边界集/鲁棒性分析,,,,
span:AUTH-TAD-0303,ambiguity:页面线索缺失,HAS_AMBIGUITY,,,,,,,,,,,
span:AUTH-TAD-0303,ambiguity:无重复,HAS_AMBIGUITY,,,,,,,,,,,
span:AUTH-TAD-0303,annotation:span:AUTH-TAD-0303:r1,ANNOTATED_BY,,,,,,,,,,,
annotation:span:AUTH-TAD-0303:r1,rater:rater_1,MADE_BY,,,,,,,,,,,
span:AUTH-TAD-0303,annotation:span:AUTH-TAD-0303:r2,ANNOTATED_BY,,,,,,,,,,,
annotation:span:AUTH-TAD-0303:r2,rater:rater_2,MADE_BY,,,,,,,,,,,
span:AUTH-TAD-0303,annotation:span:AUTH-TAD-0303:r3,ANNOTATED_BY,,,,,,,,,,,
annotation:span:AUTH-TAD-0303:r3,rater:rater_3,MADE_BY,,,,,,,,,,,
span:AUTH-TAD-0303,cue:BEFORE_PREDICATE,TRIGGERS_CUE,,,,,,,,,,,
span:AUTH-TAD-0303,cue:EVENT_TIME,TRIGGERS_CUE,,,,,,,,,,,
span:AUTH-TAD-0303,cue:TIME_ADVERB,TRIGGERS_CUE,,,,,,,,,,,
span:AUTH-TAD-0303,cue:TIME_NOUN,TRIGGERS_CUE,,,,,,,,,,,
span:AUTH-TAD-0303,cue:TIME_POINT,TRIGGERS_CUE,,,,,,,,,,,
span:AUTH-TAD-0303,rule:R_TEMP_ADV_01,MATCHES_RULE,,,,,,,,1.0,TEMPORAL_ADVERBIAL,90.0,true
span:AUTH-TAD-0303,rule:R_TEMP_ADV_02,MATCHES_RULE,,,,,,,,2.0,TEMPORAL_ADVERBIAL,88.0,true
span:AUTH-TAD-0303,rule:R_TEMP_ADV_19,MATCHES_RULE,,,,,,,,3.0,TEMPORAL_ADVERBIAL,84.0,true
span:AUTH-TAD-0303,rule:R_TEMP_ADV_08,MATCHES_RULE,,,,,,,,4.0,TEMPORAL_ADVERBIAL,78.0,true
span:AUTH-TAD-0303,rule:R_TEMP_ADV_10,MATCHES_RULE,,,,,,,,5.0,TEMPORAL_ADVERBIAL,75.0,true
sentence:SENT-0226,source:GRAMMAR_MANUAL_ADVANCED,DERIVED_FROM,,,,,40,◎ 补充例句 你下楼的时候，顺便把垃圾带下去吧,,,,,
sentence:SENT-0226,span:AUTH-TAD-0304,HAS_CANDIDATE,,,,,,,,,,,
span:AUTH-TAD-0304,consensus:AUTH-TAD-0304,HAS_CONSENSUS,,,,,,,,,,,
consensus:AUTH-TAD-0304,function:TEMPORAL_ADVERBIAL,MAPS_TO,,,,,,,,,,,
span:AUTH-TAD-0304,cleaning:A_主评测候选,HAS_CLEANING_STATUS,,,,,,,主实验/严格评测,,,,
span:AUTH-TAD-0304,ambiguity:无重复,HAS_AMBIGUITY,,,,,,,,,,,
span:AUTH-TAD-0304,ambiguity:来源字段完整但仍需正版逐页核验,HAS_AMBIGUITY,,,,,,,,,,,
span:AUTH-TAD-0304,annotation:span:AUTH-TAD-0304:r1,ANNOTATED_BY,,,,,,,,,,,
annotation:span:AUTH-TAD-0304:r1,rater:rater_1,MADE_BY,,,,,,,,,,,
span:AUTH-TAD-0304,annotation:span:AUTH-TAD-0304:r2,ANNOTATED_BY,,,,,,,,,,,
annotation:span:AUTH-TAD-0304:r2,rater:rater_2,MADE_BY,,,,,,,,,,,
span:AUTH-TAD-0304,annotation:span:AUTH-TAD-0304:r3,ANNOTATED_BY,,,,,,,,,,,
annotation:span:AUTH-TAD-0304:r3,rater:rater_3,MADE_BY,,,,,,,,,,,
span:AUTH-TAD-0304,cue:BEFORE_PREDICATE,TRIGGERS_CUE,,,,,,,,,,,
span:AUTH-TAD-0304,cue:EVENT_TIME,TRIGGERS_CUE,,,,,,,,,,,
span:AUTH-TAD-0304,cue:TIME_NOUN,TRIGGERS_CUE,,,,,,,,,,,
span:AUTH-TAD-0304,rule:R_TEMP_ADV_01,MATCHES_RULE,,,,,,,,1.0,TEMPORAL_ADVERBIAL,90.0,true
span:AUTH-TAD-0304,rule:R_TEMP_ADV_02,MATCHES_RULE,,,,,,,,2.0,TEMPORAL_ADVERBIAL,88.0,true
span:AUTH-TAD-0304,rule:R_TEMP_KG_ADV_02,MATCHES_RULE,,,,,,,,3.0,TEMPORAL_ADVERBIAL,72.0,true
sentence:SENT-0460,source:GRAMMAR_MANUAL_ADVANCED,DERIVED_FROM,,,,,174,S)+VP? 他 之所以 身体素质好，是因为 他 经常锻炼,,,,,
sentence:SENT-0460,span:AUTH-TAD-0305,HAS_CANDIDATE,,,,,,,,,,,
span:AUTH-TAD-0305,consensus:AUTH-TAD-0305,HAS_CONSENSUS,,,,,,,,,,,
consensus:AUTH-TAD-0305,function:TEMPORAL_ADVERBIAL,MAPS_TO,,,,,,,,,,,
span:AUTH-TAD-0305,cleaning:A_主评测候选,HAS_CLEANING_STATUS,,,,,,,主实验/严格评测,,,,
span:AUTH-TAD-0305,ambiguity:无重复,HAS_AMBIGUITY,,,,,,,,,,,
span:AUTH-TAD-0305,ambiguity:来源字段完整但仍需正版逐页核验,HAS_AMBIGUITY,,,,,,,,,,,
span:AUTH-TAD-0305,annotation:span:AUTH-TAD-0305:r1,ANNOTATED_BY,,,,,,,,,,,
annotation:span:AUTH-TAD-0305:r1,rater:rater_1,MADE_BY,,,,,,,,,,,
span:AUTH-TAD-0305,annotation:span:AUTH-TAD-0305:r2,ANNOTATED_BY,,,,,,,,,,,
annotation:span:AUTH-TAD-0305:r2,rater:rater_2,MADE_BY,,,,,,,,,,,
span:AUTH-TAD-0305,annotation:span:AUTH-TAD-0305:r3,ANNOTATED_BY,,,,,,,,,,,
annotation:span:AUTH-TAD-0305:r3,rater:rater_3,MADE_BY,,,,,,,,,,,
span:AUTH-TAD-0305,cue:TIME_NOUN,TRIGGERS_CUE,,,,,,,,,,,
span:AUTH-TAD-0305,rule:R_TEMP_KG_ADV_02,MATCHES_RULE,,,,,,,,1.0,TEMPORAL_ADVERBIAL,72.0,true
sentence:SENT-0102,source:GRAMMAR_MANUAL_ELEMENTARY,DERIVED_FROM,,,,,162,你到北京以后，一定 要去看看王老师,,,,,
sentence:SENT-0102,span:AUTH-TAD-0306,HAS_CANDIDATE,,,,,,,,,,,
span:AUTH-TAD-0306,consensus:AUTH-TAD-0306,HAS_CONSENSUS,,,,,,,,,,,
consensus:AUTH-TAD-0306,function:TEMPORAL_ADVERBIAL,MAPS_TO,,,,,,,,,,,
span:AUTH-TAD-0306,cleaning:A_主评测候选,HAS_CLEANING_STATUS,,,,,,,主实验/严格评测,,,,
span:AUTH-TAD-0306,ambiguity:无重复,HAS_AMBIGUITY,,,,,,,,,,,
span:AUTH-TAD-0306,ambiguity:来源字段完整但仍需正版逐页核验,HAS_AMBIGUITY,,,,,,,,,,,
span:AUTH-TAD-0306,annotation:span:AUTH-TAD-0306:r1,ANNOTATED_BY,,,,,,,,,,,
annotation:span:AUTH-TAD-0306:r1,rater:rater_1,MADE_BY,,,,,,,,,,,
span:AUTH-TAD-0306,annotation:span:AUTH-TAD-0306:r2,ANNOTATED_BY,,,,,,,,,,,
annotation:span:AUTH-TAD-0306:r2,rater:rater_2,MADE_BY,,,,,,,,,,,
span:AUTH-TAD-0306,annotation:span:AUTH-TAD-0306:r3,ANNOTATED_BY,,,,,,,,,,,
annotation:span:AUTH-TAD-0306:r3,rater:rater_3,MADE_BY,,,,,,,,,,,
span:AUTH-TAD-0306,cue:BEFORE_PREDICATE,TRIGGERS_CUE,,,,,,,,,,,
span:AUTH-TAD-0306,cue:EVENT_TIME,TRIGGERS_CUE,,,,,,,,,,,
span:AUTH-TAD-0306,cue:TIME_NOUN,TRIGGERS_CUE,,,,,,,,,,,
span:AUTH-TAD-0306,rule:R_TEMP_ADV_01,MATCHES_RULE,,,,,,,,1.0,TEMPORAL_ADVERBIAL,90.0,true
span:AUTH-TAD-0306,rule:R_TEMP_ADV_02,MATCHES_RULE,,,,,,,,2.0,TEMPORAL_ADVERBIAL,88.0,true
span:AUTH-TAD-0306,rule:R_TEMP_KG_ADV_02,MATCHES_RULE,,,,,,,,3.0,TEMPORAL_ADVERBIAL,72.0,true
sentence:SENT-0128,source:GRAMMAR_MANUAL_ELEMENTARY,DERIVED_FROM,,,,,242,室) (在教室) A:这次你们考得怎么样? A:你以前来过北京吗? A:你住哪儿? B:李明第,,,,,
sentence:SENT-0128,span:AUTH-TAD-0307,HAS_CANDIDATE,,,,,,,,,,,
span:AUTH-TAD-0307,consensus:AUTH-TAD-0307,HAS_CONSENSUS,,,,,,,,,,,
consensus:AUTH-TAD-0307,function:TEMPORAL_ADVERBIAL,MAPS_TO,,,,,,,,,,,
span:AUTH-TAD-0307,cleaning:B_边界复核集,HAS_CLEANING_STATUS,,,,,,,边界集/鲁棒性分析,,,,
span:AUTH-TAD-0307,ambiguity:相对时间框架边界,HAS_AMBIGUITY,,,,,,,,,,,
span:AUTH-TAD-0307,ambiguity:无重复,HAS_AMBIGUITY,,,,,,,,,,,
span:AUTH-TAD-0307,ambiguity:来源字段完整但仍需正版逐页核验,HAS_AMBIGUITY,,,,,,,,,,,
span:AUTH-TAD-0307,annotation:span:AUTH-TAD-0307:r1,ANNOTATED_BY,,,,,,,,,,,
annotation:span:AUTH-TAD-0307:r1,rater:rater_1,MADE_BY,,,,,,,,,,,
span:AUTH-TAD-0307,annotation:span:AUTH-TAD-0307:r2,ANNOTATED_BY,,,,,,,,,,,
annotation:span:AUTH-TAD-0307:r2,rater:rater_2,MADE_BY,,,,,,,,,,,
span:AUTH-TAD-0307,annotation:span:AUTH-TAD-0307:r3,ANNOTATED_BY,,,,,,,,,,,
annotation:span:AUTH-TAD-0307:r3,rater:rater_3,MADE_BY,,,,,,,,,,,
span:AUTH-TAD-0307,cue:AFTER_VERB,TRIGGERS_CUE,,,,,,,,,,,
span:AUTH-TAD-0307,cue:NO_TEMPORAL_EXPRESSION,TRIGGERS_CUE,,,,,,,,,,,
span:AUTH-TAD-0307,cue:POSTPOSED_TEMPORAL_MARKER,TRIGGERS_CUE,,,,,,,,,,,
span:AUTH-TAD-0307,cue:TIME_AFTER_BEFORE,TRIGGERS_CUE,,,,,,,,,,,
span:AUTH-TAD-0307,rule:R_TEMP_COMP_09,MATCHES_RULE,,,,,,,,1.0,COMPLEMENT,91.0,false
span:AUTH-TAD-0307,rule:R_TEMP_COMP_08,MATCHES_RULE,,,,,,,,2.0,COMPLEMENT,89.0,false
sentence:SENT-0257,source:GRAMMAR_MANUAL_ADVANCED,DERIVED_FROM,,,,,55,怪不得他心里害怕，因为小时候曾被邻居家的狗咬过一回,,,,,
sentence:SENT-0257,span:AUTH-TAD-0308,HAS_CANDIDATE,,,,,,,,,,,
span:AUTH-TAD-0308,consensus:AUTH-TAD-0308,HAS_CONSENSUS,,,,,,,,,,,
consensus:AUTH-TAD-0308,function:TEMPORAL_ADVERBIAL,MAPS_TO,,,,,,,,,,,
span:AUTH-TAD-0308,cleaning:A_主评测候选,HAS_CLEANING_STATUS,,,,,,,主实验/严格评测,,,,
span:AUTH-TAD-0308,ambiguity:无重复,HAS_AMBIGUITY,,,,,,,,,,,
span:AUTH-TAD-0308,ambiguity:来源字段完整但仍需正版逐页核验,HAS_AMBIGUITY,,,,,,,,,,,
span:AUTH-TAD-0308,annotation:span:AUTH-TAD-0308:r1,ANNOTATED_BY,,,,,,,,,,,
annotation:span:AUTH-TAD-0308:r1,rater:rater_1,MADE_BY,,,,,,,,,,,
span:AUTH-TAD-0308,annotation:span:AUTH-TAD-0308:r2,ANNOTATED_BY,,,,,,,,,,,
annotation:span:AUTH-TAD-0308:r2,rater:rater_2,MADE_BY,,,,,,,,,,,
span:AUTH-TAD-0308,annotation:span:AUTH-TAD-0308:r3,ANNOTATED_BY,,,,,,,,,,,
annotation:span:AUTH-TAD-0308:r3,rater:rater_3,MADE_BY,,,,,,,,,,,
span:AUTH-TAD-0308,cue:BEFORE_PREDICATE,TRIGGERS_CUE,,,,,,,,,,,
span:AUTH-TAD-0308,cue:EVENT_TIME,TRIGGERS_CUE,,,,,,,,,,,
span:AUTH-TAD-0308,cue:TIME_NOUN,TRIGGERS_CUE,,,,,,,,,,,
span:AUTH-TAD-0308,rule:R_TEMP_ADV_01,MATCHES_RULE,,,,,,,,1.0,TEMPORAL_ADVERBIAL,90.0,true
span:AUTH-TAD-0308,rule:R_TEMP_ADV_02,MATCHES_RULE,,,,,,,,2.0,TEMPORAL_ADVERBIAL,88.0,true
span:AUTH-TAD-0308,rule:R_TEMP_KG_ADV_02,MATCHES_RULE,,,,,,,,3.0,TEMPORAL_ADVERBIAL,72.0,true
sentence:SENT-0046,source:GRAMMAR_MANUAL_ADVANCED,DERIVED_FROM,,,,,88,,,,,,
sentence:SENT-0046,span:AUTH-TAD-0309,HAS_CANDIDATE,,,,,,,,,,,
span:AUTH-TAD-0309,consensus:AUTH-TAD-0309,HAS_CONSENSUS,,,,,,,,,,,
consensus:AUTH-TAD-0309,function:TEMPORAL_ADVERBIAL,MAPS_TO,,,,,,,,,,,
span:AUTH-TAD-0309,cleaning:B_边界复核集,HAS_CLEANING_STATUS,,,,,,,边界集/鲁棒性分析,,,,
span:AUTH-TAD-0309,ambiguity:页面线索缺失,HAS_AMBIGUITY,,,,,,,,,,,
span:AUTH-TAD-0309,ambiguity:无重复,HAS_AMBIGUITY,,,,,,,,,,,
span:AUTH-TAD-0309,annotation:span:AUTH-TAD-0309:r1,ANNOTATED_BY,,,,,,,,,,,
annotation:span:AUTH-TAD-0309:r1,rater:rater_1,MADE_BY,,,,,,,,,,,
span:AUTH-TAD-0309,annotation:span:AUTH-TAD-0309:r2,ANNOTATED_BY,,,,,,,,,,,
annotation:span:AUTH-TAD-0309:r2,rater:rater_2,MADE_BY,,,,,,,,,,,
span:AUTH-TAD-0309,annotation:span:AUTH-TAD-0309:r3,ANNOTATED_BY,,,,,,,,,,,
annotation:span:AUTH-TAD-0309:r3,rater:rater_3,MADE_BY,,,,,,,,,,,
span:AUTH-TAD-0309,cue:BEFORE_PREDICATE,TRIGGERS_CUE,,,,,,,,,,,
span:AUTH-TAD-0309,cue:EVENT_TIME,TRIGGERS_CUE,,,,,,,,,,,
span:AUTH-TAD-0309,cue:SENTENCE_INITIAL,TRIGGERS_CUE,,,,,,,,,,,
span:AUTH-TAD-0309,cue:TIME_NOUN,TRIGGERS_CUE,,,,,,,,,,,
span:AUTH-TAD-0309,rule:R_TEMP_ADV_01,MATCHES_RULE,,,,,,,,1.0,TEMPORAL_ADVERBIAL,90.0,true
span:AUTH-TAD-0309,rule:R_TEMP_ADV_02,MATCHES_RULE,,,,,,,,2.0,TEMPORAL_ADVERBIAL,88.0,true
span:AUTH-TAD-0309,rule:R_TEMP_KG_ADV_02,MATCHES_RULE,,,,,,,,3.0,TEMPORAL_ADVERBIAL,72.0,true
sentence:SENT-0262,source:GRAMMAR_MANUAL_ADVANCED,DERIVED_FROM,,,,,86,：矣 【七一九058】 ◎基本语义及用法 用来描述已经发生或将要发生的事情的发展变化，用在句末,,,,,
sentence:SENT-0262,span:AUTH-TAD-0310,HAS_CANDIDATE,,,,,,,,,,,
span:AUTH-TAD-0310,consensus:AUTH-TAD-0310,HAS_CONSENSUS,,,,,,,,,,,
consensus:AUTH-TAD-0310,function:COMPLEMENT,MAPS_TO,,,,,,,,,,,
span:AUTH-TAD-0310,cleaning:B_边界复核集,HAS_CLEANING_STATUS,,,,,,,边界集/鲁棒性分析,,,,
span:AUTH-TAD-0310,ambiguity:时量补语_持续时间边界,HAS_AMBIGUITY,,,,,,,,,,,
span:AUTH-TAD-0310,ambiguity:无重复,HAS_AMBIGUITY,,,,,,,,,,,
span:AUTH-TAD-0310,ambiguity:来源字段完整但仍需正版逐页核验,HAS_AMBIGUITY,,,,,,,,,,,
span:AUTH-TAD-0310,annotation:span:AUTH-TAD-0310:r1,ANNOTATED_BY,,,,,,,,,,,
annotation:span:AUTH-TAD-0310:r1,rater:rater_1,MADE_BY,,,,,,,,,,,
span:AUTH-TAD-0310,annotation:span:AUTH-TAD-0310:r2,ANNOTATED_BY,,,,,,,,,,,
annotation:span:AUTH-TAD-0310:r2,rater:rater_2,MADE_BY,,,,,,,,,,,
span:AUTH-TAD-0310,annotation:span:AUTH-TAD-0310:r3,ANNOTATED_BY,,,,,,,,,,,
annotation:span:AUTH-TAD-0310:r3,rater:rater_3,MADE_BY,,,,,,,,,,,
span:AUTH-TAD-0310,cue:AFTER_VERB,TRIGGERS_CUE,,,,,,,,,,,
span:AUTH-TAD-0310,cue:COMPLEMENT_DURATION_CONTEXT,TRIGGERS_CUE,,,,,,,,,,,
span:AUTH-TAD-0310,cue:DURATION_COMPLEMENT,TRIGGERS_CUE,,,,,,,,,,,
span:AUTH-TAD-0310,cue:STATIVE_PREDICATE,TRIGGERS_CUE,,,,,,,,,,,
span:AUTH-TAD-0310,cue:TIME_DURATION,TRIGGERS_CUE,,,,,,,,,,,
span:AUTH-TAD-0310,rule:R_TEMP_KG_COMP_01,MATCHES_RULE,,,,,,,,1.0,COMPLEMENT,127.0,true
span:AUTH-TAD-0310,rule:R_TEMP_COMP_01,MATCHES_RULE,,,,,,,,2.0,COMPLEMENT,96.0,true
span:AUTH-TAD-0310,rule:R_TEMP_COMP_02,MATCHES_RULE,,,,,,,,3.0,COMPLEMENT,95.0,true
span:AUTH-TAD-0310,rule:R_TEMP_COMP_07,MATCHES_RULE,,,,,,,,4.0,COMPLEMENT,94.0,true
sentence:SENT-0380,span:AUTH-TAD-0311,HAS_CANDIDATE,,,,,,,,,,,
span:AUTH-TAD-0311,consensus:AUTH-TAD-0311,HAS_CONSENSUS,,,,,,,,,,,
consensus:AUTH-TAD-0311,function:ATTRIBUTE,MAPS_TO,,,,,,,,,,,
span:AUTH-TAD-0311,cleaning:B_边界复核集,HAS_CLEANING_STATUS,,,,,,,边界集/鲁棒性分析,,,,
span:AUTH-TAD-0311,ambiguity:页面线索缺失,HAS_AMBIGUITY,,,,,,,,,,,
span:AUTH-TAD-0311,ambiguity:可能为时间定语,HAS_AMBIGUITY,,,,,,,,,,,
span:AUTH-TAD-0311,ambiguity:同句多候选_重复句,HAS_AMBIGUITY,,,,,,,,,,,
span:AUTH-TAD-0311,annotation:span:AUTH-TAD-0311:r1,ANNOTATED_BY,,,,,,,,,,,
annotation:span:AUTH-TAD-0311:r1,rater:rater_1,MADE_BY,,,,,,,,,,,
span:AUTH-TAD-0311,annotation:span:AUTH-TAD-0311:r2,ANNOTATED_BY,,,,,,,,,,,
annotation:span:AUTH-TAD-0311:r2,rater:rater_2,MADE_BY,,,,,,,,,,,
span:AUTH-TAD-0311,annotation:span:AUTH-TAD-0311:r3,ANNOTATED_BY,,,,,,,,,,,
annotation:span:AUTH-TAD-0311:r3,rater:rater_3,MADE_BY,,,,,,,,,,,
span:AUTH-TAD-0311,cue:ATTR_DE_DIRECT,TRIGGERS_CUE,,,,,,,,,,,
span:AUTH-TAD-0311,cue:ATTR_NOMINAL_DIRECT,TRIGGERS_CUE,,,,,,,,,,,
span:AUTH-TAD-0311,cue:DE_PARTICLE,TRIGGERS_CUE,,,,,,,,,,,
span:AUTH-TAD-0311,cue:NOMINAL_HEAD,TRIGGERS_CUE,,,,,,,,,,,
span:AUTH-TAD-0311,cue:TIME_NOUN,TRIGGERS_CUE,,,,,,,,,,,
span:AUTH-TAD-0311,rule:R_TEMP_KG_ATTR_01,MATCHES_RULE,,,,,,,,1.0,ATTRIBUTE,128.0,true
span:AUTH-TAD-0311,rule:R_TEMP_KG_ATTR_02,MATCHES_RULE,,,,,,,,2.0,ATTRIBUTE,126.0,true
span:AUTH-TAD-0311,rule:R_TEMP_ATTR_01,MATCHES_RULE,,,,,,,,3.0,ATTRIBUTE,95.0,true
span:AUTH-TAD-0311,rule:R_TEMP_ATTR_03,MATCHES_RULE,,,,,,,,4.0,ATTRIBUTE,88.0,true
span:AUTH-TAD-0311,rule:R_TEMP_KG_ADV_02,MATCHES_RULE,,,,,,,,5.0,TEMPORAL_ADVERBIAL,72.0,false
sentence:SENT-0309,source:GRAMMAR_MANUAL_ELEMENTARY,DERIVED_FROM,,,,,185,(初等) 小提示 “吧2”具有揣测的语气，所以句中经常有表示揣测、估计的副词，如“也许、大 概,,,,,
sentence:SENT-0309,span:AUTH-TAD-0312,HAS_CANDIDATE,,,,,,,,,,,
span:AUTH-TAD-0312,consensus:AUTH-TAD-0312,HAS_CONSENSUS,,,,,,,,,,,
consensus:AUTH-TAD-0312,function:TEMPORAL_ADVERBIAL,MAPS_TO,,,,,,,,,,,
span:AUTH-TAD-0312,cleaning:B_边界复核集,HAS_CLEANING_STATUS,,,,,,,边界集/鲁棒性分析,,,,
span:AUTH-TAD-0312,ambiguity:三人标注不完全一致,HAS_AMBIGUITY,,,,,,,,,,,
span:AUTH-TAD-0312,ambiguity:无重复,HAS_AMBIGUITY,,,,,,,,,,,
span:AUTH-TAD-0312,ambiguity:来源字段完整但仍需正版逐页核验,HAS_AMBIGUITY,,,,,,,,,,,
span:AUTH-TAD-0312,annotation:span:AUTH-TAD-0312:r1,ANNOTATED_BY,,,,,,,,,,,
annotation:span:AUTH-TAD-0312:r1,rater:rater_1,MADE_BY,,,,,,,,,,,
span:AUTH-TAD-0312,annotation:span:AUTH-TAD-0312:r2,ANNOTATED_BY,,,,,,,,,,,
annotation:span:AUTH-TAD-0312:r2,rater:rater_2,MADE_BY,,,,,,,,,,,
span:AUTH-TAD-0312,annotation:span:AUTH-TAD-0312:r3,ANNOTATED_BY,,,,,,,,,,,
annotation:span:AUTH-TAD-0312:r3,rater:rater_3,MADE_BY,,,,,,,,,,,
span:AUTH-TAD-0312,cue:BEFORE_PREDICATE,TRIGGERS_CUE,,,,,,,,,,,
span:AUTH-TAD-0312,cue:EVENT_TIME,TRIGGERS_CUE,,,,,,,,,,,
span:AUTH-TAD-0312,cue:TIME_NOUN,TRIGGERS_CUE,,,,,,,,,,,
span:AUTH-TAD-0312,rule:R_TEMP_ADV_01,MATCHES_RULE,,,,,,,,1.0,TEMPORAL_ADVERBIAL,90.0,true
span:AUTH-TAD-0312,rule:R_TEMP_ADV_02,MATCHES_RULE,,,,,,,,2.0,TEMPORAL_ADVERBIAL,88.0,true
span:AUTH-TAD-0312,rule:R_TEMP_KG_ADV_02,MATCHES_RULE,,,,,,,,3.0,TEMPORAL_ADVERBIAL,72.0,true
sentence:SENT-0312,source:GRAMMAR_MANUAL_ADVANCED,DERIVED_FROM,,,,,190,,,,,,
sentence:SENT-0312,span:AUTH-TAD-0313,HAS_CANDIDATE,,,,,,,,,,,
span:AUTH-TAD-0313,consensus:AUTH-TAD-0313,HAS_CONSENSUS,,,,,,,,,,,
consensus:AUTH-TAD-0313,function:ATTRIBUTE,MAPS_TO,,,,,,,,,,,
span:AUTH-TAD-0313,cleaning:B_边界复核集,HAS_CLEANING_STATUS,,,,,,,边界集/鲁棒性分析,,,,
span:AUTH-TAD-0313,ambiguity:页面线索缺失,HAS_AMBIGUITY,,,,,,,,,,,
span:AUTH-TAD-0313,ambiguity:三人标注不完全一致,HAS_AMBIGUITY,,,,,,,,,,,
span:AUTH-TAD-0313,ambiguity:无重复,HAS_AMBIGUITY,,,,,,,,,,,
span:AUTH-TAD-0313,annotation:span:AUTH-TAD-0313:r1,ANNOTATED_BY,,,,,,,,,,,
annotation:span:AUTH-TAD-0313:r1,rater:rater_1,MADE_BY,,,,,,,,,,,
span:AUTH-TAD-0313,annotation:span:AUTH-TAD-0313:r2,ANNOTATED_BY,,,,,,,,,,,
annotation:span:AUTH-TAD-0313:r2,rater:rater_2,MADE_BY,,,,,,,,,,,
span:AUTH-TAD-0313,annotation:span:AUTH-TAD-0313:r3,ANNOTATED_BY,,,,,,,,,,,
annotation:span:AUTH-TAD-0313:r3,rater:rater_3,MADE_BY,,,,,,,,,,,
span:AUTH-TAD-0313,cue:BEFORE_PREDICATE,TRIGGERS_CUE,,,,,,,,,,,
span:AUTH-TAD-0313,cue:EVENT_TIME,TRIGGERS_CUE,,,,,,,,,,,
span:AUTH-TAD-0313,cue:TIME_NOUN,TRIGGERS_CUE,,,,,,,,,,,
span:AUTH-TAD-0313,rule:R_TEMP_ADV_01,MATCHES_RULE,,,,,,,,1.0,TEMPORAL_ADVERBIAL,90.0,false
span:AUTH-TAD-0313,rule:R_TEMP_ADV_02,MATCHES_RULE,,,,,,,,2.0,TEMPORAL_ADVERBIAL,88.0,false
span:AUTH-TAD-0313,rule:R_TEMP_KG_ADV_02,MATCHES_RULE,,,,,,,,3.0,TEMPORAL_ADVERBIAL,72.0,false
sentence:SENT-0310,source:GRAMMAR_MANUAL_ELEMENTARY,DERIVED_FROM,,,,,279,水平等级标准·语法学习手册(初等) 【三14】19时间副词(2):才2 ◎基本语义及用法 指刚,,,,,
sentence:SENT-0310,span:AUTH-TAD-0314,HAS_CANDIDATE,,,,,,,,,,,
span:AUTH-TAD-0314,consensus:AUTH-TAD-0314,HAS_CONSENSUS,,,,,,,,,,,
consensus:AUTH-TAD-0314,function:COMPLEMENT,MAPS_TO,,,,,,,,,,,
span:AUTH-TAD-0314,cleaning:B_边界复核集,HAS_CLEANING_STATUS,,,,,,,边界集/鲁棒性分析,,,,
span:AUTH-TAD-0314,ambiguity:时量补语_持续时间边界,HAS_AMBIGUITY,,,,,,,,,,,
span:AUTH-TAD-0314,ambiguity:无重复,HAS_AMBIGUITY,,,,,,,,,,,
span:AUTH-TAD-0314,ambiguity:来源字段完整但仍需正版逐页核验,HAS_AMBIGUITY,,,,,,,,,,,
span:AUTH-TAD-0314,annotation:span:AUTH-TAD-0314:r1,ANNOTATED_BY,,,,,,,,,,,
annotation:span:AUTH-TAD-0314:r1,rater:rater_1,MADE_BY,,,,,,,,,,,
span:AUTH-TAD-0314,annotation:span:AUTH-TAD-0314:r2,ANNOTATED_BY,,,,,,,,,,,
annotation:span:AUTH-TAD-0314:r2,rater:rater_2,MADE_BY,,,,,,,,,,,
span:AUTH-TAD-0314,annotation:span:AUTH-TAD-0314:r3,ANNOTATED_BY,,,,,,,,,,,
annotation:span:AUTH-TAD-0314:r3,rater:rater_3,MADE_BY,,,,,,,,,,,
span:AUTH-TAD-0314,cue:AFTER_VERB,TRIGGERS_CUE,,,,,,,,,,,
span:AUTH-TAD-0314,cue:BEFORE_PREDICATE,TRIGGERS_CUE,,,,,,,,,,,
span:AUTH-TAD-0314,cue:COMPLEMENT_DURATION_CONTEXT,TRIGGERS_CUE,,,,,,,,,,,
span:AUTH-TAD-0314,cue:DURATION_COMPLEMENT,TRIGGERS_CUE,,,,,,,,,,,
span:AUTH-TAD-0314,cue:EVENT_TIME,TRIGGERS_CUE,,,,,,,,,,,
span:AUTH-TAD-0314,cue:NO_TEMPORAL_EXPRESSION,TRIGGERS_CUE,,,,,,,,,,,
span:AUTH-TAD-0314,rule:R_TEMP_KG_COMP_01,MATCHES_RULE,,,,,,,,1.0,COMPLEMENT,127.0,true
sentence:SENT-0281,source:GRAMMAR_MANUAL_ADVANCED,DERIVED_FROM,,,,,108,我们看到，很多在学校里学习成绩好的学生，工作以后未必表现出色,,,,,
sentence:SENT-0281,span:AUTH-TAD-0315,HAS_CANDIDATE,,,,,,,,,,,
span:AUTH-TAD-0315,consensus:AUTH-TAD-0315,HAS_CONSENSUS,,,,,,,,,,,
consensus:AUTH-TAD-0315,function:TEMPORAL_ADVERBIAL,MAPS_TO,,,,,,,,,,,
span:AUTH-TAD-0315,cleaning:B_边界复核集,HAS_CLEANING_STATUS,,,,,,,边界集/鲁棒性分析,,,,
span:AUTH-TAD-0315,ambiguity:相对时间框架边界,HAS_AMBIGUITY,,,,,,,,,,,
span:AUTH-TAD-0315,ambiguity:无重复,HAS_AMBIGUITY,,,,,,,,,,,
span:AUTH-TAD-0315,ambiguity:来源字段完整但仍需正版逐页核验,HAS_AMBIGUITY,,,,,,,,,,,
span:AUTH-TAD-0315,annotation:span:AUTH-TAD-0315:r1,ANNOTATED_BY,,,,,,,,,,,
annotation:span:AUTH-TAD-0315:r1,rater:rater_1,MADE_BY,,,,,,,,,,,
span:AUTH-TAD-0315,annotation:span:AUTH-TAD-0315:r2,ANNOTATED_BY,,,,,,,,,,,
annotation:span:AUTH-TAD-0315:r2,rater:rater_2,MADE_BY,,,,,,,,,,,
span:AUTH-TAD-0315,annotation:span:AUTH-TAD-0315:r3,ANNOTATED_BY,,,,,,,,,,,
annotation:span:AUTH-TAD-0315:r3,rater:rater_3,MADE_BY,,,,,,,,,,,
span:AUTH-TAD-0315,cue:NO_TEMPORAL_EXPRESSION,TRIGGERS_CUE,,,,,,,,,,,
span:AUTH-TAD-0315,cue:TIME_AFTER_BEFORE,TRIGGERS_CUE,,,,,,,,,,,
sentence:SENT-0189,source:GRAMMAR_MANUAL_INTERMEDIATE,DERIVED_FROM,,,,,112,哪怕这件衣服已经打折了，价格还是很高,,,,,
sentence:SENT-0189,span:AUTH-TAD-0316,HAS_CANDIDATE,,,,,,,,,,,
span:AUTH-TAD-0316,consensus:AUTH-TAD-0316,HAS_CONSENSUS,,,,,,,,,,,
consensus:AUTH-TAD-0316,function:TEMPORAL_ADVERBIAL,MAPS_TO,,,,,,,,,,,
span:AUTH-TAD-0316,cleaning:A_主评测候选,HAS_CLEANING_STATUS,,,,,,,主实验/严格评测,,,,
span:AUTH-TAD-0316,ambiguity:无重复,HAS_AMBIGUITY,,,,,,,,,,,
span:AUTH-TAD-0316,ambiguity:来源字段完整但仍需正版逐页核验,HAS_AMBIGUITY,,,,,,,,,,,
span:AUTH-TAD-0316,annotation:span:AUTH-TAD-0316:r1,ANNOTATED_BY,,,,,,,,,,,
annotation:span:AUTH-TAD-0316:r1,rater:rater_1,MADE_BY,,,,,,,,,,,
span:AUTH-TAD-0316,annotation:span:AUTH-TAD-0316:r2,ANNOTATED_BY,,,,,,,,,,,
annotation:span:AUTH-TAD-0316:r2,rater:rater_2,MADE_BY,,,,,,,,,,,
span:AUTH-TAD-0316,annotation:span:AUTH-TAD-0316:r3,ANNOTATED_BY,,,,,,,,,,,
annotation:span:AUTH-TAD-0316:r3,rater:rater_3,MADE_BY,,,,,,,,,,,
span:AUTH-TAD-0316,cue:BEFORE_PREDICATE,TRIGGERS_CUE,,,,,,,,,,,
span:AUTH-TAD-0316,cue:EVENT_TIME,TRIGGERS_CUE,,,,,,,,,,,
span:AUTH-TAD-0316,cue:TIME_NOUN,TRIGGERS_CUE,,,,,,,,,,,
span:AUTH-TAD-0316,rule:R_TEMP_ADV_01,MATCHES_RULE,,,,,,,,1.0,TEMPORAL_ADVERBIAL,90.0,true
span:AUTH-TAD-0316,rule:R_TEMP_ADV_02,MATCHES_RULE,,,,,,,,2.0,TEMPORAL_ADVERBIAL,88.0,true
span:AUTH-TAD-0316,rule:R_TEMP_KG_ADV_02,MATCHES_RULE,,,,,,,,3.0,TEMPORAL_ADVERBIAL,72.0,true
sentence:SENT-0068,source:GRAMMAR_MANUAL_INTERMEDIATE,DERIVED_FROM,,,,,66,自开业以来，这个饭馆的生意每天都很好,,,,,
sentence:SENT-0068,span:AUTH-TAD-0317,HAS_CANDIDATE,,,,,,,,,,,
span:AUTH-TAD-0317,consensus:AUTH-TAD-0317,HAS_CONSENSUS,,,,,,,,,,,
consensus:AUTH-TAD-0317,function:TEMPORAL_ADVERBIAL,MAPS_TO,,,,,,,,,,,
span:AUTH-TAD-0317,cleaning:B_边界复核集,HAS_CLEANING_STATUS,,,,,,,边界集/鲁棒性分析,,,,
span:AUTH-TAD-0317,ambiguity:相对时间框架边界,HAS_AMBIGUITY,,,,,,,,,,,
span:AUTH-TAD-0317,ambiguity:无重复,HAS_AMBIGUITY,,,,,,,,,,,
span:AUTH-TAD-0317,ambiguity:来源字段完整但仍需正版逐页核验,HAS_AMBIGUITY,,,,,,,,,,,
span:AUTH-TAD-0317,annotation:span:AUTH-TAD-0317:r1,ANNOTATED_BY,,,,,,,,,,,
annotation:span:AUTH-TAD-0317:r1,rater:rater_1,MADE_BY,,,,,,,,,,,
span:AUTH-TAD-0317,annotation:span:AUTH-TAD-0317:r2,ANNOTATED_BY,,,,,,,,,,,
annotation:span:AUTH-TAD-0317:r2,rater:rater_2,MADE_BY,,,,,,,,,,,
span:AUTH-TAD-0317,annotation:span:AUTH-TAD-0317:r3,ANNOTATED_BY,,,,,,,,,,,
annotation:span:AUTH-TAD-0317:r3,rater:rater_3,MADE_BY,,,,,,,,,,,
span:AUTH-TAD-0317,cue:BEFORE_PREDICATE,TRIGGERS_CUE,,,,,,,,,,,
span:AUTH-TAD-0317,cue:EVENT_TIME,TRIGGERS_CUE,,,,,,,,,,,
span:AUTH-TAD-0317,cue:SENTENCE_INITIAL,TRIGGERS_CUE,,,,,,,,,,,
span:AUTH-TAD-0317,cue:TEMPORAL_PREP,TRIGGERS_CUE,,,,,,,,,,,
span:AUTH-TAD-0317,cue:TIME_NOUN,TRIGGERS_CUE,,,,,,,,,,,
span:AUTH-TAD-0317,rule:R_TEMP_ADV_01,MATCHES_RULE,,,,,,,,1.0,TEMPORAL_ADVERBIAL,90.0,true
span:AUTH-TAD-0317,rule:R_TEMP_ADV_02,MATCHES_RULE,,,,,,,,2.0,TEMPORAL_ADVERBIAL,88.0,true
span:AUTH-TAD-0317,rule:R_TEMP_ADV_07,MATCHES_RULE,,,,,,,,3.0,TEMPORAL_ADVERBIAL,80.0,true
span:AUTH-TAD-0317,rule:R_TEMP_KG_ADV_02,MATCHES_RULE,,,,,,,,4.0,TEMPORAL_ADVERBIAL,72.0,true
sentence:SENT-0347,source:GRAMMAR_MANUAL_ELEMENTARY,DERIVED_FROM,,,,,365,语义及用法 表示A在进行某个动作时，在性状、程度、时间等方面与B相差的具体数量,,,,,
sentence:SENT-0347,span:AUTH-TAD-0318,HAS_CANDIDATE,,,,,,,,,,,
span:AUTH-TAD-0318,consensus:AUTH-TAD-0318,HAS_CONSENSUS,,,,,,,,,,,
consensus:AUTH-TAD-0318,function:COMPLEMENT,MAPS_TO,,,,,,,,,,,
span:AUTH-TAD-0318,cleaning:C_暂不纳入主实验,HAS_CLEANING_STATUS,,,,,,,待复核,,,,
span:AUTH-TAD-0318,ambiguity:时量补语_持续时间边界,HAS_AMBIGUITY,,,,,,,,,,,
span:AUTH-TAD-0318,ambiguity:三人标注不完全一致,HAS_AMBIGUITY,,,,,,,,,,,
span:AUTH-TAD-0318,ambiguity:至少一名标注者修正片段,HAS_AMBIGUITY,,,,,,,,,,,
span:AUTH-TAD-0318,ambiguity:无重复,HAS_AMBIGUITY,,,,,,,,,,,
span:AUTH-TAD-0318,ambiguity:来源字段完整但仍需正版逐页核验,HAS_AMBIGUITY,,,,,,,,,,,
span:AUTH-TAD-0318,annotation:span:AUTH-TAD-0318:r1,ANNOTATED_BY,,,,,,,,,,,
annotation:span:AUTH-TAD-0318:r1,rater:rater_1,MADE_BY,,,,,,,,,,,
span:AUTH-TAD-0318,annotation:span:AUTH-TAD-0318:r2,ANNOTATED_BY,,,,,,,,,,,
annotation:span:AUTH-TAD-0318:r2,rater:rater_2,MADE_BY,,,,,,,,,,,
span:AUTH-TAD-0318,annotation:span:AUTH-TAD-0318:r3,ANNOTATED_BY,,,,,,,,,,,
annotation:span:AUTH-TAD-0318:r3,rater:rater_3,MADE_BY,,,,,,,,,,,
span:AUTH-TAD-0318,cue:BEFORE_PREDICATE,TRIGGERS_CUE,,,,,,,,,,,
span:AUTH-TAD-0318,cue:EVENT_TIME,TRIGGERS_CUE,,,,,,,,,,,
span:AUTH-TAD-0318,cue:TIME_DURATION,TRIGGERS_CUE,,,,,,,,,,,
sentence:SENT-0146,source:GRAMMAR_MANUAL_ADVANCED,DERIVED_FROM,,,,,33,重复副词“再度”一般用在主语后、动词性成分前，作状语,,,,,
sentence:SENT-0146,span:AUTH-TAD-0319,HAS_CANDIDATE,,,,,,,,,,,
span:AUTH-TAD-0319,consensus:AUTH-TAD-0319,HAS_CONSENSUS,,,,,,,,,,,
consensus:AUTH-TAD-0319,function:TEMPORAL_ADVERBIAL,MAPS_TO,,,,,,,,,,,
span:AUTH-TAD-0319,cleaning:A_主评测候选,HAS_CLEANING_STATUS,,,,,,,主实验/严格评测,,,,
span:AUTH-TAD-0319,ambiguity:无重复,HAS_AMBIGUITY,,,,,,,,,,,
span:AUTH-TAD-0319,ambiguity:来源字段完整但仍需正版逐页核验,HAS_AMBIGUITY,,,,,,,,,,,
span:AUTH-TAD-0319,annotation:span:AUTH-TAD-0319:r1,ANNOTATED_BY,,,,,,,,,,,
annotation:span:AUTH-TAD-0319:r1,rater:rater_1,MADE_BY,,,,,,,,,,,
span:AUTH-TAD-0319,annotation:span:AUTH-TAD-0319:r2,ANNOTATED_BY,,,,,,,,,,,
annotation:span:AUTH-TAD-0319:r2,rater:rater_2,MADE_BY,,,,,,,,,,,
span:AUTH-TAD-0319,annotation:span:AUTH-TAD-0319:r3,ANNOTATED_BY,,,,,,,,,,,
annotation:span:AUTH-TAD-0319:r3,rater:rater_3,MADE_BY,,,,,,,,,,,
span:AUTH-TAD-0319,cue:BEFORE_PREDICATE,TRIGGERS_CUE,,,,,,,,,,,
span:AUTH-TAD-0319,cue:EVENT_TIME,TRIGGERS_CUE,,,,,,,,,,,
span:AUTH-TAD-0319,cue:TIME_NOUN,TRIGGERS_CUE,,,,,,,,,,,
span:AUTH-TAD-0319,rule:R_TEMP_ADV_01,MATCHES_RULE,,,,,,,,1.0,TEMPORAL_ADVERBIAL,90.0,true
span:AUTH-TAD-0319,rule:R_TEMP_ADV_02,MATCHES_RULE,,,,,,,,2.0,TEMPORAL_ADVERBIAL,88.0,true
span:AUTH-TAD-0319,rule:R_TEMP_KG_ADV_02,MATCHES_RULE,,,,,,,,3.0,TEMPORAL_ADVERBIAL,72.0,true
sentence:SENT-0378,source:GRAMMAR_MANUAL_INTERMEDIATE,DERIVED_FROM,,,,,153,这孩子 已经不怕水了，但 仍旧 不 喜欢游泳,,,,,
sentence:SENT-0378,span:AUTH-TAD-0320,HAS_CANDIDATE,,,,,,,,,,,
span:AUTH-TAD-0320,consensus:AUTH-TAD-0320,HAS_CONSENSUS,,,,,,,,,,,
consensus:AUTH-TAD-0320,function:TEMPORAL_ADVERBIAL,MAPS_TO,,,,,,,,,,,
span:AUTH-TAD-0320,cleaning:B_边界复核集,HAS_CLEANING_STATUS,,,,,,,边界集/鲁棒性分析,,,,
span:AUTH-TAD-0320,ambiguity:相对时间框架边界,HAS_AMBIGUITY,,,,,,,,,,,
span:AUTH-TAD-0320,ambiguity:无重复,HAS_AMBIGUITY,,,,,,,,,,,
span:AUTH-TAD-0320,ambiguity:来源字段完整但仍需正版逐页核验,HAS_AMBIGUITY,,,,,,,,,,,
span:AUTH-TAD-0320,annotation:span:AUTH-TAD-0320:r1,ANNOTATED_BY,,,,,,,,,,,
annotation:span:AUTH-TAD-0320:r1,rater:rater_1,MADE_BY,,,,,,,,,,,
span:AUTH-TAD-0320,annotation:span:AUTH-TAD-0320:r2,ANNOTATED_BY,,,,,,,,,,,
annotation:span:AUTH-TAD-0320:r2,rater:rater_2,MADE_BY,,,,,,,,,,,
span:AUTH-TAD-0320,annotation:span:AUTH-TAD-0320:r3,ANNOTATED_BY,,,,,,,,,,,
annotation:span:AUTH-TAD-0320:r3,rater:rater_3,MADE_BY,,,,,,,,,,,
span:AUTH-TAD-0320,cue:BEFORE_PREDICATE,TRIGGERS_CUE,,,,,,,,,,,
span:AUTH-TAD-0320,cue:EVENT_TIME,TRIGGERS_CUE,,,,,,,,,,,
span:AUTH-TAD-0320,cue:NO_TEMPORAL_EXPRESSION,TRIGGERS_CUE,,,,,,,,,,,
span:AUTH-TAD-0320,cue:SENTENCE_INITIAL,TRIGGERS_CUE,,,,,,,,,,,
span:AUTH-TAD-0320,cue:TIME_AFTER_BEFORE,TRIGGERS_CUE,,,,,,,,,,,
span:AUTH-TAD-0320,rule:R_TEMP_ADV_05,MATCHES_RULE,,,,,,,,1.0,TEMPORAL_ADVERBIAL,83.0,true
sentence:SENT-0305,source:GRAMMAR_MANUAL_INTERMEDIATE,DERIVED_FROM,,,,,269,考完试以后，同学们的心情异常轻松,,,,,
sentence:SENT-0305,span:AUTH-TAD-0321,HAS_CANDIDATE,,,,,,,,,,,
span:AUTH-TAD-0321,consensus:AUTH-TAD-0321,HAS_CONSENSUS,,,,,,,,,,,
consensus:AUTH-TAD-0321,function:TEMPORAL_ADVERBIAL,MAPS_TO,,,,,,,,,,,
span:AUTH-TAD-0321,cleaning:A_主评测候选,HAS_CLEANING_STATUS,,,,,,,主实验/严格评测,,,,
span:AUTH-TAD-0321,ambiguity:无重复,HAS_AMBIGUITY,,,,,,,,,,,
span:AUTH-TAD-0321,ambiguity:来源字段完整但仍需正版逐页核验,HAS_AMBIGUITY,,,,,,,,,,,
span:AUTH-TAD-0321,annotation:span:AUTH-TAD-0321:r1,ANNOTATED_BY,,,,,,,,,,,
annotation:span:AUTH-TAD-0321:r1,rater:rater_1,MADE_BY,,,,,,,,,,,
span:AUTH-TAD-0321,annotation:span:AUTH-TAD-0321:r2,ANNOTATED_BY,,,,,,,,,,,
annotation:span:AUTH-TAD-0321:r2,rater:rater_2,MADE_BY,,,,,,,,,,,
span:AUTH-TAD-0321,annotation:span:AUTH-TAD-0321:r3,ANNOTATED_BY,,,,,,,,,,,
annotation:span:AUTH-TAD-0321:r3,rater:rater_3,MADE_BY,,,,,,,,,,,
span:AUTH-TAD-0321,cue:TIME_ADVERB,TRIGGERS_CUE,,,,,,,,,,,
span:AUTH-TAD-0321,cue:TIME_NOUN,TRIGGERS_CUE,,,,,,,,,,,
span:AUTH-TAD-0321,cue:TIME_POINT,TRIGGERS_CUE,,,,,,,,,,,
span:AUTH-TAD-0321,rule:R_TEMP_KG_ADV_02,MATCHES_RULE,,,,,,,,1.0,TEMPORAL_ADVERBIAL,72.0,true
sentence:SENT-0016,source:GRAMMAR_MANUAL_ADVANCED,DERIVED_FROM,,,,,199,X经常是含有疑问代词的词语，如“怎么、怎么搞、,,,,,
sentence:SENT-0016,span:AUTH-TAD-0322,HAS_CANDIDATE,,,,,,,,,,,
span:AUTH-TAD-0322,consensus:AUTH-TAD-0322,HAS_CONSENSUS,,,,,,,,,,,
consensus:AUTH-TAD-0322,function:TEMPORAL_ADVERBIAL,MAPS_TO,,,,,,,,,,,
span:AUTH-TAD-0322,cleaning:C_暂不纳入主实验,HAS_CLEANING_STATUS,,,,,,,待复核,,,,
span:AUTH-TAD-0322,ambiguity:三人标注不完全一致,HAS_AMBIGUITY,,,,,,,,,,,
span:AUTH-TAD-0322,ambiguity:至少一名标注者修正片段,HAS_AMBIGUITY,,,,,,,,,,,
span:AUTH-TAD-0322,ambiguity:无重复,HAS_AMBIGUITY,,,,,,,,,,,
span:AUTH-TAD-0322,ambiguity:来源字段完整但仍需正版逐页核验,HAS_AMBIGUITY,,,,,,,,,,,
span:AUTH-TAD-0322,annotation:span:AUTH-TAD-0322:r1,ANNOTATED_BY,,,,,,,,,,,
annotation:span:AUTH-TAD-0322:r1,rater:rater_1,MADE_BY,,,,,,,,,,,
span:AUTH-TAD-0322,annotation:span:AUTH-TAD-0322:r2,ANNOTATED_BY,,,,,,,,,,,
annotation:span:AUTH-TAD-0322:r2,rater:rater_2,MADE_BY,,,,,,,,,,,
span:AUTH-TAD-0322,annotation:span:AUTH-TAD-0322:r3,ANNOTATED_BY,,,,,,,,,,,
annotation:span:AUTH-TAD-0322:r3,rater:rater_3,MADE_BY,,,,,,,,,,,
span:AUTH-TAD-0322,cue:BEFORE_PREDICATE,TRIGGERS_CUE,,,,,,,,,,,
span:AUTH-TAD-0322,cue:EVENT_TIME,TRIGGERS_CUE,,,,,,,,,,,
span:AUTH-TAD-0322,cue:TIME_ADVERB,TRIGGERS_CUE,,,,,,,,,,,
span:AUTH-TAD-0322,cue:TIME_NOUN,TRIGGERS_CUE,,,,,,,,,,,
span:AUTH-TAD-0322,cue:TIME_POINT,TRIGGERS_CUE,,,,,,,,,,,
span:AUTH-TAD-0322,rule:R_TEMP_ADV_01,MATCHES_RULE,,,,,,,,1.0,TEMPORAL_ADVERBIAL,90.0,true
span:AUTH-TAD-0322,rule:R_TEMP_ADV_02,MATCHES_RULE,,,,,,,,2.0,TEMPORAL_ADVERBIAL,88.0,true
span:AUTH-TAD-0322,rule:R_TEMP_ADV_19,MATCHES_RULE,,,,,,,,3.0,TEMPORAL_ADVERBIAL,84.0,true
span:AUTH-TAD-0322,rule:R_TEMP_ADV_08,MATCHES_RULE,,,,,,,,4.0,TEMPORAL_ADVERBIAL,78.0,true
span:AUTH-TAD-0322,rule:R_TEMP_ADV_10,MATCHES_RULE,,,,,,,,5.0,TEMPORAL_ADVERBIAL,75.0,true
sentence:SENT-0106,source:GRAMMAR_MANUAL_INTERMEDIATE,DERIVED_FROM,,,,,188,他正在写毕业论文，不管电视也好，电影也好，都没时间看,,,,,
sentence:SENT-0106,span:AUTH-TAD-0323,HAS_CANDIDATE,,,,,,,,,,,
span:AUTH-TAD-0323,consensus:AUTH-TAD-0323,HAS_CONSENSUS,,,,,,,,,,,
consensus:AUTH-TAD-0323,function:TEMPORAL_ADVERBIAL,MAPS_TO,,,,,,,,,,,
span:AUTH-TAD-0323,cleaning:B_边界复核集,HAS_CLEANING_STATUS,,,,,,,边界集/鲁棒性分析,,,,
span:AUTH-TAD-0323,ambiguity:时间副词_体貌副词边界,HAS_AMBIGUITY,,,,,,,,,,,
span:AUTH-TAD-0323,ambiguity:无重复,HAS_AMBIGUITY,,,,,,,,,,,
span:AUTH-TAD-0323,ambiguity:来源字段完整但仍需正版逐页核验,HAS_AMBIGUITY,,,,,,,,,,,
span:AUTH-TAD-0323,annotation:span:AUTH-TAD-0323:r1,ANNOTATED_BY,,,,,,,,,,,
annotation:span:AUTH-TAD-0323:r1,rater:rater_1,MADE_BY,,,,,,,,,,,
span:AUTH-TAD-0323,annotation:span:AUTH-TAD-0323:r2,ANNOTATED_BY,,,,,,,,,,,
annotation:span:AUTH-TAD-0323:r2,rater:rater_2,MADE_BY,,,,,,,,,,,
span:AUTH-TAD-0323,annotation:span:AUTH-TAD-0323:r3,ANNOTATED_BY,,,,,,,,,,,
annotation:span:AUTH-TAD-0323:r3,rater:rater_3,MADE_BY,,,,,,,,,,,
span:AUTH-TAD-0323,cue:BEFORE_PREDICATE,TRIGGERS_CUE,,,,,,,,,,,
span:AUTH-TAD-0323,cue:EVENT_TIME,TRIGGERS_CUE,,,,,,,,,,,
span:AUTH-TAD-0323,cue:NO_TEMPORAL_EXPRESSION,TRIGGERS_CUE,,,,,,,,,,,
span:AUTH-TAD-0323,cue:TIME_ADVERB,TRIGGERS_CUE,,,,,,,,,,,
span:AUTH-TAD-0323,rule:R_TEMP_ADV_19,MATCHES_RULE,,,,,,,,1.0,TEMPORAL_ADVERBIAL,84.0,true
span:AUTH-TAD-0323,rule:R_TEMP_ADV_08,MATCHES_RULE,,,,,,,,2.0,TEMPORAL_ADVERBIAL,78.0,true
sentence:SENT-0202,source:GRAMMAR_MANUAL_INTERMEDIATE,DERIVED_FROM,,,,,52,乐，每天开心! 交际实践 你爱唱歌，我爱运动，他,,,,,
sentence:SENT-0202,span:AUTH-TAD-0324,HAS_CANDIDATE,,,,,,,,,,,
span:AUTH-TAD-0324,consensus:AUTH-TAD-0324,HAS_CONSENSUS,,,,,,,,,,,
consensus:AUTH-TAD-0324,function:ATTRIBUTE,MAPS_TO,,,,,,,,,,,
span:AUTH-TAD-0324,cleaning:B_边界复核集,HAS_CLEANING_STATUS,,,,,,,边界集/鲁棒性分析,,,,
span:AUTH-TAD-0324,ambiguity:可能为时间定语,HAS_AMBIGUITY,,,,,,,,,,,
span:AUTH-TAD-0324,ambiguity:无重复,HAS_AMBIGUITY,,,,,,,,,,,
span:AUTH-TAD-0324,ambiguity:来源字段完整但仍需正版逐页核验,HAS_AMBIGUITY,,,,,,,,,,,
span:AUTH-TAD-0324,annotation:span:AUTH-TAD-0324:r1,ANNOTATED_BY,,,,,,,,,,,
annotation:span:AUTH-TAD-0324:r1,rater:rater_1,MADE_BY,,,,,,,,,,,
span:AUTH-TAD-0324,annotation:span:AUTH-TAD-0324:r2,ANNOTATED_BY,,,,,,,,,,,
annotation:span:AUTH-TAD-0324:r2,rater:rater_2,MADE_BY,,,,,,,,,,,
span:AUTH-TAD-0324,annotation:span:AUTH-TAD-0324:r3,ANNOTATED_BY,,,,,,,,,,,
annotation:span:AUTH-TAD-0324:r3,rater:rater_3,MADE_BY,,,,,,,,,,,
span:AUTH-TAD-0324,cue:ATTR_DE_DIRECT,TRIGGERS_CUE,,,,,,,,,,,
span:AUTH-TAD-0324,cue:ATTR_NOMINAL_DIRECT,TRIGGERS_CUE,,,,,,,,,,,
span:AUTH-TAD-0324,cue:DE_PARTICLE,TRIGGERS_CUE,,,,,,,,,,,
span:AUTH-TAD-0324,cue:NOMINAL_HEAD,TRIGGERS_CUE,,,,,,,,,,,
span:AUTH-TAD-0324,cue:STATIVE_PREDICATE,TRIGGERS_CUE,,,,,,,,,,,
span:AUTH-TAD-0324,cue:TIME_ADVERB,TRIGGERS_CUE,,,,,,,,,,,
span:AUTH-TAD-0324,cue:TIME_NOUN,TRIGGERS_CUE,,,,,,,,,,,
span:AUTH-TAD-0324,cue:TIME_POINT,TRIGGERS_CUE,,,,,,,,,,,
span:AUTH-TAD-0324,rule:R_TEMP_KG_ATTR_01,MATCHES_RULE,,,,,,,,1.0,ATTRIBUTE,128.0,true
span:AUTH-TAD-0324,rule:R_TEMP_KG_ATTR_02,MATCHES_RULE,,,,,,,,2.0,ATTRIBUTE,126.0,true
span:AUTH-TAD-0324,rule:R_TEMP_ATTR_01,MATCHES_RULE,,,,,,,,3.0,ATTRIBUTE,95.0,true
span:AUTH-TAD-0324,rule:R_TEMP_ATTR_03,MATCHES_RULE,,,,,,,,4.0,ATTRIBUTE,88.0,true
span:AUTH-TAD-0324,rule:R_TEMP_ATTR_04,MATCHES_RULE,,,,,,,,5.0,ATTRIBUTE,74.0,true
sentence:SENT-0355,source:GRAMMAR_MANUAL_ELEMENTARY,DERIVED_FROM,,,,,121,,,,,,
sentence:SENT-0355,span:AUTH-TAD-0325,HAS_CANDIDATE,,,,,,,,,,,
span:AUTH-TAD-0325,consensus:AUTH-TAD-0325,HAS_CONSENSUS,,,,,,,,,,,
consensus:AUTH-TAD-0325,function:ATTRIBUTE,MAPS_TO,,,,,,,,,,,
span:AUTH-TAD-0325,cleaning:B_边界复核集,HAS_CLEANING_STATUS,,,,,,,边界集/鲁棒性分析,,,,
span:AUTH-TAD-0325,ambiguity:页面线索缺失,HAS_AMBIGUITY,,,,,,,,,,,
span:AUTH-TAD-0325,ambiguity:可能为时间定语,HAS_AMBIGUITY,,,,,,,,,,,
span:AUTH-TAD-0325,ambiguity:无重复,HAS_AMBIGUITY,,,,,,,,,,,
span:AUTH-TAD-0325,annotation:span:AUTH-TAD-0325:r1,ANNOTATED_BY,,,,,,,,,,,
annotation:span:AUTH-TAD-0325:r1,rater:rater_1,MADE_BY,,,,,,,,,,,
span:AUTH-TAD-0325,annotation:span:AUTH-TAD-0325:r2,ANNOTATED_BY,,,,,,,,,,,
annotation:span:AUTH-TAD-0325:r2,rater:rater_2,MADE_BY,,,,,,,,,,,
span:AUTH-TAD-0325,annotation:span:AUTH-TAD-0325:r3,ANNOTATED_BY,,,,,,,,,,,
annotation:span:AUTH-TAD-0325:r3,rater:rater_3,MADE_BY,,,,,,,,,,,
span:AUTH-TAD-0325,cue:ATTR_DE_DIRECT,TRIGGERS_CUE,,,,,,,,,,,
span:AUTH-TAD-0325,cue:ATTR_NOMINAL_DIRECT,TRIGGERS_CUE,,,,,,,,,,,
span:AUTH-TAD-0325,cue:DE_PARTICLE,TRIGGERS_CUE,,,,,,,,,,,
span:AUTH-TAD-0325,cue:NOMINAL_HEAD,TRIGGERS_CUE,,,,,,,,,,,
span:AUTH-TAD-0325,cue:SENTENCE_INITIAL,TRIGGERS_CUE,,,,,,,,,,,
span:AUTH-TAD-0325,cue:TIME_NOUN,TRIGGERS_CUE,,,,,,,,,,,
span:AUTH-TAD-0325,rule:R_TEMP_KG_ATTR_01,MATCHES_RULE,,,,,,,,1.0,ATTRIBUTE,128.0,true
span:AUTH-TAD-0325,rule:R_TEMP_KG_ATTR_02,MATCHES_RULE,,,,,,,,2.0,ATTRIBUTE,126.0,true
span:AUTH-TAD-0325,rule:R_TEMP_ATTR_01,MATCHES_RULE,,,,,,,,3.0,ATTRIBUTE,95.0,true
span:AUTH-TAD-0325,rule:R_TEMP_ATTR_03,MATCHES_RULE,,,,,,,,4.0,ATTRIBUTE,88.0,true
span:AUTH-TAD-0325,rule:R_TEMP_KG_ADV_02,MATCHES_RULE,,,,,,,,5.0,TEMPORAL_ADVERBIAL,72.0,false
sentence:SENT-0296,source:GRAMMAR_MANUAL_ELEMENTARY,DERIVED_FROM,,,,,58,平等级标准·语法学习手册(初等) (2)“在、正、正在”不能和“了”连用,,,,,
sentence:SENT-0296,span:AUTH-TAD-0326,HAS_CANDIDATE,,,,,,,,,,,
span:AUTH-TAD-0326,consensus:AUTH-TAD-0326,HAS_CONSENSUS,,,,,,,,,,,
consensus:AUTH-TAD-0326,function:TEMPORAL_ADVERBIAL,MAPS_TO,,,,,,,,,,,
span:AUTH-TAD-0326,cleaning:B_边界复核集,HAS_CLEANING_STATUS,,,,,,,边界集/鲁棒性分析,,,,
span:AUTH-TAD-0326,ambiguity:时间副词_体貌副词边界,HAS_AMBIGUITY,,,,,,,,,,,
span:AUTH-TAD-0326,ambiguity:无重复,HAS_AMBIGUITY,,,,,,,,,,,
span:AUTH-TAD-0326,ambiguity:来源字段完整但仍需正版逐页核验,HAS_AMBIGUITY,,,,,,,,,,,
span:AUTH-TAD-0326,annotation:span:AUTH-TAD-0326:r1,ANNOTATED_BY,,,,,,,,,,,
annotation:span:AUTH-TAD-0326:r1,rater:rater_1,MADE_BY,,,,,,,,,,,
span:AUTH-TAD-0326,annotation:span:AUTH-TAD-0326:r2,ANNOTATED_BY,,,,,,,,,,,
annotation:span:AUTH-TAD-0326:r2,rater:rater_2,MADE_BY,,,,,,,,,,,
span:AUTH-TAD-0326,annotation:span:AUTH-TAD-0326:r3,ANNOTATED_BY,,,,,,,,,,,
annotation:span:AUTH-TAD-0326:r3,rater:rater_3,MADE_BY,,,,,,,,,,,
span:AUTH-TAD-0326,cue:BEFORE_PREDICATE,TRIGGERS_CUE,,,,,,,,,,,
span:AUTH-TAD-0326,cue:EVENT_TIME,TRIGGERS_CUE,,,,,,,,,,,
span:AUTH-TAD-0326,cue:TIME_FREQUENCY,TRIGGERS_CUE,,,,,,,,,,,
span:AUTH-TAD-0326,rule:R_TEMP_ADV_04,MATCHES_RULE,,,,,,,,1.0,TEMPORAL_ADVERBIAL,84.0,true
span:AUTH-TAD-0326,rule:R_TEMP_KG_ADV_01,MATCHES_RULE,,,,,,,,2.0,TEMPORAL_ADVERBIAL,79.0,true
sentence:SENT-0213,source:GRAMMAR_MANUAL_INTERMEDIATE,DERIVED_FROM,,,,,56,(在家) (在医院) (在商场) 爸爸：儿子上大学以后， 医生：你天天大吃大 A:我觉得这件红,,,,,
sentence:SENT-0213,span:AUTH-TAD-0327,HAS_CANDIDATE,,,,,,,,,,,
span:AUTH-TAD-0327,consensus:AUTH-TAD-0327,HAS_CONSENSUS,,,,,,,,,,,
consensus:AUTH-TAD-0327,function:TEMPORAL_ADVERBIAL,MAPS_TO,,,,,,,,,,,
span:AUTH-TAD-0327,cleaning:B_边界复核集,HAS_CLEANING_STATUS,,,,,,,边界集/鲁棒性分析,,,,
span:AUTH-TAD-0327,ambiguity:时间副词_体貌副词边界,HAS_AMBIGUITY,,,,,,,,,,,
span:AUTH-TAD-0327,ambiguity:时间主语_普通时间词边界,HAS_AMBIGUITY,,,,,,,,,,,
span:AUTH-TAD-0327,ambiguity:无重复,HAS_AMBIGUITY,,,,,,,,,,,
span:AUTH-TAD-0327,ambiguity:来源字段完整但仍需正版逐页核验,HAS_AMBIGUITY,,,,,,,,,,,
span:AUTH-TAD-0327,annotation:span:AUTH-TAD-0327:r1,ANNOTATED_BY,,,,,,,,,,,
annotation:span:AUTH-TAD-0327:r1,rater:rater_1,MADE_BY,,,,,,,,,,,
span:AUTH-TAD-0327,annotation:span:AUTH-TAD-0327:r2,ANNOTATED_BY,,,,,,,,,,,
annotation:span:AUTH-TAD-0327:r2,rater:rater_2,MADE_BY,,,,,,,,,,,
span:AUTH-TAD-0327,annotation:span:AUTH-TAD-0327:r3,ANNOTATED_BY,,,,,,,,,,,
annotation:span:AUTH-TAD-0327:r3,rater:rater_3,MADE_BY,,,,,,,,,,,
span:AUTH-TAD-0327,cue:TIME_FREQUENCY,TRIGGERS_CUE,,,,,,,,,,,
span:AUTH-TAD-0327,rule:R_TEMP_KG_ADV_01,MATCHES_RULE,,,,,,,,1.0,TEMPORAL_ADVERBIAL,79.0,true
sentence:SENT-0170,span:AUTH-TAD-0328,HAS_CANDIDATE,,,,,,,,,,,
span:AUTH-TAD-0328,consensus:AUTH-TAD-0328,HAS_CONSENSUS,,,,,,,,,,,
consensus:AUTH-TAD-0328,function:OTHER,MAPS_TO,,,,,,,,,,,
span:AUTH-TAD-0328,cleaning:C_暂不纳入主实验,HAS_CLEANING_STATUS,,,,,,,待复核,,,,
span:AUTH-TAD-0328,ambiguity:原表已建议复核_剔除,HAS_AMBIGUITY,,,,,,,,,,,
span:AUTH-TAD-0328,ambiguity:可能为时间定语,HAS_AMBIGUITY,,,,,,,,,,,
span:AUTH-TAD-0328,ambiguity:非目标时间表达,HAS_AMBIGUITY,,,,,,,,,,,
span:AUTH-TAD-0328,ambiguity:三人标注不完全一致,HAS_AMBIGUITY,,,,,,,,,,,
span:AUTH-TAD-0328,ambiguity:至少一名标注者修正片段,HAS_AMBIGUITY,,,,,,,,,,,
span:AUTH-TAD-0328,ambiguity:同句多候选_重复句,HAS_AMBIGUITY,,,,,,,,,,,
span:AUTH-TAD-0328,ambiguity:来源字段完整但仍需正版逐页核验,HAS_AMBIGUITY,,,,,,,,,,,
span:AUTH-TAD-0328,annotation:span:AUTH-TAD-0328:r1,ANNOTATED_BY,,,,,,,,,,,
annotation:span:AUTH-TAD-0328:r1,rater:rater_1,MADE_BY,,,,,,,,,,,
span:AUTH-TAD-0328,annotation:span:AUTH-TAD-0328:r2,ANNOTATED_BY,,,,,,,,,,,
annotation:span:AUTH-TAD-0328:r2,rater:rater_2,MADE_BY,,,,,,,,,,,
span:AUTH-TAD-0328,annotation:span:AUTH-TAD-0328:r3,ANNOTATED_BY,,,,,,,,,,,
annotation:span:AUTH-TAD-0328:r3,rater:rater_3,MADE_BY,,,,,,,,,,,
span:AUTH-TAD-0328,cue:ATTR_DE_DIRECT,TRIGGERS_CUE,,,,,,,,,,,
span:AUTH-TAD-0328,cue:DE_PARTICLE,TRIGGERS_CUE,,,,,,,,,,,
span:AUTH-TAD-0328,cue:REVIEW_NON_TARGET_RISK,TRIGGERS_CUE,,,,,,,,,,,
span:AUTH-TAD-0328,cue:TIME_NOUN,TRIGGERS_CUE,,,,,,,,,,,
span:AUTH-TAD-0328,rule:R_TEMP_KG_OTHER_01,MATCHES_RULE,,,,,,,,1.0,OTHER,130.0,true
span:AUTH-TAD-0328,rule:R_TEMP_KG_ATTR_01,MATCHES_RULE,,,,,,,,2.0,ATTRIBUTE,128.0,false
span:AUTH-TAD-0328,rule:R_TEMP_KG_ADV_02,MATCHES_RULE,,,,,,,,3.0,TEMPORAL_ADVERBIAL,72.0,false
sentence:SENT-0198,source:GRAMMAR_MANUAL_INTERMEDIATE,DERIVED_FROM,,,,,210,别紧张，你说 你的中文说得不错， 在这三年里，我把每天 下去,,,,,
sentence:SENT-0198,span:AUTH-TAD-0329,HAS_CANDIDATE,,,,,,,,,,,
span:AUTH-TAD-0329,consensus:AUTH-TAD-0329,HAS_CONSENSUS,,,,,,,,,,,
consensus:AUTH-TAD-0329,function:OTHER,MAPS_TO,,,,,,,,,,,
span:AUTH-TAD-0329,cleaning:C_暂不纳入主实验,HAS_CLEANING_STATUS,,,,,,,待复核,,,,
span:AUTH-TAD-0329,ambiguity:原表已建议复核_剔除,HAS_AMBIGUITY,,,,,,,,,,,
span:AUTH-TAD-0329,ambiguity:时量补语_持续时间边界,HAS_AMBIGUITY,,,,,,,,,,,
span:AUTH-TAD-0329,ambiguity:非目标时间表达,HAS_AMBIGUITY,,,,,,,,,,,
span:AUTH-TAD-0329,ambiguity:三人标注不完全一致,HAS_AMBIGUITY,,,,,,,,,,,
span:AUTH-TAD-0329,ambiguity:至少一名标注者修正片段,HAS_AMBIGUITY,,,,,,,,,,,
span:AUTH-TAD-0329,ambiguity:同句多候选_重复句,HAS_AMBIGUITY,,,,,,,,,,,
span:AUTH-TAD-0329,ambiguity:来源字段完整但仍需正版逐页核验,HAS_AMBIGUITY,,,,,,,,,,,
span:AUTH-TAD-0329,annotation:span:AUTH-TAD-0329:r1,ANNOTATED_BY,,,,,,,,,,,
annotation:span:AUTH-TAD-0329:r1,rater:rater_1,MADE_BY,,,,,,,,,,,
span:AUTH-TAD-0329,annotation:span:AUTH-TAD-0329:r2,ANNOTATED_BY,,,,,,,,,,,
annotation:span:AUTH-TAD-0329:r2,rater:rater_2,MADE_BY,,,,,,,,,,,
span:AUTH-TAD-0329,annotation:span:AUTH-TAD-0329:r3,ANNOTATED_BY,,,,,,,,,,,
annotation:span:AUTH-TAD-0329:r3,rater:rater_3,MADE_BY,,,,,,,,,,,
span:AUTH-TAD-0329,cue:BEFORE_PREDICATE,TRIGGERS_CUE,,,,,,,,,,,
span:AUTH-TAD-0329,cue:EVENT_TIME,TRIGGERS_CUE,,,,,,,,,,,
span:AUTH-TAD-0329,cue:REVIEW_NON_TARGET_RISK,TRIGGERS_CUE,,,,,,,,,,,
span:AUTH-TAD-0329,cue:TIME_DURATION,TRIGGERS_CUE,,,,,,,,,,,
span:AUTH-TAD-0329,rule:R_TEMP_KG_OTHER_01,MATCHES_RULE,,,,,,,,1.0,OTHER,130.0,true
sentence:SENT-0407,source:GRAMMAR_MANUAL_ADVANCED,DERIVED_FROM,,,,,104,◎ 典型例句和对话 例句 交际实践 可不是，警察都已经 (在小区门口，询问出了什么事) 来了,,,,,
sentence:SENT-0407,span:AUTH-TAD-0330,HAS_CANDIDATE,,,,,,,,,,,
span:AUTH-TAD-0330,consensus:AUTH-TAD-0330,HAS_CONSENSUS,,,,,,,,,,,
consensus:AUTH-TAD-0330,function:OTHER,MAPS_TO,,,,,,,,,,,
span:AUTH-TAD-0330,cleaning:C_暂不纳入主实验,HAS_CLEANING_STATUS,,,,,,,待复核,,,,
span:AUTH-TAD-0330,ambiguity:相对时间框架边界,HAS_AMBIGUITY,,,,,,,,,,,
span:AUTH-TAD-0330,ambiguity:候选片段与最终片段不一致,HAS_AMBIGUITY,,,,,,,,,,,
span:AUTH-TAD-0330,ambiguity:非目标时间表达,HAS_AMBIGUITY,,,,,,,,,,,
span:AUTH-TAD-0330,ambiguity:三人标注不完全一致,HAS_AMBIGUITY,,,,,,,,,,,
span:AUTH-TAD-0330,ambiguity:至少一名标注者修正片段,HAS_AMBIGUITY,,,,,,,,,,,
span:AUTH-TAD-0330,ambiguity:无重复,HAS_AMBIGUITY,,,,,,,,,,,
span:AUTH-TAD-0330,ambiguity:来源字段完整但仍需正版逐页核验,HAS_AMBIGUITY,,,,,,,,,,,
span:AUTH-TAD-0330,annotation:span:AUTH-TAD-0330:r1,ANNOTATED_BY,,,,,,,,,,,
annotation:span:AUTH-TAD-0330:r1,rater:rater_1,MADE_BY,,,,,,,,,,,
span:AUTH-TAD-0330,annotation:span:AUTH-TAD-0330:r2,ANNOTATED_BY,,,,,,,,,,,
annotation:span:AUTH-TAD-0330:r2,rater:rater_2,MADE_BY,,,,,,,,,,,
span:AUTH-TAD-0330,annotation:span:AUTH-TAD-0330:r3,ANNOTATED_BY,,,,,,,,,,,
annotation:span:AUTH-TAD-0330:r3,rater:rater_3,MADE_BY,,,,,,,,,,,
span:AUTH-TAD-0330,cue:BEFORE_PREDICATE,TRIGGERS_CUE,,,,,,,,,,,
span:AUTH-TAD-0330,cue:EVENT_TIME,TRIGGERS_CUE,,,,,,,,,,,
span:AUTH-TAD-0330,cue:NO_TEMPORAL_EXPRESSION,TRIGGERS_CUE,,,,,,,,,,,
span:AUTH-TAD-0330,cue:REVIEW_NON_TARGET_RISK,TRIGGERS_CUE,,,,,,,,,,,
span:AUTH-TAD-0330,cue:SENTENCE_INITIAL,TRIGGERS_CUE,,,,,,,,,,,
span:AUTH-TAD-0330,cue:TIME_AFTER_BEFORE,TRIGGERS_CUE,,,,,,,,,,,
span:AUTH-TAD-0330,rule:R_TEMP_KG_OTHER_01,MATCHES_RULE,,,,,,,,1.0,OTHER,130.0,true
span:AUTH-TAD-0330,rule:R_TEMP_ADV_05,MATCHES_RULE,,,,,,,,2.0,TEMPORAL_ADVERBIAL,83.0,false
sentence:SENT-0216,source:GRAMMAR_MANUAL_INTERMEDIATE,DERIVED_FROM,,,,,244,,,,,,
sentence:SENT-0216,span:AUTH-TAD-0331,HAS_CANDIDATE,,,,,,,,,,,
span:AUTH-TAD-0331,consensus:AUTH-TAD-0331,HAS_CONSENSUS,,,,,,,,,,,
consensus:AUTH-TAD-0331,function:TEMPORAL_ADVERBIAL,MAPS_TO,,,,,,,,,,,
span:AUTH-TAD-0331,cleaning:B_边界复核集,HAS_CLEANING_STATUS,,,,,,,边界集/鲁棒性分析,,,,
span:AUTH-TAD-0331,ambiguity:页面线索缺失,HAS_AMBIGUITY,,,,,,,,,,,
span:AUTH-TAD-0331,ambiguity:无重复,HAS_AMBIGUITY,,,,,,,,,,,
span:AUTH-TAD-0331,annotation:span:AUTH-TAD-0331:r1,ANNOTATED_BY,,,,,,,,,,,
annotation:span:AUTH-TAD-0331:r1,rater:rater_1,MADE_BY,,,,,,,,,,,
span:AUTH-TAD-0331,annotation:span:AUTH-TAD-0331:r2,ANNOTATED_BY,,,,,,,,,,,
annotation:span:AUTH-TAD-0331:r2,rater:rater_2,MADE_BY,,,,,,,,,,,
span:AUTH-TAD-0331,annotation:span:AUTH-TAD-0331:r3,ANNOTATED_BY,,,,,,,,,,,
annotation:span:AUTH-TAD-0331:r3,rater:rater_3,MADE_BY,,,,,,,,,,,
span:AUTH-TAD-0331,cue:BEFORE_PREDICATE,TRIGGERS_CUE,,,,,,,,,,,
span:AUTH-TAD-0331,cue:EVENT_TIME,TRIGGERS_CUE,,,,,,,,,,,
span:AUTH-TAD-0331,cue:TIME_ADVERB,TRIGGERS_CUE,,,,,,,,,,,
span:AUTH-TAD-0331,cue:TIME_NOUN,TRIGGERS_CUE,,,,,,,,,,,
span:AUTH-TAD-0331,cue:TIME_POINT,TRIGGERS_CUE,,,,,,,,,,,
span:AUTH-TAD-0331,rule:R_TEMP_ADV_01,MATCHES_RULE,,,,,,,,1.0,TEMPORAL_ADVERBIAL,90.0,true
span:AUTH-TAD-0331,rule:R_TEMP_ADV_02,MATCHES_RULE,,,,,,,,2.0,TEMPORAL_ADVERBIAL,88.0,true
span:AUTH-TAD-0331,rule:R_TEMP_ADV_19,MATCHES_RULE,,,,,,,,3.0,TEMPORAL_ADVERBIAL,84.0,true
span:AUTH-TAD-0331,rule:R_TEMP_ADV_08,MATCHES_RULE,,,,,,,,4.0,TEMPORAL_ADVERBIAL,78.0,true
span:AUTH-TAD-0331,rule:R_TEMP_ADV_10,MATCHES_RULE,,,,,,,,5.0,TEMPORAL_ADVERBIAL,75.0,true
sentence:SENT-0250,source:GRAMMAR_MANUAL_ADVANCED,DERIVED_FROM,,,,,68,B:你放心，我什么时候迟到过呀! ◎ 补充例句 幸亏你及时赶来,,,,,
sentence:SENT-0250,span:AUTH-TAD-0332,HAS_CANDIDATE,,,,,,,,,,,
span:AUTH-TAD-0332,consensus:AUTH-TAD-0332,HAS_CONSENSUS,,,,,,,,,,,
consensus:AUTH-TAD-0332,function:ATTRIBUTE,MAPS_TO,,,,,,,,,,,
span:AUTH-TAD-0332,cleaning:C_暂不纳入主实验,HAS_CLEANING_STATUS,,,,,,,待复核,,,,
span:AUTH-TAD-0332,ambiguity:可能为时间定语,HAS_AMBIGUITY,,,,,,,,,,,
span:AUTH-TAD-0332,ambiguity:时量补语_持续时间边界,HAS_AMBIGUITY,,,,,,,,,,,
span:AUTH-TAD-0332,ambiguity:三人标注不完全一致,HAS_AMBIGUITY,,,,,,,,,,,
span:AUTH-TAD-0332,ambiguity:至少一名标注者修正片段,HAS_AMBIGUITY,,,,,,,,,,,
span:AUTH-TAD-0332,ambiguity:无重复,HAS_AMBIGUITY,,,,,,,,,,,
span:AUTH-TAD-0332,ambiguity:来源字段完整但仍需正版逐页核验,HAS_AMBIGUITY,,,,,,,,,,,
span:AUTH-TAD-0332,annotation:span:AUTH-TAD-0332:r1,ANNOTATED_BY,,,,,,,,,,,
annotation:span:AUTH-TAD-0332:r1,rater:rater_1,MADE_BY,,,,,,,,,,,
span:AUTH-TAD-0332,annotation:span:AUTH-TAD-0332:r2,ANNOTATED_BY,,,,,,,,,,,
annotation:span:AUTH-TAD-0332:r2,rater:rater_2,MADE_BY,,,,,,,,,,,
span:AUTH-TAD-0332,annotation:span:AUTH-TAD-0332:r3,ANNOTATED_BY,,,,,,,,,,,
annotation:span:AUTH-TAD-0332:r3,rater:rater_3,MADE_BY,,,,,,,,,,,
span:AUTH-TAD-0332,cue:ATTR_DE_DIRECT,TRIGGERS_CUE,,,,,,,,,,,
span:AUTH-TAD-0332,cue:DE_PARTICLE,TRIGGERS_CUE,,,,,,,,,,,
span:AUTH-TAD-0332,cue:NO_TEMPORAL_EXPRESSION,TRIGGERS_CUE,,,,,,,,,,,
span:AUTH-TAD-0332,rule:R_TEMP_KG_ATTR_01,MATCHES_RULE,,,,,,,,1.0,ATTRIBUTE,128.0,true
sentence:SENT-0227,source:GRAMMAR_MANUAL_ELEMENTARY,DERIVED_FROM,,,,,157,. ◎典型例句和对话 例句 如果明天天气好， 你有时间的话，我们 只要你认真听课， 我就去爬山,,,,,
sentence:SENT-0227,span:AUTH-TAD-0333,HAS_CANDIDATE,,,,,,,,,,,
span:AUTH-TAD-0333,consensus:AUTH-TAD-0333,HAS_CONSENSUS,,,,,,,,,,,
consensus:AUTH-TAD-0333,function:TEMPORAL_ADVERBIAL,MAPS_TO,,,,,,,,,,,
span:AUTH-TAD-0333,cleaning:A_主评测候选,HAS_CLEANING_STATUS,,,,,,,主实验/严格评测,,,,
span:AUTH-TAD-0333,ambiguity:无重复,HAS_AMBIGUITY,,,,,,,,,,,
span:AUTH-TAD-0333,ambiguity:来源字段完整但仍需正版逐页核验,HAS_AMBIGUITY,,,,,,,,,,,
span:AUTH-TAD-0333,annotation:span:AUTH-TAD-0333:r1,ANNOTATED_BY,,,,,,,,,,,
annotation:span:AUTH-TAD-0333:r1,rater:rater_1,MADE_BY,,,,,,,,,,,
span:AUTH-TAD-0333,annotation:span:AUTH-TAD-0333:r2,ANNOTATED_BY,,,,,,,,,,,
annotation:span:AUTH-TAD-0333:r2,rater:rater_2,MADE_BY,,,,,,,,,,,
span:AUTH-TAD-0333,annotation:span:AUTH-TAD-0333:r3,ANNOTATED_BY,,,,,,,,,,,
annotation:span:AUTH-TAD-0333:r3,rater:rater_3,MADE_BY,,,,,,,,,,,
span:AUTH-TAD-0333,cue:BEFORE_PREDICATE,TRIGGERS_CUE,,,,,,,,,,,
span:AUTH-TAD-0333,cue:EVENT_TIME,TRIGGERS_CUE,,,,,,,,,,,
span:AUTH-TAD-0333,cue:TIME_NOUN,TRIGGERS_CUE,,,,,,,,,,,
span:AUTH-TAD-0333,rule:R_TEMP_ADV_01,MATCHES_RULE,,,,,,,,1.0,TEMPORAL_ADVERBIAL,90.0,true
span:AUTH-TAD-0333,rule:R_TEMP_ADV_02,MATCHES_RULE,,,,,,,,2.0,TEMPORAL_ADVERBIAL,88.0,true
span:AUTH-TAD-0333,rule:R_TEMP_KG_ADV_02,MATCHES_RULE,,,,,,,,3.0,TEMPORAL_ADVERBIAL,72.0,true
sentence:SENT-0096,source:GRAMMAR_MANUAL_INTERMEDIATE,DERIVED_FROM,,,,,30,路上堵车，我到的时候火车几乎要开了,,,,,
sentence:SENT-0096,span:AUTH-TAD-0334,HAS_CANDIDATE,,,,,,,,,,,
span:AUTH-TAD-0334,consensus:AUTH-TAD-0334,HAS_CONSENSUS,,,,,,,,,,,
consensus:AUTH-TAD-0334,function:COMPLEMENT,MAPS_TO,,,,,,,,,,,
span:AUTH-TAD-0334,cleaning:B_边界复核集,HAS_CLEANING_STATUS,,,,,,,边界集/鲁棒性分析,,,,
span:AUTH-TAD-0334,ambiguity:时量补语_持续时间边界,HAS_AMBIGUITY,,,,,,,,,,,
span:AUTH-TAD-0334,ambiguity:无重复,HAS_AMBIGUITY,,,,,,,,,,,
span:AUTH-TAD-0334,ambiguity:来源字段完整但仍需正版逐页核验,HAS_AMBIGUITY,,,,,,,,,,,
span:AUTH-TAD-0334,annotation:span:AUTH-TAD-0334:r1,ANNOTATED_BY,,,,,,,,,,,
annotation:span:AUTH-TAD-0334:r1,rater:rater_1,MADE_BY,,,,,,,,,,,
span:AUTH-TAD-0334,annotation:span:AUTH-TAD-0334:r2,ANNOTATED_BY,,,,,,,,,,,
annotation:span:AUTH-TAD-0334:r2,rater:rater_2,MADE_BY,,,,,,,,,,,
span:AUTH-TAD-0334,annotation:span:AUTH-TAD-0334:r3,ANNOTATED_BY,,,,,,,,,,,
annotation:span:AUTH-TAD-0334:r3,rater:rater_3,MADE_BY,,,,,,,,,,,
span:AUTH-TAD-0334,cue:AFTER_VERB,TRIGGERS_CUE,,,,,,,,,,,
span:AUTH-TAD-0334,cue:COMPLEMENT_DURATION_CONTEXT,TRIGGERS_CUE,,,,,,,,,,,
span:AUTH-TAD-0334,cue:DURATION_COMPLEMENT,TRIGGERS_CUE,,,,,,,,,,,
span:AUTH-TAD-0334,cue:TIME_DURATION,TRIGGERS_CUE,,,,,,,,,,,
span:AUTH-TAD-0334,rule:R_TEMP_KG_COMP_01,MATCHES_RULE,,,,,,,,1.0,COMPLEMENT,127.0,true
span:AUTH-TAD-0334,rule:R_TEMP_COMP_01,MATCHES_RULE,,,,,,,,2.0,COMPLEMENT,96.0,true
span:AUTH-TAD-0334,rule:R_TEMP_COMP_02,MATCHES_RULE,,,,,,,,3.0,COMPLEMENT,95.0,true
span:AUTH-TAD-0334,rule:R_TEMP_COMP_07,MATCHES_RULE,,,,,,,,4.0,COMPLEMENT,94.0,true
sentence:SENT-0433,source:GRAMMAR_MANUAL_ELEMENTARY,DERIVED_FROM,,,,,223,经常帮助同学,,,,,
sentence:SENT-0433,span:AUTH-TAD-0335,HAS_CANDIDATE,,,,,,,,,,,
span:AUTH-TAD-0335,consensus:AUTH-TAD-0335,HAS_CONSENSUS,,,,,,,,,,,
consensus:AUTH-TAD-0335,function:TEMPORAL_ADVERBIAL,MAPS_TO,,,,,,,,,,,
span:AUTH-TAD-0335,cleaning:B_边界复核集,HAS_CLEANING_STATUS,,,,,,,边界集/鲁棒性分析,,,,
span:AUTH-TAD-0335,ambiguity:时间副词_体貌副词边界,HAS_AMBIGUITY,,,,,,,,,,,
span:AUTH-TAD-0335,ambiguity:无重复,HAS_AMBIGUITY,,,,,,,,,,,
span:AUTH-TAD-0335,ambiguity:来源字段完整但仍需正版逐页核验,HAS_AMBIGUITY,,,,,,,,,,,
span:AUTH-TAD-0335,annotation:span:AUTH-TAD-0335:r1,ANNOTATED_BY,,,,,,,,,,,
annotation:span:AUTH-TAD-0335:r1,rater:rater_1,MADE_BY,,,,,,,,,,,
span:AUTH-TAD-0335,annotation:span:AUTH-TAD-0335:r2,ANNOTATED_BY,,,,,,,,,,,
annotation:span:AUTH-TAD-0335:r2,rater:rater_2,MADE_BY,,,,,,,,,,,
span:AUTH-TAD-0335,annotation:span:AUTH-TAD-0335:r3,ANNOTATED_BY,,,,,,,,,,,
annotation:span:AUTH-TAD-0335:r3,rater:rater_3,MADE_BY,,,,,,,,,,,
span:AUTH-TAD-0335,cue:BEFORE_PREDICATE,TRIGGERS_CUE,,,,,,,,,,,
span:AUTH-TAD-0335,cue:EVENT_TIME,TRIGGERS_CUE,,,,,,,,,,,
span:AUTH-TAD-0335,cue:TIME_FREQUENCY,TRIGGERS_CUE,,,,,,,,,,,
span:AUTH-TAD-0335,rule:R_TEMP_ADV_04,MATCHES_RULE,,,,,,,,1.0,TEMPORAL_ADVERBIAL,84.0,true
span:AUTH-TAD-0335,rule:R_TEMP_KG_ADV_01,MATCHES_RULE,,,,,,,,2.0,TEMPORAL_ADVERBIAL,79.0,true
sentence:SENT-0059,source:GRAMMAR_MANUAL_ELEMENTARY,DERIVED_FROM,,,,,197,◎结构特点 结果补语用于动词后，一般由单个的形容词或动词充当,,,,,
sentence:SENT-0059,span:AUTH-TAD-0336,HAS_CANDIDATE,,,,,,,,,,,
span:AUTH-TAD-0336,consensus:AUTH-TAD-0336,HAS_CONSENSUS,,,,,,,,,,,
consensus:AUTH-TAD-0336,function:ATTRIBUTE,MAPS_TO,,,,,,,,,,,
span:AUTH-TAD-0336,cleaning:B_边界复核集,HAS_CLEANING_STATUS,,,,,,,边界集/鲁棒性分析,,,,
span:AUTH-TAD-0336,ambiguity:可能为时间定语,HAS_AMBIGUITY,,,,,,,,,,,
span:AUTH-TAD-0336,ambiguity:无重复,HAS_AMBIGUITY,,,,,,,,,,,
span:AUTH-TAD-0336,ambiguity:来源字段完整但仍需正版逐页核验,HAS_AMBIGUITY,,,,,,,,,,,
span:AUTH-TAD-0336,annotation:span:AUTH-TAD-0336:r1,ANNOTATED_BY,,,,,,,,,,,
annotation:span:AUTH-TAD-0336:r1,rater:rater_1,MADE_BY,,,,,,,,,,,
span:AUTH-TAD-0336,annotation:span:AUTH-TAD-0336:r2,ANNOTATED_BY,,,,,,,,,,,
annotation:span:AUTH-TAD-0336:r2,rater:rater_2,MADE_BY,,,,,,,,,,,
span:AUTH-TAD-0336,annotation:span:AUTH-TAD-0336:r3,ANNOTATED_BY,,,,,,,,,,,
annotation:span:AUTH-TAD-0336:r3,rater:rater_3,MADE_BY,,,,,,,,,,,
span:AUTH-TAD-0336,cue:ATTR_DE_DIRECT,TRIGGERS_CUE,,,,,,,,,,,
span:AUTH-TAD-0336,cue:DE_PARTICLE,TRIGGERS_CUE,,,,,,,,,,,
span:AUTH-TAD-0336,cue:SENTENCE_INITIAL,TRIGGERS_CUE,,,,,,,,,,,
span:AUTH-TAD-0336,cue:TIME_NOUN,TRIGGERS_CUE,,,,,,,,,,,
span:AUTH-TAD-0336,rule:R_TEMP_KG_ATTR_01,MATCHES_RULE,,,,,,,,1.0,ATTRIBUTE,128.0,true
span:AUTH-TAD-0336,rule:R_TEMP_KG_ADV_02,MATCHES_RULE,,,,,,,,2.0,TEMPORAL_ADVERBIAL,72.0,false
sentence:SENT-0465,source:GRAMMAR_MANUAL_INTERMEDIATE,DERIVED_FROM,,,,,110,例如： *既然这事你已经决定了，就我不说什么了,,,,,
sentence:SENT-0465,span:AUTH-TAD-0337,HAS_CANDIDATE,,,,,,,,,,,
span:AUTH-TAD-0337,consensus:AUTH-TAD-0337,HAS_CONSENSUS,,,,,,,,,,,
consensus:AUTH-TAD-0337,function:TEMPORAL_ADVERBIAL,MAPS_TO,,,,,,,,,,,
span:AUTH-TAD-0337,cleaning:B_边界复核集,HAS_CLEANING_STATUS,,,,,,,边界集/鲁棒性分析,,,,
span:AUTH-TAD-0337,ambiguity:三人标注不完全一致,HAS_AMBIGUITY,,,,,,,,,,,
span:AUTH-TAD-0337,ambiguity:无重复,HAS_AMBIGUITY,,,,,,,,,,,
span:AUTH-TAD-0337,ambiguity:来源字段完整但仍需正版逐页核验,HAS_AMBIGUITY,,,,,,,,,,,
span:AUTH-TAD-0337,annotation:span:AUTH-TAD-0337:r1,ANNOTATED_BY,,,,,,,,,,,
annotation:span:AUTH-TAD-0337:r1,rater:rater_1,MADE_BY,,,,,,,,,,,
span:AUTH-TAD-0337,annotation:span:AUTH-TAD-0337:r2,ANNOTATED_BY,,,,,,,,,,,
annotation:span:AUTH-TAD-0337:r2,rater:rater_2,MADE_BY,,,,,,,,,,,
span:AUTH-TAD-0337,annotation:span:AUTH-TAD-0337:r3,ANNOTATED_BY,,,,,,,,,,,
annotation:span:AUTH-TAD-0337:r3,rater:rater_3,MADE_BY,,,,,,,,,,,
span:AUTH-TAD-0337,cue:BEFORE_PREDICATE,TRIGGERS_CUE,,,,,,,,,,,
span:AUTH-TAD-0337,cue:EVENT_TIME,TRIGGERS_CUE,,,,,,,,,,,
span:AUTH-TAD-0337,cue:TIME_NOUN,TRIGGERS_CUE,,,,,,,,,,,
span:AUTH-TAD-0337,rule:R_TEMP_ADV_01,MATCHES_RULE,,,,,,,,1.0,TEMPORAL_ADVERBIAL,90.0,true
span:AUTH-TAD-0337,rule:R_TEMP_ADV_02,MATCHES_RULE,,,,,,,,2.0,TEMPORAL_ADVERBIAL,88.0,true
span:AUTH-TAD-0337,rule:R_TEMP_KG_ADV_02,MATCHES_RULE,,,,,,,,3.0,TEMPORAL_ADVERBIAL,72.0,true
sentence:SENT-0148,source:GRAMMAR_MANUAL_ADVANCED,DERIVED_FROM,,,,,46,七一九级语法点 例句 交际实践 你的病已经好多了，下 床走走也不妨,,,,,
sentence:SENT-0148,span:AUTH-TAD-0338,HAS_CANDIDATE,,,,,,,,,,,
span:AUTH-TAD-0338,consensus:AUTH-TAD-0338,HAS_CONSENSUS,,,,,,,,,,,
consensus:AUTH-TAD-0338,function:TEMPORAL_ADVERBIAL,MAPS_TO,,,,,,,,,,,
span:AUTH-TAD-0338,cleaning:A_主评测候选,HAS_CLEANING_STATUS,,,,,,,主实验/严格评测,,,,
span:AUTH-TAD-0338,ambiguity:无重复,HAS_AMBIGUITY,,,,,,,,,,,
span:AUTH-TAD-0338,ambiguity:来源字段完整但仍需正版逐页核验,HAS_AMBIGUITY,,,,,,,,,,,
span:AUTH-TAD-0338,annotation:span:AUTH-TAD-0338:r1,ANNOTATED_BY,,,,,,,,,,,
annotation:span:AUTH-TAD-0338:r1,rater:rater_1,MADE_BY,,,,,,,,,,,
span:AUTH-TAD-0338,annotation:span:AUTH-TAD-0338:r2,ANNOTATED_BY,,,,,,,,,,,
annotation:span:AUTH-TAD-0338:r2,rater:rater_2,MADE_BY,,,,,,,,,,,
span:AUTH-TAD-0338,annotation:span:AUTH-TAD-0338:r3,ANNOTATED_BY,,,,,,,,,,,
annotation:span:AUTH-TAD-0338:r3,rater:rater_3,MADE_BY,,,,,,,,,,,
span:AUTH-TAD-0338,cue:TIME_ADVERB,TRIGGERS_CUE,,,,,,,,,,,
span:AUTH-TAD-0338,cue:TIME_NOUN,TRIGGERS_CUE,,,,,,,,,,,
span:AUTH-TAD-0338,cue:TIME_POINT,TRIGGERS_CUE,,,,,,,,,,,
span:AUTH-TAD-0338,rule:R_TEMP_KG_ADV_02,MATCHES_RULE,,,,,,,,1.0,TEMPORAL_ADVERBIAL,72.0,true
sentence:SENT-0255,source:GRAMMAR_MANUAL_ADVANCED,DERIVED_FROM,,,,,108,我们看到，很多在学校里学习成绩好的学生，工作以后未必表现出色,,,,,
sentence:SENT-0255,span:AUTH-TAD-0339,HAS_CANDIDATE,,,,,,,,,,,
span:AUTH-TAD-0339,consensus:AUTH-TAD-0339,HAS_CONSENSUS,,,,,,,,,,,
consensus:AUTH-TAD-0339,function:TEMPORAL_ADVERBIAL,MAPS_TO,,,,,,,,,,,
span:AUTH-TAD-0339,cleaning:A_主评测候选,HAS_CLEANING_STATUS,,,,,,,主实验/严格评测,,,,
span:AUTH-TAD-0339,ambiguity:无重复,HAS_AMBIGUITY,,,,,,,,,,,
span:AUTH-TAD-0339,ambiguity:来源字段完整但仍需正版逐页核验,HAS_AMBIGUITY,,,,,,,,,,,
span:AUTH-TAD-0339,annotation:span:AUTH-TAD-0339:r1,ANNOTATED_BY,,,,,,,,,,,
annotation:span:AUTH-TAD-0339:r1,rater:rater_1,MADE_BY,,,,,,,,,,,
span:AUTH-TAD-0339,annotation:span:AUTH-TAD-0339:r2,ANNOTATED_BY,,,,,,,,,,,
annotation:span:AUTH-TAD-0339:r2,rater:rater_2,MADE_BY,,,,,,,,,,,
span:AUTH-TAD-0339,annotation:span:AUTH-TAD-0339:r3,ANNOTATED_BY,,,,,,,,,,,
annotation:span:AUTH-TAD-0339:r3,rater:rater_3,MADE_BY,,,,,,,,,,,
span:AUTH-TAD-0339,cue:BEFORE_PREDICATE,TRIGGERS_CUE,,,,,,,,,,,
span:AUTH-TAD-0339,cue:DEICTIC_TIME,TRIGGERS_CUE,,,,,,,,,,,
span:AUTH-TAD-0339,cue:EVENT_TIME,TRIGGERS_CUE,,,,,,,,,,,
span:AUTH-TAD-0339,cue:SENTENCE_INITIAL,TRIGGERS_CUE,,,,,,,,,,,
span:AUTH-TAD-0339,cue:TIME_ADVERB,TRIGGERS_CUE,,,,,,,,,,,
span:AUTH-TAD-0339,cue:TIME_FREQUENCY,TRIGGERS_CUE,,,,,,,,,,,
span:AUTH-TAD-0339,cue:TIME_NOUN,TRIGGERS_CUE,,,,,,,,,,,
span:AUTH-TAD-0339,cue:TIME_POINT,TRIGGERS_CUE,,,,,,,,,,,
span:AUTH-TAD-0339,rule:R_TEMP_ADV_01,MATCHES_RULE,,,,,,,,1.0,TEMPORAL_ADVERBIAL,90.0,true
span:AUTH-TAD-0339,rule:R_TEMP_ADV_02,MATCHES_RULE,,,,,,,,2.0,TEMPORAL_ADVERBIAL,88.0,true
span:AUTH-TAD-0339,rule:R_TEMP_ADV_04,MATCHES_RULE,,,,,,,,3.0,TEMPORAL_ADVERBIAL,84.0,true
span:AUTH-TAD-0339,rule:R_TEMP_ADV_19,MATCHES_RULE,,,,,,,,4.0,TEMPORAL_ADVERBIAL,84.0,true
span:AUTH-TAD-0339,rule:R_TEMP_KG_ADV_01,MATCHES_RULE,,,,,,,,5.0,TEMPORAL_ADVERBIAL,79.0,true
sentence:SENT-0235,source:GRAMMAR_MANUAL_ADVANCED,DERIVED_FROM,,,,,51,,,,,,
sentence:SENT-0235,span:AUTH-TAD-0340,HAS_CANDIDATE,,,,,,,,,,,
span:AUTH-TAD-0340,consensus:AUTH-TAD-0340,HAS_CONSENSUS,,,,,,,,,,,
consensus:AUTH-TAD-0340,function:COMPLEMENT,MAPS_TO,,,,,,,,,,,
span:AUTH-TAD-0340,cleaning:C_暂不纳入主实验,HAS_CLEANING_STATUS,,,,,,,待复核,,,,
span:AUTH-TAD-0340,ambiguity:页面线索缺失,HAS_AMBIGUITY,,,,,,,,,,,
span:AUTH-TAD-0340,ambiguity:三人标注不完全一致,HAS_AMBIGUITY,,,,,,,,,,,
span:AUTH-TAD-0340,ambiguity:至少一名标注者修正片段,HAS_AMBIGUITY,,,,,,,,,,,
span:AUTH-TAD-0340,ambiguity:无重复,HAS_AMBIGUITY,,,,,,,,,,,
span:AUTH-TAD-0340,annotation:span:AUTH-TAD-0340:r1,ANNOTATED_BY,,,,,,,,,,,
annotation:span:AUTH-TAD-0340:r1,rater:rater_1,MADE_BY,,,,,,,,,,,
span:AUTH-TAD-0340,annotation:span:AUTH-TAD-0340:r2,ANNOTATED_BY,,,,,,,,,,,
annotation:span:AUTH-TAD-0340:r2,rater:rater_2,MADE_BY,,,,,,,,,,,
span:AUTH-TAD-0340,annotation:span:AUTH-TAD-0340:r3,ANNOTATED_BY,,,,,,,,,,,
annotation:span:AUTH-TAD-0340:r3,rater:rater_3,MADE_BY,,,,,,,,,,,
span:AUTH-TAD-0340,cue:AFTER_VERB,TRIGGERS_CUE,,,,,,,,,,,
span:AUTH-TAD-0340,cue:COMPLEMENT_DURATION_CONTEXT,TRIGGERS_CUE,,,,,,,,,,,
span:AUTH-TAD-0340,cue:DURATION_COMPLEMENT,TRIGGERS_CUE,,,,,,,,,,,
span:AUTH-TAD-0340,cue:REVIEW_NON_TARGET_RISK,TRIGGERS_CUE,,,,,,,,,,,
span:AUTH-TAD-0340,cue:TIME_NOUN,TRIGGERS_CUE,,,,,,,,,,,
span:AUTH-TAD-0340,cue:TIME_POINT,TRIGGERS_CUE,,,,,,,,,,,
span:AUTH-TAD-0340,rule:R_TEMP_KG_OTHER_01,MATCHES_RULE,,,,,,,,1.0,OTHER,130.0,false
span:AUTH-TAD-0340,rule:R_TEMP_KG_COMP_01,MATCHES_RULE,,,,,,,,2.0,COMPLEMENT,127.0,true
span:AUTH-TAD-0340,rule:R_TEMP_KG_ADV_02,MATCHES_RULE,,,,,,,,3.0,TEMPORAL_ADVERBIAL,72.0,false
sentence:SENT-0431,source:GRAMMAR_MANUAL_INTERMEDIATE,DERIVED_FROM,,,,,269,考完试以后，同学们的心情异常轻松,,,,,
sentence:SENT-0431,span:AUTH-TAD-0341,HAS_CANDIDATE,,,,,,,,,,,
span:AUTH-TAD-0341,consensus:AUTH-TAD-0341,HAS_CONSENSUS,,,,,,,,,,,
consensus:AUTH-TAD-0341,function:TEMPORAL_ADVERBIAL,MAPS_TO,,,,,,,,,,,
span:AUTH-TAD-0341,cleaning:B_边界复核集,HAS_CLEANING_STATUS,,,,,,,边界集/鲁棒性分析,,,,
span:AUTH-TAD-0341,ambiguity:相对时间框架边界,HAS_AMBIGUITY,,,,,,,,,,,
span:AUTH-TAD-0341,ambiguity:无重复,HAS_AMBIGUITY,,,,,,,,,,,
span:AUTH-TAD-0341,ambiguity:来源字段完整但仍需正版逐页核验,HAS_AMBIGUITY,,,,,,,,,,,
span:AUTH-TAD-0341,annotation:span:AUTH-TAD-0341:r1,ANNOTATED_BY,,,,,,,,,,,
annotation:span:AUTH-TAD-0341:r1,rater:rater_1,MADE_BY,,,,,,,,,,,
span:AUTH-TAD-0341,annotation:span:AUTH-TAD-0341:r2,ANNOTATED_BY,,,,,,,,,,,
annotation:span:AUTH-TAD-0341:r2,rater:rater_2,MADE_BY,,,,,,,,,,,
span:AUTH-TAD-0341,annotation:span:AUTH-TAD-0341:r3,ANNOTATED_BY,,,,,,,,,,,
annotation:span:AUTH-TAD-0341:r3,rater:rater_3,MADE_BY,,,,,,,,,,,
span:AUTH-TAD-0341,cue:BEFORE_PREDICATE,TRIGGERS_CUE,,,,,,,,,,,
span:AUTH-TAD-0341,cue:EVENT_TIME,TRIGGERS_CUE,,,,,,,,,,,
span:AUTH-TAD-0341,cue:SENTENCE_INITIAL,TRIGGERS_CUE,,,,,,,,,,,
span:AUTH-TAD-0341,cue:TIME_NOUN,TRIGGERS_CUE,,,,,,,,,,,
span:AUTH-TAD-0341,rule:R_TEMP_ADV_01,MATCHES_RULE,,,,,,,,1.0,TEMPORAL_ADVERBIAL,90.0,true
span:AUTH-TAD-0341,rule:R_TEMP_ADV_02,MATCHES_RULE,,,,,,,,2.0,TEMPORAL_ADVERBIAL,88.0,true
span:AUTH-TAD-0341,rule:R_TEMP_KG_ADV_02,MATCHES_RULE,,,,,,,,3.0,TEMPORAL_ADVERBIAL,72.0,true
sentence:SENT-0002,source:GRAMMAR_MANUAL_INTERMEDIATE,DERIVED_FROM,,,,,270,语法学习手册(中等) ◎ 典型例句和对话 刚上班，分配给 例句 这桌上尽是土,,,,,
sentence:SENT-0002,span:AUTH-TAD-0342,HAS_CANDIDATE,,,,,,,,,,,
span:AUTH-TAD-0342,consensus:AUTH-TAD-0342,HAS_CONSENSUS,,,,,,,,,,,
consensus:AUTH-TAD-0342,function:OTHER,MAPS_TO,,,,,,,,,,,
span:AUTH-TAD-0342,cleaning:C_暂不纳入主实验,HAS_CLEANING_STATUS,,,,,,,错误分析/待复核,,,,
span:AUTH-TAD-0342,ambiguity:非目标时间表达,HAS_AMBIGUITY,,,,,,,,,,,
span:AUTH-TAD-0342,ambiguity:至少一名标注者修正片段,HAS_AMBIGUITY,,,,,,,,,,,
span:AUTH-TAD-0342,ambiguity:无重复,HAS_AMBIGUITY,,,,,,,,,,,
span:AUTH-TAD-0342,ambiguity:来源字段完整但仍需正版逐页核验,HAS_AMBIGUITY,,,,,,,,,,,
span:AUTH-TAD-0342,annotation:span:AUTH-TAD-0342:r1,ANNOTATED_BY,,,,,,,,,,,
annotation:span:AUTH-TAD-0342:r1,rater:rater_1,MADE_BY,,,,,,,,,,,
span:AUTH-TAD-0342,annotation:span:AUTH-TAD-0342:r2,ANNOTATED_BY,,,,,,,,,,,
annotation:span:AUTH-TAD-0342:r2,rater:rater_2,MADE_BY,,,,,,,,,,,
span:AUTH-TAD-0342,annotation:span:AUTH-TAD-0342:r3,ANNOTATED_BY,,,,,,,,,,,
annotation:span:AUTH-TAD-0342:r3,rater:rater_3,MADE_BY,,,,,,,,,,,
span:AUTH-TAD-0342,cue:BEFORE_PREDICATE,TRIGGERS_CUE,,,,,,,,,,,
span:AUTH-TAD-0342,cue:EVENT_TIME,TRIGGERS_CUE,,,,,,,,,,,
span:AUTH-TAD-0342,cue:NO_TEMPORAL_EXPRESSION,TRIGGERS_CUE,,,,,,,,,,,
span:AUTH-TAD-0342,cue:REVIEW_NON_TARGET_RISK,TRIGGERS_CUE,,,,,,,,,,,
span:AUTH-TAD-0342,rule:R_TEMP_KG_OTHER_01,MATCHES_RULE,,,,,,,,1.0,OTHER,130.0,true
sentence:SENT-0356,source:GRAMMAR_MANUAL_INTERMEDIATE,DERIVED_FROM,,,,,331,结构特点 “A一+量词，B一+量词”可以作谓语、定语、状语,,,,,
sentence:SENT-0356,span:AUTH-TAD-0343,HAS_CANDIDATE,,,,,,,,,,,
span:AUTH-TAD-0343,consensus:AUTH-TAD-0343,HAS_CONSENSUS,,,,,,,,,,,
consensus:AUTH-TAD-0343,function:ATTRIBUTE,MAPS_TO,,,,,,,,,,,
span:AUTH-TAD-0343,cleaning:C_暂不纳入主实验,HAS_CLEANING_STATUS,,,,,,,待复核,,,,
span:AUTH-TAD-0343,ambiguity:可能为时间定语,HAS_AMBIGUITY,,,,,,,,,,,
span:AUTH-TAD-0343,ambiguity:时量补语_持续时间边界,HAS_AMBIGUITY,,,,,,,,,,,
span:AUTH-TAD-0343,ambiguity:三人标注不完全一致,HAS_AMBIGUITY,,,,,,,,,,,
span:AUTH-TAD-0343,ambiguity:至少一名标注者修正片段,HAS_AMBIGUITY,,,,,,,,,,,
span:AUTH-TAD-0343,ambiguity:无重复,HAS_AMBIGUITY,,,,,,,,,,,
span:AUTH-TAD-0343,ambiguity:来源字段完整但仍需正版逐页核验,HAS_AMBIGUITY,,,,,,,,,,,
span:AUTH-TAD-0343,annotation:span:AUTH-TAD-0343:r1,ANNOTATED_BY,,,,,,,,,,,
annotation:span:AUTH-TAD-0343:r1,rater:rater_1,MADE_BY,,,,,,,,,,,
span:AUTH-TAD-0343,annotation:span:AUTH-TAD-0343:r2,ANNOTATED_BY,,,,,,,,,,,
annotation:span:AUTH-TAD-0343:r2,rater:rater_2,MADE_BY,,,,,,,,,,,
span:AUTH-TAD-0343,annotation:span:AUTH-TAD-0343:r3,ANNOTATED_BY,,,,,,,,,,,
annotation:span:AUTH-TAD-0343:r3,rater:rater_3,MADE_BY,,,,,,,,,,,
span:AUTH-TAD-0343,cue:ATTR_DE_DIRECT,TRIGGERS_CUE,,,,,,,,,,,
span:AUTH-TAD-0343,cue:DE_PARTICLE,TRIGGERS_CUE,,,,,,,,,,,
span:AUTH-TAD-0343,cue:TIME_DURATION,TRIGGERS_CUE,,,,,,,,,,,
span:AUTH-TAD-0343,rule:R_TEMP_KG_ATTR_01,MATCHES_RULE,,,,,,,,1.0,ATTRIBUTE,128.0,true
span:AUTH-TAD-0343,rule:R_TEMP_ATTR_06,MATCHES_RULE,,,,,,,,2.0,ATTRIBUTE,92.0,true
sentence:SENT-0127,source:GRAMMAR_MANUAL_ELEMENTARY,DERIVED_FROM,,,,,181,O 结构特点 “得”一般用在动词和补语之间，补语一般由形容词性成分充当,,,,,
sentence:SENT-0127,span:AUTH-TAD-0344,HAS_CANDIDATE,,,,,,,,,,,
span:AUTH-TAD-0344,consensus:AUTH-TAD-0344,HAS_CONSENSUS,,,,,,,,,,,
consensus:AUTH-TAD-0344,function:TEMPORAL_ADVERBIAL,MAPS_TO,,,,,,,,,,,
span:AUTH-TAD-0344,cleaning:B_边界复核集,HAS_CLEANING_STATUS,,,,,,,边界集/鲁棒性分析,,,,
span:AUTH-TAD-0344,ambiguity:相对时间框架边界,HAS_AMBIGUITY,,,,,,,,,,,
span:AUTH-TAD-0344,ambiguity:无重复,HAS_AMBIGUITY,,,,,,,,,,,
span:AUTH-TAD-0344,ambiguity:来源字段完整但仍需正版逐页核验,HAS_AMBIGUITY,,,,,,,,,,,
span:AUTH-TAD-0344,annotation:span:AUTH-TAD-0344:r1,ANNOTATED_BY,,,,,,,,,,,
annotation:span:AUTH-TAD-0344:r1,rater:rater_1,MADE_BY,,,,,,,,,,,
span:AUTH-TAD-0344,annotation:span:AUTH-TAD-0344:r2,ANNOTATED_BY,,,,,,,,,,,
annotation:span:AUTH-TAD-0344:r2,rater:rater_2,MADE_BY,,,,,,,,,,,
span:AUTH-TAD-0344,annotation:span:AUTH-TAD-0344:r3,ANNOTATED_BY,,,,,,,,,,,
annotation:span:AUTH-TAD-0344:r3,rater:rater_3,MADE_BY,,,,,,,,,,,
span:AUTH-TAD-0344,cue:AFTER_VERB,TRIGGERS_CUE,,,,,,,,,,,
span:AUTH-TAD-0344,cue:NO_TEMPORAL_EXPRESSION,TRIGGERS_CUE,,,,,,,,,,,
span:AUTH-TAD-0344,cue:POSTPOSED_TEMPORAL_MARKER,TRIGGERS_CUE,,,,,,,,,,,
span:AUTH-TAD-0344,cue:TIME_AFTER_BEFORE,TRIGGERS_CUE,,,,,,,,,,,
span:AUTH-TAD-0344,rule:R_TEMP_COMP_09,MATCHES_RULE,,,,,,,,1.0,COMPLEMENT,91.0,false
span:AUTH-TAD-0344,rule:R_TEMP_COMP_08,MATCHES_RULE,,,,,,,,2.0,COMPLEMENT,89.0,false
sentence:SENT-0047,source:GRAMMAR_MANUAL_ELEMENTARY,DERIVED_FROM,,,,,159,(在班级) (在公司) (商量事情) A:马上期末考试了， A:经理，明天我可 A:请,,,,,
sentence:SENT-0047,span:AUTH-TAD-0345,HAS_CANDIDATE,,,,,,,,,,,
span:AUTH-TAD-0345,consensus:AUTH-TAD-0345,HAS_CONSENSUS,,,,,,,,,,,
consensus:AUTH-TAD-0345,function:TEMPORAL_ADVERBIAL,MAPS_TO,,,,,,,,,,,
span:AUTH-TAD-0345,cleaning:A_主评测候选,HAS_CLEANING_STATUS,,,,,,,主实验/严格评测,,,,
span:AUTH-TAD-0345,ambiguity:无重复,HAS_AMBIGUITY,,,,,,,,,,,
span:AUTH-TAD-0345,ambiguity:来源字段完整但仍需正版逐页核验,HAS_AMBIGUITY,,,,,,,,,,,
span:AUTH-TAD-0345,annotation:span:AUTH-TAD-0345:r1,ANNOTATED_BY,,,,,,,,,,,
annotation:span:AUTH-TAD-0345:r1,rater:rater_1,MADE_BY,,,,,,,,,,,
span:AUTH-TAD-0345,annotation:span:AUTH-TAD-0345:r2,ANNOTATED_BY,,,,,,,,,,,
annotation:span:AUTH-TAD-0345:r2,rater:rater_2,MADE_BY,,,,,,,,,,,
span:AUTH-TAD-0345,annotation:span:AUTH-TAD-0345:r3,ANNOTATED_BY,,,,,,,,,,,
annotation:span:AUTH-TAD-0345:r3,rater:rater_3,MADE_BY,,,,,,,,,,,
span:AUTH-TAD-0345,cue:BEFORE_PREDICATE,TRIGGERS_CUE,,,,,,,,,,,
span:AUTH-TAD-0345,cue:EVENT_TIME,TRIGGERS_CUE,,,,,,,,,,,
span:AUTH-TAD-0345,cue:SENTENCE_INITIAL,TRIGGERS_CUE,,,,,,,,,,,
span:AUTH-TAD-0345,cue:TIME_NOUN,TRIGGERS_CUE,,,,,,,,,,,
span:AUTH-TAD-0345,rule:R_TEMP_ADV_01,MATCHES_RULE,,,,,,,,1.0,TEMPORAL_ADVERBIAL,90.0,true
span:AUTH-TAD-0345,rule:R_TEMP_ADV_02,MATCHES_RULE,,,,,,,,2.0,TEMPORAL_ADVERBIAL,88.0,true
span:AUTH-TAD-0345,rule:R_TEMP_KG_ADV_02,MATCHES_RULE,,,,,,,,3.0,TEMPORAL_ADVERBIAL,72.0,true
sentence:SENT-0109,source:GRAMMAR_MANUAL_INTERMEDIATE,DERIVED_FROM,,,,,242,给你发这个信 老师这节课什么也没 例句 为的是走的时候 息，为的是提醒 讲，为的是让我们有时,,,,,
sentence:SENT-0109,span:AUTH-TAD-0346,HAS_CANDIDATE,,,,,,,,,,,
span:AUTH-TAD-0346,consensus:AUTH-TAD-0346,HAS_CONSENSUS,,,,,,,,,,,
consensus:AUTH-TAD-0346,function:TEMPORAL_ADVERBIAL,MAPS_TO,,,,,,,,,,,
span:AUTH-TAD-0346,cleaning:A_主评测候选,HAS_CLEANING_STATUS,,,,,,,主实验/严格评测,,,,
span:AUTH-TAD-0346,ambiguity:无重复,HAS_AMBIGUITY,,,,,,,,,,,
span:AUTH-TAD-0346,ambiguity:来源字段完整但仍需正版逐页核验,HAS_AMBIGUITY,,,,,,,,,,,
span:AUTH-TAD-0346,annotation:span:AUTH-TAD-0346:r1,ANNOTATED_BY,,,,,,,,,,,
annotation:span:AUTH-TAD-0346:r1,rater:rater_1,MADE_BY,,,,,,,,,,,
span:AUTH-TAD-0346,annotation:span:AUTH-TAD-0346:r2,ANNOTATED_BY,,,,,,,,,,,
annotation:span:AUTH-TAD-0346:r2,rater:rater_2,MADE_BY,,,,,,,,,,,
span:AUTH-TAD-0346,annotation:span:AUTH-TAD-0346:r3,ANNOTATED_BY,,,,,,,,,,,
annotation:span:AUTH-TAD-0346:r3,rater:rater_3,MADE_BY,,,,,,,,,,,
span:AUTH-TAD-0346,cue:BEFORE_PREDICATE,TRIGGERS_CUE,,,,,,,,,,,
span:AUTH-TAD-0346,cue:EVENT_TIME,TRIGGERS_CUE,,,,,,,,,,,
span:AUTH-TAD-0346,cue:TIME_FREQUENCY,TRIGGERS_CUE,,,,,,,,,,,
span:AUTH-TAD-0346,rule:R_TEMP_ADV_04,MATCHES_RULE,,,,,,,,1.0,TEMPORAL_ADVERBIAL,84.0,true
span:AUTH-TAD-0346,rule:R_TEMP_KG_ADV_01,MATCHES_RULE,,,,,,,,2.0,TEMPORAL_ADVERBIAL,79.0,true
sentence:SENT-0008,source:GRAMMAR_MANUAL_ELEMENTARY,DERIVED_FROM,,,,,167,她刚毕业就当妈妈了,,,,,
sentence:SENT-0008,span:AUTH-TAD-0347,HAS_CANDIDATE,,,,,,,,,,,
span:AUTH-TAD-0347,consensus:AUTH-TAD-0347,HAS_CONSENSUS,,,,,,,,,,,
consensus:AUTH-TAD-0347,function:OTHER,MAPS_TO,,,,,,,,,,,
span:AUTH-TAD-0347,cleaning:C_暂不纳入主实验,HAS_CLEANING_STATUS,,,,,,,错误分析/待复核,,,,
span:AUTH-TAD-0347,ambiguity:候选片段与最终片段不一致,HAS_AMBIGUITY,,,,,,,,,,,
span:AUTH-TAD-0347,ambiguity:非目标时间表达,HAS_AMBIGUITY,,,,,,,,,,,
span:AUTH-TAD-0347,ambiguity:至少一名标注者修正片段,HAS_AMBIGUITY,,,,,,,,,,,
span:AUTH-TAD-0347,ambiguity:无重复,HAS_AMBIGUITY,,,,,,,,,,,
span:AUTH-TAD-0347,ambiguity:来源字段完整但仍需正版逐页核验,HAS_AMBIGUITY,,,,,,,,,,,
span:AUTH-TAD-0347,annotation:span:AUTH-TAD-0347:r1,ANNOTATED_BY,,,,,,,,,,,
annotation:span:AUTH-TAD-0347:r1,rater:rater_1,MADE_BY,,,,,,,,,,,
span:AUTH-TAD-0347,annotation:span:AUTH-TAD-0347:r2,ANNOTATED_BY,,,,,,,,,,,
annotation:span:AUTH-TAD-0347:r2,rater:rater_2,MADE_BY,,,,,,,,,,,
span:AUTH-TAD-0347,annotation:span:AUTH-TAD-0347:r3,ANNOTATED_BY,,,,,,,,,,,
annotation:span:AUTH-TAD-0347:r3,rater:rater_3,MADE_BY,,,,,,,,,,,
span:AUTH-TAD-0347,cue:BEFORE_PREDICATE,TRIGGERS_CUE,,,,,,,,,,,
span:AUTH-TAD-0347,cue:EVENT_TIME,TRIGGERS_CUE,,,,,,,,,,,
span:AUTH-TAD-0347,cue:NO_TEMPORAL_EXPRESSION,TRIGGERS_CUE,,,,,,,,,,,
span:AUTH-TAD-0347,cue:REVIEW_NON_TARGET_RISK,TRIGGERS_CUE,,,,,,,,,,,
span:AUTH-TAD-0347,rule:R_TEMP_KG_OTHER_01,MATCHES_RULE,,,,,,,,1.0,OTHER,130.0,true
sentence:SENT-0012,source:GRAMMAR_MANUAL_INTERMEDIATE,DERIVED_FROM,,,,,188,他正在写毕业论文，不管电视也好，电影也好，都没时间看,,,,,
sentence:SENT-0012,span:AUTH-TAD-0348,HAS_CANDIDATE,,,,,,,,,,,
span:AUTH-TAD-0348,consensus:AUTH-TAD-0348,HAS_CONSENSUS,,,,,,,,,,,
consensus:AUTH-TAD-0348,function:COMPLEMENT,MAPS_TO,,,,,,,,,,,
span:AUTH-TAD-0348,cleaning:B_边界复核集,HAS_CLEANING_STATUS,,,,,,,边界集/鲁棒性分析,,,,
span:AUTH-TAD-0348,ambiguity:时量补语_持续时间边界,HAS_AMBIGUITY,,,,,,,,,,,
span:AUTH-TAD-0348,ambiguity:无重复,HAS_AMBIGUITY,,,,,,,,,,,
span:AUTH-TAD-0348,ambiguity:来源字段完整但仍需正版逐页核验,HAS_AMBIGUITY,,,,,,,,,,,
span:AUTH-TAD-0348,annotation:span:AUTH-TAD-0348:r1,ANNOTATED_BY,,,,,,,,,,,
annotation:span:AUTH-TAD-0348:r1,rater:rater_1,MADE_BY,,,,,,,,,,,
span:AUTH-TAD-0348,annotation:span:AUTH-TAD-0348:r2,ANNOTATED_BY,,,,,,,,,,,
annotation:span:AUTH-TAD-0348:r2,rater:rater_2,MADE_BY,,,,,,,,,,,
span:AUTH-TAD-0348,annotation:span:AUTH-TAD-0348:r3,ANNOTATED_BY,,,,,,,,,,,
annotation:span:AUTH-TAD-0348:r3,rater:rater_3,MADE_BY,,,,,,,,,,,
span:AUTH-TAD-0348,cue:AFTER_VERB,TRIGGERS_CUE,,,,,,,,,,,
span:AUTH-TAD-0348,cue:DURATION_COMPLEMENT,TRIGGERS_CUE,,,,,,,,,,,
span:AUTH-TAD-0348,cue:INDEFINITE_TIME,TRIGGERS_CUE,,,,,,,,,,,
span:AUTH-TAD-0348,cue:TIME_DURATION,TRIGGERS_CUE,,,,,,,,,,,
span:AUTH-TAD-0348,cue:TIME_POINT,TRIGGERS_CUE,,,,,,,,,,,
span:AUTH-TAD-0348,rule:R_TEMP_COMP_01,MATCHES_RULE,,,,,,,,1.0,COMPLEMENT,96.0,true
span:AUTH-TAD-0348,rule:R_TEMP_COMP_02,MATCHES_RULE,,,,,,,,2.0,COMPLEMENT,95.0,true
span:AUTH-TAD-0348,rule:R_TEMP_COMP_07,MATCHES_RULE,,,,,,,,3.0,COMPLEMENT,94.0,true
sentence:SENT-0207,source:GRAMMAR_MANUAL_ELEMENTARY,DERIVED_FROM,,,,,35,找 谁? 小提示 (1)使用疑问代词“谁”提问的时候，句末可以不用语气助词，也可以加语气 助,,,,,
sentence:SENT-0207,span:AUTH-TAD-0349,HAS_CANDIDATE,,,,,,,,,,,
span:AUTH-TAD-0349,consensus:AUTH-TAD-0349,HAS_CONSENSUS,,,,,,,,,,,
consensus:AUTH-TAD-0349,function:TEMPORAL_ADVERBIAL,MAPS_TO,,,,,,,,,,,
span:AUTH-TAD-0349,cleaning:A_主评测候选,HAS_CLEANING_STATUS,,,,,,,主实验/严格评测,,,,
span:AUTH-TAD-0349,ambiguity:无重复,HAS_AMBIGUITY,,,,,,,,,,,
span:AUTH-TAD-0349,ambiguity:来源字段完整但仍需正版逐页核验,HAS_AMBIGUITY,,,,,,,,,,,
span:AUTH-TAD-0349,annotation:span:AUTH-TAD-0349:r1,ANNOTATED_BY,,,,,,,,,,,
annotation:span:AUTH-TAD-0349:r1,rater:rater_1,MADE_BY,,,,,,,,,,,
span:AUTH-TAD-0349,annotation:span:AUTH-TAD-0349:r2,ANNOTATED_BY,,,,,,,,,,,
annotation:span:AUTH-TAD-0349:r2,rater:rater_2,MADE_BY,,,,,,,,,,,
span:AUTH-TAD-0349,annotation:span:AUTH-TAD-0349:r3,ANNOTATED_BY,,,,,,,,,,,
annotation:span:AUTH-TAD-0349:r3,rater:rater_3,MADE_BY,,,,,,,,,,,
span:AUTH-TAD-0349,cue:BEFORE_PREDICATE,TRIGGERS_CUE,,,,,,,,,,,
span:AUTH-TAD-0349,cue:EVENT_TIME,TRIGGERS_CUE,,,,,,,,,,,
span:AUTH-TAD-0349,cue:TIME_NOUN,TRIGGERS_CUE,,,,,,,,,,,
span:AUTH-TAD-0349,rule:R_TEMP_ADV_01,MATCHES_RULE,,,,,,,,1.0,TEMPORAL_ADVERBIAL,90.0,true
span:AUTH-TAD-0349,rule:R_TEMP_ADV_02,MATCHES_RULE,,,,,,,,2.0,TEMPORAL_ADVERBIAL,88.0,true
span:AUTH-TAD-0349,rule:R_TEMP_KG_ADV_02,MATCHES_RULE,,,,,,,,3.0,TEMPORAL_ADVERBIAL,72.0,true
sentence:SENT-0371,source:GRAMMAR_MANUAL_INTERMEDIATE,DERIVED_FROM,,,,,60,时间不多了，你还来得及吗? ◎ 结构特点 N,,,,,
sentence:SENT-0371,span:AUTH-TAD-0350,HAS_CANDIDATE,,,,,,,,,,,
span:AUTH-TAD-0350,consensus:AUTH-TAD-0350,HAS_CONSENSUS,,,,,,,,,,,
consensus:AUTH-TAD-0350,function:TEMPORAL_ADVERBIAL,MAPS_TO,,,,,,,,,,,
span:AUTH-TAD-0350,cleaning:B_边界复核集,HAS_CLEANING_STATUS,,,,,,,边界集/鲁棒性分析,,,,
span:AUTH-TAD-0350,ambiguity:时间副词_体貌副词边界,HAS_AMBIGUITY,,,,,,,,,,,
span:AUTH-TAD-0350,ambiguity:无重复,HAS_AMBIGUITY,,,,,,,,,,,
span:AUTH-TAD-0350,ambiguity:来源字段完整但仍需正版逐页核验,HAS_AMBIGUITY,,,,,,,,,,,
span:AUTH-TAD-0350,annotation:span:AUTH-TAD-0350:r1,ANNOTATED_BY,,,,,,,,,,,
annotation:span:AUTH-TAD-0350:r1,rater:rater_1,MADE_BY,,,,,,,,,,,
span:AUTH-TAD-0350,annotation:span:AUTH-TAD-0350:r2,ANNOTATED_BY,,,,,,,,,,,
annotation:span:AUTH-TAD-0350:r2,rater:rater_2,MADE_BY,,,,,,,,,,,
span:AUTH-TAD-0350,annotation:span:AUTH-TAD-0350:r3,ANNOTATED_BY,,,,,,,,,,,
annotation:span:AUTH-TAD-0350:r3,rater:rater_3,MADE_BY,,,,,,,,,,,
span:AUTH-TAD-0350,cue:BEFORE_PREDICATE,TRIGGERS_CUE,,,,,,,,,,,
span:AUTH-TAD-0350,cue:EVENT_TIME,TRIGGERS_CUE,,,,,,,,,,,
span:AUTH-TAD-0350,cue:LOCATION_EXPRESSION,TRIGGERS_CUE,,,,,,,,,,,
span:AUTH-TAD-0350,cue:NO_TEMPORAL_EXPRESSION,TRIGGERS_CUE,,,,,,,,,,,
span:AUTH-TAD-0350,cue:TIME_ADVERB,TRIGGERS_CUE,,,,,,,,,,,
span:AUTH-TAD-0350,rule:R_TEMP_OTHER_01,MATCHES_RULE,,,,,,,,1.0,OTHER,90.0,false
span:AUTH-TAD-0350,rule:R_TEMP_ADV_19,MATCHES_RULE,,,,,,,,2.0,TEMPORAL_ADVERBIAL,84.0,true
span:AUTH-TAD-0350,rule:R_TEMP_ADV_08,MATCHES_RULE,,,,,,,,3.0,TEMPORAL_ADVERBIAL,78.0,true
sentence:SENT-0113,source:GRAMMAR_MANUAL_ELEMENTARY,DERIVED_FROM,,,,,352,81数量补语4(动词+时量补语):表示动作持续的 时间 【三51】 ◎,,,,,
sentence:SENT-0113,span:AUTH-TAD-0351,HAS_CANDIDATE,,,,,,,,,,,
span:AUTH-TAD-0351,consensus:AUTH-TAD-0351,HAS_CONSENSUS,,,,,,,,,,,
consensus:AUTH-TAD-0351,function:COMPLEMENT,MAPS_TO,,,,,,,,,,,
span:AUTH-TAD-0351,cleaning:B_边界复核集,HAS_CLEANING_STATUS,,,,,,,边界集/鲁棒性分析,,,,
span:AUTH-TAD-0351,ambiguity:可能为时间定语,HAS_AMBIGUITY,,,,,,,,,,,
span:AUTH-TAD-0351,ambiguity:时量补语_持续时间边界,HAS_AMBIGUITY,,,,,,,,,,,
span:AUTH-TAD-0351,ambiguity:三人标注不完全一致,HAS_AMBIGUITY,,,,,,,,,,,
span:AUTH-TAD-0351,ambiguity:无重复,HAS_AMBIGUITY,,,,,,,,,,,
span:AUTH-TAD-0351,ambiguity:来源字段完整但仍需正版逐页核验,HAS_AMBIGUITY,,,,,,,,,,,
span:AUTH-TAD-0351,annotation:span:AUTH-TAD-0351:r1,ANNOTATED_BY,,,,,,,,,,,
annotation:span:AUTH-TAD-0351:r1,rater:rater_1,MADE_BY,,,,,,,,,,,
span:AUTH-TAD-0351,annotation:span:AUTH-TAD-0351:r2,ANNOTATED_BY,,,,,,,,,,,
annotation:span:AUTH-TAD-0351:r2,rater:rater_2,MADE_BY,,,,,,,,,,,
span:AUTH-TAD-0351,annotation:span:AUTH-TAD-0351:r3,ANNOTATED_BY,,,,,,,,,,,
annotation:span:AUTH-TAD-0351:r3,rater:rater_3,MADE_BY,,,,,,,,,,,
span:AUTH-TAD-0351,cue:AFTER_VERB,TRIGGERS_CUE,,,,,,,,,,,
span:AUTH-TAD-0351,cue:ATTR_DE_DIRECT,TRIGGERS_CUE,,,,,,,,,,,
span:AUTH-TAD-0351,cue:COMPLEMENT_DURATION_CONTEXT,TRIGGERS_CUE,,,,,,,,,,,
span:AUTH-TAD-0351,cue:DE_PARTICLE,TRIGGERS_CUE,,,,,,,,,,,
span:AUTH-TAD-0351,cue:DURATION_COMPLEMENT,TRIGGERS_CUE,,,,,,,,,,,
span:AUTH-TAD-0351,cue:TIME_DURATION,TRIGGERS_CUE,,,,,,,,,,,
span:AUTH-TAD-0351,rule:R_TEMP_KG_ATTR_01,MATCHES_RULE,,,,,,,,1.0,ATTRIBUTE,128.0,false
span:AUTH-TAD-0351,rule:R_TEMP_KG_COMP_01,MATCHES_RULE,,,,,,,,2.0,COMPLEMENT,127.0,true
span:AUTH-TAD-0351,rule:R_TEMP_COMP_01,MATCHES_RULE,,,,,,,,3.0,COMPLEMENT,96.0,true
span:AUTH-TAD-0351,rule:R_TEMP_COMP_02,MATCHES_RULE,,,,,,,,4.0,COMPLEMENT,95.0,true
span:AUTH-TAD-0351,rule:R_TEMP_COMP_07,MATCHES_RULE,,,,,,,,5.0,COMPLEMENT,94.0,true
sentence:SENT-0384,source:GRAMMAR_MANUAL_INTERMEDIATE,DERIVED_FROM,,,,,361,例句 不管天气怎么样， 这次演出非他指挥 我们这时候出门， 我们非去不可,,,,,
sentence:SENT-0384,span:AUTH-TAD-0352,HAS_CANDIDATE,,,,,,,,,,,
span:AUTH-TAD-0352,consensus:AUTH-TAD-0352,HAS_CONSENSUS,,,,,,,,,,,
consensus:AUTH-TAD-0352,function:TEMPORAL_ADVERBIAL,MAPS_TO,,,,,,,,,,,
span:AUTH-TAD-0352,cleaning:A_主评测候选,HAS_CLEANING_STATUS,,,,,,,主实验/严格评测,,,,
span:AUTH-TAD-0352,ambiguity:无重复,HAS_AMBIGUITY,,,,,,,,,,,
span:AUTH-TAD-0352,ambiguity:来源字段完整但仍需正版逐页核验,HAS_AMBIGUITY,,,,,,,,,,,
span:AUTH-TAD-0352,annotation:span:AUTH-TAD-0352:r1,ANNOTATED_BY,,,,,,,,,,,
annotation:span:AUTH-TAD-0352:r1,rater:rater_1,MADE_BY,,,,,,,,,,,
span:AUTH-TAD-0352,annotation:span:AUTH-TAD-0352:r2,ANNOTATED_BY,,,,,,,,,,,
annotation:span:AUTH-TAD-0352:r2,rater:rater_2,MADE_BY,,,,,,,,,,,
span:AUTH-TAD-0352,annotation:span:AUTH-TAD-0352:r3,ANNOTATED_BY,,,,,,,,,,,
annotation:span:AUTH-TAD-0352:r3,rater:rater_3,MADE_BY,,,,,,,,,,,
span:AUTH-TAD-0352,cue:TIME_ADVERB,TRIGGERS_CUE,,,,,,,,,,,
span:AUTH-TAD-0352,cue:TIME_NOUN,TRIGGERS_CUE,,,,,,,,,,,
span:AUTH-TAD-0352,cue:TIME_POINT,TRIGGERS_CUE,,,,,,,,,,,
span:AUTH-TAD-0352,rule:R_TEMP_KG_ADV_02,MATCHES_RULE,,,,,,,,1.0,TEMPORAL_ADVERBIAL,72.0,true
sentence:SENT-0171,source:GRAMMAR_MANUAL_INTERMEDIATE,DERIVED_FROM,,,,,203,由于时间关系，我们只能介绍到这里为止了,,,,,
sentence:SENT-0171,span:AUTH-TAD-0353,HAS_CANDIDATE,,,,,,,,,,,
span:AUTH-TAD-0353,consensus:AUTH-TAD-0353,HAS_CONSENSUS,,,,,,,,,,,
consensus:AUTH-TAD-0353,function:OTHER,MAPS_TO,,,,,,,,,,,
span:AUTH-TAD-0353,cleaning:C_暂不纳入主实验,HAS_CLEANING_STATUS,,,,,,,错误分析/待复核,,,,
span:AUTH-TAD-0353,ambiguity:时间主语_普通时间词边界,HAS_AMBIGUITY,,,,,,,,,,,
span:AUTH-TAD-0353,ambiguity:候选片段与最终片段不一致,HAS_AMBIGUITY,,,,,,,,,,,
span:AUTH-TAD-0353,ambiguity:非目标时间表达,HAS_AMBIGUITY,,,,,,,,,,,
span:AUTH-TAD-0353,ambiguity:至少一名标注者修正片段,HAS_AMBIGUITY,,,,,,,,,,,
span:AUTH-TAD-0353,ambiguity:无重复,HAS_AMBIGUITY,,,,,,,,,,,
span:AUTH-TAD-0353,ambiguity:来源字段完整但仍需正版逐页核验,HAS_AMBIGUITY,,,,,,,,,,,
span:AUTH-TAD-0353,annotation:span:AUTH-TAD-0353:r1,ANNOTATED_BY,,,,,,,,,,,
annotation:span:AUTH-TAD-0353:r1,rater:rater_1,MADE_BY,,,,,,,,,,,
span:AUTH-TAD-0353,annotation:span:AUTH-TAD-0353:r2,ANNOTATED_BY,,,,,,,,,,,
annotation:span:AUTH-TAD-0353:r2,rater:rater_2,MADE_BY,,,,,,,,,,,
span:AUTH-TAD-0353,annotation:span:AUTH-TAD-0353:r3,ANNOTATED_BY,,,,,,,,,,,
annotation:span:AUTH-TAD-0353:r3,rater:rater_3,MADE_BY,,,,,,,,,,,
span:AUTH-TAD-0353,cue:REVIEW_NON_TARGET_RISK,TRIGGERS_CUE,,,,,,,,,,,
span:AUTH-TAD-0353,cue:TIME_ADVERB,TRIGGERS_CUE,,,,,,,,,,,
span:AUTH-TAD-0353,cue:TIME_AFTER_BEFORE,TRIGGERS_CUE,,,,,,,,,,,
span:AUTH-TAD-0353,cue:TIME_FREQUENCY,TRIGGERS_CUE,,,,,,,,,,,
span:AUTH-TAD-0353,cue:TIME_NOUN,TRIGGERS_CUE,,,,,,,,,,,
span:AUTH-TAD-0353,cue:TIME_POINT,TRIGGERS_CUE,,,,,,,,,,,
span:AUTH-TAD-0353,rule:R_TEMP_KG_OTHER_01,MATCHES_RULE,,,,,,,,1.0,OTHER,130.0,true
span:AUTH-TAD-0353,rule:R_TEMP_KG_ADV_01,MATCHES_RULE,,,,,,,,2.0,TEMPORAL_ADVERBIAL,79.0,false
span:AUTH-TAD-0353,rule:R_TEMP_ADV_11,MATCHES_RULE,,,,,,,,3.0,TEMPORAL_ADVERBIAL,73.0,false
span:AUTH-TAD-0353,rule:R_TEMP_KG_ADV_02,MATCHES_RULE,,,,,,,,4.0,TEMPORAL_ADVERBIAL,72.0,false
sentence:SENT-0300,source:GRAMMAR_MANUAL_INTERMEDIATE,DERIVED_FROM,,,,,82,计划 提前 了 一周 吗? 小提示 (1)带“动量补语/时量补语”的“把”字句中，“把”前不能,,,,,
sentence:SENT-0300,span:AUTH-TAD-0354,HAS_CANDIDATE,,,,,,,,,,,
span:AUTH-TAD-0354,consensus:AUTH-TAD-0354,HAS_CONSENSUS,,,,,,,,,,,
consensus:AUTH-TAD-0354,function:COMPLEMENT,MAPS_TO,,,,,,,,,,,
span:AUTH-TAD-0354,cleaning:B_边界复核集,HAS_CLEANING_STATUS,,,,,,,边界集/鲁棒性分析,,,,
span:AUTH-TAD-0354,ambiguity:时量补语_持续时间边界,HAS_AMBIGUITY,,,,,,,,,,,
span:AUTH-TAD-0354,ambiguity:无重复,HAS_AMBIGUITY,,,,,,,,,,,
span:AUTH-TAD-0354,ambiguity:来源字段完整但仍需正版逐页核验,HAS_AMBIGUITY,,,,,,,,,,,
span:AUTH-TAD-0354,annotation:span:AUTH-TAD-0354:r1,ANNOTATED_BY,,,,,,,,,,,
annotation:span:AUTH-TAD-0354:r1,rater:rater_1,MADE_BY,,,,,,,,,,,
span:AUTH-TAD-0354,annotation:span:AUTH-TAD-0354:r2,ANNOTATED_BY,,,,,,,,,,,
annotation:span:AUTH-TAD-0354:r2,rater:rater_2,MADE_BY,,,,,,,,,,,
span:AUTH-TAD-0354,annotation:span:AUTH-TAD-0354:r3,ANNOTATED_BY,,,,,,,,,,,
annotation:span:AUTH-TAD-0354:r3,rater:rater_3,MADE_BY,,,,,,,,,,,
span:AUTH-TAD-0354,cue:AFTER_VERB,TRIGGERS_CUE,,,,,,,,,,,
span:AUTH-TAD-0354,cue:COMPLEMENT_DURATION_CONTEXT,TRIGGERS_CUE,,,,,,,,,,,
span:AUTH-TAD-0354,cue:DURATION_COMPLEMENT,TRIGGERS_CUE,,,,,,,,,,,
span:AUTH-TAD-0354,cue:TIME_DURATION,TRIGGERS_CUE,,,,,,,,,,,
span:AUTH-TAD-0354,rule:R_TEMP_KG_COMP_01,MATCHES_RULE,,,,,,,,1.0,COMPLEMENT,127.0,true
span:AUTH-TAD-0354,rule:R_TEMP_COMP_01,MATCHES_RULE,,,,,,,,2.0,COMPLEMENT,96.0,true
span:AUTH-TAD-0354,rule:R_TEMP_COMP_02,MATCHES_RULE,,,,,,,,3.0,COMPLEMENT,95.0,true
span:AUTH-TAD-0354,rule:R_TEMP_COMP_07,MATCHES_RULE,,,,,,,,4.0,COMPLEMENT,94.0,true
sentence:SENT-0211,source:GRAMMAR_MANUAL_ADVANCED,DERIVED_FROM,,,,,12,◎结构特点 “另”一般用于数量短语前边作定语,,,,,
sentence:SENT-0211,span:AUTH-TAD-0355,HAS_CANDIDATE,,,,,,,,,,,
span:AUTH-TAD-0355,consensus:AUTH-TAD-0355,HAS_CONSENSUS,,,,,,,,,,,
consensus:AUTH-TAD-0355,function:TEMPORAL_ADVERBIAL,MAPS_TO,,,,,,,,,,,
span:AUTH-TAD-0355,cleaning:B_边界复核集,HAS_CLEANING_STATUS,,,,,,,边界集/鲁棒性分析,,,,
span:AUTH-TAD-0355,ambiguity:时间主语_普通时间词边界,HAS_AMBIGUITY,,,,,,,,,,,
span:AUTH-TAD-0355,ambiguity:无重复,HAS_AMBIGUITY,,,,,,,,,,,
span:AUTH-TAD-0355,ambiguity:来源字段完整但仍需正版逐页核验,HAS_AMBIGUITY,,,,,,,,,,,
span:AUTH-TAD-0355,annotation:span:AUTH-TAD-0355:r1,ANNOTATED_BY,,,,,,,,,,,
annotation:span:AUTH-TAD-0355:r1,rater:rater_1,MADE_BY,,,,,,,,,,,
span:AUTH-TAD-0355,annotation:span:AUTH-TAD-0355:r2,ANNOTATED_BY,,,,,,,,,,,
annotation:span:AUTH-TAD-0355:r2,rater:rater_2,MADE_BY,,,,,,,,,,,
span:AUTH-TAD-0355,annotation:span:AUTH-TAD-0355:r3,ANNOTATED_BY,,,,,,,,,,,
annotation:span:AUTH-TAD-0355:r3,rater:rater_3,MADE_BY,,,,,,,,,,,
span:AUTH-TAD-0355,cue:COPULA_SHI,TRIGGERS_CUE,,,,,,,,,,,
span:AUTH-TAD-0355,cue:DEICTIC_TIME,TRIGGERS_CUE,,,,,,,,,,,
span:AUTH-TAD-0355,cue:TIME_ADVERB,TRIGGERS_CUE,,,,,,,,,,,
span:AUTH-TAD-0355,cue:TIME_FREQUENCY,TRIGGERS_CUE,,,,,,,,,,,
span:AUTH-TAD-0355,cue:TIME_NOUN,TRIGGERS_CUE,,,,,,,,,,,
span:AUTH-TAD-0355,cue:TIME_POINT,TRIGGERS_CUE,,,,,,,,,,,
span:AUTH-TAD-0355,rule:R_TEMP_KG_ADV_01,MATCHES_RULE,,,,,,,,1.0,TEMPORAL_ADVERBIAL,79.0,true
span:AUTH-TAD-0355,rule:R_TEMP_ADV_11,MATCHES_RULE,,,,,,,,2.0,TEMPORAL_ADVERBIAL,73.0,true
span:AUTH-TAD-0355,rule:R_TEMP_KG_ADV_02,MATCHES_RULE,,,,,,,,3.0,TEMPORAL_ADVERBIAL,72.0,true
sentence:SENT-0014,source:GRAMMAR_MANUAL_ADVANCED,DERIVED_FROM,,,,,82,一般位于复句中的后一分句，常与“先、开始、本来”等时间词语 搭配使用,,,,,
sentence:SENT-0014,span:AUTH-TAD-0356,HAS_CANDIDATE,,,,,,,,,,,
span:AUTH-TAD-0356,consensus:AUTH-TAD-0356,HAS_CONSENSUS,,,,,,,,,,,
consensus:AUTH-TAD-0356,function:TEMPORAL_ADVERBIAL,MAPS_TO,,,,,,,,,,,
span:AUTH-TAD-0356,cleaning:A_主评测候选,HAS_CLEANING_STATUS,,,,,,,主实验/严格评测,,,,
span:AUTH-TAD-0356,ambiguity:无重复,HAS_AMBIGUITY,,,,,,,,,,,
span:AUTH-TAD-0356,ambiguity:来源字段完整但仍需正版逐页核验,HAS_AMBIGUITY,,,,,,,,,,,
span:AUTH-TAD-0356,annotation:span:AUTH-TAD-0356:r1,ANNOTATED_BY,,,,,,,,,,,
annotation:span:AUTH-TAD-0356:r1,rater:rater_1,MADE_BY,,,,,,,,,,,
span:AUTH-TAD-0356,annotation:span:AUTH-TAD-0356:r2,ANNOTATED_BY,,,,,,,,,,,
annotation:span:AUTH-TAD-0356:r2,rater:rater_2,MADE_BY,,,,,,,,,,,
span:AUTH-TAD-0356,annotation:span:AUTH-TAD-0356:r3,ANNOTATED_BY,,,,,,,,,,,
annotation:span:AUTH-TAD-0356:r3,rater:rater_3,MADE_BY,,,,,,,,,,,
span:AUTH-TAD-0356,cue:BEFORE_PREDICATE,TRIGGERS_CUE,,,,,,,,,,,
span:AUTH-TAD-0356,cue:EVENT_TIME,TRIGGERS_CUE,,,,,,,,,,,
span:AUTH-TAD-0356,cue:TIME_ADVERB,TRIGGERS_CUE,,,,,,,,,,,
span:AUTH-TAD-0356,cue:TIME_NOUN,TRIGGERS_CUE,,,,,,,,,,,
span:AUTH-TAD-0356,cue:TIME_POINT,TRIGGERS_CUE,,,,,,,,,,,
span:AUTH-TAD-0356,rule:R_TEMP_ADV_01,MATCHES_RULE,,,,,,,,1.0,TEMPORAL_ADVERBIAL,90.0,true
span:AUTH-TAD-0356,rule:R_TEMP_ADV_02,MATCHES_RULE,,,,,,,,2.0,TEMPORAL_ADVERBIAL,88.0,true
span:AUTH-TAD-0356,rule:R_TEMP_ADV_19,MATCHES_RULE,,,,,,,,3.0,TEMPORAL_ADVERBIAL,84.0,true
span:AUTH-TAD-0356,rule:R_TEMP_ADV_08,MATCHES_RULE,,,,,,,,4.0,TEMPORAL_ADVERBIAL,78.0,true
span:AUTH-TAD-0356,rule:R_TEMP_ADV_10,MATCHES_RULE,,,,,,,,5.0,TEMPORAL_ADVERBIAL,75.0,true
sentence:SENT-0416,source:GRAMMAR_MANUAL_ELEMENTARY,DERIVED_FROM,,,,,63,上课的时候别看 手机,,,,,
sentence:SENT-0416,span:AUTH-TAD-0357,HAS_CANDIDATE,,,,,,,,,,,
span:AUTH-TAD-0357,consensus:AUTH-TAD-0357,HAS_CONSENSUS,,,,,,,,,,,
consensus:AUTH-TAD-0357,function:TEMPORAL_ADVERBIAL,MAPS_TO,,,,,,,,,,,
span:AUTH-TAD-0357,cleaning:B_边界复核集,HAS_CLEANING_STATUS,,,,,,,边界集/鲁棒性分析,,,,
span:AUTH-TAD-0357,ambiguity:相对时间框架边界,HAS_AMBIGUITY,,,,,,,,,,,
span:AUTH-TAD-0357,ambiguity:无重复,HAS_AMBIGUITY,,,,,,,,,,,
span:AUTH-TAD-0357,ambiguity:来源字段完整但仍需正版逐页核验,HAS_AMBIGUITY,,,,,,,,,,,
span:AUTH-TAD-0357,annotation:span:AUTH-TAD-0357:r1,ANNOTATED_BY,,,,,,,,,,,
annotation:span:AUTH-TAD-0357:r1,rater:rater_1,MADE_BY,,,,,,,,,,,
span:AUTH-TAD-0357,annotation:span:AUTH-TAD-0357:r2,ANNOTATED_BY,,,,,,,,,,,
annotation:span:AUTH-TAD-0357:r2,rater:rater_2,MADE_BY,,,,,,,,,,,
span:AUTH-TAD-0357,annotation:span:AUTH-TAD-0357:r3,ANNOTATED_BY,,,,,,,,,,,
annotation:span:AUTH-TAD-0357:r3,rater:rater_3,MADE_BY,,,,,,,,,,,
span:AUTH-TAD-0357,cue:BEFORE_PREDICATE,TRIGGERS_CUE,,,,,,,,,,,
span:AUTH-TAD-0357,cue:EVENT_TIME,TRIGGERS_CUE,,,,,,,,,,,
span:AUTH-TAD-0357,cue:SENTENCE_INITIAL,TRIGGERS_CUE,,,,,,,,,,,
span:AUTH-TAD-0357,cue:TIME_NOUN,TRIGGERS_CUE,,,,,,,,,,,
span:AUTH-TAD-0357,rule:R_TEMP_ADV_01,MATCHES_RULE,,,,,,,,1.0,TEMPORAL_ADVERBIAL,90.0,true
span:AUTH-TAD-0357,rule:R_TEMP_ADV_02,MATCHES_RULE,,,,,,,,2.0,TEMPORAL_ADVERBIAL,88.0,true
span:AUTH-TAD-0357,rule:R_TEMP_KG_ADV_02,MATCHES_RULE,,,,,,,,3.0,TEMPORAL_ADVERBIAL,72.0,true
sentence:SENT-0398,span:AUTH-TAD-0358,HAS_CANDIDATE,,,,,,,,,,,
span:AUTH-TAD-0358,consensus:AUTH-TAD-0358,HAS_CONSENSUS,,,,,,,,,,,
consensus:AUTH-TAD-0358,function:TEMPORAL_ADVERBIAL,MAPS_TO,,,,,,,,,,,
span:AUTH-TAD-0358,cleaning:C_暂不纳入主实验,HAS_CLEANING_STATUS,,,,,,,待复核,,,,
span:AUTH-TAD-0358,ambiguity:三人标注不完全一致,HAS_AMBIGUITY,,,,,,,,,,,
span:AUTH-TAD-0358,ambiguity:至少一名标注者修正片段,HAS_AMBIGUITY,,,,,,,,,,,
span:AUTH-TAD-0358,ambiguity:同句多候选_重复句,HAS_AMBIGUITY,,,,,,,,,,,
span:AUTH-TAD-0358,ambiguity:来源字段完整但仍需正版逐页核验,HAS_AMBIGUITY,,,,,,,,,,,
span:AUTH-TAD-0358,annotation:span:AUTH-TAD-0358:r1,ANNOTATED_BY,,,,,,,,,,,
annotation:span:AUTH-TAD-0358:r1,rater:rater_1,MADE_BY,,,,,,,,,,,
span:AUTH-TAD-0358,annotation:span:AUTH-TAD-0358:r2,ANNOTATED_BY,,,,,,,,,,,
annotation:span:AUTH-TAD-0358:r2,rater:rater_2,MADE_BY,,,,,,,,,,,
span:AUTH-TAD-0358,annotation:span:AUTH-TAD-0358:r3,ANNOTATED_BY,,,,,,,,,,,
annotation:span:AUTH-TAD-0358:r3,rater:rater_3,MADE_BY,,,,,,,,,,,
span:AUTH-TAD-0358,cue:ABSTRACT_OR_NON_TARGET_TIME,TRIGGERS_CUE,,,,,,,,,,,
span:AUTH-TAD-0358,cue:BEFORE_PREDICATE,TRIGGERS_CUE,,,,,,,,,,,
span:AUTH-TAD-0358,cue:EVENT_TIME,TRIGGERS_CUE,,,,,,,,,,,
span:AUTH-TAD-0358,cue:SENTENCE_INITIAL,TRIGGERS_CUE,,,,,,,,,,,
span:AUTH-TAD-0358,cue:TEMPORAL_COMPARISON_STATE,TRIGGERS_CUE,,,,,,,,,,,
span:AUTH-TAD-0358,cue:TIME_ADVERB,TRIGGERS_CUE,,,,,,,,,,,
span:AUTH-TAD-0358,cue:TIME_NOUN,TRIGGERS_CUE,,,,,,,,,,,
span:AUTH-TAD-0358,cue:TIME_POINT,TRIGGERS_CUE,,,,,,,,,,,
span:AUTH-TAD-0358,rule:R_TEMP_KG_OTHER_02,MATCHES_RULE,,,,,,,,1.0,OTHER,124.0,false
span:AUTH-TAD-0358,rule:R_TEMP_KG_OTHER_03,MATCHES_RULE,,,,,,,,2.0,OTHER,123.0,false
span:AUTH-TAD-0358,rule:R_TEMP_ADV_01,MATCHES_RULE,,,,,,,,3.0,TEMPORAL_ADVERBIAL,90.0,true
span:AUTH-TAD-0358,rule:R_TEMP_ADV_02,MATCHES_RULE,,,,,,,,4.0,TEMPORAL_ADVERBIAL,88.0,true
span:AUTH-TAD-0358,rule:R_TEMP_ADV_19,MATCHES_RULE,,,,,,,,5.0,TEMPORAL_ADVERBIAL,84.0,true
sentence:SENT-0172,span:AUTH-TAD-0359,HAS_CANDIDATE,,,,,,,,,,,
span:AUTH-TAD-0359,consensus:AUTH-TAD-0359,HAS_CONSENSUS,,,,,,,,,,,
consensus:AUTH-TAD-0359,function:OTHER,MAPS_TO,,,,,,,,,,,
span:AUTH-TAD-0359,cleaning:C_暂不纳入主实验,HAS_CLEANING_STATUS,,,,,,,待复核,,,,
span:AUTH-TAD-0359,ambiguity:候选片段与最终片段不一致,HAS_AMBIGUITY,,,,,,,,,,,
span:AUTH-TAD-0359,ambiguity:非目标时间表达,HAS_AMBIGUITY,,,,,,,,,,,
span:AUTH-TAD-0359,ambiguity:三人标注不完全一致,HAS_AMBIGUITY,,,,,,,,,,,
span:AUTH-TAD-0359,ambiguity:至少一名标注者修正片段,HAS_AMBIGUITY,,,,,,,,,,,
span:AUTH-TAD-0359,ambiguity:同句多候选_重复句,HAS_AMBIGUITY,,,,,,,,,,,
span:AUTH-TAD-0359,ambiguity:来源字段完整但仍需正版逐页核验,HAS_AMBIGUITY,,,,,,,,,,,
span:AUTH-TAD-0359,annotation:span:AUTH-TAD-0359:r1,ANNOTATED_BY,,,,,,,,,,,
annotation:span:AUTH-TAD-0359:r1,rater:rater_1,MADE_BY,,,,,,,,,,,
span:AUTH-TAD-0359,annotation:span:AUTH-TAD-0359:r2,ANNOTATED_BY,,,,,,,,,,,
annotation:span:AUTH-TAD-0359:r2,rater:rater_2,MADE_BY,,,,,,,,,,,
span:AUTH-TAD-0359,annotation:span:AUTH-TAD-0359:r3,ANNOTATED_BY,,,,,,,,,,,
annotation:span:AUTH-TAD-0359:r3,rater:rater_3,MADE_BY,,,,,,,,,,,
span:AUTH-TAD-0359,cue:BEFORE_PREDICATE,TRIGGERS_CUE,,,,,,,,,,,
span:AUTH-TAD-0359,cue:EVENT_TIME,TRIGGERS_CUE,,,,,,,,,,,
span:AUTH-TAD-0359,cue:NO_TEMPORAL_EXPRESSION,TRIGGERS_CUE,,,,,,,,,,,
span:AUTH-TAD-0359,cue:REVIEW_NON_TARGET_RISK,TRIGGERS_CUE,,,,,,,,,,,
span:AUTH-TAD-0359,rule:R_TEMP_KG_OTHER_01,MATCHES_RULE,,,,,,,,1.0,OTHER,130.0,true
sentence:SENT-0100,source:GRAMMAR_MANUAL_ELEMENTARY,DERIVED_FROM,,,,,160,一般用在主语后，动词性成分、形容词或数量短语前，作状语,,,,,
sentence:SENT-0100,span:AUTH-TAD-0360,HAS_CANDIDATE,,,,,,,,,,,
span:AUTH-TAD-0360,consensus:AUTH-TAD-0360,HAS_CONSENSUS,,,,,,,,,,,
consensus:AUTH-TAD-0360,function:TEMPORAL_ADVERBIAL,MAPS_TO,,,,,,,,,,,
span:AUTH-TAD-0360,cleaning:C_暂不纳入主实验,HAS_CLEANING_STATUS,,,,,,,待复核,,,,
span:AUTH-TAD-0360,ambiguity:三人标注不完全一致,HAS_AMBIGUITY,,,,,,,,,,,
span:AUTH-TAD-0360,ambiguity:至少一名标注者修正片段,HAS_AMBIGUITY,,,,,,,,,,,
span:AUTH-TAD-0360,ambiguity:无重复,HAS_AMBIGUITY,,,,,,,,,,,
span:AUTH-TAD-0360,ambiguity:来源字段完整但仍需正版逐页核验,HAS_AMBIGUITY,,,,,,,,,,,
span:AUTH-TAD-0360,annotation:span:AUTH-TAD-0360:r1,ANNOTATED_BY,,,,,,,,,,,
annotation:span:AUTH-TAD-0360:r1,rater:rater_1,MADE_BY,,,,,,,,,,,
span:AUTH-TAD-0360,annotation:span:AUTH-TAD-0360:r2,ANNOTATED_BY,,,,,,,,,,,
annotation:span:AUTH-TAD-0360:r2,rater:rater_2,MADE_BY,,,,,,,,,,,
span:AUTH-TAD-0360,annotation:span:AUTH-TAD-0360:r3,ANNOTATED_BY,,,,,,,,,,,
annotation:span:AUTH-TAD-0360:r3,rater:rater_3,MADE_BY,,,,,,,,,,,
span:AUTH-TAD-0360,cue:BEFORE_PREDICATE,TRIGGERS_CUE,,,,,,,,,,,
span:AUTH-TAD-0360,cue:EVENT_TIME,TRIGGERS_CUE,,,,,,,,,,,
span:AUTH-TAD-0360,cue:NO_TEMPORAL_EXPRESSION,TRIGGERS_CUE,,,,,,,,,,,
sentence:SENT-0013,source:GRAMMAR_MANUAL_ADVANCED,DERIVED_FROM,,,,,189,不去就不去吧，以后别后悔就好,,,,,
sentence:SENT-0013,span:AUTH-TAD-0361,HAS_CANDIDATE,,,,,,,,,,,
span:AUTH-TAD-0361,consensus:AUTH-TAD-0361,HAS_CONSENSUS,,,,,,,,,,,
consensus:AUTH-TAD-0361,function:TEMPORAL_ADVERBIAL,MAPS_TO,,,,,,,,,,,
span:AUTH-TAD-0361,cleaning:B_边界复核集,HAS_CLEANING_STATUS,,,,,,,边界集/鲁棒性分析,,,,
span:AUTH-TAD-0361,ambiguity:相对时间框架边界,HAS_AMBIGUITY,,,,,,,,,,,
span:AUTH-TAD-0361,ambiguity:无重复,HAS_AMBIGUITY,,,,,,,,,,,
span:AUTH-TAD-0361,ambiguity:来源字段完整但仍需正版逐页核验,HAS_AMBIGUITY,,,,,,,,,,,
span:AUTH-TAD-0361,annotation:span:AUTH-TAD-0361:r1,ANNOTATED_BY,,,,,,,,,,,
annotation:span:AUTH-TAD-0361:r1,rater:rater_1,MADE_BY,,,,,,,,,,,
span:AUTH-TAD-0361,annotation:span:AUTH-TAD-0361:r2,ANNOTATED_BY,,,,,,,,,,,
annotation:span:AUTH-TAD-0361:r2,rater:rater_2,MADE_BY,,,,,,,,,,,
span:AUTH-TAD-0361,annotation:span:AUTH-TAD-0361:r3,ANNOTATED_BY,,,,,,,,,,,
annotation:span:AUTH-TAD-0361:r3,rater:rater_3,MADE_BY,,,,,,,,,,,
span:AUTH-TAD-0361,cue:AFTER_VERB,TRIGGERS_CUE,,,,,,,,,,,
span:AUTH-TAD-0361,cue:NO_TEMPORAL_EXPRESSION,TRIGGERS_CUE,,,,,,,,,,,
span:AUTH-TAD-0361,cue:POSTPOSED_TEMPORAL_MARKER,TRIGGERS_CUE,,,,,,,,,,,
span:AUTH-TAD-0361,cue:TIME_AFTER_BEFORE,TRIGGERS_CUE,,,,,,,,,,,
span:AUTH-TAD-0361,rule:R_TEMP_COMP_09,MATCHES_RULE,,,,,,,,1.0,COMPLEMENT,91.0,false
span:AUTH-TAD-0361,rule:R_TEMP_COMP_08,MATCHES_RULE,,,,,,,,2.0,COMPLEMENT,89.0,false
sentence:SENT-0434,source:GRAMMAR_MANUAL_INTERMEDIATE,DERIVED_FROM,,,,,317,这一去时间或长或短，长的话要一两年，短的话两三个月,,,,,
sentence:SENT-0434,span:AUTH-TAD-0362,HAS_CANDIDATE,,,,,,,,,,,
span:AUTH-TAD-0362,consensus:AUTH-TAD-0362,HAS_CONSENSUS,,,,,,,,,,,
consensus:AUTH-TAD-0362,function:TEMPORAL_ADVERBIAL,MAPS_TO,,,,,,,,,,,
span:AUTH-TAD-0362,cleaning:B_边界复核集,HAS_CLEANING_STATUS,,,,,,,边界集/鲁棒性分析,,,,
span:AUTH-TAD-0362,ambiguity:时量补语_持续时间边界,HAS_AMBIGUITY,,,,,,,,,,,
span:AUTH-TAD-0362,ambiguity:三人标注不完全一致,HAS_AMBIGUITY,,,,,,,,,,,
span:AUTH-TAD-0362,ambiguity:无重复,HAS_AMBIGUITY,,,,,,,,,,,
span:AUTH-TAD-0362,ambiguity:来源字段完整但仍需正版逐页核验,HAS_AMBIGUITY,,,,,,,,,,,
span:AUTH-TAD-0362,annotation:span:AUTH-TAD-0362:r1,ANNOTATED_BY,,,,,,,,,,,
annotation:span:AUTH-TAD-0362:r1,rater:rater_1,MADE_BY,,,,,,,,,,,
span:AUTH-TAD-0362,annotation:span:AUTH-TAD-0362:r2,ANNOTATED_BY,,,,,,,,,,,
annotation:span:AUTH-TAD-0362:r2,rater:rater_2,MADE_BY,,,,,,,,,,,
span:AUTH-TAD-0362,annotation:span:AUTH-TAD-0362:r3,ANNOTATED_BY,,,,,,,,,,,
annotation:span:AUTH-TAD-0362:r3,rater:rater_3,MADE_BY,,,,,,,,,,,
span:AUTH-TAD-0362,cue:BEFORE_PREDICATE,TRIGGERS_CUE,,,,,,,,,,,
span:AUTH-TAD-0362,cue:EVENT_TIME,TRIGGERS_CUE,,,,,,,,,,,
span:AUTH-TAD-0362,cue:TIME_DURATION,TRIGGERS_CUE,,,,,,,,,,,
sentence:SENT-0261,source:GRAMMAR_MANUAL_ADVANCED,DERIVED_FROM,,,,,50,交际实践 我白白排了两个小 (在售票处，感叹等待时间长) 时的队呢! 工作人员：对不起，今天,,,,,
sentence:SENT-0261,span:AUTH-TAD-0363,HAS_CANDIDATE,,,,,,,,,,,
span:AUTH-TAD-0363,consensus:AUTH-TAD-0363,HAS_CONSENSUS,,,,,,,,,,,
consensus:AUTH-TAD-0363,function:TEMPORAL_ADVERBIAL,MAPS_TO,,,,,,,,,,,
span:AUTH-TAD-0363,cleaning:A_主评测候选,HAS_CLEANING_STATUS,,,,,,,主实验/严格评测,,,,
span:AUTH-TAD-0363,ambiguity:无重复,HAS_AMBIGUITY,,,,,,,,,,,
span:AUTH-TAD-0363,ambiguity:来源字段完整但仍需正版逐页核验,HAS_AMBIGUITY,,,,,,,,,,,
span:AUTH-TAD-0363,annotation:span:AUTH-TAD-0363:r1,ANNOTATED_BY,,,,,,,,,,,
annotation:span:AUTH-TAD-0363:r1,rater:rater_1,MADE_BY,,,,,,,,,,,
span:AUTH-TAD-0363,annotation:span:AUTH-TAD-0363:r2,ANNOTATED_BY,,,,,,,,,,,
annotation:span:AUTH-TAD-0363:r2,rater:rater_2,MADE_BY,,,,,,,,,,,
span:AUTH-TAD-0363,annotation:span:AUTH-TAD-0363:r3,ANNOTATED_BY,,,,,,,,,,,
annotation:span:AUTH-TAD-0363:r3,rater:rater_3,MADE_BY,,,,,,,,,,,
span:AUTH-TAD-0363,cue:BEFORE_PREDICATE,TRIGGERS_CUE,,,,,,,,,,,
span:AUTH-TAD-0363,cue:EVENT_TIME,TRIGGERS_CUE,,,,,,,,,,,
span:AUTH-TAD-0363,cue:TIME_NOUN,TRIGGERS_CUE,,,,,,,,,,,
span:AUTH-TAD-0363,rule:R_TEMP_ADV_01,MATCHES_RULE,,,,,,,,1.0,TEMPORAL_ADVERBIAL,90.0,true
span:AUTH-TAD-0363,rule:R_TEMP_ADV_02,MATCHES_RULE,,,,,,,,2.0,TEMPORAL_ADVERBIAL,88.0,true
span:AUTH-TAD-0363,rule:R_TEMP_KG_ADV_02,MATCHES_RULE,,,,,,,,3.0,TEMPORAL_ADVERBIAL,72.0,true
sentence:SENT-0107,source:GRAMMAR_MANUAL_ELEMENTARY,DERIVED_FROM,,,,,241,*他正在邮局寄着信,,,,,
sentence:SENT-0107,span:AUTH-TAD-0364,HAS_CANDIDATE,,,,,,,,,,,
span:AUTH-TAD-0364,consensus:AUTH-TAD-0364,HAS_CONSENSUS,,,,,,,,,,,
consensus:AUTH-TAD-0364,function:TEMPORAL_ADVERBIAL,MAPS_TO,,,,,,,,,,,
span:AUTH-TAD-0364,cleaning:B_边界复核集,HAS_CLEANING_STATUS,,,,,,,边界集/鲁棒性分析,,,,
span:AUTH-TAD-0364,ambiguity:时间副词_体貌副词边界,HAS_AMBIGUITY,,,,,,,,,,,
span:AUTH-TAD-0364,ambiguity:无重复,HAS_AMBIGUITY,,,,,,,,,,,
span:AUTH-TAD-0364,ambiguity:来源字段完整但仍需正版逐页核验,HAS_AMBIGUITY,,,,,,,,,,,
span:AUTH-TAD-0364,annotation:span:AUTH-TAD-0364:r1,ANNOTATED_BY,,,,,,,,,,,
annotation:span:AUTH-TAD-0364:r1,rater:rater_1,MADE_BY,,,,,,,,,,,
span:AUTH-TAD-0364,annotation:span:AUTH-TAD-0364:r2,ANNOTATED_BY,,,,,,,,,,,
annotation:span:AUTH-TAD-0364:r2,rater:rater_2,MADE_BY,,,,,,,,,,,
span:AUTH-TAD-0364,annotation:span:AUTH-TAD-0364:r3,ANNOTATED_BY,,,,,,,,,,,
annotation:span:AUTH-TAD-0364:r3,rater:rater_3,MADE_BY,,,,,,,,,,,
span:AUTH-TAD-0364,cue:BEFORE_PREDICATE,TRIGGERS_CUE,,,,,,,,,,,
span:AUTH-TAD-0364,cue:EVENT_TIME,TRIGGERS_CUE,,,,,,,,,,,
span:AUTH-TAD-0364,cue:NO_TEMPORAL_EXPRESSION,TRIGGERS_CUE,,,,,,,,,,,
span:AUTH-TAD-0364,cue:TIME_ADVERB,TRIGGERS_CUE,,,,,,,,,,,
span:AUTH-TAD-0364,rule:R_TEMP_ADV_19,MATCHES_RULE,,,,,,,,1.0,TEMPORAL_ADVERBIAL,84.0,true
span:AUTH-TAD-0364,rule:R_TEMP_ADV_08,MATCHES_RULE,,,,,,,,2.0,TEMPORAL_ADVERBIAL,78.0,true
sentence:SENT-0361,source:GRAMMAR_MANUAL_ADVANCED,DERIVED_FROM,,,,,48,(又+)何必+呢? 事情已经解决了，这 又 何必 呢? 为这点儿小事,,,,,
sentence:SENT-0361,span:AUTH-TAD-0365,HAS_CANDIDATE,,,,,,,,,,,
span:AUTH-TAD-0365,consensus:AUTH-TAD-0365,HAS_CONSENSUS,,,,,,,,,,,
consensus:AUTH-TAD-0365,function:TEMPORAL_ADVERBIAL,MAPS_TO,,,,,,,,,,,
span:AUTH-TAD-0365,cleaning:A_主评测候选,HAS_CLEANING_STATUS,,,,,,,主实验/严格评测,,,,
span:AUTH-TAD-0365,ambiguity:无重复,HAS_AMBIGUITY,,,,,,,,,,,
span:AUTH-TAD-0365,ambiguity:来源字段完整但仍需正版逐页核验,HAS_AMBIGUITY,,,,,,,,,,,
span:AUTH-TAD-0365,annotation:span:AUTH-TAD-0365:r1,ANNOTATED_BY,,,,,,,,,,,
annotation:span:AUTH-TAD-0365:r1,rater:rater_1,MADE_BY,,,,,,,,,,,
span:AUTH-TAD-0365,annotation:span:AUTH-TAD-0365:r2,ANNOTATED_BY,,,,,,,,,,,
annotation:span:AUTH-TAD-0365:r2,rater:rater_2,MADE_BY,,,,,,,,,,,
span:AUTH-TAD-0365,annotation:span:AUTH-TAD-0365:r3,ANNOTATED_BY,,,,,,,,,,,
annotation:span:AUTH-TAD-0365:r3,rater:rater_3,MADE_BY,,,,,,,,,,,
span:AUTH-TAD-0365,cue:BEFORE_PREDICATE,TRIGGERS_CUE,,,,,,,,,,,
span:AUTH-TAD-0365,cue:EVENT_TIME,TRIGGERS_CUE,,,,,,,,,,,
span:AUTH-TAD-0365,cue:TIME_NOUN,TRIGGERS_CUE,,,,,,,,,,,
span:AUTH-TAD-0365,rule:R_TEMP_ADV_01,MATCHES_RULE,,,,,,,,1.0,TEMPORAL_ADVERBIAL,90.0,true
span:AUTH-TAD-0365,rule:R_TEMP_ADV_02,MATCHES_RULE,,,,,,,,2.0,TEMPORAL_ADVERBIAL,88.0,true
span:AUTH-TAD-0365,rule:R_TEMP_KG_ADV_02,MATCHES_RULE,,,,,,,,3.0,TEMPORAL_ADVERBIAL,72.0,true
sentence:SENT-0198,span:AUTH-TAD-0366,HAS_CANDIDATE,,,,,,,,,,,
span:AUTH-TAD-0366,consensus:AUTH-TAD-0366,HAS_CONSENSUS,,,,,,,,,,,
consensus:AUTH-TAD-0366,function:TEMPORAL_ADVERBIAL,MAPS_TO,,,,,,,,,,,
span:AUTH-TAD-0366,cleaning:A_主评测候选,HAS_CLEANING_STATUS,,,,,,,主实验/严格评测,,,,
span:AUTH-TAD-0366,ambiguity:同句多候选_重复句,HAS_AMBIGUITY,,,,,,,,,,,
span:AUTH-TAD-0366,ambiguity:来源字段完整但仍需正版逐页核验,HAS_AMBIGUITY,,,,,,,,,,,
span:AUTH-TAD-0366,annotation:span:AUTH-TAD-0366:r1,ANNOTATED_BY,,,,,,,,,,,
annotation:span:AUTH-TAD-0366:r1,rater:rater_1,MADE_BY,,,,,,,,,,,
span:AUTH-TAD-0366,annotation:span:AUTH-TAD-0366:r2,ANNOTATED_BY,,,,,,,,,,,
annotation:span:AUTH-TAD-0366:r2,rater:rater_2,MADE_BY,,,,,,,,,,,
span:AUTH-TAD-0366,annotation:span:AUTH-TAD-0366:r3,ANNOTATED_BY,,,,,,,,,,,
annotation:span:AUTH-TAD-0366:r3,rater:rater_3,MADE_BY,,,,,,,,,,,
span:AUTH-TAD-0366,cue:BEFORE_PREDICATE,TRIGGERS_CUE,,,,,,,,,,,
span:AUTH-TAD-0366,cue:EVENT_TIME,TRIGGERS_CUE,,,,,,,,,,,
span:AUTH-TAD-0366,cue:TIME_FREQUENCY,TRIGGERS_CUE,,,,,,,,,,,
span:AUTH-TAD-0366,rule:R_TEMP_ADV_04,MATCHES_RULE,,,,,,,,1.0,TEMPORAL_ADVERBIAL,84.0,true
span:AUTH-TAD-0366,rule:R_TEMP_KG_ADV_01,MATCHES_RULE,,,,,,,,2.0,TEMPORAL_ADVERBIAL,79.0,true
sentence:SENT-0027,source:GRAMMAR_MANUAL_ELEMENTARY,DERIVED_FROM,,,,,167,她刚毕业就当妈妈了,,,,,
sentence:SENT-0027,span:AUTH-TAD-0367,HAS_CANDIDATE,,,,,,,,,,,
span:AUTH-TAD-0367,consensus:AUTH-TAD-0367,HAS_CONSENSUS,,,,,,,,,,,
consensus:AUTH-TAD-0367,function:TEMPORAL_ADVERBIAL,MAPS_TO,,,,,,,,,,,
span:AUTH-TAD-0367,cleaning:A_主评测候选,HAS_CLEANING_STATUS,,,,,,,主实验/严格评测,,,,
span:AUTH-TAD-0367,ambiguity:无重复,HAS_AMBIGUITY,,,,,,,,,,,
span:AUTH-TAD-0367,ambiguity:来源字段完整但仍需正版逐页核验,HAS_AMBIGUITY,,,,,,,,,,,
span:AUTH-TAD-0367,annotation:span:AUTH-TAD-0367:r1,ANNOTATED_BY,,,,,,,,,,,
annotation:span:AUTH-TAD-0367:r1,rater:rater_1,MADE_BY,,,,,,,,,,,
span:AUTH-TAD-0367,annotation:span:AUTH-TAD-0367:r2,ANNOTATED_BY,,,,,,,,,,,
annotation:span:AUTH-TAD-0367:r2,rater:rater_2,MADE_BY,,,,,,,,,,,
span:AUTH-TAD-0367,annotation:span:AUTH-TAD-0367:r3,ANNOTATED_BY,,,,,,,,,,,
annotation:span:AUTH-TAD-0367:r3,rater:rater_3,MADE_BY,,,,,,,,,,,
span:AUTH-TAD-0367,cue:BEFORE_PREDICATE,TRIGGERS_CUE,,,,,,,,,,,
span:AUTH-TAD-0367,cue:EVENT_TIME,TRIGGERS_CUE,,,,,,,,,,,
span:AUTH-TAD-0367,cue:TIME_NOUN,TRIGGERS_CUE,,,,,,,,,,,
span:AUTH-TAD-0367,cue:TIME_POINT,TRIGGERS_CUE,,,,,,,,,,,
span:AUTH-TAD-0367,rule:R_TEMP_ADV_01,MATCHES_RULE,,,,,,,,1.0,TEMPORAL_ADVERBIAL,90.0,true
span:AUTH-TAD-0367,rule:R_TEMP_ADV_02,MATCHES_RULE,,,,,,,,2.0,TEMPORAL_ADVERBIAL,88.0,true
span:AUTH-TAD-0367,rule:R_TEMP_ADV_10,MATCHES_RULE,,,,,,,,3.0,TEMPORAL_ADVERBIAL,75.0,true
span:AUTH-TAD-0367,rule:R_TEMP_KG_ADV_02,MATCHES_RULE,,,,,,,,4.0,TEMPORAL_ADVERBIAL,72.0,true
sentence:SENT-0063,span:AUTH-TAD-0368,HAS_CANDIDATE,,,,,,,,,,,
span:AUTH-TAD-0368,consensus:AUTH-TAD-0368,HAS_CONSENSUS,,,,,,,,,,,
consensus:AUTH-TAD-0368,function:TEMPORAL_ADVERBIAL,MAPS_TO,,,,,,,,,,,
span:AUTH-TAD-0368,cleaning:B_边界复核集,HAS_CLEANING_STATUS,,,,,,,边界集/鲁棒性分析,,,,
span:AUTH-TAD-0368,ambiguity:时量补语_持续时间边界,HAS_AMBIGUITY,,,,,,,,,,,
span:AUTH-TAD-0368,ambiguity:同句多候选_重复句,HAS_AMBIGUITY,,,,,,,,,,,
span:AUTH-TAD-0368,ambiguity:来源字段完整但仍需正版逐页核验,HAS_AMBIGUITY,,,,,,,,,,,
span:AUTH-TAD-0368,annotation:span:AUTH-TAD-0368:r1,ANNOTATED_BY,,,,,,,,,,,
annotation:span:AUTH-TAD-0368:r1,rater:rater_1,MADE_BY,,,,,,,,,,,
span:AUTH-TAD-0368,annotation:span:AUTH-TAD-0368:r2,ANNOTATED_BY,,,,,,,,,,,
annotation:span:AUTH-TAD-0368:r2,rater:rater_2,MADE_BY,,,,,,,,,,,
span:AUTH-TAD-0368,annotation:span:AUTH-TAD-0368:r3,ANNOTATED_BY,,,,,,,,,,,
annotation:span:AUTH-TAD-0368:r3,rater:rater_3,MADE_BY,,,,,,,,,,,
span:AUTH-TAD-0368,cue:ABSTRACT_OR_NON_TARGET_TIME,TRIGGERS_CUE,,,,,,,,,,,
span:AUTH-TAD-0368,cue:BEFORE_PREDICATE,TRIGGERS_CUE,,,,,,,,,,,
span:AUTH-TAD-0368,cue:EVENT_TIME,TRIGGERS_CUE,,,,,,,,,,,
span:AUTH-TAD-0368,cue:NO_TEMPORAL_EXPRESSION,TRIGGERS_CUE,,,,,,,,,,,
span:AUTH-TAD-0368,cue:SENTENCE_INITIAL,TRIGGERS_CUE,,,,,,,,,,,
span:AUTH-TAD-0368,cue:TEMPORAL_COMPARISON_STATE,TRIGGERS_CUE,,,,,,,,,,,
span:AUTH-TAD-0368,rule:R_TEMP_KG_OTHER_02,MATCHES_RULE,,,,,,,,1.0,OTHER,124.0,false
span:AUTH-TAD-0368,rule:R_TEMP_KG_OTHER_03,MATCHES_RULE,,,,,,,,2.0,OTHER,123.0,false
sentence:SENT-0169,span:AUTH-TAD-0369,HAS_CANDIDATE,,,,,,,,,,,
span:AUTH-TAD-0369,consensus:AUTH-TAD-0369,HAS_CONSENSUS,,,,,,,,,,,
consensus:AUTH-TAD-0369,function:TEMPORAL_ADVERBIAL,MAPS_TO,,,,,,,,,,,
span:AUTH-TAD-0369,cleaning:A_主评测候选,HAS_CLEANING_STATUS,,,,,,,主实验/严格评测,,,,
span:AUTH-TAD-0369,ambiguity:同句多候选_重复句,HAS_AMBIGUITY,,,,,,,,,,,
span:AUTH-TAD-0369,ambiguity:来源字段完整但仍需正版逐页核验,HAS_AMBIGUITY,,,,,,,,,,,
span:AUTH-TAD-0369,annotation:span:AUTH-TAD-0369:r1,ANNOTATED_BY,,,,,,,,,,,
annotation:span:AUTH-TAD-0369:r1,rater:rater_1,MADE_BY,,,,,,,,,,,
span:AUTH-TAD-0369,annotation:span:AUTH-TAD-0369:r2,ANNOTATED_BY,,,,,,,,,,,
annotation:span:AUTH-TAD-0369:r2,rater:rater_2,MADE_BY,,,,,,,,,,,
span:AUTH-TAD-0369,annotation:span:AUTH-TAD-0369:r3,ANNOTATED_BY,,,,,,,,,,,
annotation:span:AUTH-TAD-0369:r3,rater:rater_3,MADE_BY,,,,,,,,,,,
span:AUTH-TAD-0369,cue:BEFORE_PREDICATE,TRIGGERS_CUE,,,,,,,,,,,
span:AUTH-TAD-0369,cue:EVENT_TIME,TRIGGERS_CUE,,,,,,,,,,,
span:AUTH-TAD-0369,cue:TIME_NOUN,TRIGGERS_CUE,,,,,,,,,,,
span:AUTH-TAD-0369,rule:R_TEMP_ADV_01,MATCHES_RULE,,,,,,,,1.0,TEMPORAL_ADVERBIAL,90.0,true
span:AUTH-TAD-0369,rule:R_TEMP_ADV_02,MATCHES_RULE,,,,,,,,2.0,TEMPORAL_ADVERBIAL,88.0,true
span:AUTH-TAD-0369,rule:R_TEMP_KG_ADV_02,MATCHES_RULE,,,,,,,,3.0,TEMPORAL_ADVERBIAL,72.0,true
sentence:SENT-0440,source:GRAMMAR_MANUAL_INTERMEDIATE,DERIVED_FROM,,,,,83,这个话题常常被提到,,,,,
sentence:SENT-0440,span:AUTH-TAD-0370,HAS_CANDIDATE,,,,,,,,,,,
span:AUTH-TAD-0370,consensus:AUTH-TAD-0370,HAS_CONSENSUS,,,,,,,,,,,
consensus:AUTH-TAD-0370,function:TEMPORAL_ADVERBIAL,MAPS_TO,,,,,,,,,,,
span:AUTH-TAD-0370,cleaning:B_边界复核集,HAS_CLEANING_STATUS,,,,,,,边界集/鲁棒性分析,,,,
span:AUTH-TAD-0370,ambiguity:时间副词_体貌副词边界,HAS_AMBIGUITY,,,,,,,,,,,
span:AUTH-TAD-0370,ambiguity:无重复,HAS_AMBIGUITY,,,,,,,,,,,
span:AUTH-TAD-0370,ambiguity:来源字段完整但仍需正版逐页核验,HAS_AMBIGUITY,,,,,,,,,,,
span:AUTH-TAD-0370,annotation:span:AUTH-TAD-0370:r1,ANNOTATED_BY,,,,,,,,,,,
annotation:span:AUTH-TAD-0370:r1,rater:rater_1,MADE_BY,,,,,,,,,,,
span:AUTH-TAD-0370,annotation:span:AUTH-TAD-0370:r2,ANNOTATED_BY,,,,,,,,,,,
annotation:span:AUTH-TAD-0370:r2,rater:rater_2,MADE_BY,,,,,,,,,,,
span:AUTH-TAD-0370,annotation:span:AUTH-TAD-0370:r3,ANNOTATED_BY,,,,,,,,,,,
annotation:span:AUTH-TAD-0370:r3,rater:rater_3,MADE_BY,,,,,,,,,,,
span:AUTH-TAD-0370,cue:BEFORE_PREDICATE,TRIGGERS_CUE,,,,,,,,,,,
span:AUTH-TAD-0370,cue:EVENT_TIME,TRIGGERS_CUE,,,,,,,,,,,
span:AUTH-TAD-0370,cue:TIME_FREQUENCY,TRIGGERS_CUE,,,,,,,,,,,
span:AUTH-TAD-0370,rule:R_TEMP_ADV_04,MATCHES_RULE,,,,,,,,1.0,TEMPORAL_ADVERBIAL,84.0,true
span:AUTH-TAD-0370,rule:R_TEMP_KG_ADV_01,MATCHES_RULE,,,,,,,,2.0,TEMPORAL_ADVERBIAL,79.0,true
sentence:SENT-0024,source:GRAMMAR_MANUAL_ELEMENTARY,DERIVED_FROM,,,,,384,例如： *他每天坚持运动，为了保持健康,,,,,
sentence:SENT-0024,span:AUTH-TAD-0371,HAS_CANDIDATE,,,,,,,,,,,
span:AUTH-TAD-0371,consensus:AUTH-TAD-0371,HAS_CONSENSUS,,,,,,,,,,,
consensus:AUTH-TAD-0371,function:TEMPORAL_ADVERBIAL,MAPS_TO,,,,,,,,,,,
span:AUTH-TAD-0371,cleaning:A_主评测候选,HAS_CLEANING_STATUS,,,,,,,主实验/严格评测,,,,
span:AUTH-TAD-0371,ambiguity:无重复,HAS_AMBIGUITY,,,,,,,,,,,
span:AUTH-TAD-0371,ambiguity:来源字段完整但仍需正版逐页核验,HAS_AMBIGUITY,,,,,,,,,,,
span:AUTH-TAD-0371,annotation:span:AUTH-TAD-0371:r1,ANNOTATED_BY,,,,,,,,,,,
annotation:span:AUTH-TAD-0371:r1,rater:rater_1,MADE_BY,,,,,,,,,,,
span:AUTH-TAD-0371,annotation:span:AUTH-TAD-0371:r2,ANNOTATED_BY,,,,,,,,,,,
annotation:span:AUTH-TAD-0371:r2,rater:rater_2,MADE_BY,,,,,,,,,,,
span:AUTH-TAD-0371,annotation:span:AUTH-TAD-0371:r3,ANNOTATED_BY,,,,,,,,,,,
annotation:span:AUTH-TAD-0371:r3,rater:rater_3,MADE_BY,,,,,,,,,,,
span:AUTH-TAD-0371,cue:BEFORE_PREDICATE,TRIGGERS_CUE,,,,,,,,,,,
span:AUTH-TAD-0371,cue:EVENT_TIME,TRIGGERS_CUE,,,,,,,,,,,
span:AUTH-TAD-0371,cue:TIME_FREQUENCY,TRIGGERS_CUE,,,,,,,,,,,
span:AUTH-TAD-0371,rule:R_TEMP_ADV_04,MATCHES_RULE,,,,,,,,1.0,TEMPORAL_ADVERBIAL,84.0,true
span:AUTH-TAD-0371,rule:R_TEMP_KG_ADV_01,MATCHES_RULE,,,,,,,,2.0,TEMPORAL_ADVERBIAL,79.0,true
sentence:SENT-0313,source:GRAMMAR_MANUAL_INTERMEDIATE,DERIVED_FROM,,,,,123,我要马上离开这儿，一天都不想留了,,,,,
sentence:SENT-0313,span:AUTH-TAD-0372,HAS_CANDIDATE,,,,,,,,,,,
span:AUTH-TAD-0372,consensus:AUTH-TAD-0372,HAS_CONSENSUS,,,,,,,,,,,
consensus:AUTH-TAD-0372,function:TEMPORAL_ADVERBIAL,MAPS_TO,,,,,,,,,,,
span:AUTH-TAD-0372,cleaning:B_边界复核集,HAS_CLEANING_STATUS,,,,,,,边界集/鲁棒性分析,,,,
span:AUTH-TAD-0372,ambiguity:时间副词_体貌副词边界,HAS_AMBIGUITY,,,,,,,,,,,
span:AUTH-TAD-0372,ambiguity:无重复,HAS_AMBIGUITY,,,,,,,,,,,
span:AUTH-TAD-0372,ambiguity:来源字段完整但仍需正版逐页核验,HAS_AMBIGUITY,,,,,,,,,,,
span:AUTH-TAD-0372,annotation:span:AUTH-TAD-0372:r1,ANNOTATED_BY,,,,,,,,,,,
annotation:span:AUTH-TAD-0372:r1,rater:rater_1,MADE_BY,,,,,,,,,,,
span:AUTH-TAD-0372,annotation:span:AUTH-TAD-0372:r2,ANNOTATED_BY,,,,,,,,,,,
annotation:span:AUTH-TAD-0372:r2,rater:rater_2,MADE_BY,,,,,,,,,,,
span:AUTH-TAD-0372,annotation:span:AUTH-TAD-0372:r3,ANNOTATED_BY,,,,,,,,,,,
annotation:span:AUTH-TAD-0372:r3,rater:rater_3,MADE_BY,,,,,,,,,,,
span:AUTH-TAD-0372,cue:BEFORE_PREDICATE,TRIGGERS_CUE,,,,,,,,,,,
span:AUTH-TAD-0372,cue:EVENT_TIME,TRIGGERS_CUE,,,,,,,,,,,
span:AUTH-TAD-0372,cue:LOCATION_EXPRESSION,TRIGGERS_CUE,,,,,,,,,,,
span:AUTH-TAD-0372,cue:NO_TEMPORAL_EXPRESSION,TRIGGERS_CUE,,,,,,,,,,,
span:AUTH-TAD-0372,cue:TIME_ADVERB,TRIGGERS_CUE,,,,,,,,,,,
span:AUTH-TAD-0372,rule:R_TEMP_OTHER_01,MATCHES_RULE,,,,,,,,1.0,OTHER,90.0,false
span:AUTH-TAD-0372,rule:R_TEMP_ADV_19,MATCHES_RULE,,,,,,,,2.0,TEMPORAL_ADVERBIAL,84.0,true
span:AUTH-TAD-0372,rule:R_TEMP_ADV_08,MATCHES_RULE,,,,,,,,3.0,TEMPORAL_ADVERBIAL,78.0,true
sentence:SENT-0252,source:GRAMMAR_MANUAL_ADVANCED,DERIVED_FROM,,,,,90,等市场快关门的时候，蔬菜都是半卖半送了,,,,,
sentence:SENT-0252,span:AUTH-TAD-0373,HAS_CANDIDATE,,,,,,,,,,,
span:AUTH-TAD-0373,consensus:AUTH-TAD-0373,HAS_CONSENSUS,,,,,,,,,,,
consensus:AUTH-TAD-0373,function:TEMPORAL_ADVERBIAL,MAPS_TO,,,,,,,,,,,
span:AUTH-TAD-0373,cleaning:B_边界复核集,HAS_CLEANING_STATUS,,,,,,,边界集/鲁棒性分析,,,,
span:AUTH-TAD-0373,ambiguity:三人标注不完全一致,HAS_AMBIGUITY,,,,,,,,,,,
span:AUTH-TAD-0373,ambiguity:无重复,HAS_AMBIGUITY,,,,,,,,,,,
span:AUTH-TAD-0373,ambiguity:来源字段完整但仍需正版逐页核验,HAS_AMBIGUITY,,,,,,,,,,,
span:AUTH-TAD-0373,annotation:span:AUTH-TAD-0373:r1,ANNOTATED_BY,,,,,,,,,,,
annotation:span:AUTH-TAD-0373:r1,rater:rater_1,MADE_BY,,,,,,,,,,,
span:AUTH-TAD-0373,annotation:span:AUTH-TAD-0373:r2,ANNOTATED_BY,,,,,,,,,,,
annotation:span:AUTH-TAD-0373:r2,rater:rater_2,MADE_BY,,,,,,,,,,,
span:AUTH-TAD-0373,annotation:span:AUTH-TAD-0373:r3,ANNOTATED_BY,,,,,,,,,,,
annotation:span:AUTH-TAD-0373:r3,rater:rater_3,MADE_BY,,,,,,,,,,,
span:AUTH-TAD-0373,cue:BEFORE_PREDICATE,TRIGGERS_CUE,,,,,,,,,,,
span:AUTH-TAD-0373,cue:EVENT_TIME,TRIGGERS_CUE,,,,,,,,,,,
span:AUTH-TAD-0373,cue:TIME_ADVERB,TRIGGERS_CUE,,,,,,,,,,,
span:AUTH-TAD-0373,cue:TIME_NOUN,TRIGGERS_CUE,,,,,,,,,,,
span:AUTH-TAD-0373,cue:TIME_POINT,TRIGGERS_CUE,,,,,,,,,,,
span:AUTH-TAD-0373,rule:R_TEMP_ADV_01,MATCHES_RULE,,,,,,,,1.0,TEMPORAL_ADVERBIAL,90.0,true
span:AUTH-TAD-0373,rule:R_TEMP_ADV_02,MATCHES_RULE,,,,,,,,2.0,TEMPORAL_ADVERBIAL,88.0,true
span:AUTH-TAD-0373,rule:R_TEMP_ADV_19,MATCHES_RULE,,,,,,,,3.0,TEMPORAL_ADVERBIAL,84.0,true
span:AUTH-TAD-0373,rule:R_TEMP_ADV_08,MATCHES_RULE,,,,,,,,4.0,TEMPORAL_ADVERBIAL,78.0,true
span:AUTH-TAD-0373,rule:R_TEMP_ADV_10,MATCHES_RULE,,,,,,,,5.0,TEMPORAL_ADVERBIAL,75.0,true
sentence:SENT-0430,source:GRAMMAR_MANUAL_ELEMENTARY,DERIVED_FROM,,,,,54,30 时间副词(1):马上 【一11】 ◎基本语义及用法 表示动作,,,,,
sentence:SENT-0430,span:AUTH-TAD-0374,HAS_CANDIDATE,,,,,,,,,,,
span:AUTH-TAD-0374,consensus:AUTH-TAD-0374,HAS_CONSENSUS,,,,,,,,,,,
consensus:AUTH-TAD-0374,function:TEMPORAL_ADVERBIAL,MAPS_TO,,,,,,,,,,,
span:AUTH-TAD-0374,cleaning:B_边界复核集,HAS_CLEANING_STATUS,,,,,,,边界集/鲁棒性分析,,,,
span:AUTH-TAD-0374,ambiguity:时间副词_体貌副词边界,HAS_AMBIGUITY,,,,,,,,,,,
span:AUTH-TAD-0374,ambiguity:无重复,HAS_AMBIGUITY,,,,,,,,,,,
span:AUTH-TAD-0374,ambiguity:来源字段完整但仍需正版逐页核验,HAS_AMBIGUITY,,,,,,,,,,,
span:AUTH-TAD-0374,annotation:span:AUTH-TAD-0374:r1,ANNOTATED_BY,,,,,,,,,,,
annotation:span:AUTH-TAD-0374:r1,rater:rater_1,MADE_BY,,,,,,,,,,,
span:AUTH-TAD-0374,annotation:span:AUTH-TAD-0374:r2,ANNOTATED_BY,,,,,,,,,,,
annotation:span:AUTH-TAD-0374:r2,rater:rater_2,MADE_BY,,,,,,,,,,,
span:AUTH-TAD-0374,annotation:span:AUTH-TAD-0374:r3,ANNOTATED_BY,,,,,,,,,,,
annotation:span:AUTH-TAD-0374:r3,rater:rater_3,MADE_BY,,,,,,,,,,,
span:AUTH-TAD-0374,cue:BEFORE_PREDICATE,TRIGGERS_CUE,,,,,,,,,,,
span:AUTH-TAD-0374,cue:EVENT_TIME,TRIGGERS_CUE,,,,,,,,,,,
span:AUTH-TAD-0374,cue:LOCATION_EXPRESSION,TRIGGERS_CUE,,,,,,,,,,,
span:AUTH-TAD-0374,cue:NO_TEMPORAL_EXPRESSION,TRIGGERS_CUE,,,,,,,,,,,
span:AUTH-TAD-0374,cue:TIME_ADVERB,TRIGGERS_CUE,,,,,,,,,,,
span:AUTH-TAD-0374,rule:R_TEMP_OTHER_01,MATCHES_RULE,,,,,,,,1.0,OTHER,90.0,false
span:AUTH-TAD-0374,rule:R_TEMP_ADV_19,MATCHES_RULE,,,,,,,,2.0,TEMPORAL_ADVERBIAL,84.0,true
span:AUTH-TAD-0374,rule:R_TEMP_ADV_08,MATCHES_RULE,,,,,,,,3.0,TEMPORAL_ADVERBIAL,78.0,true
sentence:SENT-0402,source:GRAMMAR_MANUAL_ELEMENTARY,DERIVED_FROM,,,,,57,级语法点 33时间副词(4):在、正、正在 【一11】 ◎基本语义及用法 表示某个,,,,,
sentence:SENT-0402,span:AUTH-TAD-0375,HAS_CANDIDATE,,,,,,,,,,,
span:AUTH-TAD-0375,consensus:AUTH-TAD-0375,HAS_CONSENSUS,,,,,,,,,,,
consensus:AUTH-TAD-0375,function:TEMPORAL_ADVERBIAL,MAPS_TO,,,,,,,,,,,
span:AUTH-TAD-0375,cleaning:B_边界复核集,HAS_CLEANING_STATUS,,,,,,,边界集/鲁棒性分析,,,,
span:AUTH-TAD-0375,ambiguity:时间副词_体貌副词边界,HAS_AMBIGUITY,,,,,,,,,,,
span:AUTH-TAD-0375,ambiguity:无重复,HAS_AMBIGUITY,,,,,,,,,,,
span:AUTH-TAD-0375,ambiguity:来源字段完整但仍需正版逐页核验,HAS_AMBIGUITY,,,,,,,,,,,
span:AUTH-TAD-0375,annotation:span:AUTH-TAD-0375:r1,ANNOTATED_BY,,,,,,,,,,,
annotation:span:AUTH-TAD-0375:r1,rater:rater_1,MADE_BY,,,,,,,,,,,
span:AUTH-TAD-0375,annotation:span:AUTH-TAD-0375:r2,ANNOTATED_BY,,,,,,,,,,,
annotation:span:AUTH-TAD-0375:r2,rater:rater_2,MADE_BY,,,,,,,,,,,
span:AUTH-TAD-0375,annotation:span:AUTH-TAD-0375:r3,ANNOTATED_BY,,,,,,,,,,,
annotation:span:AUTH-TAD-0375:r3,rater:rater_3,MADE_BY,,,,,,,,,,,
span:AUTH-TAD-0375,cue:BEFORE_PREDICATE,TRIGGERS_CUE,,,,,,,,,,,
span:AUTH-TAD-0375,cue:EVENT_TIME,TRIGGERS_CUE,,,,,,,,,,,
span:AUTH-TAD-0375,cue:NO_TEMPORAL_EXPRESSION,TRIGGERS_CUE,,,,,,,,,,,
span:AUTH-TAD-0375,cue:TIME_ADVERB,TRIGGERS_CUE,,,,,,,,,,,
span:AUTH-TAD-0375,rule:R_TEMP_ADV_19,MATCHES_RULE,,,,,,,,1.0,TEMPORAL_ADVERBIAL,84.0,true
span:AUTH-TAD-0375,rule:R_TEMP_ADV_08,MATCHES_RULE,,,,,,,,2.0,TEMPORAL_ADVERBIAL,78.0,true
sentence:SENT-0426,source:GRAMMAR_MANUAL_ADVANCED,DERIVED_FROM,,,,,53,让我三天就完成， (在公司，说明任务时间短) 你分明是在为难我,,,,,
sentence:SENT-0426,span:AUTH-TAD-0376,HAS_CANDIDATE,,,,,,,,,,,
span:AUTH-TAD-0376,consensus:AUTH-TAD-0376,HAS_CONSENSUS,,,,,,,,,,,
consensus:AUTH-TAD-0376,function:TEMPORAL_ADVERBIAL,MAPS_TO,,,,,,,,,,,
span:AUTH-TAD-0376,cleaning:B_边界复核集,HAS_CLEANING_STATUS,,,,,,,边界集/鲁棒性分析,,,,
span:AUTH-TAD-0376,ambiguity:时量补语_持续时间边界,HAS_AMBIGUITY,,,,,,,,,,,
span:AUTH-TAD-0376,ambiguity:三人标注不完全一致,HAS_AMBIGUITY,,,,,,,,,,,
span:AUTH-TAD-0376,ambiguity:无重复,HAS_AMBIGUITY,,,,,,,,,,,
span:AUTH-TAD-0376,ambiguity:来源字段完整但仍需正版逐页核验,HAS_AMBIGUITY,,,,,,,,,,,
span:AUTH-TAD-0376,annotation:span:AUTH-TAD-0376:r1,ANNOTATED_BY,,,,,,,,,,,
annotation:span:AUTH-TAD-0376:r1,rater:rater_1,MADE_BY,,,,,,,,,,,
span:AUTH-TAD-0376,annotation:span:AUTH-TAD-0376:r2,ANNOTATED_BY,,,,,,,,,,,
annotation:span:AUTH-TAD-0376:r2,rater:rater_2,MADE_BY,,,,,,,,,,,
span:AUTH-TAD-0376,annotation:span:AUTH-TAD-0376:r3,ANNOTATED_BY,,,,,,,,,,,
annotation:span:AUTH-TAD-0376:r3,rater:rater_3,MADE_BY,,,,,,,,,,,
span:AUTH-TAD-0376,cue:BEFORE_PREDICATE,TRIGGERS_CUE,,,,,,,,,,,
span:AUTH-TAD-0376,cue:EVENT_TIME,TRIGGERS_CUE,,,,,,,,,,,
span:AUTH-TAD-0376,cue:TIME_DURATION,TRIGGERS_CUE,,,,,,,,,,,
sentence:SENT-0030,source:GRAMMAR_MANUAL_INTERMEDIATE,DERIVED_FROM,,,,,263,,,,,,
sentence:SENT-0030,span:AUTH-TAD-0377,HAS_CANDIDATE,,,,,,,,,,,
span:AUTH-TAD-0377,consensus:AUTH-TAD-0377,HAS_CONSENSUS,,,,,,,,,,,
consensus:AUTH-TAD-0377,function:TEMPORAL_ADVERBIAL,MAPS_TO,,,,,,,,,,,
span:AUTH-TAD-0377,cleaning:B_边界复核集,HAS_CLEANING_STATUS,,,,,,,边界集/鲁棒性分析,,,,
span:AUTH-TAD-0377,ambiguity:页面线索缺失,HAS_AMBIGUITY,,,,,,,,,,,
span:AUTH-TAD-0377,ambiguity:无重复,HAS_AMBIGUITY,,,,,,,,,,,
span:AUTH-TAD-0377,annotation:span:AUTH-TAD-0377:r1,ANNOTATED_BY,,,,,,,,,,,
annotation:span:AUTH-TAD-0377:r1,rater:rater_1,MADE_BY,,,,,,,,,,,
span:AUTH-TAD-0377,annotation:span:AUTH-TAD-0377:r2,ANNOTATED_BY,,,,,,,,,,,
annotation:span:AUTH-TAD-0377:r2,rater:rater_2,MADE_BY,,,,,,,,,,,
span:AUTH-TAD-0377,annotation:span:AUTH-TAD-0377:r3,ANNOTATED_BY,,,,,,,,,,,
annotation:span:AUTH-TAD-0377:r3,rater:rater_3,MADE_BY,,,,,,,,,,,
span:AUTH-TAD-0377,cue:TIME_ADVERB,TRIGGERS_CUE,,,,,,,,,,,
span:AUTH-TAD-0377,cue:TIME_NOUN,TRIGGERS_CUE,,,,,,,,,,,
span:AUTH-TAD-0377,cue:TIME_POINT,TRIGGERS_CUE,,,,,,,,,,,
span:AUTH-TAD-0377,rule:R_TEMP_KG_ADV_02,MATCHES_RULE,,,,,,,,1.0,TEMPORAL_ADVERBIAL,72.0,true
sentence:SENT-0103,source:GRAMMAR_MANUAL_ELEMENTARY,DERIVED_FROM,,,,,138,,,,,,
sentence:SENT-0103,span:AUTH-TAD-0378,HAS_CANDIDATE,,,,,,,,,,,
span:AUTH-TAD-0378,consensus:AUTH-TAD-0378,HAS_CONSENSUS,,,,,,,,,,,
consensus:AUTH-TAD-0378,function:TEMPORAL_ADVERBIAL,MAPS_TO,,,,,,,,,,,
span:AUTH-TAD-0378,cleaning:B_边界复核集,HAS_CLEANING_STATUS,,,,,,,边界集/鲁棒性分析,,,,
span:AUTH-TAD-0378,ambiguity:页面线索缺失,HAS_AMBIGUITY,,,,,,,,,,,
span:AUTH-TAD-0378,ambiguity:无重复,HAS_AMBIGUITY,,,,,,,,,,,
span:AUTH-TAD-0378,annotation:span:AUTH-TAD-0378:r1,ANNOTATED_BY,,,,,,,,,,,
annotation:span:AUTH-TAD-0378:r1,rater:rater_1,MADE_BY,,,,,,,,,,,
span:AUTH-TAD-0378,annotation:span:AUTH-TAD-0378:r2,ANNOTATED_BY,,,,,,,,,,,
annotation:span:AUTH-TAD-0378:r2,rater:rater_2,MADE_BY,,,,,,,,,,,
span:AUTH-TAD-0378,annotation:span:AUTH-TAD-0378:r3,ANNOTATED_BY,,,,,,,,,,,
annotation:span:AUTH-TAD-0378:r3,rater:rater_3,MADE_BY,,,,,,,,,,,
span:AUTH-TAD-0378,cue:AFTER_VERB,TRIGGERS_CUE,,,,,,,,,,,
span:AUTH-TAD-0378,cue:BEFORE_PREDICATE,TRIGGERS_CUE,,,,,,,,,,,
span:AUTH-TAD-0378,cue:EVENT_TIME,TRIGGERS_CUE,,,,,,,,,,,
span:AUTH-TAD-0378,cue:PSYCHOLOGICAL_VERB,TRIGGERS_CUE,,,,,,,,,,,
span:AUTH-TAD-0378,cue:TIME_NOUN,TRIGGERS_CUE,,,,,,,,,,,
span:AUTH-TAD-0378,rule:R_TEMP_OBJ_01,MATCHES_RULE,,,,,,,,1.0,OBJECT,92.0,false
span:AUTH-TAD-0378,rule:R_TEMP_ADV_01,MATCHES_RULE,,,,,,,,2.0,TEMPORAL_ADVERBIAL,90.0,true
span:AUTH-TAD-0378,rule:R_TEMP_ADV_02,MATCHES_RULE,,,,,,,,3.0,TEMPORAL_ADVERBIAL,88.0,true
span:AUTH-TAD-0378,rule:R_TEMP_OBJ_02,MATCHES_RULE,,,,,,,,4.0,OBJECT,88.0,false
span:AUTH-TAD-0378,rule:R_TEMP_KG_ADV_02,MATCHES_RULE,,,,,,,,5.0,TEMPORAL_ADVERBIAL,72.0,true
sentence:SENT-0080,source:GRAMMAR_MANUAL_INTERMEDIATE,DERIVED_FROM,,,,,306,,,,,,
sentence:SENT-0080,span:AUTH-TAD-0379,HAS_CANDIDATE,,,,,,,,,,,
span:AUTH-TAD-0379,consensus:AUTH-TAD-0379,HAS_CONSENSUS,,,,,,,,,,,
consensus:AUTH-TAD-0379,function:TEMPORAL_ADVERBIAL,MAPS_TO,,,,,,,,,,,
span:AUTH-TAD-0379,cleaning:B_边界复核集,HAS_CLEANING_STATUS,,,,,,,边界集/鲁棒性分析,,,,
span:AUTH-TAD-0379,ambiguity:页面线索缺失,HAS_AMBIGUITY,,,,,,,,,,,
span:AUTH-TAD-0379,ambiguity:时量补语_持续时间边界,HAS_AMBIGUITY,,,,,,,,,,,
span:AUTH-TAD-0379,ambiguity:无重复,HAS_AMBIGUITY,,,,,,,,,,,
span:AUTH-TAD-0379,annotation:span:AUTH-TAD-0379:r1,ANNOTATED_BY,,,,,,,,,,,
annotation:span:AUTH-TAD-0379:r1,rater:rater_1,MADE_BY,,,,,,,,,,,
span:AUTH-TAD-0379,annotation:span:AUTH-TAD-0379:r2,ANNOTATED_BY,,,,,,,,,,,
annotation:span:AUTH-TAD-0379:r2,rater:rater_2,MADE_BY,,,,,,,,,,,
span:AUTH-TAD-0379,annotation:span:AUTH-TAD-0379:r3,ANNOTATED_BY,,,,,,,,,,,
annotation:span:AUTH-TAD-0379:r3,rater:rater_3,MADE_BY,,,,,,,,,,,
span:AUTH-TAD-0379,cue:NO_TEMPORAL_EXPRESSION,TRIGGERS_CUE,,,,,,,,,,,
sentence:SENT-0459,source:GRAMMAR_MANUAL_INTERMEDIATE,DERIVED_FROM,,,,,73,习手册(中等) 小提示 “在……中”用在主语前边作状语时，“在”可以省略,,,,,
sentence:SENT-0459,span:AUTH-TAD-0380,HAS_CANDIDATE,,,,,,,,,,,
span:AUTH-TAD-0380,consensus:AUTH-TAD-0380,HAS_CONSENSUS,,,,,,,,,,,
consensus:AUTH-TAD-0380,function:ATTRIBUTE,MAPS_TO,,,,,,,,,,,
span:AUTH-TAD-0380,cleaning:B_边界复核集,HAS_CLEANING_STATUS,,,,,,,边界集/鲁棒性分析,,,,
span:AUTH-TAD-0380,ambiguity:可能为时间定语,HAS_AMBIGUITY,,,,,,,,,,,
span:AUTH-TAD-0380,ambiguity:时量补语_持续时间边界,HAS_AMBIGUITY,,,,,,,,,,,
span:AUTH-TAD-0380,ambiguity:无重复,HAS_AMBIGUITY,,,,,,,,,,,
span:AUTH-TAD-0380,ambiguity:来源字段完整但仍需正版逐页核验,HAS_AMBIGUITY,,,,,,,,,,,
span:AUTH-TAD-0380,annotation:span:AUTH-TAD-0380:r1,ANNOTATED_BY,,,,,,,,,,,
annotation:span:AUTH-TAD-0380:r1,rater:rater_1,MADE_BY,,,,,,,,,,,
span:AUTH-TAD-0380,annotation:span:AUTH-TAD-0380:r2,ANNOTATED_BY,,,,,,,,,,,
annotation:span:AUTH-TAD-0380:r2,rater:rater_2,MADE_BY,,,,,,,,,,,
span:AUTH-TAD-0380,annotation:span:AUTH-TAD-0380:r3,ANNOTATED_BY,,,,,,,,,,,
annotation:span:AUTH-TAD-0380:r3,rater:rater_3,MADE_BY,,,,,,,,,,,
span:AUTH-TAD-0380,cue:ATTR_DE_DIRECT,TRIGGERS_CUE,,,,,,,,,,,
span:AUTH-TAD-0380,cue:ATTR_NOMINAL_DIRECT,TRIGGERS_CUE,,,,,,,,,,,
span:AUTH-TAD-0380,cue:DE_PARTICLE,TRIGGERS_CUE,,,,,,,,,,,
span:AUTH-TAD-0380,cue:NOMINAL_HEAD,TRIGGERS_CUE,,,,,,,,,,,
span:AUTH-TAD-0380,cue:TIME_NOUN,TRIGGERS_CUE,,,,,,,,,,,
span:AUTH-TAD-0380,rule:R_TEMP_KG_ATTR_01,MATCHES_RULE,,,,,,,,1.0,ATTRIBUTE,128.0,true
span:AUTH-TAD-0380,rule:R_TEMP_KG_ATTR_02,MATCHES_RULE,,,,,,,,2.0,ATTRIBUTE,126.0,true
span:AUTH-TAD-0380,rule:R_TEMP_ATTR_01,MATCHES_RULE,,,,,,,,3.0,ATTRIBUTE,95.0,true
span:AUTH-TAD-0380,rule:R_TEMP_ATTR_03,MATCHES_RULE,,,,,,,,4.0,ATTRIBUTE,88.0,true
span:AUTH-TAD-0380,rule:R_TEMP_KG_ADV_02,MATCHES_RULE,,,,,,,,5.0,TEMPORAL_ADVERBIAL,72.0,false
sentence:SENT-0253,source:GRAMMAR_MANUAL_INTERMEDIATE,DERIVED_FROM,,,,,139,我每天 觉怎么样? 啊! 都要喝咖啡，天天 B,,,,,
sentence:SENT-0253,span:AUTH-TAD-0381,HAS_CANDIDATE,,,,,,,,,,,
span:AUTH-TAD-0381,consensus:AUTH-TAD-0381,HAS_CONSENSUS,,,,,,,,,,,
consensus:AUTH-TAD-0381,function:TEMPORAL_ADVERBIAL,MAPS_TO,,,,,,,,,,,
span:AUTH-TAD-0381,cleaning:B_边界复核集,HAS_CLEANING_STATUS,,,,,,,边界集/鲁棒性分析,,,,
span:AUTH-TAD-0381,ambiguity:时间副词_体貌副词边界,HAS_AMBIGUITY,,,,,,,,,,,
span:AUTH-TAD-0381,ambiguity:无重复,HAS_AMBIGUITY,,,,,,,,,,,
span:AUTH-TAD-0381,ambiguity:来源字段完整但仍需正版逐页核验,HAS_AMBIGUITY,,,,,,,,,,,
span:AUTH-TAD-0381,annotation:span:AUTH-TAD-0381:r1,ANNOTATED_BY,,,,,,,,,,,
annotation:span:AUTH-TAD-0381:r1,rater:rater_1,MADE_BY,,,,,,,,,,,
span:AUTH-TAD-0381,annotation:span:AUTH-TAD-0381:r2,ANNOTATED_BY,,,,,,,,,,,
annotation:span:AUTH-TAD-0381:r2,rater:rater_2,MADE_BY,,,,,,,,,,,
span:AUTH-TAD-0381,annotation:span:AUTH-TAD-0381:r3,ANNOTATED_BY,,,,,,,,,,,
annotation:span:AUTH-TAD-0381:r3,rater:rater_3,MADE_BY,,,,,,,,,,,
span:AUTH-TAD-0381,cue:TIME_FREQUENCY,TRIGGERS_CUE,,,,,,,,,,,
span:AUTH-TAD-0381,rule:R_TEMP_KG_ADV_01,MATCHES_RULE,,,,,,,,1.0,TEMPORAL_ADVERBIAL,79.0,true
sentence:SENT-0467,source:GRAMMAR_MANUAL_INTERMEDIATE,DERIVED_FROM,,,,,59,"(中等) 看来(+S)+P?,S+P? 看来 还有时间，我们 不用着急，可以慢慢吃",,,,,
sentence:SENT-0467,span:AUTH-TAD-0382,HAS_CANDIDATE,,,,,,,,,,,
span:AUTH-TAD-0382,consensus:AUTH-TAD-0382,HAS_CONSENSUS,,,,,,,,,,,
consensus:AUTH-TAD-0382,function:TEMPORAL_ADVERBIAL,MAPS_TO,,,,,,,,,,,
span:AUTH-TAD-0382,cleaning:B_边界复核集,HAS_CLEANING_STATUS,,,,,,,边界集/鲁棒性分析,,,,
span:AUTH-TAD-0382,ambiguity:时间副词_体貌副词边界,HAS_AMBIGUITY,,,,,,,,,,,
span:AUTH-TAD-0382,ambiguity:无重复,HAS_AMBIGUITY,,,,,,,,,,,
span:AUTH-TAD-0382,ambiguity:来源字段完整但仍需正版逐页核验,HAS_AMBIGUITY,,,,,,,,,,,
span:AUTH-TAD-0382,annotation:span:AUTH-TAD-0382:r1,ANNOTATED_BY,,,,,,,,,,,
annotation:span:AUTH-TAD-0382:r1,rater:rater_1,MADE_BY,,,,,,,,,,,
span:AUTH-TAD-0382,annotation:span:AUTH-TAD-0382:r2,ANNOTATED_BY,,,,,,,,,,,
annotation:span:AUTH-TAD-0382:r2,rater:rater_2,MADE_BY,,,,,,,,,,,
span:AUTH-TAD-0382,annotation:span:AUTH-TAD-0382:r3,ANNOTATED_BY,,,,,,,,,,,
annotation:span:AUTH-TAD-0382:r3,rater:rater_3,MADE_BY,,,,,,,,,,,
span:AUTH-TAD-0382,cue:BEFORE_PREDICATE,TRIGGERS_CUE,,,,,,,,,,,
span:AUTH-TAD-0382,cue:EVENT_TIME,TRIGGERS_CUE,,,,,,,,,,,
span:AUTH-TAD-0382,cue:LOCATION_EXPRESSION,TRIGGERS_CUE,,,,,,,,,,,
span:AUTH-TAD-0382,cue:NO_TEMPORAL_EXPRESSION,TRIGGERS_CUE,,,,,,,,,,,
span:AUTH-TAD-0382,cue:SENTENCE_INITIAL,TRIGGERS_CUE,,,,,,,,,,,
span:AUTH-TAD-0382,cue:TIME_ADVERB,TRIGGERS_CUE,,,,,,,,,,,
span:AUTH-TAD-0382,rule:R_TEMP_OTHER_01,MATCHES_RULE,,,,,,,,1.0,OTHER,90.0,false
span:AUTH-TAD-0382,rule:R_TEMP_ADV_19,MATCHES_RULE,,,,,,,,2.0,TEMPORAL_ADVERBIAL,84.0,true
span:AUTH-TAD-0382,rule:R_TEMP_ADV_08,MATCHES_RULE,,,,,,,,3.0,TEMPORAL_ADVERBIAL,78.0,true
sentence:SENT-0373,source:GRAMMAR_MANUAL_INTERMEDIATE,DERIVED_FROM,,,,,44,法点 ◎结构特点 “替”跟名词或代词组合，在句中作状语,,,,,
sentence:SENT-0373,span:AUTH-TAD-0383,HAS_CANDIDATE,,,,,,,,,,,
span:AUTH-TAD-0383,consensus:AUTH-TAD-0383,HAS_CONSENSUS,,,,,,,,,,,
consensus:AUTH-TAD-0383,function:ATTRIBUTE,MAPS_TO,,,,,,,,,,,
span:AUTH-TAD-0383,cleaning:C_暂不纳入主实验,HAS_CLEANING_STATUS,,,,,,,待复核,,,,
span:AUTH-TAD-0383,ambiguity:可能为时间定语,HAS_AMBIGUITY,,,,,,,,,,,
span:AUTH-TAD-0383,ambiguity:三人标注不完全一致,HAS_AMBIGUITY,,,,,,,,,,,
span:AUTH-TAD-0383,ambiguity:至少一名标注者修正片段,HAS_AMBIGUITY,,,,,,,,,,,
span:AUTH-TAD-0383,ambiguity:无重复,HAS_AMBIGUITY,,,,,,,,,,,
span:AUTH-TAD-0383,ambiguity:来源字段完整但仍需正版逐页核验,HAS_AMBIGUITY,,,,,,,,,,,
span:AUTH-TAD-0383,annotation:span:AUTH-TAD-0383:r1,ANNOTATED_BY,,,,,,,,,,,
annotation:span:AUTH-TAD-0383:r1,rater:rater_1,MADE_BY,,,,,,,,,,,
span:AUTH-TAD-0383,annotation:span:AUTH-TAD-0383:r2,ANNOTATED_BY,,,,,,,,,,,
annotation:span:AUTH-TAD-0383:r2,rater:rater_2,MADE_BY,,,,,,,,,,,
span:AUTH-TAD-0383,annotation:span:AUTH-TAD-0383:r3,ANNOTATED_BY,,,,,,,,,,,
annotation:span:AUTH-TAD-0383:r3,rater:rater_3,MADE_BY,,,,,,,,,,,
span:AUTH-TAD-0383,cue:ATTR_DE_DIRECT,TRIGGERS_CUE,,,,,,,,,,,
span:AUTH-TAD-0383,cue:DE_PARTICLE,TRIGGERS_CUE,,,,,,,,,,,
span:AUTH-TAD-0383,cue:TIME_NOUN,TRIGGERS_CUE,,,,,,,,,,,
span:AUTH-TAD-0383,rule:R_TEMP_KG_ATTR_01,MATCHES_RULE,,,,,,,,1.0,ATTRIBUTE,128.0,true
span:AUTH-TAD-0383,rule:R_TEMP_KG_ADV_02,MATCHES_RULE,,,,,,,,2.0,TEMPORAL_ADVERBIAL,72.0,false
sentence:SENT-0299,source:GRAMMAR_MANUAL_INTERMEDIATE,DERIVED_FROM,,,,,186,旦 【五15】 ◎基本语义及用法 表示不确定的某一时间或某一天,,,,,
sentence:SENT-0299,span:AUTH-TAD-0384,HAS_CANDIDATE,,,,,,,,,,,
span:AUTH-TAD-0384,consensus:AUTH-TAD-0384,HAS_CONSENSUS,,,,,,,,,,,
consensus:AUTH-TAD-0384,function:TEMPORAL_ADVERBIAL,MAPS_TO,,,,,,,,,,,
span:AUTH-TAD-0384,cleaning:A_主评测候选,HAS_CLEANING_STATUS,,,,,,,主实验/严格评测,,,,
span:AUTH-TAD-0384,ambiguity:无重复,HAS_AMBIGUITY,,,,,,,,,,,
span:AUTH-TAD-0384,ambiguity:来源字段完整但仍需正版逐页核验,HAS_AMBIGUITY,,,,,,,,,,,
span:AUTH-TAD-0384,annotation:span:AUTH-TAD-0384:r1,ANNOTATED_BY,,,,,,,,,,,
annotation:span:AUTH-TAD-0384:r1,rater:rater_1,MADE_BY,,,,,,,,,,,
span:AUTH-TAD-0384,annotation:span:AUTH-TAD-0384:r2,ANNOTATED_BY,,,,,,,,,,,
annotation:span:AUTH-TAD-0384:r2,rater:rater_2,MADE_BY,,,,,,,,,,,
span:AUTH-TAD-0384,annotation:span:AUTH-TAD-0384:r3,ANNOTATED_BY,,,,,,,,,,,
annotation:span:AUTH-TAD-0384:r3,rater:rater_3,MADE_BY,,,,,,,,,,,
span:AUTH-TAD-0384,cue:BEFORE_PREDICATE,TRIGGERS_CUE,,,,,,,,,,,
span:AUTH-TAD-0384,cue:EVENT_TIME,TRIGGERS_CUE,,,,,,,,,,,
span:AUTH-TAD-0384,cue:TIME_NOUN,TRIGGERS_CUE,,,,,,,,,,,
span:AUTH-TAD-0384,rule:R_TEMP_ADV_01,MATCHES_RULE,,,,,,,,1.0,TEMPORAL_ADVERBIAL,90.0,true
span:AUTH-TAD-0384,rule:R_TEMP_ADV_02,MATCHES_RULE,,,,,,,,2.0,TEMPORAL_ADVERBIAL,88.0,true
span:AUTH-TAD-0384,rule:R_TEMP_KG_ADV_02,MATCHES_RULE,,,,,,,,3.0,TEMPORAL_ADVERBIAL,72.0,true
sentence:SENT-0370,source:GRAMMAR_MANUAL_INTERMEDIATE,DERIVED_FROM,,,,,306,,,,,,
sentence:SENT-0370,span:AUTH-TAD-0385,HAS_CANDIDATE,,,,,,,,,,,
span:AUTH-TAD-0385,consensus:AUTH-TAD-0385,HAS_CONSENSUS,,,,,,,,,,,
consensus:AUTH-TAD-0385,function:TEMPORAL_ADVERBIAL,MAPS_TO,,,,,,,,,,,
span:AUTH-TAD-0385,cleaning:B_边界复核集,HAS_CLEANING_STATUS,,,,,,,边界集/鲁棒性分析,,,,
span:AUTH-TAD-0385,ambiguity:页面线索缺失,HAS_AMBIGUITY,,,,,,,,,,,
span:AUTH-TAD-0385,ambiguity:无重复,HAS_AMBIGUITY,,,,,,,,,,,
span:AUTH-TAD-0385,annotation:span:AUTH-TAD-0385:r1,ANNOTATED_BY,,,,,,,,,,,
annotation:span:AUTH-TAD-0385:r1,rater:rater_1,MADE_BY,,,,,,,,,,,
span:AUTH-TAD-0385,annotation:span:AUTH-TAD-0385:r2,ANNOTATED_BY,,,,,,,,,,,
annotation:span:AUTH-TAD-0385:r2,rater:rater_2,MADE_BY,,,,,,,,,,,
span:AUTH-TAD-0385,annotation:span:AUTH-TAD-0385:r3,ANNOTATED_BY,,,,,,,,,,,
annotation:span:AUTH-TAD-0385:r3,rater:rater_3,MADE_BY,,,,,,,,,,,
span:AUTH-TAD-0385,cue:BEFORE_PREDICATE,TRIGGERS_CUE,,,,,,,,,,,
span:AUTH-TAD-0385,cue:EVENT_TIME,TRIGGERS_CUE,,,,,,,,,,,
span:AUTH-TAD-0385,cue:TIME_NOUN,TRIGGERS_CUE,,,,,,,,,,,
span:AUTH-TAD-0385,rule:R_TEMP_ADV_01,MATCHES_RULE,,,,,,,,1.0,TEMPORAL_ADVERBIAL,90.0,true
span:AUTH-TAD-0385,rule:R_TEMP_ADV_02,MATCHES_RULE,,,,,,,,2.0,TEMPORAL_ADVERBIAL,88.0,true
span:AUTH-TAD-0385,rule:R_TEMP_KG_ADV_02,MATCHES_RULE,,,,,,,,3.0,TEMPORAL_ADVERBIAL,72.0,true
sentence:SENT-0076,source:GRAMMAR_MANUAL_INTERMEDIATE,DERIVED_FROM,,,,,21,例句 例句 快上课了，他急忙跑 我一接到老板的电 刚下班他就急忙收 进教室,,,,,
sentence:SENT-0076,span:AUTH-TAD-0386,HAS_CANDIDATE,,,,,,,,,,,
span:AUTH-TAD-0386,consensus:AUTH-TAD-0386,HAS_CONSENSUS,,,,,,,,,,,
consensus:AUTH-TAD-0386,function:TEMPORAL_ADVERBIAL,MAPS_TO,,,,,,,,,,,
span:AUTH-TAD-0386,cleaning:A_主评测候选,HAS_CLEANING_STATUS,,,,,,,主实验/严格评测,,,,
span:AUTH-TAD-0386,ambiguity:无重复,HAS_AMBIGUITY,,,,,,,,,,,
span:AUTH-TAD-0386,ambiguity:来源字段完整但仍需正版逐页核验,HAS_AMBIGUITY,,,,,,,,,,,
span:AUTH-TAD-0386,annotation:span:AUTH-TAD-0386:r1,ANNOTATED_BY,,,,,,,,,,,
annotation:span:AUTH-TAD-0386:r1,rater:rater_1,MADE_BY,,,,,,,,,,,
span:AUTH-TAD-0386,annotation:span:AUTH-TAD-0386:r2,ANNOTATED_BY,,,,,,,,,,,
annotation:span:AUTH-TAD-0386:r2,rater:rater_2,MADE_BY,,,,,,,,,,,
span:AUTH-TAD-0386,annotation:span:AUTH-TAD-0386:r3,ANNOTATED_BY,,,,,,,,,,,
annotation:span:AUTH-TAD-0386:r3,rater:rater_3,MADE_BY,,,,,,,,,,,
span:AUTH-TAD-0386,cue:BEFORE_PREDICATE,TRIGGERS_CUE,,,,,,,,,,,
span:AUTH-TAD-0386,cue:EVENT_TIME,TRIGGERS_CUE,,,,,,,,,,,
span:AUTH-TAD-0386,cue:TIME_NOUN,TRIGGERS_CUE,,,,,,,,,,,
span:AUTH-TAD-0386,rule:R_TEMP_ADV_01,MATCHES_RULE,,,,,,,,1.0,TEMPORAL_ADVERBIAL,90.0,true
span:AUTH-TAD-0386,rule:R_TEMP_ADV_02,MATCHES_RULE,,,,,,,,2.0,TEMPORAL_ADVERBIAL,88.0,true
span:AUTH-TAD-0386,rule:R_TEMP_KG_ADV_02,MATCHES_RULE,,,,,,,,3.0,TEMPORAL_ADVERBIAL,72.0,true
sentence:SENT-0274,source:GRAMMAR_MANUAL_INTERMEDIATE,DERIVED_FROM,,,,,329,我们已经尽力了，再不成功就算了,,,,,
sentence:SENT-0274,span:AUTH-TAD-0387,HAS_CANDIDATE,,,,,,,,,,,
span:AUTH-TAD-0387,consensus:AUTH-TAD-0387,HAS_CONSENSUS,,,,,,,,,,,
consensus:AUTH-TAD-0387,function:TEMPORAL_ADVERBIAL,MAPS_TO,,,,,,,,,,,
span:AUTH-TAD-0387,cleaning:B_边界复核集,HAS_CLEANING_STATUS,,,,,,,边界集/鲁棒性分析,,,,
span:AUTH-TAD-0387,ambiguity:时间副词_体貌副词边界,HAS_AMBIGUITY,,,,,,,,,,,
span:AUTH-TAD-0387,ambiguity:无重复,HAS_AMBIGUITY,,,,,,,,,,,
span:AUTH-TAD-0387,ambiguity:来源字段完整但仍需正版逐页核验,HAS_AMBIGUITY,,,,,,,,,,,
span:AUTH-TAD-0387,annotation:span:AUTH-TAD-0387:r1,ANNOTATED_BY,,,,,,,,,,,
annotation:span:AUTH-TAD-0387:r1,rater:rater_1,MADE_BY,,,,,,,,,,,
span:AUTH-TAD-0387,annotation:span:AUTH-TAD-0387:r2,ANNOTATED_BY,,,,,,,,,,,
annotation:span:AUTH-TAD-0387:r2,rater:rater_2,MADE_BY,,,,,,,,,,,
span:AUTH-TAD-0387,annotation:span:AUTH-TAD-0387:r3,ANNOTATED_BY,,,,,,,,,,,
annotation:span:AUTH-TAD-0387:r3,rater:rater_3,MADE_BY,,,,,,,,,,,
span:AUTH-TAD-0387,cue:BEFORE_PREDICATE,TRIGGERS_CUE,,,,,,,,,,,
span:AUTH-TAD-0387,cue:EVENT_TIME,TRIGGERS_CUE,,,,,,,,,,,
span:AUTH-TAD-0387,cue:TIME_ADVERB,TRIGGERS_CUE,,,,,,,,,,,
span:AUTH-TAD-0387,cue:TIME_FREQUENCY,TRIGGERS_CUE,,,,,,,,,,,
span:AUTH-TAD-0387,rule:R_TEMP_ADV_04,MATCHES_RULE,,,,,,,,1.0,TEMPORAL_ADVERBIAL,84.0,true
span:AUTH-TAD-0387,rule:R_TEMP_ADV_19,MATCHES_RULE,,,,,,,,2.0,TEMPORAL_ADVERBIAL,84.0,true
span:AUTH-TAD-0387,rule:R_TEMP_KG_ADV_01,MATCHES_RULE,,,,,,,,3.0,TEMPORAL_ADVERBIAL,79.0,true
span:AUTH-TAD-0387,rule:R_TEMP_ADV_08,MATCHES_RULE,,,,,,,,4.0,TEMPORAL_ADVERBIAL,78.0,true
span:AUTH-TAD-0387,rule:R_TEMP_ADV_11,MATCHES_RULE,,,,,,,,5.0,TEMPORAL_ADVERBIAL,73.0,true
sentence:SENT-0323,span:AUTH-TAD-0388,HAS_CANDIDATE,,,,,,,,,,,
span:AUTH-TAD-0388,consensus:AUTH-TAD-0388,HAS_CONSENSUS,,,,,,,,,,,
consensus:AUTH-TAD-0388,function:COMPLEMENT,MAPS_TO,,,,,,,,,,,
span:AUTH-TAD-0388,cleaning:B_边界复核集,HAS_CLEANING_STATUS,,,,,,,边界集/鲁棒性分析,,,,
span:AUTH-TAD-0388,ambiguity:三人标注不完全一致,HAS_AMBIGUITY,,,,,,,,,,,
span:AUTH-TAD-0388,ambiguity:同句多候选_重复句,HAS_AMBIGUITY,,,,,,,,,,,
span:AUTH-TAD-0388,ambiguity:来源字段完整但仍需正版逐页核验,HAS_AMBIGUITY,,,,,,,,,,,
span:AUTH-TAD-0388,annotation:span:AUTH-TAD-0388:r1,ANNOTATED_BY,,,,,,,,,,,
annotation:span:AUTH-TAD-0388:r1,rater:rater_1,MADE_BY,,,,,,,,,,,
span:AUTH-TAD-0388,annotation:span:AUTH-TAD-0388:r2,ANNOTATED_BY,,,,,,,,,,,
annotation:span:AUTH-TAD-0388:r2,rater:rater_2,MADE_BY,,,,,,,,,,,
span:AUTH-TAD-0388,annotation:span:AUTH-TAD-0388:r3,ANNOTATED_BY,,,,,,,,,,,
annotation:span:AUTH-TAD-0388:r3,rater:rater_3,MADE_BY,,,,,,,,,,,
span:AUTH-TAD-0388,cue:TIME_DURATION,TRIGGERS_CUE,,,,,,,,,,,
sentence:SENT-0414,source:GRAMMAR_MANUAL_INTERMEDIATE,DERIVED_FROM,,,,,149,出国以后，我不时会给父母打电话,,,,,
sentence:SENT-0414,span:AUTH-TAD-0389,HAS_CANDIDATE,,,,,,,,,,,
span:AUTH-TAD-0389,consensus:AUTH-TAD-0389,HAS_CONSENSUS,,,,,,,,,,,
consensus:AUTH-TAD-0389,function:ATTRIBUTE,MAPS_TO,,,,,,,,,,,
span:AUTH-TAD-0389,cleaning:B_边界复核集,HAS_CLEANING_STATUS,,,,,,,边界集/鲁棒性分析,,,,
span:AUTH-TAD-0389,ambiguity:可能为时间定语,HAS_AMBIGUITY,,,,,,,,,,,
span:AUTH-TAD-0389,ambiguity:时量补语_持续时间边界,HAS_AMBIGUITY,,,,,,,,,,,
span:AUTH-TAD-0389,ambiguity:无重复,HAS_AMBIGUITY,,,,,,,,,,,
span:AUTH-TAD-0389,ambiguity:来源字段完整但仍需正版逐页核验,HAS_AMBIGUITY,,,,,,,,,,,
span:AUTH-TAD-0389,annotation:span:AUTH-TAD-0389:r1,ANNOTATED_BY,,,,,,,,,,,
annotation:span:AUTH-TAD-0389:r1,rater:rater_1,MADE_BY,,,,,,,,,,,
span:AUTH-TAD-0389,annotation:span:AUTH-TAD-0389:r2,ANNOTATED_BY,,,,,,,,,,,
annotation:span:AUTH-TAD-0389:r2,rater:rater_2,MADE_BY,,,,,,,,,,,
span:AUTH-TAD-0389,annotation:span:AUTH-TAD-0389:r3,ANNOTATED_BY,,,,,,,,,,,
annotation:span:AUTH-TAD-0389:r3,rater:rater_3,MADE_BY,,,,,,,,,,,
span:AUTH-TAD-0389,cue:ATTR_DE_DIRECT,TRIGGERS_CUE,,,,,,,,,,,
span:AUTH-TAD-0389,cue:ATTR_NOMINAL_DIRECT,TRIGGERS_CUE,,,,,,,,,,,
span:AUTH-TAD-0389,cue:DE_PARTICLE,TRIGGERS_CUE,,,,,,,,,,,
span:AUTH-TAD-0389,cue:NOMINAL_HEAD,TRIGGERS_CUE,,,,,,,,,,,
span:AUTH-TAD-0389,cue:TIME_NOUN,TRIGGERS_CUE,,,,,,,,,,,
span:AUTH-TAD-0389,rule:R_TEMP_KG_ATTR_01,MATCHES_RULE,,,,,,,,1.0,ATTRIBUTE,128.0,true
span:AUTH-TAD-0389,rule:R_TEMP_KG_ATTR_02,MATCHES_RULE,,,,,,,,2.0,ATTRIBUTE,126.0,true
span:AUTH-TAD-0389,rule:R_TEMP_ATTR_01,MATCHES_RULE,,,,,,,,3.0,ATTRIBUTE,95.0,true
span:AUTH-TAD-0389,rule:R_TEMP_ATTR_03,MATCHES_RULE,,,,,,,,4.0,ATTRIBUTE,88.0,true
span:AUTH-TAD-0389,rule:R_TEMP_KG_ADV_02,MATCHES_RULE,,,,,,,,5.0,TEMPORAL_ADVERBIAL,72.0,false
sentence:SENT-0389,source:GRAMMAR_MANUAL_ELEMENTARY,DERIVED_FROM,,,,,204,◎ 结构特点 形容词后的数量补语一般由数量短语和表示数量的“一点儿、一些,,,,,
sentence:SENT-0389,span:AUTH-TAD-0390,HAS_CANDIDATE,,,,,,,,,,,
span:AUTH-TAD-0390,consensus:AUTH-TAD-0390,HAS_CONSENSUS,,,,,,,,,,,
consensus:AUTH-TAD-0390,function:TEMPORAL_ADVERBIAL,MAPS_TO,,,,,,,,,,,
span:AUTH-TAD-0390,cleaning:A_主评测候选,HAS_CLEANING_STATUS,,,,,,,主实验/严格评测,,,,
span:AUTH-TAD-0390,ambiguity:无重复,HAS_AMBIGUITY,,,,,,,,,,,
span:AUTH-TAD-0390,ambiguity:来源字段完整但仍需正版逐页核验,HAS_AMBIGUITY,,,,,,,,,,,
span:AUTH-TAD-0390,annotation:span:AUTH-TAD-0390:r1,ANNOTATED_BY,,,,,,,,,,,
annotation:span:AUTH-TAD-0390:r1,rater:rater_1,MADE_BY,,,,,,,,,,,
span:AUTH-TAD-0390,annotation:span:AUTH-TAD-0390:r2,ANNOTATED_BY,,,,,,,,,,,
annotation:span:AUTH-TAD-0390:r2,rater:rater_2,MADE_BY,,,,,,,,,,,
span:AUTH-TAD-0390,annotation:span:AUTH-TAD-0390:r3,ANNOTATED_BY,,,,,,,,,,,
annotation:span:AUTH-TAD-0390:r3,rater:rater_3,MADE_BY,,,,,,,,,,,
span:AUTH-TAD-0390,cue:BEFORE_PREDICATE,TRIGGERS_CUE,,,,,,,,,,,
span:AUTH-TAD-0390,cue:EVENT_TIME,TRIGGERS_CUE,,,,,,,,,,,
span:AUTH-TAD-0390,cue:SENTENCE_INITIAL,TRIGGERS_CUE,,,,,,,,,,,
span:AUTH-TAD-0390,cue:TIME_ADVERB,TRIGGERS_CUE,,,,,,,,,,,
span:AUTH-TAD-0390,cue:TIME_NOUN,TRIGGERS_CUE,,,,,,,,,,,
span:AUTH-TAD-0390,cue:TIME_POINT,TRIGGERS_CUE,,,,,,,,,,,
span:AUTH-TAD-0390,rule:R_TEMP_ADV_01,MATCHES_RULE,,,,,,,,1.0,TEMPORAL_ADVERBIAL,90.0,true
span:AUTH-TAD-0390,rule:R_TEMP_ADV_02,MATCHES_RULE,,,,,,,,2.0,TEMPORAL_ADVERBIAL,88.0,true
span:AUTH-TAD-0390,rule:R_TEMP_ADV_19,MATCHES_RULE,,,,,,,,3.0,TEMPORAL_ADVERBIAL,84.0,true
span:AUTH-TAD-0390,rule:R_TEMP_ADV_08,MATCHES_RULE,,,,,,,,4.0,TEMPORAL_ADVERBIAL,78.0,true
span:AUTH-TAD-0390,rule:R_TEMP_ADV_10,MATCHES_RULE,,,,,,,,5.0,TEMPORAL_ADVERBIAL,75.0,true
sentence:SENT-0149,source:GRAMMAR_MANUAL_ADVANCED,DERIVED_FROM,,,,,64,B:他未免过分自信了，平时考试他都在第十名以后,,,,,
sentence:SENT-0149,span:AUTH-TAD-0391,HAS_CANDIDATE,,,,,,,,,,,
span:AUTH-TAD-0391,consensus:AUTH-TAD-0391,HAS_CONSENSUS,,,,,,,,,,,
consensus:AUTH-TAD-0391,function:TEMPORAL_ADVERBIAL,MAPS_TO,,,,,,,,,,,
span:AUTH-TAD-0391,cleaning:B_边界复核集,HAS_CLEANING_STATUS,,,,,,,边界集/鲁棒性分析,,,,
span:AUTH-TAD-0391,ambiguity:时间副词_体貌副词边界,HAS_AMBIGUITY,,,,,,,,,,,
span:AUTH-TAD-0391,ambiguity:时间主语_普通时间词边界,HAS_AMBIGUITY,,,,,,,,,,,
span:AUTH-TAD-0391,ambiguity:无重复,HAS_AMBIGUITY,,,,,,,,,,,
span:AUTH-TAD-0391,ambiguity:来源字段完整但仍需正版逐页核验,HAS_AMBIGUITY,,,,,,,,,,,
span:AUTH-TAD-0391,annotation:span:AUTH-TAD-0391:r1,ANNOTATED_BY,,,,,,,,,,,
annotation:span:AUTH-TAD-0391:r1,rater:rater_1,MADE_BY,,,,,,,,,,,
span:AUTH-TAD-0391,annotation:span:AUTH-TAD-0391:r2,ANNOTATED_BY,,,,,,,,,,,
annotation:span:AUTH-TAD-0391:r2,rater:rater_2,MADE_BY,,,,,,,,,,,
span:AUTH-TAD-0391,annotation:span:AUTH-TAD-0391:r3,ANNOTATED_BY,,,,,,,,,,,
annotation:span:AUTH-TAD-0391:r3,rater:rater_3,MADE_BY,,,,,,,,,,,
span:AUTH-TAD-0391,cue:COPULA_SHI,TRIGGERS_CUE,,,,,,,,,,,
span:AUTH-TAD-0391,cue:TIME_ADVERB,TRIGGERS_CUE,,,,,,,,,,,
span:AUTH-TAD-0391,cue:TIME_FREQUENCY,TRIGGERS_CUE,,,,,,,,,,,
span:AUTH-TAD-0391,rule:R_TEMP_KG_ADV_01,MATCHES_RULE,,,,,,,,1.0,TEMPORAL_ADVERBIAL,79.0,true
span:AUTH-TAD-0391,rule:R_TEMP_ADV_11,MATCHES_RULE,,,,,,,,2.0,TEMPORAL_ADVERBIAL,73.0,true
sentence:SENT-0117,source:GRAMMAR_MANUAL_ELEMENTARY,DERIVED_FROM,,,,,353,文水平等级标准·语法学习手册(初等) S+V+时量补语 我们 休息了 十分钟,,,,,
sentence:SENT-0117,span:AUTH-TAD-0392,HAS_CANDIDATE,,,,,,,,,,,
span:AUTH-TAD-0392,consensus:AUTH-TAD-0392,HAS_CONSENSUS,,,,,,,,,,,
consensus:AUTH-TAD-0392,function:COMPLEMENT,MAPS_TO,,,,,,,,,,,
span:AUTH-TAD-0392,cleaning:B_边界复核集,HAS_CLEANING_STATUS,,,,,,,边界集/鲁棒性分析,,,,
span:AUTH-TAD-0392,ambiguity:时量补语_持续时间边界,HAS_AMBIGUITY,,,,,,,,,,,
span:AUTH-TAD-0392,ambiguity:无重复,HAS_AMBIGUITY,,,,,,,,,,,
span:AUTH-TAD-0392,ambiguity:来源字段完整但仍需正版逐页核验,HAS_AMBIGUITY,,,,,,,,,,,
span:AUTH-TAD-0392,annotation:span:AUTH-TAD-0392:r1,ANNOTATED_BY,,,,,,,,,,,
annotation:span:AUTH-TAD-0392:r1,rater:rater_1,MADE_BY,,,,,,,,,,,
span:AUTH-TAD-0392,annotation:span:AUTH-TAD-0392:r2,ANNOTATED_BY,,,,,,,,,,,
annotation:span:AUTH-TAD-0392:r2,rater:rater_2,MADE_BY,,,,,,,,,,,
span:AUTH-TAD-0392,annotation:span:AUTH-TAD-0392:r3,ANNOTATED_BY,,,,,,,,,,,
annotation:span:AUTH-TAD-0392:r3,rater:rater_3,MADE_BY,,,,,,,,,,,
span:AUTH-TAD-0392,cue:AFTER_VERB,TRIGGERS_CUE,,,,,,,,,,,
span:AUTH-TAD-0392,cue:COMPLEMENT_DURATION_CONTEXT,TRIGGERS_CUE,,,,,,,,,,,
span:AUTH-TAD-0392,cue:DURATION_COMPLEMENT,TRIGGERS_CUE,,,,,,,,,,,
span:AUTH-TAD-0392,cue:TIME_DURATION,TRIGGERS_CUE,,,,,,,,,,,
span:AUTH-TAD-0392,rule:R_TEMP_KG_COMP_01,MATCHES_RULE,,,,,,,,1.0,COMPLEMENT,127.0,true
span:AUTH-TAD-0392,rule:R_TEMP_COMP_01,MATCHES_RULE,,,,,,,,2.0,COMPLEMENT,96.0,true
span:AUTH-TAD-0392,rule:R_TEMP_COMP_02,MATCHES_RULE,,,,,,,,3.0,COMPLEMENT,95.0,true
span:AUTH-TAD-0392,rule:R_TEMP_COMP_07,MATCHES_RULE,,,,,,,,4.0,COMPLEMENT,94.0,true
sentence:SENT-0009,source:GRAMMAR_MANUAL_ELEMENTARY,DERIVED_FROM,,,,,208,84 比较句2(1):A比B+形容词+数量补语【二58】 ◎ 基本语义及用法 在“比”,,,,,
sentence:SENT-0009,span:AUTH-TAD-0393,HAS_CANDIDATE,,,,,,,,,,,
span:AUTH-TAD-0393,consensus:AUTH-TAD-0393,HAS_CONSENSUS,,,,,,,,,,,
consensus:AUTH-TAD-0393,function:TEMPORAL_ADVERBIAL,MAPS_TO,,,,,,,,,,,
span:AUTH-TAD-0393,cleaning:A_主评测候选,HAS_CLEANING_STATUS,,,,,,,主实验/严格评测,,,,
span:AUTH-TAD-0393,ambiguity:无重复,HAS_AMBIGUITY,,,,,,,,,,,
span:AUTH-TAD-0393,ambiguity:来源字段完整但仍需正版逐页核验,HAS_AMBIGUITY,,,,,,,,,,,
span:AUTH-TAD-0393,annotation:span:AUTH-TAD-0393:r1,ANNOTATED_BY,,,,,,,,,,,
annotation:span:AUTH-TAD-0393:r1,rater:rater_1,MADE_BY,,,,,,,,,,,
span:AUTH-TAD-0393,annotation:span:AUTH-TAD-0393:r2,ANNOTATED_BY,,,,,,,,,,,
annotation:span:AUTH-TAD-0393:r2,rater:rater_2,MADE_BY,,,,,,,,,,,
span:AUTH-TAD-0393,annotation:span:AUTH-TAD-0393:r3,ANNOTATED_BY,,,,,,,,,,,
annotation:span:AUTH-TAD-0393:r3,rater:rater_3,MADE_BY,,,,,,,,,,,
span:AUTH-TAD-0393,cue:BEFORE_PREDICATE,TRIGGERS_CUE,,,,,,,,,,,
span:AUTH-TAD-0393,cue:EVENT_TIME,TRIGGERS_CUE,,,,,,,,,,,
span:AUTH-TAD-0393,cue:SENTENCE_INITIAL,TRIGGERS_CUE,,,,,,,,,,,
span:AUTH-TAD-0393,cue:TIME_NOUN,TRIGGERS_CUE,,,,,,,,,,,
span:AUTH-TAD-0393,cue:TIME_POINT,TRIGGERS_CUE,,,,,,,,,,,
span:AUTH-TAD-0393,rule:R_TEMP_ADV_01,MATCHES_RULE,,,,,,,,1.0,TEMPORAL_ADVERBIAL,90.0,true
span:AUTH-TAD-0393,rule:R_TEMP_ADV_02,MATCHES_RULE,,,,,,,,2.0,TEMPORAL_ADVERBIAL,88.0,true
span:AUTH-TAD-0393,rule:R_TEMP_ADV_10,MATCHES_RULE,,,,,,,,3.0,TEMPORAL_ADVERBIAL,75.0,true
span:AUTH-TAD-0393,rule:R_TEMP_KG_ADV_02,MATCHES_RULE,,,,,,,,4.0,TEMPORAL_ADVERBIAL,72.0,true
sentence:SENT-0332,source:GRAMMAR_MANUAL_ELEMENTARY,DERIVED_FROM,,,,,116,,,,,,
sentence:SENT-0332,span:AUTH-TAD-0394,HAS_CANDIDATE,,,,,,,,,,,
span:AUTH-TAD-0394,consensus:AUTH-TAD-0394,HAS_CONSENSUS,,,,,,,,,,,
consensus:AUTH-TAD-0394,function:TEMPORAL_ADVERBIAL,MAPS_TO,,,,,,,,,,,
span:AUTH-TAD-0394,cleaning:B_边界复核集,HAS_CLEANING_STATUS,,,,,,,边界集/鲁棒性分析,,,,
span:AUTH-TAD-0394,ambiguity:页面线索缺失,HAS_AMBIGUITY,,,,,,,,,,,
span:AUTH-TAD-0394,ambiguity:三人标注不完全一致,HAS_AMBIGUITY,,,,,,,,,,,
span:AUTH-TAD-0394,ambiguity:无重复,HAS_AMBIGUITY,,,,,,,,,,,
span:AUTH-TAD-0394,annotation:span:AUTH-TAD-0394:r1,ANNOTATED_BY,,,,,,,,,,,
annotation:span:AUTH-TAD-0394:r1,rater:rater_1,MADE_BY,,,,,,,,,,,
span:AUTH-TAD-0394,annotation:span:AUTH-TAD-0394:r2,ANNOTATED_BY,,,,,,,,,,,
annotation:span:AUTH-TAD-0394:r2,rater:rater_2,MADE_BY,,,,,,,,,,,
span:AUTH-TAD-0394,annotation:span:AUTH-TAD-0394:r3,ANNOTATED_BY,,,,,,,,,,,
annotation:span:AUTH-TAD-0394:r3,rater:rater_3,MADE_BY,,,,,,,,,,,
span:AUTH-TAD-0394,cue:BEFORE_PREDICATE,TRIGGERS_CUE,,,,,,,,,,,
span:AUTH-TAD-0394,cue:EVENT_TIME,TRIGGERS_CUE,,,,,,,,,,,
span:AUTH-TAD-0394,cue:SENTENCE_INITIAL,TRIGGERS_CUE,,,,,,,,,,,
span:AUTH-TAD-0394,cue:TIME_NOUN,TRIGGERS_CUE,,,,,,,,,,,
span:AUTH-TAD-0394,rule:R_TEMP_ADV_01,MATCHES_RULE,,,,,,,,1.0,TEMPORAL_ADVERBIAL,90.0,true
span:AUTH-TAD-0394,rule:R_TEMP_ADV_02,MATCHES_RULE,,,,,,,,2.0,TEMPORAL_ADVERBIAL,88.0,true
span:AUTH-TAD-0394,rule:R_TEMP_KG_ADV_02,MATCHES_RULE,,,,,,,,3.0,TEMPORAL_ADVERBIAL,72.0,true
sentence:SENT-0251,source:GRAMMAR_MANUAL_INTERMEDIATE,DERIVED_FROM,,,,,66,自开业以来，这个饭馆的生意每天都很好,,,,,
sentence:SENT-0251,span:AUTH-TAD-0395,HAS_CANDIDATE,,,,,,,,,,,
span:AUTH-TAD-0395,consensus:AUTH-TAD-0395,HAS_CONSENSUS,,,,,,,,,,,
consensus:AUTH-TAD-0395,function:TEMPORAL_ADVERBIAL,MAPS_TO,,,,,,,,,,,
span:AUTH-TAD-0395,cleaning:B_边界复核集,HAS_CLEANING_STATUS,,,,,,,边界集/鲁棒性分析,,,,
span:AUTH-TAD-0395,ambiguity:相对时间框架边界,HAS_AMBIGUITY,,,,,,,,,,,
span:AUTH-TAD-0395,ambiguity:无重复,HAS_AMBIGUITY,,,,,,,,,,,
span:AUTH-TAD-0395,ambiguity:来源字段完整但仍需正版逐页核验,HAS_AMBIGUITY,,,,,,,,,,,
span:AUTH-TAD-0395,annotation:span:AUTH-TAD-0395:r1,ANNOTATED_BY,,,,,,,,,,,
annotation:span:AUTH-TAD-0395:r1,rater:rater_1,MADE_BY,,,,,,,,,,,
span:AUTH-TAD-0395,annotation:span:AUTH-TAD-0395:r2,ANNOTATED_BY,,,,,,,,,,,
annotation:span:AUTH-TAD-0395:r2,rater:rater_2,MADE_BY,,,,,,,,,,,
span:AUTH-TAD-0395,annotation:span:AUTH-TAD-0395:r3,ANNOTATED_BY,,,,,,,,,,,
annotation:span:AUTH-TAD-0395:r3,rater:rater_3,MADE_BY,,,,,,,,,,,
span:AUTH-TAD-0395,cue:BEFORE_PREDICATE,TRIGGERS_CUE,,,,,,,,,,,
span:AUTH-TAD-0395,cue:EVENT_TIME,TRIGGERS_CUE,,,,,,,,,,,
span:AUTH-TAD-0395,cue:NO_TEMPORAL_EXPRESSION,TRIGGERS_CUE,,,,,,,,,,,
span:AUTH-TAD-0395,cue:SENTENCE_INITIAL,TRIGGERS_CUE,,,,,,,,,,,
sentence:SENT-0447,source:GRAMMAR_MANUAL_ELEMENTARY,DERIVED_FROM,,,,,355,,,,,,
sentence:SENT-0447,span:AUTH-TAD-0396,HAS_CANDIDATE,,,,,,,,,,,
span:AUTH-TAD-0396,consensus:AUTH-TAD-0396,HAS_CONSENSUS,,,,,,,,,,,
consensus:AUTH-TAD-0396,function:COMPLEMENT,MAPS_TO,,,,,,,,,,,
span:AUTH-TAD-0396,cleaning:B_边界复核集,HAS_CLEANING_STATUS,,,,,,,边界集/鲁棒性分析,,,,
span:AUTH-TAD-0396,ambiguity:页面线索缺失,HAS_AMBIGUITY,,,,,,,,,,,
span:AUTH-TAD-0396,ambiguity:时量补语_持续时间边界,HAS_AMBIGUITY,,,,,,,,,,,
span:AUTH-TAD-0396,ambiguity:无重复,HAS_AMBIGUITY,,,,,,,,,,,
span:AUTH-TAD-0396,annotation:span:AUTH-TAD-0396:r1,ANNOTATED_BY,,,,,,,,,,,
annotation:span:AUTH-TAD-0396:r1,rater:rater_1,MADE_BY,,,,,,,,,,,
span:AUTH-TAD-0396,annotation:span:AUTH-TAD-0396:r2,ANNOTATED_BY,,,,,,,,,,,
annotation:span:AUTH-TAD-0396:r2,rater:rater_2,MADE_BY,,,,,,,,,,,
span:AUTH-TAD-0396,annotation:span:AUTH-TAD-0396:r3,ANNOTATED_BY,,,,,,,,,,,
annotation:span:AUTH-TAD-0396:r3,rater:rater_3,MADE_BY,,,,,,,,,,,
span:AUTH-TAD-0396,cue:AFTER_VERB,TRIGGERS_CUE,,,,,,,,,,,
span:AUTH-TAD-0396,cue:COMPLEMENT_DURATION_CONTEXT,TRIGGERS_CUE,,,,,,,,,,,
span:AUTH-TAD-0396,cue:DURATION_COMPLEMENT,TRIGGERS_CUE,,,,,,,,,,,
span:AUTH-TAD-0396,cue:TIME_DURATION,TRIGGERS_CUE,,,,,,,,,,,
span:AUTH-TAD-0396,rule:R_TEMP_KG_COMP_01,MATCHES_RULE,,,,,,,,1.0,COMPLEMENT,127.0,true
span:AUTH-TAD-0396,rule:R_TEMP_COMP_01,MATCHES_RULE,,,,,,,,2.0,COMPLEMENT,96.0,true
span:AUTH-TAD-0396,rule:R_TEMP_COMP_02,MATCHES_RULE,,,,,,,,3.0,COMPLEMENT,95.0,true
span:AUTH-TAD-0396,rule:R_TEMP_COMP_07,MATCHES_RULE,,,,,,,,4.0,COMPLEMENT,94.0,true
sentence:SENT-0182,source:GRAMMAR_MANUAL_ELEMENTARY,DERIVED_FROM,,,,,372,后坚持每天练习,,,,,
sentence:SENT-0182,span:AUTH-TAD-0397,HAS_CANDIDATE,,,,,,,,,,,
span:AUTH-TAD-0397,consensus:AUTH-TAD-0397,HAS_CONSENSUS,,,,,,,,,,,
consensus:AUTH-TAD-0397,function:TEMPORAL_ADVERBIAL,MAPS_TO,,,,,,,,,,,
span:AUTH-TAD-0397,cleaning:A_主评测候选,HAS_CLEANING_STATUS,,,,,,,主实验/严格评测,,,,
span:AUTH-TAD-0397,ambiguity:无重复,HAS_AMBIGUITY,,,,,,,,,,,
span:AUTH-TAD-0397,ambiguity:来源字段完整但仍需正版逐页核验,HAS_AMBIGUITY,,,,,,,,,,,
span:AUTH-TAD-0397,annotation:span:AUTH-TAD-0397:r1,ANNOTATED_BY,,,,,,,,,,,
annotation:span:AUTH-TAD-0397:r1,rater:rater_1,MADE_BY,,,,,,,,,,,
span:AUTH-TAD-0397,annotation:span:AUTH-TAD-0397:r2,ANNOTATED_BY,,,,,,,,,,,
annotation:span:AUTH-TAD-0397:r2,rater:rater_2,MADE_BY,,,,,,,,,,,
span:AUTH-TAD-0397,annotation:span:AUTH-TAD-0397:r3,ANNOTATED_BY,,,,,,,,,,,
annotation:span:AUTH-TAD-0397:r3,rater:rater_3,MADE_BY,,,,,,,,,,,
span:AUTH-TAD-0397,cue:BEFORE_PREDICATE,TRIGGERS_CUE,,,,,,,,,,,
span:AUTH-TAD-0397,cue:EVENT_TIME,TRIGGERS_CUE,,,,,,,,,,,
span:AUTH-TAD-0397,cue:TIME_FREQUENCY,TRIGGERS_CUE,,,,,,,,,,,
span:AUTH-TAD-0397,rule:R_TEMP_ADV_04,MATCHES_RULE,,,,,,,,1.0,TEMPORAL_ADVERBIAL,84.0,true
span:AUTH-TAD-0397,rule:R_TEMP_KG_ADV_01,MATCHES_RULE,,,,,,,,2.0,TEMPORAL_ADVERBIAL,79.0,true
sentence:SENT-0247,source:GRAMMAR_MANUAL_ELEMENTARY,DERIVED_FROM,,,,,286,? 出的建议有什么 儿子：有个同学生病了，看 B:刚看到一位老人 想法吗? 他不舒服，我们连,,,,,
sentence:SENT-0247,span:AUTH-TAD-0398,HAS_CANDIDATE,,,,,,,,,,,
span:AUTH-TAD-0398,consensus:AUTH-TAD-0398,HAS_CONSENSUS,,,,,,,,,,,
consensus:AUTH-TAD-0398,function:OTHER,MAPS_TO,,,,,,,,,,,
span:AUTH-TAD-0398,cleaning:C_暂不纳入主实验,HAS_CLEANING_STATUS,,,,,,,待复核,,,,
span:AUTH-TAD-0398,ambiguity:原表已建议复核_剔除,HAS_AMBIGUITY,,,,,,,,,,,
span:AUTH-TAD-0398,ambiguity:非目标时间表达,HAS_AMBIGUITY,,,,,,,,,,,
span:AUTH-TAD-0398,ambiguity:三人标注不完全一致,HAS_AMBIGUITY,,,,,,,,,,,
span:AUTH-TAD-0398,ambiguity:至少一名标注者修正片段,HAS_AMBIGUITY,,,,,,,,,,,
span:AUTH-TAD-0398,ambiguity:同句多候选_重复句,HAS_AMBIGUITY,,,,,,,,,,,
span:AUTH-TAD-0398,ambiguity:来源字段完整但仍需正版逐页核验,HAS_AMBIGUITY,,,,,,,,,,,
span:AUTH-TAD-0398,annotation:span:AUTH-TAD-0398:r1,ANNOTATED_BY,,,,,,,,,,,
annotation:span:AUTH-TAD-0398:r1,rater:rater_1,MADE_BY,,,,,,,,,,,
span:AUTH-TAD-0398,annotation:span:AUTH-TAD-0398:r2,ANNOTATED_BY,,,,,,,,,,,
annotation:span:AUTH-TAD-0398:r2,rater:rater_2,MADE_BY,,,,,,,,,,,
span:AUTH-TAD-0398,annotation:span:AUTH-TAD-0398:r3,ANNOTATED_BY,,,,,,,,,,,
annotation:span:AUTH-TAD-0398:r3,rater:rater_3,MADE_BY,,,,,,,,,,,
span:AUTH-TAD-0398,cue:BEFORE_PREDICATE,TRIGGERS_CUE,,,,,,,,,,,
span:AUTH-TAD-0398,cue:EVENT_TIME,TRIGGERS_CUE,,,,,,,,,,,
span:AUTH-TAD-0398,cue:NO_TEMPORAL_EXPRESSION,TRIGGERS_CUE,,,,,,,,,,,
span:AUTH-TAD-0398,cue:REVIEW_NON_TARGET_RISK,TRIGGERS_CUE,,,,,,,,,,,
span:AUTH-TAD-0398,rule:R_TEMP_KG_OTHER_01,MATCHES_RULE,,,,,,,,1.0,OTHER,130.0,true
sentence:SENT-0225,source:GRAMMAR_MANUAL_INTERMEDIATE,DERIVED_FROM,,,,,375,如果不从小培养孩子的独立生活能力，他们以后可能这也不懂，那也不会,,,,,
sentence:SENT-0225,span:AUTH-TAD-0399,HAS_CANDIDATE,,,,,,,,,,,
span:AUTH-TAD-0399,consensus:AUTH-TAD-0399,HAS_CONSENSUS,,,,,,,,,,,
consensus:AUTH-TAD-0399,function:OTHER,MAPS_TO,,,,,,,,,,,
span:AUTH-TAD-0399,cleaning:C_暂不纳入主实验,HAS_CLEANING_STATUS,,,,,,,待复核,,,,
span:AUTH-TAD-0399,ambiguity:相对时间框架边界,HAS_AMBIGUITY,,,,,,,,,,,
span:AUTH-TAD-0399,ambiguity:候选片段与最终片段不一致,HAS_AMBIGUITY,,,,,,,,,,,
span:AUTH-TAD-0399,ambiguity:非目标时间表达,HAS_AMBIGUITY,,,,,,,,,,,
span:AUTH-TAD-0399,ambiguity:三人标注不完全一致,HAS_AMBIGUITY,,,,,,,,,,,
span:AUTH-TAD-0399,ambiguity:至少一名标注者修正片段,HAS_AMBIGUITY,,,,,,,,,,,
span:AUTH-TAD-0399,ambiguity:无重复,HAS_AMBIGUITY,,,,,,,,,,,
span:AUTH-TAD-0399,ambiguity:来源字段完整但仍需正版逐页核验,HAS_AMBIGUITY,,,,,,,,,,,
span:AUTH-TAD-0399,annotation:span:AUTH-TAD-0399:r1,ANNOTATED_BY,,,,,,,,,,,
annotation:span:AUTH-TAD-0399:r1,rater:rater_1,MADE_BY,,,,,,,,,,,
span:AUTH-TAD-0399,annotation:span:AUTH-TAD-0399:r2,ANNOTATED_BY,,,,,,,,,,,
annotation:span:AUTH-TAD-0399:r2,rater:rater_2,MADE_BY,,,,,,,,,,,
span:AUTH-TAD-0399,annotation:span:AUTH-TAD-0399:r3,ANNOTATED_BY,,,,,,,,,,,
annotation:span:AUTH-TAD-0399:r3,rater:rater_3,MADE_BY,,,,,,,,,,,
span:AUTH-TAD-0399,cue:NO_TEMPORAL_EXPRESSION,TRIGGERS_CUE,,,,,,,,,,,
span:AUTH-TAD-0399,cue:REVIEW_NON_TARGET_RISK,TRIGGERS_CUE,,,,,,,,,,,
span:AUTH-TAD-0399,cue:TIME_AFTER_BEFORE,TRIGGERS_CUE,,,,,,,,,,,
span:AUTH-TAD-0399,rule:R_TEMP_KG_OTHER_01,MATCHES_RULE,,,,,,,,1.0,OTHER,130.0,true
sentence:SENT-0176,source:GRAMMAR_MANUAL_ADVANCED,DERIVED_FROM,,,,,104,◎ 典型例句和对话 例句 交际实践 可不是，警察都已经 (在小区门口，询问出了什么事) 来了,,,,,
sentence:SENT-0176,span:AUTH-TAD-0400,HAS_CANDIDATE,,,,,,,,,,,
span:AUTH-TAD-0400,consensus:AUTH-TAD-0400,HAS_CONSENSUS,,,,,,,,,,,
consensus:AUTH-TAD-0400,function:TEMPORAL_ADVERBIAL,MAPS_TO,,,,,,,,,,,
span:AUTH-TAD-0400,cleaning:B_边界复核集,HAS_CLEANING_STATUS,,,,,,,边界集/鲁棒性分析,,,,
span:AUTH-TAD-0400,ambiguity:时间副词_体貌副词边界,HAS_AMBIGUITY,,,,,,,,,,,
span:AUTH-TAD-0400,ambiguity:无重复,HAS_AMBIGUITY,,,,,,,,,,,
span:AUTH-TAD-0400,ambiguity:来源字段完整但仍需正版逐页核验,HAS_AMBIGUITY,,,,,,,,,,,
span:AUTH-TAD-0400,annotation:span:AUTH-TAD-0400:r1,ANNOTATED_BY,,,,,,,,,,,
annotation:span:AUTH-TAD-0400:r1,rater:rater_1,MADE_BY,,,,,,,,,,,
span:AUTH-TAD-0400,annotation:span:AUTH-TAD-0400:r2,ANNOTATED_BY,,,,,,,,,,,
annotation:span:AUTH-TAD-0400:r2,rater:rater_2,MADE_BY,,,,,,,,,,,
span:AUTH-TAD-0400,annotation:span:AUTH-TAD-0400:r3,ANNOTATED_BY,,,,,,,,,,,
annotation:span:AUTH-TAD-0400:r3,rater:rater_3,MADE_BY,,,,,,,,,,,
span:AUTH-TAD-0400,cue:BEFORE_PREDICATE,TRIGGERS_CUE,,,,,,,,,,,
span:AUTH-TAD-0400,cue:EVENT_TIME,TRIGGERS_CUE,,,,,,,,,,,
span:AUTH-TAD-0400,cue:TIME_ADVERB,TRIGGERS_CUE,,,,,,,,,,,
span:AUTH-TAD-0400,cue:TIME_FREQUENCY,TRIGGERS_CUE,,,,,,,,,,,
span:AUTH-TAD-0400,rule:R_TEMP_ADV_04,MATCHES_RULE,,,,,,,,1.0,TEMPORAL_ADVERBIAL,84.0,true
span:AUTH-TAD-0400,rule:R_TEMP_ADV_19,MATCHES_RULE,,,,,,,,2.0,TEMPORAL_ADVERBIAL,84.0,true
span:AUTH-TAD-0400,rule:R_TEMP_KG_ADV_01,MATCHES_RULE,,,,,,,,3.0,TEMPORAL_ADVERBIAL,79.0,true
span:AUTH-TAD-0400,rule:R_TEMP_ADV_08,MATCHES_RULE,,,,,,,,4.0,TEMPORAL_ADVERBIAL,78.0,true
span:AUTH-TAD-0400,rule:R_TEMP_ADV_11,MATCHES_RULE,,,,,,,,5.0,TEMPORAL_ADVERBIAL,73.0,true
sentence:SENT-0058,source:GRAMMAR_MANUAL_ELEMENTARY,DERIVED_FROM,,,,,64,◎结构特点 “不”在动词性或形容词性成分前，作状语,,,,,
sentence:SENT-0058,span:AUTH-TAD-0401,HAS_CANDIDATE,,,,,,,,,,,
span:AUTH-TAD-0401,consensus:AUTH-TAD-0401,HAS_CONSENSUS,,,,,,,,,,,
consensus:AUTH-TAD-0401,function:ATTRIBUTE,MAPS_TO,,,,,,,,,,,
span:AUTH-TAD-0401,cleaning:B_边界复核集,HAS_CLEANING_STATUS,,,,,,,边界集/鲁棒性分析,,,,
span:AUTH-TAD-0401,ambiguity:可能为时间定语,HAS_AMBIGUITY,,,,,,,,,,,
span:AUTH-TAD-0401,ambiguity:无重复,HAS_AMBIGUITY,,,,,,,,,,,
span:AUTH-TAD-0401,ambiguity:来源字段完整但仍需正版逐页核验,HAS_AMBIGUITY,,,,,,,,,,,
span:AUTH-TAD-0401,annotation:span:AUTH-TAD-0401:r1,ANNOTATED_BY,,,,,,,,,,,
annotation:span:AUTH-TAD-0401:r1,rater:rater_1,MADE_BY,,,,,,,,,,,
span:AUTH-TAD-0401,annotation:span:AUTH-TAD-0401:r2,ANNOTATED_BY,,,,,,,,,,,
annotation:span:AUTH-TAD-0401:r2,rater:rater_2,MADE_BY,,,,,,,,,,,
span:AUTH-TAD-0401,annotation:span:AUTH-TAD-0401:r3,ANNOTATED_BY,,,,,,,,,,,
annotation:span:AUTH-TAD-0401:r3,rater:rater_3,MADE_BY,,,,,,,,,,,
span:AUTH-TAD-0401,cue:ATTR_DE_DIRECT,TRIGGERS_CUE,,,,,,,,,,,
span:AUTH-TAD-0401,cue:DE_PARTICLE,TRIGGERS_CUE,,,,,,,,,,,
span:AUTH-TAD-0401,cue:SENTENCE_INITIAL,TRIGGERS_CUE,,,,,,,,,,,
span:AUTH-TAD-0401,cue:TIME_NOUN,TRIGGERS_CUE,,,,,,,,,,,
span:AUTH-TAD-0401,rule:R_TEMP_KG_ATTR_01,MATCHES_RULE,,,,,,,,1.0,ATTRIBUTE,128.0,true
span:AUTH-TAD-0401,rule:R_TEMP_KG_ADV_02,MATCHES_RULE,,,,,,,,2.0,TEMPORAL_ADVERBIAL,72.0,false
sentence:SENT-0143,source:GRAMMAR_MANUAL_ELEMENTARY,DERIVED_FROM,,,,,159,(在班级) (在公司) (商量事情) A:马上期末考试了， A:经理，明天我可 A:请,,,,,
sentence:SENT-0143,span:AUTH-TAD-0402,HAS_CANDIDATE,,,,,,,,,,,
span:AUTH-TAD-0402,consensus:AUTH-TAD-0402,HAS_CONSENSUS,,,,,,,,,,,
consensus:AUTH-TAD-0402,function:TEMPORAL_ADVERBIAL,MAPS_TO,,,,,,,,,,,
span:AUTH-TAD-0402,cleaning:A_主评测候选,HAS_CLEANING_STATUS,,,,,,,主实验/严格评测,,,,
span:AUTH-TAD-0402,ambiguity:无重复,HAS_AMBIGUITY,,,,,,,,,,,
span:AUTH-TAD-0402,ambiguity:来源字段完整但仍需正版逐页核验,HAS_AMBIGUITY,,,,,,,,,,,
span:AUTH-TAD-0402,annotation:span:AUTH-TAD-0402:r1,ANNOTATED_BY,,,,,,,,,,,
annotation:span:AUTH-TAD-0402:r1,rater:rater_1,MADE_BY,,,,,,,,,,,
span:AUTH-TAD-0402,annotation:span:AUTH-TAD-0402:r2,ANNOTATED_BY,,,,,,,,,,,
annotation:span:AUTH-TAD-0402:r2,rater:rater_2,MADE_BY,,,,,,,,,,,
span:AUTH-TAD-0402,annotation:span:AUTH-TAD-0402:r3,ANNOTATED_BY,,,,,,,,,,,
annotation:span:AUTH-TAD-0402:r3,rater:rater_3,MADE_BY,,,,,,,,,,,
span:AUTH-TAD-0402,cue:BEFORE_PREDICATE,TRIGGERS_CUE,,,,,,,,,,,
span:AUTH-TAD-0402,cue:EVENT_TIME,TRIGGERS_CUE,,,,,,,,,,,
span:AUTH-TAD-0402,cue:TIME_NOUN,TRIGGERS_CUE,,,,,,,,,,,
span:AUTH-TAD-0402,rule:R_TEMP_ADV_01,MATCHES_RULE,,,,,,,,1.0,TEMPORAL_ADVERBIAL,90.0,true
span:AUTH-TAD-0402,rule:R_TEMP_ADV_02,MATCHES_RULE,,,,,,,,2.0,TEMPORAL_ADVERBIAL,88.0,true
span:AUTH-TAD-0402,rule:R_TEMP_KG_ADV_02,MATCHES_RULE,,,,,,,,3.0,TEMPORAL_ADVERBIAL,72.0,true
sentence:SENT-0454,source:GRAMMAR_MANUAL_INTERMEDIATE,DERIVED_FROM,,,,,289,◎典型例句和对话 ◎补充例句 例句 我要出门找他的时候 他刚好回来了,,,,,
sentence:SENT-0454,span:AUTH-TAD-0403,HAS_CANDIDATE,,,,,,,,,,,
span:AUTH-TAD-0403,consensus:AUTH-TAD-0403,HAS_CONSENSUS,,,,,,,,,,,
consensus:AUTH-TAD-0403,function:OTHER,MAPS_TO,,,,,,,,,,,
span:AUTH-TAD-0403,cleaning:C_暂不纳入主实验,HAS_CLEANING_STATUS,,,,,,,待复核,,,,
span:AUTH-TAD-0403,ambiguity:原表已建议复核_剔除,HAS_AMBIGUITY,,,,,,,,,,,
span:AUTH-TAD-0403,ambiguity:非目标时间表达,HAS_AMBIGUITY,,,,,,,,,,,
span:AUTH-TAD-0403,ambiguity:三人标注不完全一致,HAS_AMBIGUITY,,,,,,,,,,,
span:AUTH-TAD-0403,ambiguity:至少一名标注者修正片段,HAS_AMBIGUITY,,,,,,,,,,,
span:AUTH-TAD-0403,ambiguity:无重复,HAS_AMBIGUITY,,,,,,,,,,,
span:AUTH-TAD-0403,ambiguity:来源字段完整但仍需正版逐页核验,HAS_AMBIGUITY,,,,,,,,,,,
span:AUTH-TAD-0403,annotation:span:AUTH-TAD-0403:r1,ANNOTATED_BY,,,,,,,,,,,
annotation:span:AUTH-TAD-0403:r1,rater:rater_1,MADE_BY,,,,,,,,,,,
span:AUTH-TAD-0403,annotation:span:AUTH-TAD-0403:r2,ANNOTATED_BY,,,,,,,,,,,
annotation:span:AUTH-TAD-0403:r2,rater:rater_2,MADE_BY,,,,,,,,,,,
span:AUTH-TAD-0403,annotation:span:AUTH-TAD-0403:r3,ANNOTATED_BY,,,,,,,,,,,
annotation:span:AUTH-TAD-0403:r3,rater:rater_3,MADE_BY,,,,,,,,,,,
span:AUTH-TAD-0403,cue:NO_TEMPORAL_EXPRESSION,TRIGGERS_CUE,,,,,,,,,,,
span:AUTH-TAD-0403,cue:REVIEW_NON_TARGET_RISK,TRIGGERS_CUE,,,,,,,,,,,
span:AUTH-TAD-0403,rule:R_TEMP_KG_OTHER_01,MATCHES_RULE,,,,,,,,1.0,OTHER,130.0,true
sentence:SENT-0098,source:GRAMMAR_MANUAL_INTERMEDIATE,DERIVED_FROM,,,,,240,他快考试了，因而每天都去图书馆看书,,,,,
sentence:SENT-0098,span:AUTH-TAD-0404,HAS_CANDIDATE,,,,,,,,,,,
span:AUTH-TAD-0404,consensus:AUTH-TAD-0404,HAS_CONSENSUS,,,,,,,,,,,
consensus:AUTH-TAD-0404,function:TEMPORAL_ADVERBIAL,MAPS_TO,,,,,,,,,,,
span:AUTH-TAD-0404,cleaning:A_主评测候选,HAS_CLEANING_STATUS,,,,,,,主实验/严格评测,,,,
span:AUTH-TAD-0404,ambiguity:无重复,HAS_AMBIGUITY,,,,,,,,,,,
span:AUTH-TAD-0404,ambiguity:来源字段完整但仍需正版逐页核验,HAS_AMBIGUITY,,,,,,,,,,,
span:AUTH-TAD-0404,annotation:span:AUTH-TAD-0404:r1,ANNOTATED_BY,,,,,,,,,,,
annotation:span:AUTH-TAD-0404:r1,rater:rater_1,MADE_BY,,,,,,,,,,,
span:AUTH-TAD-0404,annotation:span:AUTH-TAD-0404:r2,ANNOTATED_BY,,,,,,,,,,,
annotation:span:AUTH-TAD-0404:r2,rater:rater_2,MADE_BY,,,,,,,,,,,
span:AUTH-TAD-0404,annotation:span:AUTH-TAD-0404:r3,ANNOTATED_BY,,,,,,,,,,,
annotation:span:AUTH-TAD-0404:r3,rater:rater_3,MADE_BY,,,,,,,,,,,
span:AUTH-TAD-0404,cue:BEFORE_PREDICATE,TRIGGERS_CUE,,,,,,,,,,,
span:AUTH-TAD-0404,cue:EVENT_TIME,TRIGGERS_CUE,,,,,,,,,,,
span:AUTH-TAD-0404,cue:TIME_FREQUENCY,TRIGGERS_CUE,,,,,,,,,,,
span:AUTH-TAD-0404,rule:R_TEMP_ADV_04,MATCHES_RULE,,,,,,,,1.0,TEMPORAL_ADVERBIAL,84.0,true
span:AUTH-TAD-0404,rule:R_TEMP_KG_ADV_01,MATCHES_RULE,,,,,,,,2.0,TEMPORAL_ADVERBIAL,79.0,true
sentence:SENT-0034,source:GRAMMAR_MANUAL_ELEMENTARY,DERIVED_FROM,,,,,141,◎结构特点 “特别”用于形容词和心理动词前，作状语,,,,,
sentence:SENT-0034,span:AUTH-TAD-0405,HAS_CANDIDATE,,,,,,,,,,,
span:AUTH-TAD-0405,consensus:AUTH-TAD-0405,HAS_CONSENSUS,,,,,,,,,,,
consensus:AUTH-TAD-0405,function:TEMPORAL_ADVERBIAL,MAPS_TO,,,,,,,,,,,
span:AUTH-TAD-0405,cleaning:A_主评测候选,HAS_CLEANING_STATUS,,,,,,,主实验/严格评测,,,,
span:AUTH-TAD-0405,ambiguity:无重复,HAS_AMBIGUITY,,,,,,,,,,,
span:AUTH-TAD-0405,ambiguity:来源字段完整但仍需正版逐页核验,HAS_AMBIGUITY,,,,,,,,,,,
span:AUTH-TAD-0405,annotation:span:AUTH-TAD-0405:r1,ANNOTATED_BY,,,,,,,,,,,
annotation:span:AUTH-TAD-0405:r1,rater:rater_1,MADE_BY,,,,,,,,,,,
span:AUTH-TAD-0405,annotation:span:AUTH-TAD-0405:r2,ANNOTATED_BY,,,,,,,,,,,
annotation:span:AUTH-TAD-0405:r2,rater:rater_2,MADE_BY,,,,,,,,,,,
span:AUTH-TAD-0405,annotation:span:AUTH-TAD-0405:r3,ANNOTATED_BY,,,,,,,,,,,
annotation:span:AUTH-TAD-0405:r3,rater:rater_3,MADE_BY,,,,,,,,,,,
span:AUTH-TAD-0405,cue:BEFORE_PREDICATE,TRIGGERS_CUE,,,,,,,,,,,
span:AUTH-TAD-0405,cue:EVENT_TIME,TRIGGERS_CUE,,,,,,,,,,,
span:AUTH-TAD-0405,cue:SENTENCE_INITIAL,TRIGGERS_CUE,,,,,,,,,,,
span:AUTH-TAD-0405,cue:TIME_NOUN,TRIGGERS_CUE,,,,,,,,,,,
span:AUTH-TAD-0405,rule:R_TEMP_ADV_01,MATCHES_RULE,,,,,,,,1.0,TEMPORAL_ADVERBIAL,90.0,true
span:AUTH-TAD-0405,rule:R_TEMP_ADV_02,MATCHES_RULE,,,,,,,,2.0,TEMPORAL_ADVERBIAL,88.0,true
span:AUTH-TAD-0405,rule:R_TEMP_KG_ADV_02,MATCHES_RULE,,,,,,,,3.0,TEMPORAL_ADVERBIAL,72.0,true
sentence:SENT-0209,source:GRAMMAR_MANUAL_ADVANCED,DERIVED_FROM,,,,,90,等市场快关门的时候，蔬菜都是半卖半送了,,,,,
sentence:SENT-0209,span:AUTH-TAD-0406,HAS_CANDIDATE,,,,,,,,,,,
span:AUTH-TAD-0406,consensus:AUTH-TAD-0406,HAS_CONSENSUS,,,,,,,,,,,
consensus:AUTH-TAD-0406,function:OTHER,MAPS_TO,,,,,,,,,,,
span:AUTH-TAD-0406,cleaning:C_暂不纳入主实验,HAS_CLEANING_STATUS,,,,,,,待复核,,,,
span:AUTH-TAD-0406,ambiguity:候选片段与最终片段不一致,HAS_AMBIGUITY,,,,,,,,,,,
span:AUTH-TAD-0406,ambiguity:非目标时间表达,HAS_AMBIGUITY,,,,,,,,,,,
span:AUTH-TAD-0406,ambiguity:三人标注不完全一致,HAS_AMBIGUITY,,,,,,,,,,,
span:AUTH-TAD-0406,ambiguity:至少一名标注者修正片段,HAS_AMBIGUITY,,,,,,,,,,,
span:AUTH-TAD-0406,ambiguity:无重复,HAS_AMBIGUITY,,,,,,,,,,,
span:AUTH-TAD-0406,ambiguity:来源字段完整但仍需正版逐页核验,HAS_AMBIGUITY,,,,,,,,,,,
span:AUTH-TAD-0406,annotation:span:AUTH-TAD-0406:r1,ANNOTATED_BY,,,,,,,,,,,
annotation:span:AUTH-TAD-0406:r1,rater:rater_1,MADE_BY,,,,,,,,,,,
span:AUTH-TAD-0406,annotation:span:AUTH-TAD-0406:r2,ANNOTATED_BY,,,,,,,,,,,
annotation:span:AUTH-TAD-0406:r2,rater:rater_2,MADE_BY,,,,,,,,,,,
span:AUTH-TAD-0406,annotation:span:AUTH-TAD-0406:r3,ANNOTATED_BY,,,,,,,,,,,
annotation:span:AUTH-TAD-0406:r3,rater:rater_3,MADE_BY,,,,,,,,,,,
span:AUTH-TAD-0406,cue:BEFORE_PREDICATE,TRIGGERS_CUE,,,,,,,,,,,
span:AUTH-TAD-0406,cue:EVENT_TIME,TRIGGERS_CUE,,,,,,,,,,,
span:AUTH-TAD-0406,cue:REVIEW_NON_TARGET_RISK,TRIGGERS_CUE,,,,,,,,,,,
span:AUTH-TAD-0406,cue:SENTENCE_INITIAL,TRIGGERS_CUE,,,,,,,,,,,
span:AUTH-TAD-0406,cue:TIME_AFTER_BEFORE,TRIGGERS_CUE,,,,,,,,,,,
span:AUTH-TAD-0406,cue:TIME_POINT,TRIGGERS_CUE,,,,,,,,,,,
span:AUTH-TAD-0406,rule:R_TEMP_KG_OTHER_01,MATCHES_RULE,,,,,,,,1.0,OTHER,130.0,true
span:AUTH-TAD-0406,rule:R_TEMP_ADV_05,MATCHES_RULE,,,,,,,,2.0,TEMPORAL_ADVERBIAL,83.0,false
sentence:SENT-0129,source:GRAMMAR_MANUAL_ELEMENTARY,DERIVED_FROM,,,,,110,上吃什么? ◎结构特点 疑问代词可以作主语、宾语、定语、状语,,,,,
sentence:SENT-0129,span:AUTH-TAD-0407,HAS_CANDIDATE,,,,,,,,,,,
span:AUTH-TAD-0407,consensus:AUTH-TAD-0407,HAS_CONSENSUS,,,,,,,,,,,
consensus:AUTH-TAD-0407,function:TEMPORAL_ADVERBIAL,MAPS_TO,,,,,,,,,,,
span:AUTH-TAD-0407,cleaning:A_主评测候选,HAS_CLEANING_STATUS,,,,,,,主实验/严格评测,,,,
span:AUTH-TAD-0407,ambiguity:无重复,HAS_AMBIGUITY,,,,,,,,,,,
span:AUTH-TAD-0407,ambiguity:来源字段完整但仍需正版逐页核验,HAS_AMBIGUITY,,,,,,,,,,,
span:AUTH-TAD-0407,annotation:span:AUTH-TAD-0407:r1,ANNOTATED_BY,,,,,,,,,,,
annotation:span:AUTH-TAD-0407:r1,rater:rater_1,MADE_BY,,,,,,,,,,,
span:AUTH-TAD-0407,annotation:span:AUTH-TAD-0407:r2,ANNOTATED_BY,,,,,,,,,,,
annotation:span:AUTH-TAD-0407:r2,rater:rater_2,MADE_BY,,,,,,,,,,,
span:AUTH-TAD-0407,annotation:span:AUTH-TAD-0407:r3,ANNOTATED_BY,,,,,,,,,,,
annotation:span:AUTH-TAD-0407:r3,rater:rater_3,MADE_BY,,,,,,,,,,,
span:AUTH-TAD-0407,cue:BEFORE_PREDICATE,TRIGGERS_CUE,,,,,,,,,,,
span:AUTH-TAD-0407,cue:EVENT_TIME,TRIGGERS_CUE,,,,,,,,,,,
span:AUTH-TAD-0407,cue:TIME_NOUN,TRIGGERS_CUE,,,,,,,,,,,
span:AUTH-TAD-0407,rule:R_TEMP_ADV_01,MATCHES_RULE,,,,,,,,1.0,TEMPORAL_ADVERBIAL,90.0,true
span:AUTH-TAD-0407,rule:R_TEMP_ADV_02,MATCHES_RULE,,,,,,,,2.0,TEMPORAL_ADVERBIAL,88.0,true
span:AUTH-TAD-0407,rule:R_TEMP_KG_ADV_02,MATCHES_RULE,,,,,,,,3.0,TEMPORAL_ADVERBIAL,72.0,true
sentence:SENT-0340,source:GRAMMAR_MANUAL_ELEMENTARY,DERIVED_FROM,,,,,138,,,,,,
sentence:SENT-0340,span:AUTH-TAD-0408,HAS_CANDIDATE,,,,,,,,,,,
span:AUTH-TAD-0408,consensus:AUTH-TAD-0408,HAS_CONSENSUS,,,,,,,,,,,
consensus:AUTH-TAD-0408,function:OTHER,MAPS_TO,,,,,,,,,,,
span:AUTH-TAD-0408,cleaning:C_暂不纳入主实验,HAS_CLEANING_STATUS,,,,,,,待复核,,,,
span:AUTH-TAD-0408,ambiguity:页面线索缺失,HAS_AMBIGUITY,,,,,,,,,,,
span:AUTH-TAD-0408,ambiguity:非目标时间表达,HAS_AMBIGUITY,,,,,,,,,,,
span:AUTH-TAD-0408,ambiguity:三人标注不完全一致,HAS_AMBIGUITY,,,,,,,,,,,
span:AUTH-TAD-0408,ambiguity:至少一名标注者修正片段,HAS_AMBIGUITY,,,,,,,,,,,
span:AUTH-TAD-0408,ambiguity:无重复,HAS_AMBIGUITY,,,,,,,,,,,
span:AUTH-TAD-0408,annotation:span:AUTH-TAD-0408:r1,ANNOTATED_BY,,,,,,,,,,,
annotation:span:AUTH-TAD-0408:r1,rater:rater_1,MADE_BY,,,,,,,,,,,
span:AUTH-TAD-0408,annotation:span:AUTH-TAD-0408:r2,ANNOTATED_BY,,,,,,,,,,,
annotation:span:AUTH-TAD-0408:r2,rater:rater_2,MADE_BY,,,,,,,,,,,
span:AUTH-TAD-0408,annotation:span:AUTH-TAD-0408:r3,ANNOTATED_BY,,,,,,,,,,,
annotation:span:AUTH-TAD-0408:r3,rater:rater_3,MADE_BY,,,,,,,,,,,
span:AUTH-TAD-0408,cue:BEFORE_PREDICATE,TRIGGERS_CUE,,,,,,,,,,,
span:AUTH-TAD-0408,cue:EVENT_TIME,TRIGGERS_CUE,,,,,,,,,,,
span:AUTH-TAD-0408,cue:REVIEW_NON_TARGET_RISK,TRIGGERS_CUE,,,,,,,,,,,
span:AUTH-TAD-0408,cue:SENTENCE_INITIAL,TRIGGERS_CUE,,,,,,,,,,,
span:AUTH-TAD-0408,cue:TIME_NOUN,TRIGGERS_CUE,,,,,,,,,,,
span:AUTH-TAD-0408,rule:R_TEMP_KG_OTHER_01,MATCHES_RULE,,,,,,,,1.0,OTHER,130.0,true
span:AUTH-TAD-0408,rule:R_TEMP_ADV_01,MATCHES_RULE,,,,,,,,2.0,TEMPORAL_ADVERBIAL,90.0,false
span:AUTH-TAD-0408,rule:R_TEMP_ADV_02,MATCHES_RULE,,,,,,,,3.0,TEMPORAL_ADVERBIAL,88.0,false
span:AUTH-TAD-0408,rule:R_TEMP_KG_ADV_02,MATCHES_RULE,,,,,,,,4.0,TEMPORAL_ADVERBIAL,72.0,false
sentence:SENT-0240,span:AUTH-TAD-0409,HAS_CANDIDATE,,,,,,,,,,,
span:AUTH-TAD-0409,consensus:AUTH-TAD-0409,HAS_CONSENSUS,,,,,,,,,,,
consensus:AUTH-TAD-0409,function:TEMPORAL_ADVERBIAL,MAPS_TO,,,,,,,,,,,
span:AUTH-TAD-0409,cleaning:B_边界复核集,HAS_CLEANING_STATUS,,,,,,,边界集/鲁棒性分析,,,,
span:AUTH-TAD-0409,ambiguity:时间副词_体貌副词边界,HAS_AMBIGUITY,,,,,,,,,,,
span:AUTH-TAD-0409,ambiguity:同句多候选_重复句,HAS_AMBIGUITY,,,,,,,,,,,
span:AUTH-TAD-0409,ambiguity:来源字段完整但仍需正版逐页核验,HAS_AMBIGUITY,,,,,,,,,,,
span:AUTH-TAD-0409,annotation:span:AUTH-TAD-0409:r1,ANNOTATED_BY,,,,,,,,,,,
annotation:span:AUTH-TAD-0409:r1,rater:rater_1,MADE_BY,,,,,,,,,,,
span:AUTH-TAD-0409,annotation:span:AUTH-TAD-0409:r2,ANNOTATED_BY,,,,,,,,,,,
annotation:span:AUTH-TAD-0409:r2,rater:rater_2,MADE_BY,,,,,,,,,,,
span:AUTH-TAD-0409,annotation:span:AUTH-TAD-0409:r3,ANNOTATED_BY,,,,,,,,,,,
annotation:span:AUTH-TAD-0409:r3,rater:rater_3,MADE_BY,,,,,,,,,,,
span:AUTH-TAD-0409,cue:BEFORE_PREDICATE,TRIGGERS_CUE,,,,,,,,,,,
span:AUTH-TAD-0409,cue:EVENT_TIME,TRIGGERS_CUE,,,,,,,,,,,
span:AUTH-TAD-0409,cue:LOCATION_EXPRESSION,TRIGGERS_CUE,,,,,,,,,,,
span:AUTH-TAD-0409,cue:NO_TEMPORAL_EXPRESSION,TRIGGERS_CUE,,,,,,,,,,,
span:AUTH-TAD-0409,cue:TIME_ADVERB,TRIGGERS_CUE,,,,,,,,,,,
span:AUTH-TAD-0409,rule:R_TEMP_OTHER_01,MATCHES_RULE,,,,,,,,1.0,OTHER,90.0,false
span:AUTH-TAD-0409,rule:R_TEMP_ADV_19,MATCHES_RULE,,,,,,,,2.0,TEMPORAL_ADVERBIAL,84.0,true
span:AUTH-TAD-0409,rule:R_TEMP_ADV_08,MATCHES_RULE,,,,,,,,3.0,TEMPORAL_ADVERBIAL,78.0,true
sentence:SENT-0359,source:GRAMMAR_MANUAL_ADVANCED,DERIVED_FROM,,,,,17,等) ◎结构特点 “颇”用在形容词或动词性成分前作状语,,,,,
sentence:SENT-0359,span:AUTH-TAD-0410,HAS_CANDIDATE,,,,,,,,,,,
span:AUTH-TAD-0410,consensus:AUTH-TAD-0410,HAS_CONSENSUS,,,,,,,,,,,
consensus:AUTH-TAD-0410,function:TEMPORAL_ADVERBIAL,MAPS_TO,,,,,,,,,,,
span:AUTH-TAD-0410,cleaning:A_主评测候选,HAS_CLEANING_STATUS,,,,,,,主实验/严格评测,,,,
span:AUTH-TAD-0410,ambiguity:无重复,HAS_AMBIGUITY,,,,,,,,,,,
span:AUTH-TAD-0410,ambiguity:来源字段完整但仍需正版逐页核验,HAS_AMBIGUITY,,,,,,,,,,,
span:AUTH-TAD-0410,annotation:span:AUTH-TAD-0410:r1,ANNOTATED_BY,,,,,,,,,,,
annotation:span:AUTH-TAD-0410:r1,rater:rater_1,MADE_BY,,,,,,,,,,,
span:AUTH-TAD-0410,annotation:span:AUTH-TAD-0410:r2,ANNOTATED_BY,,,,,,,,,,,
annotation:span:AUTH-TAD-0410:r2,rater:rater_2,MADE_BY,,,,,,,,,,,
span:AUTH-TAD-0410,annotation:span:AUTH-TAD-0410:r3,ANNOTATED_BY,,,,,,,,,,,
annotation:span:AUTH-TAD-0410:r3,rater:rater_3,MADE_BY,,,,,,,,,,,
span:AUTH-TAD-0410,cue:BEFORE_PREDICATE,TRIGGERS_CUE,,,,,,,,,,,
span:AUTH-TAD-0410,cue:EVENT_TIME,TRIGGERS_CUE,,,,,,,,,,,
span:AUTH-TAD-0410,cue:TIME_ADVERB,TRIGGERS_CUE,,,,,,,,,,,
span:AUTH-TAD-0410,cue:TIME_NOUN,TRIGGERS_CUE,,,,,,,,,,,
span:AUTH-TAD-0410,cue:TIME_POINT,TRIGGERS_CUE,,,,,,,,,,,
span:AUTH-TAD-0410,rule:R_TEMP_ADV_01,MATCHES_RULE,,,,,,,,1.0,TEMPORAL_ADVERBIAL,90.0,true
span:AUTH-TAD-0410,rule:R_TEMP_ADV_02,MATCHES_RULE,,,,,,,,2.0,TEMPORAL_ADVERBIAL,88.0,true
span:AUTH-TAD-0410,rule:R_TEMP_ADV_19,MATCHES_RULE,,,,,,,,3.0,TEMPORAL_ADVERBIAL,84.0,true
span:AUTH-TAD-0410,rule:R_TEMP_ADV_08,MATCHES_RULE,,,,,,,,4.0,TEMPORAL_ADVERBIAL,78.0,true
span:AUTH-TAD-0410,rule:R_TEMP_ADV_10,MATCHES_RULE,,,,,,,,5.0,TEMPORAL_ADVERBIAL,75.0,true
sentence:SENT-0075,source:GRAMMAR_MANUAL_INTERMEDIATE,DERIVED_FROM,,,,,270,语法学习手册(中等) ◎ 典型例句和对话 刚上班，分配给 例句 这桌上尽是土,,,,,
sentence:SENT-0075,span:AUTH-TAD-0411,HAS_CANDIDATE,,,,,,,,,,,
span:AUTH-TAD-0411,consensus:AUTH-TAD-0411,HAS_CONSENSUS,,,,,,,,,,,
consensus:AUTH-TAD-0411,function:TEMPORAL_ADVERBIAL,MAPS_TO,,,,,,,,,,,
span:AUTH-TAD-0411,cleaning:A_主评测候选,HAS_CLEANING_STATUS,,,,,,,主实验/严格评测,,,,
span:AUTH-TAD-0411,ambiguity:无重复,HAS_AMBIGUITY,,,,,,,,,,,
span:AUTH-TAD-0411,ambiguity:来源字段完整但仍需正版逐页核验,HAS_AMBIGUITY,,,,,,,,,,,
span:AUTH-TAD-0411,annotation:span:AUTH-TAD-0411:r1,ANNOTATED_BY,,,,,,,,,,,
annotation:span:AUTH-TAD-0411:r1,rater:rater_1,MADE_BY,,,,,,,,,,,
span:AUTH-TAD-0411,annotation:span:AUTH-TAD-0411:r2,ANNOTATED_BY,,,,,,,,,,,
annotation:span:AUTH-TAD-0411:r2,rater:rater_2,MADE_BY,,,,,,,,,,,
span:AUTH-TAD-0411,annotation:span:AUTH-TAD-0411:r3,ANNOTATED_BY,,,,,,,,,,,
annotation:span:AUTH-TAD-0411:r3,rater:rater_3,MADE_BY,,,,,,,,,,,
span:AUTH-TAD-0411,cue:BEFORE_PREDICATE,TRIGGERS_CUE,,,,,,,,,,,
span:AUTH-TAD-0411,cue:EVENT_TIME,TRIGGERS_CUE,,,,,,,,,,,
span:AUTH-TAD-0411,cue:TIME_NOUN,TRIGGERS_CUE,,,,,,,,,,,
span:AUTH-TAD-0411,rule:R_TEMP_ADV_01,MATCHES_RULE,,,,,,,,1.0,TEMPORAL_ADVERBIAL,90.0,true
span:AUTH-TAD-0411,rule:R_TEMP_ADV_02,MATCHES_RULE,,,,,,,,2.0,TEMPORAL_ADVERBIAL,88.0,true
span:AUTH-TAD-0411,rule:R_TEMP_KG_ADV_02,MATCHES_RULE,,,,,,,,3.0,TEMPORAL_ADVERBIAL,72.0,true
sentence:SENT-0031,source:GRAMMAR_MANUAL_ADVANCED,DERIVED_FROM,,,,,129,,,,,,
sentence:SENT-0031,span:AUTH-TAD-0412,HAS_CANDIDATE,,,,,,,,,,,
span:AUTH-TAD-0412,consensus:AUTH-TAD-0412,HAS_CONSENSUS,,,,,,,,,,,
consensus:AUTH-TAD-0412,function:TEMPORAL_ADVERBIAL,MAPS_TO,,,,,,,,,,,
span:AUTH-TAD-0412,cleaning:B_边界复核集,HAS_CLEANING_STATUS,,,,,,,边界集/鲁棒性分析,,,,
span:AUTH-TAD-0412,ambiguity:页面线索缺失,HAS_AMBIGUITY,,,,,,,,,,,
span:AUTH-TAD-0412,ambiguity:无重复,HAS_AMBIGUITY,,,,,,,,,,,
span:AUTH-TAD-0412,annotation:span:AUTH-TAD-0412:r1,ANNOTATED_BY,,,,,,,,,,,
annotation:span:AUTH-TAD-0412:r1,rater:rater_1,MADE_BY,,,,,,,,,,,
span:AUTH-TAD-0412,annotation:span:AUTH-TAD-0412:r2,ANNOTATED_BY,,,,,,,,,,,
annotation:span:AUTH-TAD-0412:r2,rater:rater_2,MADE_BY,,,,,,,,,,,
span:AUTH-TAD-0412,annotation:span:AUTH-TAD-0412:r3,ANNOTATED_BY,,,,,,,,,,,
annotation:span:AUTH-TAD-0412:r3,rater:rater_3,MADE_BY,,,,,,,,,,,
span:AUTH-TAD-0412,cue:BEFORE_PREDICATE,TRIGGERS_CUE,,,,,,,,,,,
span:AUTH-TAD-0412,cue:EVENT_TIME,TRIGGERS_CUE,,,,,,,,,,,
span:AUTH-TAD-0412,cue:SENTENCE_INITIAL,TRIGGERS_CUE,,,,,,,,,,,
span:AUTH-TAD-0412,cue:TIME_NOUN,TRIGGERS_CUE,,,,,,,,,,,
span:AUTH-TAD-0412,rule:R_TEMP_ADV_01,MATCHES_RULE,,,,,,,,1.0,TEMPORAL_ADVERBIAL,90.0,true
span:AUTH-TAD-0412,rule:R_TEMP_ADV_02,MATCHES_RULE,,,,,,,,2.0,TEMPORAL_ADVERBIAL,88.0,true
span:AUTH-TAD-0412,rule:R_TEMP_KG_ADV_02,MATCHES_RULE,,,,,,,,3.0,TEMPORAL_ADVERBIAL,72.0,true
sentence:SENT-0205,source:GRAMMAR_MANUAL_ADVANCED,DERIVED_FROM,,,,,135,分句间是承接关系，前后分句说出两种情况，后一情况因时间推移或某种原 因而与前一情况相反,,,,,
sentence:SENT-0205,span:AUTH-TAD-0413,HAS_CANDIDATE,,,,,,,,,,,
span:AUTH-TAD-0413,consensus:AUTH-TAD-0413,HAS_CONSENSUS,,,,,,,,,,,
consensus:AUTH-TAD-0413,function:COMPLEMENT,MAPS_TO,,,,,,,,,,,
span:AUTH-TAD-0413,cleaning:C_暂不纳入主实验,HAS_CLEANING_STATUS,,,,,,,待复核,,,,
span:AUTH-TAD-0413,ambiguity:时量补语_持续时间边界,HAS_AMBIGUITY,,,,,,,,,,,
span:AUTH-TAD-0413,ambiguity:三人标注不完全一致,HAS_AMBIGUITY,,,,,,,,,,,
span:AUTH-TAD-0413,ambiguity:至少一名标注者修正片段,HAS_AMBIGUITY,,,,,,,,,,,
span:AUTH-TAD-0413,ambiguity:无重复,HAS_AMBIGUITY,,,,,,,,,,,
span:AUTH-TAD-0413,ambiguity:来源字段完整但仍需正版逐页核验,HAS_AMBIGUITY,,,,,,,,,,,
span:AUTH-TAD-0413,annotation:span:AUTH-TAD-0413:r1,ANNOTATED_BY,,,,,,,,,,,
annotation:span:AUTH-TAD-0413:r1,rater:rater_1,MADE_BY,,,,,,,,,,,
span:AUTH-TAD-0413,annotation:span:AUTH-TAD-0413:r2,ANNOTATED_BY,,,,,,,,,,,
annotation:span:AUTH-TAD-0413:r2,rater:rater_2,MADE_BY,,,,,,,,,,,
span:AUTH-TAD-0413,annotation:span:AUTH-TAD-0413:r3,ANNOTATED_BY,,,,,,,,,,,
annotation:span:AUTH-TAD-0413:r3,rater:rater_3,MADE_BY,,,,,,,,,,,
span:AUTH-TAD-0413,cue:AFTER_VERB,TRIGGERS_CUE,,,,,,,,,,,
span:AUTH-TAD-0413,cue:COMPLEMENT_DURATION_CONTEXT,TRIGGERS_CUE,,,,,,,,,,,
span:AUTH-TAD-0413,cue:DURATION_COMPLEMENT,TRIGGERS_CUE,,,,,,,,,,,
span:AUTH-TAD-0413,cue:TIME_DURATION,TRIGGERS_CUE,,,,,,,,,,,
span:AUTH-TAD-0413,rule:R_TEMP_KG_COMP_01,MATCHES_RULE,,,,,,,,1.0,COMPLEMENT,127.0,true
span:AUTH-TAD-0413,rule:R_TEMP_COMP_01,MATCHES_RULE,,,,,,,,2.0,COMPLEMENT,96.0,true
span:AUTH-TAD-0413,rule:R_TEMP_COMP_02,MATCHES_RULE,,,,,,,,3.0,COMPLEMENT,95.0,true
span:AUTH-TAD-0413,rule:R_TEMP_COMP_07,MATCHES_RULE,,,,,,,,4.0,COMPLEMENT,94.0,true
sentence:SENT-0349,span:AUTH-TAD-0414,HAS_CANDIDATE,,,,,,,,,,,
span:AUTH-TAD-0414,consensus:AUTH-TAD-0414,HAS_CONSENSUS,,,,,,,,,,,
consensus:AUTH-TAD-0414,function:OTHER,MAPS_TO,,,,,,,,,,,
span:AUTH-TAD-0414,cleaning:C_暂不纳入主实验,HAS_CLEANING_STATUS,,,,,,,待复核,,,,
span:AUTH-TAD-0414,ambiguity:原表已建议复核_剔除,HAS_AMBIGUITY,,,,,,,,,,,
span:AUTH-TAD-0414,ambiguity:非目标时间表达,HAS_AMBIGUITY,,,,,,,,,,,
span:AUTH-TAD-0414,ambiguity:三人标注不完全一致,HAS_AMBIGUITY,,,,,,,,,,,
span:AUTH-TAD-0414,ambiguity:至少一名标注者修正片段,HAS_AMBIGUITY,,,,,,,,,,,
span:AUTH-TAD-0414,ambiguity:同句多候选_重复句,HAS_AMBIGUITY,,,,,,,,,,,
span:AUTH-TAD-0414,ambiguity:来源字段完整但仍需正版逐页核验,HAS_AMBIGUITY,,,,,,,,,,,
span:AUTH-TAD-0414,annotation:span:AUTH-TAD-0414:r1,ANNOTATED_BY,,,,,,,,,,,
annotation:span:AUTH-TAD-0414:r1,rater:rater_1,MADE_BY,,,,,,,,,,,
span:AUTH-TAD-0414,annotation:span:AUTH-TAD-0414:r2,ANNOTATED_BY,,,,,,,,,,,
annotation:span:AUTH-TAD-0414:r2,rater:rater_2,MADE_BY,,,,,,,,,,,
span:AUTH-TAD-0414,annotation:span:AUTH-TAD-0414:r3,ANNOTATED_BY,,,,,,,,,,,
annotation:span:AUTH-TAD-0414:r3,rater:rater_3,MADE_BY,,,,,,,,,,,
span:AUTH-TAD-0414,cue:BEFORE_PREDICATE,TRIGGERS_CUE,,,,,,,,,,,
span:AUTH-TAD-0414,cue:EVENT_TIME,TRIGGERS_CUE,,,,,,,,,,,
span:AUTH-TAD-0414,cue:REVIEW_NON_TARGET_RISK,TRIGGERS_CUE,,,,,,,,,,,
span:AUTH-TAD-0414,cue:TIME_NOUN,TRIGGERS_CUE,,,,,,,,,,,
span:AUTH-TAD-0414,rule:R_TEMP_KG_OTHER_01,MATCHES_RULE,,,,,,,,1.0,OTHER,130.0,true
span:AUTH-TAD-0414,rule:R_TEMP_ADV_01,MATCHES_RULE,,,,,,,,2.0,TEMPORAL_ADVERBIAL,90.0,false
span:AUTH-TAD-0414,rule:R_TEMP_ADV_02,MATCHES_RULE,,,,,,,,3.0,TEMPORAL_ADVERBIAL,88.0,false
span:AUTH-TAD-0414,rule:R_TEMP_KG_ADV_02,MATCHES_RULE,,,,,,,,4.0,TEMPORAL_ADVERBIAL,72.0,false
sentence:SENT-0452,source:GRAMMAR_MANUAL_INTERMEDIATE,DERIVED_FROM,,,,,98,交际实践 补充例句 他学习的时候非常专心，甚至忘了吃饭,,,,,
sentence:SENT-0452,span:AUTH-TAD-0415,HAS_CANDIDATE,,,,,,,,,,,
span:AUTH-TAD-0415,consensus:AUTH-TAD-0415,HAS_CONSENSUS,,,,,,,,,,,
consensus:AUTH-TAD-0415,function:TEMPORAL_ADVERBIAL,MAPS_TO,,,,,,,,,,,
span:AUTH-TAD-0415,cleaning:B_边界复核集,HAS_CLEANING_STATUS,,,,,,,边界集/鲁棒性分析,,,,
span:AUTH-TAD-0415,ambiguity:三人标注不完全一致,HAS_AMBIGUITY,,,,,,,,,,,
span:AUTH-TAD-0415,ambiguity:无重复,HAS_AMBIGUITY,,,,,,,,,,,
span:AUTH-TAD-0415,ambiguity:来源字段完整但仍需正版逐页核验,HAS_AMBIGUITY,,,,,,,,,,,
span:AUTH-TAD-0415,annotation:span:AUTH-TAD-0415:r1,ANNOTATED_BY,,,,,,,,,,,
annotation:span:AUTH-TAD-0415:r1,rater:rater_1,MADE_BY,,,,,,,,,,,
span:AUTH-TAD-0415,annotation:span:AUTH-TAD-0415:r2,ANNOTATED_BY,,,,,,,,,,,
annotation:span:AUTH-TAD-0415:r2,rater:rater_2,MADE_BY,,,,,,,,,,,
span:AUTH-TAD-0415,annotation:span:AUTH-TAD-0415:r3,ANNOTATED_BY,,,,,,,,,,,
annotation:span:AUTH-TAD-0415:r3,rater:rater_3,MADE_BY,,,,,,,,,,,
span:AUTH-TAD-0415,cue:BEFORE_PREDICATE,TRIGGERS_CUE,,,,,,,,,,,
span:AUTH-TAD-0415,cue:EVENT_TIME,TRIGGERS_CUE,,,,,,,,,,,
span:AUTH-TAD-0415,cue:STATIVE_PREDICATE,TRIGGERS_CUE,,,,,,,,,,,
span:AUTH-TAD-0415,cue:TIME_NOUN,TRIGGERS_CUE,,,,,,,,,,,
span:AUTH-TAD-0415,rule:R_TEMP_ADV_01,MATCHES_RULE,,,,,,,,1.0,TEMPORAL_ADVERBIAL,90.0,true
span:AUTH-TAD-0415,rule:R_TEMP_ADV_02,MATCHES_RULE,,,,,,,,2.0,TEMPORAL_ADVERBIAL,88.0,true
span:AUTH-TAD-0415,rule:R_TEMP_KG_ADV_02,MATCHES_RULE,,,,,,,,3.0,TEMPORAL_ADVERBIAL,72.0,true
sentence:SENT-0101,source:GRAMMAR_MANUAL_ELEMENTARY,DERIVED_FROM,,,,,156,你怎么又不高兴了? 今天刚开完会，明天又要开会,,,,,
sentence:SENT-0101,span:AUTH-TAD-0416,HAS_CANDIDATE,,,,,,,,,,,
span:AUTH-TAD-0416,consensus:AUTH-TAD-0416,HAS_CONSENSUS,,,,,,,,,,,
consensus:AUTH-TAD-0416,function:TEMPORAL_ADVERBIAL,MAPS_TO,,,,,,,,,,,
span:AUTH-TAD-0416,cleaning:B_边界复核集,HAS_CLEANING_STATUS,,,,,,,边界集/鲁棒性分析,,,,
span:AUTH-TAD-0416,ambiguity:三人标注不完全一致,HAS_AMBIGUITY,,,,,,,,,,,
span:AUTH-TAD-0416,ambiguity:同句多候选_重复句,HAS_AMBIGUITY,,,,,,,,,,,
span:AUTH-TAD-0416,ambiguity:来源字段完整但仍需正版逐页核验,HAS_AMBIGUITY,,,,,,,,,,,
span:AUTH-TAD-0416,annotation:span:AUTH-TAD-0416:r1,ANNOTATED_BY,,,,,,,,,,,
annotation:span:AUTH-TAD-0416:r1,rater:rater_1,MADE_BY,,,,,,,,,,,
span:AUTH-TAD-0416,annotation:span:AUTH-TAD-0416:r2,ANNOTATED_BY,,,,,,,,,,,
annotation:span:AUTH-TAD-0416:r2,rater:rater_2,MADE_BY,,,,,,,,,,,
span:AUTH-TAD-0416,annotation:span:AUTH-TAD-0416:r3,ANNOTATED_BY,,,,,,,,,,,
annotation:span:AUTH-TAD-0416:r3,rater:rater_3,MADE_BY,,,,,,,,,,,
span:AUTH-TAD-0416,cue:BEFORE_PREDICATE,TRIGGERS_CUE,,,,,,,,,,,
span:AUTH-TAD-0416,cue:EVENT_TIME,TRIGGERS_CUE,,,,,,,,,,,
span:AUTH-TAD-0416,cue:TIME_NOUN,TRIGGERS_CUE,,,,,,,,,,,
span:AUTH-TAD-0416,rule:R_TEMP_ADV_01,MATCHES_RULE,,,,,,,,1.0,TEMPORAL_ADVERBIAL,90.0,true
span:AUTH-TAD-0416,rule:R_TEMP_ADV_02,MATCHES_RULE,,,,,,,,2.0,TEMPORAL_ADVERBIAL,88.0,true
span:AUTH-TAD-0416,rule:R_TEMP_KG_ADV_02,MATCHES_RULE,,,,,,,,3.0,TEMPORAL_ADVERBIAL,72.0,true
sentence:SENT-0119,source:GRAMMAR_MANUAL_ELEMENTARY,DERIVED_FROM,,,,,260,例如： *他经常帮忙我,,,,,
sentence:SENT-0119,span:AUTH-TAD-0417,HAS_CANDIDATE,,,,,,,,,,,
span:AUTH-TAD-0417,consensus:AUTH-TAD-0417,HAS_CONSENSUS,,,,,,,,,,,
consensus:AUTH-TAD-0417,function:TEMPORAL_ADVERBIAL,MAPS_TO,,,,,,,,,,,
span:AUTH-TAD-0417,cleaning:B_边界复核集,HAS_CLEANING_STATUS,,,,,,,边界集/鲁棒性分析,,,,
span:AUTH-TAD-0417,ambiguity:时间副词_体貌副词边界,HAS_AMBIGUITY,,,,,,,,,,,
span:AUTH-TAD-0417,ambiguity:无重复,HAS_AMBIGUITY,,,,,,,,,,,
span:AUTH-TAD-0417,ambiguity:来源字段完整但仍需正版逐页核验,HAS_AMBIGUITY,,,,,,,,,,,
span:AUTH-TAD-0417,annotation:span:AUTH-TAD-0417:r1,ANNOTATED_BY,,,,,,,,,,,
annotation:span:AUTH-TAD-0417:r1,rater:rater_1,MADE_BY,,,,,,,,,,,
span:AUTH-TAD-0417,annotation:span:AUTH-TAD-0417:r2,ANNOTATED_BY,,,,,,,,,,,
annotation:span:AUTH-TAD-0417:r2,rater:rater_2,MADE_BY,,,,,,,,,,,
span:AUTH-TAD-0417,annotation:span:AUTH-TAD-0417:r3,ANNOTATED_BY,,,,,,,,,,,
annotation:span:AUTH-TAD-0417:r3,rater:rater_3,MADE_BY,,,,,,,,,,,
span:AUTH-TAD-0417,cue:BEFORE_PREDICATE,TRIGGERS_CUE,,,,,,,,,,,
span:AUTH-TAD-0417,cue:EVENT_TIME,TRIGGERS_CUE,,,,,,,,,,,
span:AUTH-TAD-0417,cue:STATIVE_PREDICATE,TRIGGERS_CUE,,,,,,,,,,,
span:AUTH-TAD-0417,cue:TIME_FREQUENCY,TRIGGERS_CUE,,,,,,,,,,,
span:AUTH-TAD-0417,rule:R_TEMP_ADV_04,MATCHES_RULE,,,,,,,,1.0,TEMPORAL_ADVERBIAL,84.0,true
span:AUTH-TAD-0417,rule:R_TEMP_KG_ADV_01,MATCHES_RULE,,,,,,,,2.0,TEMPORAL_ADVERBIAL,79.0,true
sentence:SENT-0173,source:GRAMMAR_MANUAL_ADVANCED,DERIVED_FROM,,,,,124,七一九级语法点 ◎ 结构特点 由“个”引导的状态补语有两种形式：肯定形式的补语和否定形式的补,,,,,
sentence:SENT-0173,span:AUTH-TAD-0418,HAS_CANDIDATE,,,,,,,,,,,
span:AUTH-TAD-0418,consensus:AUTH-TAD-0418,HAS_CONSENSUS,,,,,,,,,,,
consensus:AUTH-TAD-0418,function:TEMPORAL_ADVERBIAL,MAPS_TO,,,,,,,,,,,
span:AUTH-TAD-0418,cleaning:B_边界复核集,HAS_CLEANING_STATUS,,,,,,,边界集/鲁棒性分析,,,,
span:AUTH-TAD-0418,ambiguity:时量补语_持续时间边界,HAS_AMBIGUITY,,,,,,,,,,,
span:AUTH-TAD-0418,ambiguity:无重复,HAS_AMBIGUITY,,,,,,,,,,,
span:AUTH-TAD-0418,ambiguity:来源字段完整但仍需正版逐页核验,HAS_AMBIGUITY,,,,,,,,,,,
span:AUTH-TAD-0418,annotation:span:AUTH-TAD-0418:r1,ANNOTATED_BY,,,,,,,,,,,
annotation:span:AUTH-TAD-0418:r1,rater:rater_1,MADE_BY,,,,,,,,,,,
span:AUTH-TAD-0418,annotation:span:AUTH-TAD-0418:r2,ANNOTATED_BY,,,,,,,,,,,
annotation:span:AUTH-TAD-0418:r2,rater:rater_2,MADE_BY,,,,,,,,,,,
span:AUTH-TAD-0418,annotation:span:AUTH-TAD-0418:r3,ANNOTATED_BY,,,,,,,,,,,
annotation:span:AUTH-TAD-0418:r3,rater:rater_3,MADE_BY,,,,,,,,,,,
span:AUTH-TAD-0418,cue:BEFORE_PREDICATE,TRIGGERS_CUE,,,,,,,,,,,
span:AUTH-TAD-0418,cue:EVENT_TIME,TRIGGERS_CUE,,,,,,,,,,,
span:AUTH-TAD-0418,cue:SENTENCE_INITIAL,TRIGGERS_CUE,,,,,,,,,,,
span:AUTH-TAD-0418,cue:TIME_NOUN,TRIGGERS_CUE,,,,,,,,,,,
span:AUTH-TAD-0418,rule:R_TEMP_ADV_01,MATCHES_RULE,,,,,,,,1.0,TEMPORAL_ADVERBIAL,90.0,true
span:AUTH-TAD-0418,rule:R_TEMP_ADV_02,MATCHES_RULE,,,,,,,,2.0,TEMPORAL_ADVERBIAL,88.0,true
span:AUTH-TAD-0418,rule:R_TEMP_KG_ADV_02,MATCHES_RULE,,,,,,,,3.0,TEMPORAL_ADVERBIAL,72.0,true
sentence:SENT-0105,span:AUTH-TAD-0419,HAS_CANDIDATE,,,,,,,,,,,
span:AUTH-TAD-0419,consensus:AUTH-TAD-0419,HAS_CONSENSUS,,,,,,,,,,,
consensus:AUTH-TAD-0419,function:ATTRIBUTE,MAPS_TO,,,,,,,,,,,
span:AUTH-TAD-0419,cleaning:C_暂不纳入主实验,HAS_CLEANING_STATUS,,,,,,,待复核,,,,
span:AUTH-TAD-0419,ambiguity:原表已建议复核_剔除,HAS_AMBIGUITY,,,,,,,,,,,
span:AUTH-TAD-0419,ambiguity:相对时间框架边界,HAS_AMBIGUITY,,,,,,,,,,,
span:AUTH-TAD-0419,ambiguity:三人标注不完全一致,HAS_AMBIGUITY,,,,,,,,,,,
span:AUTH-TAD-0419,ambiguity:同句多候选_重复句,HAS_AMBIGUITY,,,,,,,,,,,
span:AUTH-TAD-0419,ambiguity:来源字段完整但仍需正版逐页核验,HAS_AMBIGUITY,,,,,,,,,,,
span:AUTH-TAD-0419,annotation:span:AUTH-TAD-0419:r1,ANNOTATED_BY,,,,,,,,,,,
annotation:span:AUTH-TAD-0419:r1,rater:rater_1,MADE_BY,,,,,,,,,,,
span:AUTH-TAD-0419,annotation:span:AUTH-TAD-0419:r2,ANNOTATED_BY,,,,,,,,,,,
annotation:span:AUTH-TAD-0419:r2,rater:rater_2,MADE_BY,,,,,,,,,,,
span:AUTH-TAD-0419,annotation:span:AUTH-TAD-0419:r3,ANNOTATED_BY,,,,,,,,,,,
annotation:span:AUTH-TAD-0419:r3,rater:rater_3,MADE_BY,,,,,,,,,,,
span:AUTH-TAD-0419,cue:ATTR_NOMINAL_DIRECT,TRIGGERS_CUE,,,,,,,,,,,
span:AUTH-TAD-0419,cue:NOMINAL_HEAD,TRIGGERS_CUE,,,,,,,,,,,
span:AUTH-TAD-0419,cue:TIME_NOUN,TRIGGERS_CUE,,,,,,,,,,,
span:AUTH-TAD-0419,rule:R_TEMP_KG_ATTR_02,MATCHES_RULE,,,,,,,,1.0,ATTRIBUTE,126.0,true
span:AUTH-TAD-0419,rule:R_TEMP_ATTR_03,MATCHES_RULE,,,,,,,,2.0,ATTRIBUTE,88.0,true
span:AUTH-TAD-0419,rule:R_TEMP_KG_ADV_02,MATCHES_RULE,,,,,,,,3.0,TEMPORAL_ADVERBIAL,72.0,false
sentence:SENT-0065,span:AUTH-TAD-0420,HAS_CANDIDATE,,,,,,,,,,,
span:AUTH-TAD-0420,consensus:AUTH-TAD-0420,HAS_CONSENSUS,,,,,,,,,,,
consensus:AUTH-TAD-0420,function:TEMPORAL_ADVERBIAL,MAPS_TO,,,,,,,,,,,
span:AUTH-TAD-0420,cleaning:B_边界复核集,HAS_CLEANING_STATUS,,,,,,,边界集/鲁棒性分析,,,,
span:AUTH-TAD-0420,ambiguity:页面线索缺失,HAS_AMBIGUITY,,,,,,,,,,,
span:AUTH-TAD-0420,ambiguity:时量补语_持续时间边界,HAS_AMBIGUITY,,,,,,,,,,,
span:AUTH-TAD-0420,ambiguity:三人标注不完全一致,HAS_AMBIGUITY,,,,,,,,,,,
span:AUTH-TAD-0420,ambiguity:同句多候选_重复句,HAS_AMBIGUITY,,,,,,,,,,,
span:AUTH-TAD-0420,annotation:span:AUTH-TAD-0420:r1,ANNOTATED_BY,,,,,,,,,,,
annotation:span:AUTH-TAD-0420:r1,rater:rater_1,MADE_BY,,,,,,,,,,,
span:AUTH-TAD-0420,annotation:span:AUTH-TAD-0420:r2,ANNOTATED_BY,,,,,,,,,,,
annotation:span:AUTH-TAD-0420:r2,rater:rater_2,MADE_BY,,,,,,,,,,,
span:AUTH-TAD-0420,annotation:span:AUTH-TAD-0420:r3,ANNOTATED_BY,,,,,,,,,,,
annotation:span:AUTH-TAD-0420:r3,rater:rater_3,MADE_BY,,,,,,,,,,,
span:AUTH-TAD-0420,cue:ABSTRACT_OR_NON_TARGET_TIME,TRIGGERS_CUE,,,,,,,,,,,
span:AUTH-TAD-0420,cue:BEFORE_PREDICATE,TRIGGERS_CUE,,,,,,,,,,,
span:AUTH-TAD-0420,cue:EVENT_TIME,TRIGGERS_CUE,,,,,,,,,,,
span:AUTH-TAD-0420,cue:NO_TEMPORAL_EXPRESSION,TRIGGERS_CUE,,,,,,,,,,,
span:AUTH-TAD-0420,cue:SENTENCE_INITIAL,TRIGGERS_CUE,,,,,,,,,,,
span:AUTH-TAD-0420,cue:TEMPORAL_COMPARISON_STATE,TRIGGERS_CUE,,,,,,,,,,,
span:AUTH-TAD-0420,rule:R_TEMP_KG_OTHER_02,MATCHES_RULE,,,,,,,,1.0,OTHER,124.0,false
span:AUTH-TAD-0420,rule:R_TEMP_KG_OTHER_03,MATCHES_RULE,,,,,,,,2.0,OTHER,123.0,false
sentence:SENT-0271,source:GRAMMAR_MANUAL_INTERMEDIATE,DERIVED_FROM,,,,,138,我们分开以后，彼此的联系少了,,,,,
sentence:SENT-0271,span:AUTH-TAD-0421,HAS_CANDIDATE,,,,,,,,,,,
span:AUTH-TAD-0421,consensus:AUTH-TAD-0421,HAS_CONSENSUS,,,,,,,,,,,
consensus:AUTH-TAD-0421,function:TEMPORAL_ADVERBIAL,MAPS_TO,,,,,,,,,,,
span:AUTH-TAD-0421,cleaning:B_边界复核集,HAS_CLEANING_STATUS,,,,,,,边界集/鲁棒性分析,,,,
span:AUTH-TAD-0421,ambiguity:相对时间框架边界,HAS_AMBIGUITY,,,,,,,,,,,
span:AUTH-TAD-0421,ambiguity:无重复,HAS_AMBIGUITY,,,,,,,,,,,
span:AUTH-TAD-0421,ambiguity:来源字段完整但仍需正版逐页核验,HAS_AMBIGUITY,,,,,,,,,,,
span:AUTH-TAD-0421,annotation:span:AUTH-TAD-0421:r1,ANNOTATED_BY,,,,,,,,,,,
annotation:span:AUTH-TAD-0421:r1,rater:rater_1,MADE_BY,,,,,,,,,,,
span:AUTH-TAD-0421,annotation:span:AUTH-TAD-0421:r2,ANNOTATED_BY,,,,,,,,,,,
annotation:span:AUTH-TAD-0421:r2,rater:rater_2,MADE_BY,,,,,,,,,,,
span:AUTH-TAD-0421,annotation:span:AUTH-TAD-0421:r3,ANNOTATED_BY,,,,,,,,,,,
annotation:span:AUTH-TAD-0421:r3,rater:rater_3,MADE_BY,,,,,,,,,,,
span:AUTH-TAD-0421,cue:BEFORE_PREDICATE,TRIGGERS_CUE,,,,,,,,,,,
span:AUTH-TAD-0421,cue:EVENT_TIME,TRIGGERS_CUE,,,,,,,,,,,
span:AUTH-TAD-0421,cue:NO_TEMPORAL_EXPRESSION,TRIGGERS_CUE,,,,,,,,,,,
span:AUTH-TAD-0421,cue:SENTENCE_INITIAL,TRIGGERS_CUE,,,,,,,,,,,
span:AUTH-TAD-0421,cue:TIME_AFTER_BEFORE,TRIGGERS_CUE,,,,,,,,,,,
span:AUTH-TAD-0421,rule:R_TEMP_ADV_05,MATCHES_RULE,,,,,,,,1.0,TEMPORAL_ADVERBIAL,83.0,true
sentence:SENT-0445,source:GRAMMAR_MANUAL_INTERMEDIATE,DERIVED_FROM,,,,,51,典型例句和对话 ◎补充例句 最近北方下雪越 读书的时候应该静 我们学校的三个队都取 例句 来越,,,,,
sentence:SENT-0445,span:AUTH-TAD-0422,HAS_CANDIDATE,,,,,,,,,,,
span:AUTH-TAD-0422,consensus:AUTH-TAD-0422,HAS_CONSENSUS,,,,,,,,,,,
consensus:AUTH-TAD-0422,function:TEMPORAL_ADVERBIAL,MAPS_TO,,,,,,,,,,,
span:AUTH-TAD-0422,cleaning:B_边界复核集,HAS_CLEANING_STATUS,,,,,,,边界集/鲁棒性分析,,,,
span:AUTH-TAD-0422,ambiguity:时量补语_持续时间边界,HAS_AMBIGUITY,,,,,,,,,,,
span:AUTH-TAD-0422,ambiguity:三人标注不完全一致,HAS_AMBIGUITY,,,,,,,,,,,
span:AUTH-TAD-0422,ambiguity:无重复,HAS_AMBIGUITY,,,,,,,,,,,
span:AUTH-TAD-0422,ambiguity:来源字段完整但仍需正版逐页核验,HAS_AMBIGUITY,,,,,,,,,,,
span:AUTH-TAD-0422,annotation:span:AUTH-TAD-0422:r1,ANNOTATED_BY,,,,,,,,,,,
annotation:span:AUTH-TAD-0422:r1,rater:rater_1,MADE_BY,,,,,,,,,,,
span:AUTH-TAD-0422,annotation:span:AUTH-TAD-0422:r2,ANNOTATED_BY,,,,,,,,,,,
annotation:span:AUTH-TAD-0422:r2,rater:rater_2,MADE_BY,,,,,,,,,,,
span:AUTH-TAD-0422,annotation:span:AUTH-TAD-0422:r3,ANNOTATED_BY,,,,,,,,,,,
annotation:span:AUTH-TAD-0422:r3,rater:rater_3,MADE_BY,,,,,,,,,,,
span:AUTH-TAD-0422,cue:NO_TEMPORAL_EXPRESSION,TRIGGERS_CUE,,,,,,,,,,,
sentence:SENT-0017,source:GRAMMAR_MANUAL_ADVANCED,DERIVED_FROM,,,,,199,X经常是含有疑问代词的词语，如“怎么、怎么搞、,,,,,
sentence:SENT-0017,span:AUTH-TAD-0423,HAS_CANDIDATE,,,,,,,,,,,
span:AUTH-TAD-0423,consensus:AUTH-TAD-0423,HAS_CONSENSUS,,,,,,,,,,,
consensus:AUTH-TAD-0423,function:TEMPORAL_ADVERBIAL,MAPS_TO,,,,,,,,,,,
span:AUTH-TAD-0423,cleaning:B_边界复核集,HAS_CLEANING_STATUS,,,,,,,边界集/鲁棒性分析,,,,
span:AUTH-TAD-0423,ambiguity:时量补语_持续时间边界,HAS_AMBIGUITY,,,,,,,,,,,
span:AUTH-TAD-0423,ambiguity:无重复,HAS_AMBIGUITY,,,,,,,,,,,
span:AUTH-TAD-0423,ambiguity:来源字段完整但仍需正版逐页核验,HAS_AMBIGUITY,,,,,,,,,,,
span:AUTH-TAD-0423,annotation:span:AUTH-TAD-0423:r1,ANNOTATED_BY,,,,,,,,,,,
annotation:span:AUTH-TAD-0423:r1,rater:rater_1,MADE_BY,,,,,,,,,,,
span:AUTH-TAD-0423,annotation:span:AUTH-TAD-0423:r2,ANNOTATED_BY,,,,,,,,,,,
annotation:span:AUTH-TAD-0423:r2,rater:rater_2,MADE_BY,,,,,,,,,,,
span:AUTH-TAD-0423,annotation:span:AUTH-TAD-0423:r3,ANNOTATED_BY,,,,,,,,,,,
annotation:span:AUTH-TAD-0423:r3,rater:rater_3,MADE_BY,,,,,,,,,,,
span:AUTH-TAD-0423,cue:BEFORE_PREDICATE,TRIGGERS_CUE,,,,,,,,,,,
span:AUTH-TAD-0423,cue:EVENT_TIME,TRIGGERS_CUE,,,,,,,,,,,
span:AUTH-TAD-0423,cue:NO_TEMPORAL_EXPRESSION,TRIGGERS_CUE,,,,,,,,,,,
sentence:SENT-0221,source:GRAMMAR_MANUAL_INTERMEDIATE,DERIVED_FROM,,,,,325,,,,,,
sentence:SENT-0221,span:AUTH-TAD-0424,HAS_CANDIDATE,,,,,,,,,,,
span:AUTH-TAD-0424,consensus:AUTH-TAD-0424,HAS_CONSENSUS,,,,,,,,,,,
consensus:AUTH-TAD-0424,function:TEMPORAL_ADVERBIAL,MAPS_TO,,,,,,,,,,,
span:AUTH-TAD-0424,cleaning:B_边界复核集,HAS_CLEANING_STATUS,,,,,,,边界集/鲁棒性分析,,,,
span:AUTH-TAD-0424,ambiguity:页面线索缺失,HAS_AMBIGUITY,,,,,,,,,,,
span:AUTH-TAD-0424,ambiguity:无重复,HAS_AMBIGUITY,,,,,,,,,,,
span:AUTH-TAD-0424,annotation:span:AUTH-TAD-0424:r1,ANNOTATED_BY,,,,,,,,,,,
annotation:span:AUTH-TAD-0424:r1,rater:rater_1,MADE_BY,,,,,,,,,,,
span:AUTH-TAD-0424,annotation:span:AUTH-TAD-0424:r2,ANNOTATED_BY,,,,,,,,,,,
annotation:span:AUTH-TAD-0424:r2,rater:rater_2,MADE_BY,,,,,,,,,,,
span:AUTH-TAD-0424,annotation:span:AUTH-TAD-0424:r3,ANNOTATED_BY,,,,,,,,,,,
annotation:span:AUTH-TAD-0424:r3,rater:rater_3,MADE_BY,,,,,,,,,,,
span:AUTH-TAD-0424,cue:BEFORE_PREDICATE,TRIGGERS_CUE,,,,,,,,,,,
span:AUTH-TAD-0424,cue:EVENT_TIME,TRIGGERS_CUE,,,,,,,,,,,
span:AUTH-TAD-0424,cue:STATIVE_PREDICATE,TRIGGERS_CUE,,,,,,,,,,,
span:AUTH-TAD-0424,cue:TIME_NOUN,TRIGGERS_CUE,,,,,,,,,,,
span:AUTH-TAD-0424,rule:R_TEMP_ADV_01,MATCHES_RULE,,,,,,,,1.0,TEMPORAL_ADVERBIAL,90.0,true
span:AUTH-TAD-0424,rule:R_TEMP_ADV_02,MATCHES_RULE,,,,,,,,2.0,TEMPORAL_ADVERBIAL,88.0,true
span:AUTH-TAD-0424,rule:R_TEMP_KG_ADV_02,MATCHES_RULE,,,,,,,,3.0,TEMPORAL_ADVERBIAL,72.0,true
sentence:SENT-0429,source:GRAMMAR_MANUAL_INTERMEDIATE,DERIVED_FROM,,,,,59,"(中等) 看来(+S)+P?,S+P? 看来 还有时间，我们 不用着急，可以慢慢吃",,,,,
sentence:SENT-0429,span:AUTH-TAD-0425,HAS_CANDIDATE,,,,,,,,,,,
span:AUTH-TAD-0425,consensus:AUTH-TAD-0425,HAS_CONSENSUS,,,,,,,,,,,
consensus:AUTH-TAD-0425,function:TEMPORAL_ADVERBIAL,MAPS_TO,,,,,,,,,,,
span:AUTH-TAD-0425,cleaning:B_边界复核集,HAS_CLEANING_STATUS,,,,,,,边界集/鲁棒性分析,,,,
span:AUTH-TAD-0425,ambiguity:三人标注不完全一致,HAS_AMBIGUITY,,,,,,,,,,,
span:AUTH-TAD-0425,ambiguity:无重复,HAS_AMBIGUITY,,,,,,,,,,,
span:AUTH-TAD-0425,ambiguity:来源字段完整但仍需正版逐页核验,HAS_AMBIGUITY,,,,,,,,,,,
span:AUTH-TAD-0425,annotation:span:AUTH-TAD-0425:r1,ANNOTATED_BY,,,,,,,,,,,
annotation:span:AUTH-TAD-0425:r1,rater:rater_1,MADE_BY,,,,,,,,,,,
span:AUTH-TAD-0425,annotation:span:AUTH-TAD-0425:r2,ANNOTATED_BY,,,,,,,,,,,
annotation:span:AUTH-TAD-0425:r2,rater:rater_2,MADE_BY,,,,,,,,,,,
span:AUTH-TAD-0425,annotation:span:AUTH-TAD-0425:r3,ANNOTATED_BY,,,,,,,,,,,
annotation:span:AUTH-TAD-0425:r3,rater:rater_3,MADE_BY,,,,,,,,,,,
span:AUTH-TAD-0425,cue:TIME_NOUN,TRIGGERS_CUE,,,,,,,,,,,
span:AUTH-TAD-0425,rule:R_TEMP_KG_ADV_02,MATCHES_RULE,,,,,,,,1.0,TEMPORAL_ADVERBIAL,72.0,true
sentence:SENT-0043,source:GRAMMAR_MANUAL_ADVANCED,DERIVED_FROM,,,,,121,育中文水平等级标准·语法学习手册(高等) 84程度补语3(1):形容词/动词+得+不行【七一九,,,,,
sentence:SENT-0043,span:AUTH-TAD-0426,HAS_CANDIDATE,,,,,,,,,,,
span:AUTH-TAD-0426,consensus:AUTH-TAD-0426,HAS_CONSENSUS,,,,,,,,,,,
consensus:AUTH-TAD-0426,function:TEMPORAL_ADVERBIAL,MAPS_TO,,,,,,,,,,,
span:AUTH-TAD-0426,cleaning:A_主评测候选,HAS_CLEANING_STATUS,,,,,,,主实验/严格评测,,,,
span:AUTH-TAD-0426,ambiguity:无重复,HAS_AMBIGUITY,,,,,,,,,,,
span:AUTH-TAD-0426,ambiguity:来源字段完整但仍需正版逐页核验,HAS_AMBIGUITY,,,,,,,,,,,
span:AUTH-TAD-0426,annotation:span:AUTH-TAD-0426:r1,ANNOTATED_BY,,,,,,,,,,,
annotation:span:AUTH-TAD-0426:r1,rater:rater_1,MADE_BY,,,,,,,,,,,
span:AUTH-TAD-0426,annotation:span:AUTH-TAD-0426:r2,ANNOTATED_BY,,,,,,,,,,,
annotation:span:AUTH-TAD-0426:r2,rater:rater_2,MADE_BY,,,,,,,,,,,
span:AUTH-TAD-0426,annotation:span:AUTH-TAD-0426:r3,ANNOTATED_BY,,,,,,,,,,,
annotation:span:AUTH-TAD-0426:r3,rater:rater_3,MADE_BY,,,,,,,,,,,
span:AUTH-TAD-0426,cue:BEFORE_PREDICATE,TRIGGERS_CUE,,,,,,,,,,,
span:AUTH-TAD-0426,cue:EVENT_TIME,TRIGGERS_CUE,,,,,,,,,,,
span:AUTH-TAD-0426,cue:SENTENCE_INITIAL,TRIGGERS_CUE,,,,,,,,,,,
span:AUTH-TAD-0426,cue:TIME_NOUN,TRIGGERS_CUE,,,,,,,,,,,
span:AUTH-TAD-0426,rule:R_TEMP_ADV_01,MATCHES_RULE,,,,,,,,1.0,TEMPORAL_ADVERBIAL,90.0,true
span:AUTH-TAD-0426,rule:R_TEMP_ADV_02,MATCHES_RULE,,,,,,,,2.0,TEMPORAL_ADVERBIAL,88.0,true
span:AUTH-TAD-0426,rule:R_TEMP_KG_ADV_02,MATCHES_RULE,,,,,,,,3.0,TEMPORAL_ADVERBIAL,72.0,true
sentence:SENT-0343,source:GRAMMAR_MANUAL_INTERMEDIATE,DERIVED_FROM,,,,,150,考察，所以要讨论 妈妈：天气将晴转 B:我已经想好了，不 一下儿具体的细节,,,,,
sentence:SENT-0343,span:AUTH-TAD-0427,HAS_CANDIDATE,,,,,,,,,,,
span:AUTH-TAD-0427,consensus:AUTH-TAD-0427,HAS_CONSENSUS,,,,,,,,,,,
consensus:AUTH-TAD-0427,function:TEMPORAL_ADVERBIAL,MAPS_TO,,,,,,,,,,,
span:AUTH-TAD-0427,cleaning:B_边界复核集,HAS_CLEANING_STATUS,,,,,,,边界集/鲁棒性分析,,,,
span:AUTH-TAD-0427,ambiguity:时量补语_持续时间边界,HAS_AMBIGUITY,,,,,,,,,,,
span:AUTH-TAD-0427,ambiguity:无重复,HAS_AMBIGUITY,,,,,,,,,,,
span:AUTH-TAD-0427,ambiguity:来源字段完整但仍需正版逐页核验,HAS_AMBIGUITY,,,,,,,,,,,
span:AUTH-TAD-0427,annotation:span:AUTH-TAD-0427:r1,ANNOTATED_BY,,,,,,,,,,,
annotation:span:AUTH-TAD-0427:r1,rater:rater_1,MADE_BY,,,,,,,,,,,
span:AUTH-TAD-0427,annotation:span:AUTH-TAD-0427:r2,ANNOTATED_BY,,,,,,,,,,,
annotation:span:AUTH-TAD-0427:r2,rater:rater_2,MADE_BY,,,,,,,,,,,
span:AUTH-TAD-0427,annotation:span:AUTH-TAD-0427:r3,ANNOTATED_BY,,,,,,,,,,,
annotation:span:AUTH-TAD-0427:r3,rater:rater_3,MADE_BY,,,,,,,,,,,
span:AUTH-TAD-0427,cue:BEFORE_PREDICATE,TRIGGERS_CUE,,,,,,,,,,,
span:AUTH-TAD-0427,cue:EVENT_TIME,TRIGGERS_CUE,,,,,,,,,,,
span:AUTH-TAD-0427,cue:SENTENCE_INITIAL,TRIGGERS_CUE,,,,,,,,,,,
span:AUTH-TAD-0427,cue:TIME_NOUN,TRIGGERS_CUE,,,,,,,,,,,
span:AUTH-TAD-0427,rule:R_TEMP_ADV_01,MATCHES_RULE,,,,,,,,1.0,TEMPORAL_ADVERBIAL,90.0,true
span:AUTH-TAD-0427,rule:R_TEMP_ADV_02,MATCHES_RULE,,,,,,,,2.0,TEMPORAL_ADVERBIAL,88.0,true
span:AUTH-TAD-0427,rule:R_TEMP_KG_ADV_02,MATCHES_RULE,,,,,,,,3.0,TEMPORAL_ADVERBIAL,72.0,true
sentence:SENT-0160,source:GRAMMAR_MANUAL_INTERMEDIATE,DERIVED_FROM,,,,,151,水平等级标准·语法学习手册(中等) 【五05】11时间副词(3):将要 ◎ 基本语义及用法 (,,,,,
sentence:SENT-0160,span:AUTH-TAD-0428,HAS_CANDIDATE,,,,,,,,,,,
span:AUTH-TAD-0428,consensus:AUTH-TAD-0428,HAS_CONSENSUS,,,,,,,,,,,
consensus:AUTH-TAD-0428,function:TEMPORAL_ADVERBIAL,MAPS_TO,,,,,,,,,,,
span:AUTH-TAD-0428,cleaning:A_主评测候选,HAS_CLEANING_STATUS,,,,,,,主实验/严格评测,,,,
span:AUTH-TAD-0428,ambiguity:无重复,HAS_AMBIGUITY,,,,,,,,,,,
span:AUTH-TAD-0428,ambiguity:来源字段完整但仍需正版逐页核验,HAS_AMBIGUITY,,,,,,,,,,,
span:AUTH-TAD-0428,annotation:span:AUTH-TAD-0428:r1,ANNOTATED_BY,,,,,,,,,,,
annotation:span:AUTH-TAD-0428:r1,rater:rater_1,MADE_BY,,,,,,,,,,,
span:AUTH-TAD-0428,annotation:span:AUTH-TAD-0428:r2,ANNOTATED_BY,,,,,,,,,,,
annotation:span:AUTH-TAD-0428:r2,rater:rater_2,MADE_BY,,,,,,,,,,,
span:AUTH-TAD-0428,annotation:span:AUTH-TAD-0428:r3,ANNOTATED_BY,,,,,,,,,,,
annotation:span:AUTH-TAD-0428:r3,rater:rater_3,MADE_BY,,,,,,,,,,,
span:AUTH-TAD-0428,cue:BEFORE_PREDICATE,TRIGGERS_CUE,,,,,,,,,,,
span:AUTH-TAD-0428,cue:EVENT_TIME,TRIGGERS_CUE,,,,,,,,,,,
span:AUTH-TAD-0428,cue:TIME_NOUN,TRIGGERS_CUE,,,,,,,,,,,
span:AUTH-TAD-0428,rule:R_TEMP_ADV_01,MATCHES_RULE,,,,,,,,1.0,TEMPORAL_ADVERBIAL,90.0,true
span:AUTH-TAD-0428,rule:R_TEMP_ADV_02,MATCHES_RULE,,,,,,,,2.0,TEMPORAL_ADVERBIAL,88.0,true
span:AUTH-TAD-0428,rule:R_TEMP_KG_ADV_02,MATCHES_RULE,,,,,,,,3.0,TEMPORAL_ADVERBIAL,72.0,true
sentence:SENT-0101,span:AUTH-TAD-0429,HAS_CANDIDATE,,,,,,,,,,,
span:AUTH-TAD-0429,consensus:AUTH-TAD-0429,HAS_CONSENSUS,,,,,,,,,,,
consensus:AUTH-TAD-0429,function:TEMPORAL_ADVERBIAL,MAPS_TO,,,,,,,,,,,
span:AUTH-TAD-0429,cleaning:A_主评测候选,HAS_CLEANING_STATUS,,,,,,,主实验/严格评测,,,,
span:AUTH-TAD-0429,ambiguity:同句多候选_重复句,HAS_AMBIGUITY,,,,,,,,,,,
span:AUTH-TAD-0429,ambiguity:来源字段完整但仍需正版逐页核验,HAS_AMBIGUITY,,,,,,,,,,,
span:AUTH-TAD-0429,annotation:span:AUTH-TAD-0429:r1,ANNOTATED_BY,,,,,,,,,,,
annotation:span:AUTH-TAD-0429:r1,rater:rater_1,MADE_BY,,,,,,,,,,,
span:AUTH-TAD-0429,annotation:span:AUTH-TAD-0429:r2,ANNOTATED_BY,,,,,,,,,,,
annotation:span:AUTH-TAD-0429:r2,rater:rater_2,MADE_BY,,,,,,,,,,,
span:AUTH-TAD-0429,annotation:span:AUTH-TAD-0429:r3,ANNOTATED_BY,,,,,,,,,,,
annotation:span:AUTH-TAD-0429:r3,rater:rater_3,MADE_BY,,,,,,,,,,,
span:AUTH-TAD-0429,cue:BEFORE_PREDICATE,TRIGGERS_CUE,,,,,,,,,,,
span:AUTH-TAD-0429,cue:EVENT_TIME,TRIGGERS_CUE,,,,,,,,,,,
span:AUTH-TAD-0429,cue:TIME_NOUN,TRIGGERS_CUE,,,,,,,,,,,
span:AUTH-TAD-0429,rule:R_TEMP_ADV_01,MATCHES_RULE,,,,,,,,1.0,TEMPORAL_ADVERBIAL,90.0,true
span:AUTH-TAD-0429,rule:R_TEMP_ADV_02,MATCHES_RULE,,,,,,,,2.0,TEMPORAL_ADVERBIAL,88.0,true
span:AUTH-TAD-0429,rule:R_TEMP_KG_ADV_02,MATCHES_RULE,,,,,,,,3.0,TEMPORAL_ADVERBIAL,72.0,true
sentence:SENT-0263,source:GRAMMAR_MANUAL_ADVANCED,DERIVED_FROM,,,,,67,小提示 “幸好”在承接上文后，如果语义已经很明确时，后面的分句可以不出现,,,,,
sentence:SENT-0263,span:AUTH-TAD-0430,HAS_CANDIDATE,,,,,,,,,,,
span:AUTH-TAD-0430,consensus:AUTH-TAD-0430,HAS_CONSENSUS,,,,,,,,,,,
consensus:AUTH-TAD-0430,function:TEMPORAL_ADVERBIAL,MAPS_TO,,,,,,,,,,,
span:AUTH-TAD-0430,cleaning:A_主评测候选,HAS_CLEANING_STATUS,,,,,,,主实验/严格评测,,,,
span:AUTH-TAD-0430,ambiguity:无重复,HAS_AMBIGUITY,,,,,,,,,,,
span:AUTH-TAD-0430,ambiguity:来源字段完整但仍需正版逐页核验,HAS_AMBIGUITY,,,,,,,,,,,
span:AUTH-TAD-0430,annotation:span:AUTH-TAD-0430:r1,ANNOTATED_BY,,,,,,,,,,,
annotation:span:AUTH-TAD-0430:r1,rater:rater_1,MADE_BY,,,,,,,,,,,
span:AUTH-TAD-0430,annotation:span:AUTH-TAD-0430:r2,ANNOTATED_BY,,,,,,,,,,,
annotation:span:AUTH-TAD-0430:r2,rater:rater_2,MADE_BY,,,,,,,,,,,
span:AUTH-TAD-0430,annotation:span:AUTH-TAD-0430:r3,ANNOTATED_BY,,,,,,,,,,,
annotation:span:AUTH-TAD-0430:r3,rater:rater_3,MADE_BY,,,,,,,,,,,
span:AUTH-TAD-0430,cue:BEFORE_PREDICATE,TRIGGERS_CUE,,,,,,,,,,,
span:AUTH-TAD-0430,cue:EVENT_TIME,TRIGGERS_CUE,,,,,,,,,,,
span:AUTH-TAD-0430,cue:TIME_NOUN,TRIGGERS_CUE,,,,,,,,,,,
span:AUTH-TAD-0430,rule:R_TEMP_ADV_01,MATCHES_RULE,,,,,,,,1.0,TEMPORAL_ADVERBIAL,90.0,true
span:AUTH-TAD-0430,rule:R_TEMP_ADV_02,MATCHES_RULE,,,,,,,,2.0,TEMPORAL_ADVERBIAL,88.0,true
span:AUTH-TAD-0430,rule:R_TEMP_KG_ADV_02,MATCHES_RULE,,,,,,,,3.0,TEMPORAL_ADVERBIAL,72.0,true
sentence:SENT-0279,source:GRAMMAR_MANUAL_ELEMENTARY,DERIVED_FROM,,,,,111,B:不用，马上就干完了,,,,,
sentence:SENT-0279,span:AUTH-TAD-0431,HAS_CANDIDATE,,,,,,,,,,,
span:AUTH-TAD-0431,consensus:AUTH-TAD-0431,HAS_CONSENSUS,,,,,,,,,,,
consensus:AUTH-TAD-0431,function:TEMPORAL_ADVERBIAL,MAPS_TO,,,,,,,,,,,
span:AUTH-TAD-0431,cleaning:A_主评测候选,HAS_CLEANING_STATUS,,,,,,,主实验/严格评测,,,,
span:AUTH-TAD-0431,ambiguity:无重复,HAS_AMBIGUITY,,,,,,,,,,,
span:AUTH-TAD-0431,ambiguity:来源字段完整但仍需正版逐页核验,HAS_AMBIGUITY,,,,,,,,,,,
span:AUTH-TAD-0431,annotation:span:AUTH-TAD-0431:r1,ANNOTATED_BY,,,,,,,,,,,
annotation:span:AUTH-TAD-0431:r1,rater:rater_1,MADE_BY,,,,,,,,,,,
span:AUTH-TAD-0431,annotation:span:AUTH-TAD-0431:r2,ANNOTATED_BY,,,,,,,,,,,
annotation:span:AUTH-TAD-0431:r2,rater:rater_2,MADE_BY,,,,,,,,,,,
span:AUTH-TAD-0431,annotation:span:AUTH-TAD-0431:r3,ANNOTATED_BY,,,,,,,,,,,
annotation:span:AUTH-TAD-0431:r3,rater:rater_3,MADE_BY,,,,,,,,,,,
span:AUTH-TAD-0431,cue:BEFORE_PREDICATE,TRIGGERS_CUE,,,,,,,,,,,
span:AUTH-TAD-0431,cue:EVENT_TIME,TRIGGERS_CUE,,,,,,,,,,,
span:AUTH-TAD-0431,cue:TIME_ADVERB,TRIGGERS_CUE,,,,,,,,,,,
span:AUTH-TAD-0431,cue:TIME_NOUN,TRIGGERS_CUE,,,,,,,,,,,
span:AUTH-TAD-0431,cue:TIME_POINT,TRIGGERS_CUE,,,,,,,,,,,
span:AUTH-TAD-0431,rule:R_TEMP_ADV_01,MATCHES_RULE,,,,,,,,1.0,TEMPORAL_ADVERBIAL,90.0,true
span:AUTH-TAD-0431,rule:R_TEMP_ADV_02,MATCHES_RULE,,,,,,,,2.0,TEMPORAL_ADVERBIAL,88.0,true
span:AUTH-TAD-0431,rule:R_TEMP_ADV_19,MATCHES_RULE,,,,,,,,3.0,TEMPORAL_ADVERBIAL,84.0,true
span:AUTH-TAD-0431,rule:R_TEMP_ADV_08,MATCHES_RULE,,,,,,,,4.0,TEMPORAL_ADVERBIAL,78.0,true
span:AUTH-TAD-0431,rule:R_TEMP_ADV_10,MATCHES_RULE,,,,,,,,5.0,TEMPORAL_ADVERBIAL,75.0,true
sentence:SENT-0232,source:GRAMMAR_MANUAL_ELEMENTARY,DERIVED_FROM,,,,,388,级语法点 ◎典型例句和对话 例句 我的中文老师 我每天八点左右 公司的晚会在春节前后 三十岁左,,,,,
sentence:SENT-0232,span:AUTH-TAD-0432,HAS_CANDIDATE,,,,,,,,,,,
span:AUTH-TAD-0432,consensus:AUTH-TAD-0432,HAS_CONSENSUS,,,,,,,,,,,
consensus:AUTH-TAD-0432,function:OTHER,MAPS_TO,,,,,,,,,,,
span:AUTH-TAD-0432,cleaning:C_暂不纳入主实验,HAS_CLEANING_STATUS,,,,,,,待复核,,,,
span:AUTH-TAD-0432,ambiguity:候选片段与最终片段不一致,HAS_AMBIGUITY,,,,,,,,,,,
span:AUTH-TAD-0432,ambiguity:非目标时间表达,HAS_AMBIGUITY,,,,,,,,,,,
span:AUTH-TAD-0432,ambiguity:三人标注不完全一致,HAS_AMBIGUITY,,,,,,,,,,,
span:AUTH-TAD-0432,ambiguity:至少一名标注者修正片段,HAS_AMBIGUITY,,,,,,,,,,,
span:AUTH-TAD-0432,ambiguity:无重复,HAS_AMBIGUITY,,,,,,,,,,,
span:AUTH-TAD-0432,ambiguity:来源字段完整但仍需正版逐页核验,HAS_AMBIGUITY,,,,,,,,,,,
span:AUTH-TAD-0432,annotation:span:AUTH-TAD-0432:r1,ANNOTATED_BY,,,,,,,,,,,
annotation:span:AUTH-TAD-0432:r1,rater:rater_1,MADE_BY,,,,,,,,,,,
span:AUTH-TAD-0432,annotation:span:AUTH-TAD-0432:r2,ANNOTATED_BY,,,,,,,,,,,
annotation:span:AUTH-TAD-0432:r2,rater:rater_2,MADE_BY,,,,,,,,,,,
span:AUTH-TAD-0432,annotation:span:AUTH-TAD-0432:r3,ANNOTATED_BY,,,,,,,,,,,
annotation:span:AUTH-TAD-0432:r3,rater:rater_3,MADE_BY,,,,,,,,,,,
span:AUTH-TAD-0432,cue:AFTER_VERB,TRIGGERS_CUE,,,,,,,,,,,
span:AUTH-TAD-0432,cue:COMPLEMENT_DURATION_CONTEXT,TRIGGERS_CUE,,,,,,,,,,,
span:AUTH-TAD-0432,cue:DURATION_COMPLEMENT,TRIGGERS_CUE,,,,,,,,,,,
span:AUTH-TAD-0432,cue:REVIEW_NON_TARGET_RISK,TRIGGERS_CUE,,,,,,,,,,,
span:AUTH-TAD-0432,cue:TIME_AFTER_BEFORE,TRIGGERS_CUE,,,,,,,,,,,
span:AUTH-TAD-0432,cue:TIME_DURATION,TRIGGERS_CUE,,,,,,,,,,,
span:AUTH-TAD-0432,rule:R_TEMP_KG_OTHER_01,MATCHES_RULE,,,,,,,,1.0,OTHER,130.0,true
span:AUTH-TAD-0432,rule:R_TEMP_KG_COMP_01,MATCHES_RULE,,,,,,,,2.0,COMPLEMENT,127.0,false
span:AUTH-TAD-0432,rule:R_TEMP_COMP_01,MATCHES_RULE,,,,,,,,3.0,COMPLEMENT,96.0,false
span:AUTH-TAD-0432,rule:R_TEMP_COMP_02,MATCHES_RULE,,,,,,,,4.0,COMPLEMENT,95.0,false
span:AUTH-TAD-0432,rule:R_TEMP_COMP_07,MATCHES_RULE,,,,,,,,5.0,COMPLEMENT,94.0,false
sentence:SENT-0123,source:GRAMMAR_MANUAL_ELEMENTARY,DERIVED_FROM,,,,,266,B:办公室已经发了通 知，每位员工都要 参加这次会议,,,,,
sentence:SENT-0123,span:AUTH-TAD-0433,HAS_CANDIDATE,,,,,,,,,,,
span:AUTH-TAD-0433,consensus:AUTH-TAD-0433,HAS_CONSENSUS,,,,,,,,,,,
consensus:AUTH-TAD-0433,function:ATTRIBUTE,MAPS_TO,,,,,,,,,,,
span:AUTH-TAD-0433,cleaning:B_边界复核集,HAS_CLEANING_STATUS,,,,,,,边界集/鲁棒性分析,,,,
span:AUTH-TAD-0433,ambiguity:可能为时间定语,HAS_AMBIGUITY,,,,,,,,,,,
span:AUTH-TAD-0433,ambiguity:时量补语_持续时间边界,HAS_AMBIGUITY,,,,,,,,,,,
span:AUTH-TAD-0433,ambiguity:无重复,HAS_AMBIGUITY,,,,,,,,,,,
span:AUTH-TAD-0433,ambiguity:来源字段完整但仍需正版逐页核验,HAS_AMBIGUITY,,,,,,,,,,,
span:AUTH-TAD-0433,annotation:span:AUTH-TAD-0433:r1,ANNOTATED_BY,,,,,,,,,,,
annotation:span:AUTH-TAD-0433:r1,rater:rater_1,MADE_BY,,,,,,,,,,,
span:AUTH-TAD-0433,annotation:span:AUTH-TAD-0433:r2,ANNOTATED_BY,,,,,,,,,,,
annotation:span:AUTH-TAD-0433:r2,rater:rater_2,MADE_BY,,,,,,,,,,,
span:AUTH-TAD-0433,annotation:span:AUTH-TAD-0433:r3,ANNOTATED_BY,,,,,,,,,,,
annotation:span:AUTH-TAD-0433:r3,rater:rater_3,MADE_BY,,,,,,,,,,,
span:AUTH-TAD-0433,cue:ATTR_DE_DIRECT,TRIGGERS_CUE,,,,,,,,,,,
span:AUTH-TAD-0433,cue:DE_PARTICLE,TRIGGERS_CUE,,,,,,,,,,,
span:AUTH-TAD-0433,cue:TIME_FREQUENCY,TRIGGERS_CUE,,,,,,,,,,,
span:AUTH-TAD-0433,rule:R_TEMP_KG_ATTR_01,MATCHES_RULE,,,,,,,,1.0,ATTRIBUTE,128.0,true
span:AUTH-TAD-0433,rule:R_TEMP_KG_ADV_01,MATCHES_RULE,,,,,,,,2.0,TEMPORAL_ADVERBIAL,79.0,false
sentence:SENT-0420,source:GRAMMAR_MANUAL_INTERMEDIATE,DERIVED_FROM,,,,,39,准·语法学习手册(中等) 【四13】22介词(引出时间、处所):自 ◎基本语义及用法 表示时间,,,,,
sentence:SENT-0420,span:AUTH-TAD-0434,HAS_CANDIDATE,,,,,,,,,,,
span:AUTH-TAD-0434,consensus:AUTH-TAD-0434,HAS_CONSENSUS,,,,,,,,,,,
consensus:AUTH-TAD-0434,function:TEMPORAL_ADVERBIAL,MAPS_TO,,,,,,,,,,,
span:AUTH-TAD-0434,cleaning:B_边界复核集,HAS_CLEANING_STATUS,,,,,,,边界集/鲁棒性分析,,,,
span:AUTH-TAD-0434,ambiguity:相对时间框架边界,HAS_AMBIGUITY,,,,,,,,,,,
span:AUTH-TAD-0434,ambiguity:无重复,HAS_AMBIGUITY,,,,,,,,,,,
span:AUTH-TAD-0434,ambiguity:来源字段完整但仍需正版逐页核验,HAS_AMBIGUITY,,,,,,,,,,,
span:AUTH-TAD-0434,annotation:span:AUTH-TAD-0434:r1,ANNOTATED_BY,,,,,,,,,,,
annotation:span:AUTH-TAD-0434:r1,rater:rater_1,MADE_BY,,,,,,,,,,,
span:AUTH-TAD-0434,annotation:span:AUTH-TAD-0434:r2,ANNOTATED_BY,,,,,,,,,,,
annotation:span:AUTH-TAD-0434:r2,rater:rater_2,MADE_BY,,,,,,,,,,,
span:AUTH-TAD-0434,annotation:span:AUTH-TAD-0434:r3,ANNOTATED_BY,,,,,,,,,,,
annotation:span:AUTH-TAD-0434:r3,rater:rater_3,MADE_BY,,,,,,,,,,,
span:AUTH-TAD-0434,cue:BEFORE_PREDICATE,TRIGGERS_CUE,,,,,,,,,,,
span:AUTH-TAD-0434,cue:EVENT_TIME,TRIGGERS_CUE,,,,,,,,,,,
span:AUTH-TAD-0434,cue:NO_TEMPORAL_EXPRESSION,TRIGGERS_CUE,,,,,,,,,,,
span:AUTH-TAD-0434,cue:SENTENCE_INITIAL,TRIGGERS_CUE,,,,,,,,,,,
span:AUTH-TAD-0434,cue:TEMPORAL_PREP,TRIGGERS_CUE,,,,,,,,,,,
sentence:SENT-0191,source:GRAMMAR_MANUAL_ELEMENTARY,DERIVED_FROM,,,,,342,,,,,,
sentence:SENT-0191,span:AUTH-TAD-0435,HAS_CANDIDATE,,,,,,,,,,,
span:AUTH-TAD-0435,consensus:AUTH-TAD-0435,HAS_CONSENSUS,,,,,,,,,,,
consensus:AUTH-TAD-0435,function:TEMPORAL_ADVERBIAL,MAPS_TO,,,,,,,,,,,
span:AUTH-TAD-0435,cleaning:B_边界复核集,HAS_CLEANING_STATUS,,,,,,,边界集/鲁棒性分析,,,,
span:AUTH-TAD-0435,ambiguity:页面线索缺失,HAS_AMBIGUITY,,,,,,,,,,,
span:AUTH-TAD-0435,ambiguity:无重复,HAS_AMBIGUITY,,,,,,,,,,,
span:AUTH-TAD-0435,annotation:span:AUTH-TAD-0435:r1,ANNOTATED_BY,,,,,,,,,,,
annotation:span:AUTH-TAD-0435:r1,rater:rater_1,MADE_BY,,,,,,,,,,,
span:AUTH-TAD-0435,annotation:span:AUTH-TAD-0435:r2,ANNOTATED_BY,,,,,,,,,,,
annotation:span:AUTH-TAD-0435:r2,rater:rater_2,MADE_BY,,,,,,,,,,,
span:AUTH-TAD-0435,annotation:span:AUTH-TAD-0435:r3,ANNOTATED_BY,,,,,,,,,,,
annotation:span:AUTH-TAD-0435:r3,rater:rater_3,MADE_BY,,,,,,,,,,,
span:AUTH-TAD-0435,cue:BEFORE_PREDICATE,TRIGGERS_CUE,,,,,,,,,,,
span:AUTH-TAD-0435,cue:EVENT_TIME,TRIGGERS_CUE,,,,,,,,,,,
span:AUTH-TAD-0435,cue:TIME_ADVERB,TRIGGERS_CUE,,,,,,,,,,,
span:AUTH-TAD-0435,cue:TIME_NOUN,TRIGGERS_CUE,,,,,,,,,,,
span:AUTH-TAD-0435,cue:TIME_POINT,TRIGGERS_CUE,,,,,,,,,,,
span:AUTH-TAD-0435,rule:R_TEMP_ADV_01,MATCHES_RULE,,,,,,,,1.0,TEMPORAL_ADVERBIAL,90.0,true
span:AUTH-TAD-0435,rule:R_TEMP_ADV_02,MATCHES_RULE,,,,,,,,2.0,TEMPORAL_ADVERBIAL,88.0,true
span:AUTH-TAD-0435,rule:R_TEMP_ADV_19,MATCHES_RULE,,,,,,,,3.0,TEMPORAL_ADVERBIAL,84.0,true
span:AUTH-TAD-0435,rule:R_TEMP_ADV_08,MATCHES_RULE,,,,,,,,4.0,TEMPORAL_ADVERBIAL,78.0,true
span:AUTH-TAD-0435,rule:R_TEMP_ADV_10,MATCHES_RULE,,,,,,,,5.0,TEMPORAL_ADVERBIAL,75.0,true
sentence:SENT-0400,span:AUTH-TAD-0436,HAS_CANDIDATE,,,,,,,,,,,
span:AUTH-TAD-0436,consensus:AUTH-TAD-0436,HAS_CONSENSUS,,,,,,,,,,,
consensus:AUTH-TAD-0436,function:OTHER,MAPS_TO,,,,,,,,,,,
span:AUTH-TAD-0436,cleaning:C_暂不纳入主实验,HAS_CLEANING_STATUS,,,,,,,待复核,,,,
span:AUTH-TAD-0436,ambiguity:非目标时间表达,HAS_AMBIGUITY,,,,,,,,,,,
span:AUTH-TAD-0436,ambiguity:三人标注不完全一致,HAS_AMBIGUITY,,,,,,,,,,,
span:AUTH-TAD-0436,ambiguity:至少一名标注者修正片段,HAS_AMBIGUITY,,,,,,,,,,,
span:AUTH-TAD-0436,ambiguity:同句多候选_重复句,HAS_AMBIGUITY,,,,,,,,,,,
span:AUTH-TAD-0436,ambiguity:来源字段完整但仍需正版逐页核验,HAS_AMBIGUITY,,,,,,,,,,,
span:AUTH-TAD-0436,annotation:span:AUTH-TAD-0436:r1,ANNOTATED_BY,,,,,,,,,,,
annotation:span:AUTH-TAD-0436:r1,rater:rater_1,MADE_BY,,,,,,,,,,,
span:AUTH-TAD-0436,annotation:span:AUTH-TAD-0436:r2,ANNOTATED_BY,,,,,,,,,,,
annotation:span:AUTH-TAD-0436:r2,rater:rater_2,MADE_BY,,,,,,,,,,,
span:AUTH-TAD-0436,annotation:span:AUTH-TAD-0436:r3,ANNOTATED_BY,,,,,,,,,,,
annotation:span:AUTH-TAD-0436:r3,rater:rater_3,MADE_BY,,,,,,,,,,,
span:AUTH-TAD-0436,cue:ABSTRACT_OR_NON_TARGET_TIME,TRIGGERS_CUE,,,,,,,,,,,
span:AUTH-TAD-0436,cue:BEFORE_PREDICATE,TRIGGERS_CUE,,,,,,,,,,,
span:AUTH-TAD-0436,cue:EVENT_TIME,TRIGGERS_CUE,,,,,,,,,,,
span:AUTH-TAD-0436,cue:NO_TEMPORAL_EXPRESSION,TRIGGERS_CUE,,,,,,,,,,,
span:AUTH-TAD-0436,cue:REVIEW_NON_TARGET_RISK,TRIGGERS_CUE,,,,,,,,,,,
span:AUTH-TAD-0436,cue:TEMPORAL_COMPARISON_STATE,TRIGGERS_CUE,,,,,,,,,,,
span:AUTH-TAD-0436,rule:R_TEMP_KG_OTHER_01,MATCHES_RULE,,,,,,,,1.0,OTHER,130.0,true
span:AUTH-TAD-0436,rule:R_TEMP_KG_OTHER_02,MATCHES_RULE,,,,,,,,2.0,OTHER,124.0,true
span:AUTH-TAD-0436,rule:R_TEMP_KG_OTHER_03,MATCHES_RULE,,,,,,,,3.0,OTHER,123.0,true
sentence:SENT-0086,source:GRAMMAR_MANUAL_ELEMENTARY,DERIVED_FROM,,,,,32,? ◎ 结构特点 疑问代词“哪些”常用在名词前，作定语；也可以直接作主语,,,,,
sentence:SENT-0086,span:AUTH-TAD-0437,HAS_CANDIDATE,,,,,,,,,,,
span:AUTH-TAD-0437,consensus:AUTH-TAD-0437,HAS_CONSENSUS,,,,,,,,,,,
consensus:AUTH-TAD-0437,function:TEMPORAL_ADVERBIAL,MAPS_TO,,,,,,,,,,,
span:AUTH-TAD-0437,cleaning:A_主评测候选,HAS_CLEANING_STATUS,,,,,,,主实验/严格评测,,,,
span:AUTH-TAD-0437,ambiguity:无重复,HAS_AMBIGUITY,,,,,,,,,,,
span:AUTH-TAD-0437,ambiguity:来源字段完整但仍需正版逐页核验,HAS_AMBIGUITY,,,,,,,,,,,
span:AUTH-TAD-0437,annotation:span:AUTH-TAD-0437:r1,ANNOTATED_BY,,,,,,,,,,,
annotation:span:AUTH-TAD-0437:r1,rater:rater_1,MADE_BY,,,,,,,,,,,
span:AUTH-TAD-0437,annotation:span:AUTH-TAD-0437:r2,ANNOTATED_BY,,,,,,,,,,,
annotation:span:AUTH-TAD-0437:r2,rater:rater_2,MADE_BY,,,,,,,,,,,
span:AUTH-TAD-0437,annotation:span:AUTH-TAD-0437:r3,ANNOTATED_BY,,,,,,,,,,,
annotation:span:AUTH-TAD-0437:r3,rater:rater_3,MADE_BY,,,,,,,,,,,
span:AUTH-TAD-0437,cue:BEFORE_PREDICATE,TRIGGERS_CUE,,,,,,,,,,,
span:AUTH-TAD-0437,cue:EVENT_TIME,TRIGGERS_CUE,,,,,,,,,,,
span:AUTH-TAD-0437,cue:TIME_NOUN,TRIGGERS_CUE,,,,,,,,,,,
span:AUTH-TAD-0437,rule:R_TEMP_ADV_01,MATCHES_RULE,,,,,,,,1.0,TEMPORAL_ADVERBIAL,90.0,true
span:AUTH-TAD-0437,rule:R_TEMP_ADV_02,MATCHES_RULE,,,,,,,,2.0,TEMPORAL_ADVERBIAL,88.0,true
span:AUTH-TAD-0437,rule:R_TEMP_KG_ADV_02,MATCHES_RULE,,,,,,,,3.0,TEMPORAL_ADVERBIAL,72.0,true
sentence:SENT-0006,source:GRAMMAR_MANUAL_ADVANCED,DERIVED_FROM,,,,,49,(2)“莫非”也可以用于单句，位于动词性成分前，作状语,,,,,
sentence:SENT-0006,span:AUTH-TAD-0438,HAS_CANDIDATE,,,,,,,,,,,
span:AUTH-TAD-0438,consensus:AUTH-TAD-0438,HAS_CONSENSUS,,,,,,,,,,,
consensus:AUTH-TAD-0438,function:TEMPORAL_ADVERBIAL,MAPS_TO,,,,,,,,,,,
span:AUTH-TAD-0438,cleaning:A_主评测候选,HAS_CLEANING_STATUS,,,,,,,主实验/严格评测,,,,
span:AUTH-TAD-0438,ambiguity:无重复,HAS_AMBIGUITY,,,,,,,,,,,
span:AUTH-TAD-0438,ambiguity:来源字段完整但仍需正版逐页核验,HAS_AMBIGUITY,,,,,,,,,,,
span:AUTH-TAD-0438,annotation:span:AUTH-TAD-0438:r1,ANNOTATED_BY,,,,,,,,,,,
annotation:span:AUTH-TAD-0438:r1,rater:rater_1,MADE_BY,,,,,,,,,,,
span:AUTH-TAD-0438,annotation:span:AUTH-TAD-0438:r2,ANNOTATED_BY,,,,,,,,,,,
annotation:span:AUTH-TAD-0438:r2,rater:rater_2,MADE_BY,,,,,,,,,,,
span:AUTH-TAD-0438,annotation:span:AUTH-TAD-0438:r3,ANNOTATED_BY,,,,,,,,,,,
annotation:span:AUTH-TAD-0438:r3,rater:rater_3,MADE_BY,,,,,,,,,,,
span:AUTH-TAD-0438,cue:BEFORE_PREDICATE,TRIGGERS_CUE,,,,,,,,,,,
span:AUTH-TAD-0438,cue:EVENT_TIME,TRIGGERS_CUE,,,,,,,,,,,
span:AUTH-TAD-0438,cue:SENTENCE_INITIAL,TRIGGERS_CUE,,,,,,,,,,,
span:AUTH-TAD-0438,cue:TIME_NOUN,TRIGGERS_CUE,,,,,,,,,,,
span:AUTH-TAD-0438,cue:TIME_POINT,TRIGGERS_CUE,,,,,,,,,,,
span:AUTH-TAD-0438,rule:R_TEMP_ADV_01,MATCHES_RULE,,,,,,,,1.0,TEMPORAL_ADVERBIAL,90.0,true
span:AUTH-TAD-0438,rule:R_TEMP_ADV_02,MATCHES_RULE,,,,,,,,2.0,TEMPORAL_ADVERBIAL,88.0,true
span:AUTH-TAD-0438,rule:R_TEMP_ADV_10,MATCHES_RULE,,,,,,,,3.0,TEMPORAL_ADVERBIAL,75.0,true
span:AUTH-TAD-0438,rule:R_TEMP_KG_ADV_02,MATCHES_RULE,,,,,,,,4.0,TEMPORAL_ADVERBIAL,72.0,true
sentence:SENT-0208,source:GRAMMAR_MANUAL_INTERMEDIATE,DERIVED_FROM,,,,,185,他从小身体不好，加上缺少锻炼，所以经常生病,,,,,
sentence:SENT-0208,span:AUTH-TAD-0439,HAS_CANDIDATE,,,,,,,,,,,
span:AUTH-TAD-0439,consensus:AUTH-TAD-0439,HAS_CONSENSUS,,,,,,,,,,,
consensus:AUTH-TAD-0439,function:COMPLEMENT,MAPS_TO,,,,,,,,,,,
span:AUTH-TAD-0439,cleaning:C_暂不纳入主实验,HAS_CLEANING_STATUS,,,,,,,待复核,,,,
span:AUTH-TAD-0439,ambiguity:时量补语_持续时间边界,HAS_AMBIGUITY,,,,,,,,,,,
span:AUTH-TAD-0439,ambiguity:三人标注不完全一致,HAS_AMBIGUITY,,,,,,,,,,,
span:AUTH-TAD-0439,ambiguity:至少一名标注者修正片段,HAS_AMBIGUITY,,,,,,,,,,,
span:AUTH-TAD-0439,ambiguity:无重复,HAS_AMBIGUITY,,,,,,,,,,,
span:AUTH-TAD-0439,ambiguity:来源字段完整但仍需正版逐页核验,HAS_AMBIGUITY,,,,,,,,,,,
span:AUTH-TAD-0439,annotation:span:AUTH-TAD-0439:r1,ANNOTATED_BY,,,,,,,,,,,
annotation:span:AUTH-TAD-0439:r1,rater:rater_1,MADE_BY,,,,,,,,,,,
span:AUTH-TAD-0439,annotation:span:AUTH-TAD-0439:r2,ANNOTATED_BY,,,,,,,,,,,
annotation:span:AUTH-TAD-0439:r2,rater:rater_2,MADE_BY,,,,,,,,,,,
span:AUTH-TAD-0439,annotation:span:AUTH-TAD-0439:r3,ANNOTATED_BY,,,,,,,,,,,
annotation:span:AUTH-TAD-0439:r3,rater:rater_3,MADE_BY,,,,,,,,,,,
span:AUTH-TAD-0439,cue:AFTER_VERB,TRIGGERS_CUE,,,,,,,,,,,
span:AUTH-TAD-0439,cue:COMPLEMENT_DURATION_CONTEXT,TRIGGERS_CUE,,,,,,,,,,,
span:AUTH-TAD-0439,cue:DURATION_COMPLEMENT,TRIGGERS_CUE,,,,,,,,,,,
span:AUTH-TAD-0439,cue:TIME_DURATION,TRIGGERS_CUE,,,,,,,,,,,
span:AUTH-TAD-0439,rule:R_TEMP_KG_COMP_01,MATCHES_RULE,,,,,,,,1.0,COMPLEMENT,127.0,true
span:AUTH-TAD-0439,rule:R_TEMP_COMP_01,MATCHES_RULE,,,,,,,,2.0,COMPLEMENT,96.0,true
span:AUTH-TAD-0439,rule:R_TEMP_COMP_02,MATCHES_RULE,,,,,,,,3.0,COMPLEMENT,95.0,true
span:AUTH-TAD-0439,rule:R_TEMP_COMP_07,MATCHES_RULE,,,,,,,,4.0,COMPLEMENT,94.0,true
sentence:SENT-0054,source:GRAMMAR_MANUAL_ELEMENTARY,DERIVED_FROM,,,,,215,·语法学习手册(初等) 90“是……的”句1:强调时间、地点、方式、动作 者等 【二60】 ◎,,,,,
sentence:SENT-0054,span:AUTH-TAD-0440,HAS_CANDIDATE,,,,,,,,,,,
span:AUTH-TAD-0440,consensus:AUTH-TAD-0440,HAS_CONSENSUS,,,,,,,,,,,
consensus:AUTH-TAD-0440,function:ATTRIBUTE,MAPS_TO,,,,,,,,,,,
span:AUTH-TAD-0440,cleaning:B_边界复核集,HAS_CLEANING_STATUS,,,,,,,边界集/鲁棒性分析,,,,
span:AUTH-TAD-0440,ambiguity:可能为时间定语,HAS_AMBIGUITY,,,,,,,,,,,
span:AUTH-TAD-0440,ambiguity:无重复,HAS_AMBIGUITY,,,,,,,,,,,
span:AUTH-TAD-0440,ambiguity:来源字段完整但仍需正版逐页核验,HAS_AMBIGUITY,,,,,,,,,,,
span:AUTH-TAD-0440,annotation:span:AUTH-TAD-0440:r1,ANNOTATED_BY,,,,,,,,,,,
annotation:span:AUTH-TAD-0440:r1,rater:rater_1,MADE_BY,,,,,,,,,,,
span:AUTH-TAD-0440,annotation:span:AUTH-TAD-0440:r2,ANNOTATED_BY,,,,,,,,,,,
annotation:span:AUTH-TAD-0440:r2,rater:rater_2,MADE_BY,,,,,,,,,,,
span:AUTH-TAD-0440,annotation:span:AUTH-TAD-0440:r3,ANNOTATED_BY,,,,,,,,,,,
annotation:span:AUTH-TAD-0440:r3,rater:rater_3,MADE_BY,,,,,,,,,,,
span:AUTH-TAD-0440,cue:ATTR_DE_DIRECT,TRIGGERS_CUE,,,,,,,,,,,
span:AUTH-TAD-0440,cue:DE_PARTICLE,TRIGGERS_CUE,,,,,,,,,,,
span:AUTH-TAD-0440,cue:SENTENCE_INITIAL,TRIGGERS_CUE,,,,,,,,,,,
span:AUTH-TAD-0440,cue:TIME_NOUN,TRIGGERS_CUE,,,,,,,,,,,
span:AUTH-TAD-0440,rule:R_TEMP_KG_ATTR_01,MATCHES_RULE,,,,,,,,1.0,ATTRIBUTE,128.0,true
span:AUTH-TAD-0440,rule:R_TEMP_KG_ADV_02,MATCHES_RULE,,,,,,,,2.0,TEMPORAL_ADVERBIAL,72.0,false
sentence:SENT-0466,source:GRAMMAR_MANUAL_INTERMEDIATE,DERIVED_FROM,,,,,304,饮料同蛋糕已经准备好了，我们开始吧,,,,,
sentence:SENT-0466,span:AUTH-TAD-0441,HAS_CANDIDATE,,,,,,,,,,,
span:AUTH-TAD-0441,consensus:AUTH-TAD-0441,HAS_CONSENSUS,,,,,,,,,,,
consensus:AUTH-TAD-0441,function:TEMPORAL_ADVERBIAL,MAPS_TO,,,,,,,,,,,
span:AUTH-TAD-0441,cleaning:B_边界复核集,HAS_CLEANING_STATUS,,,,,,,边界集/鲁棒性分析,,,,
span:AUTH-TAD-0441,ambiguity:时间副词_体貌副词边界,HAS_AMBIGUITY,,,,,,,,,,,
span:AUTH-TAD-0441,ambiguity:无重复,HAS_AMBIGUITY,,,,,,,,,,,
span:AUTH-TAD-0441,ambiguity:来源字段完整但仍需正版逐页核验,HAS_AMBIGUITY,,,,,,,,,,,
span:AUTH-TAD-0441,annotation:span:AUTH-TAD-0441:r1,ANNOTATED_BY,,,,,,,,,,,
annotation:span:AUTH-TAD-0441:r1,rater:rater_1,MADE_BY,,,,,,,,,,,
span:AUTH-TAD-0441,annotation:span:AUTH-TAD-0441:r2,ANNOTATED_BY,,,,,,,,,,,
annotation:span:AUTH-TAD-0441:r2,rater:rater_2,MADE_BY,,,,,,,,,,,
span:AUTH-TAD-0441,annotation:span:AUTH-TAD-0441:r3,ANNOTATED_BY,,,,,,,,,,,
annotation:span:AUTH-TAD-0441:r3,rater:rater_3,MADE_BY,,,,,,,,,,,
span:AUTH-TAD-0441,cue:BEFORE_PREDICATE,TRIGGERS_CUE,,,,,,,,,,,
span:AUTH-TAD-0441,cue:EVENT_TIME,TRIGGERS_CUE,,,,,,,,,,,
span:AUTH-TAD-0441,cue:STATIVE_PREDICATE,TRIGGERS_CUE,,,,,,,,,,,
span:AUTH-TAD-0441,cue:TIME_ADVERB,TRIGGERS_CUE,,,,,,,,,,,
span:AUTH-TAD-0441,cue:TIME_FREQUENCY,TRIGGERS_CUE,,,,,,,,,,,
span:AUTH-TAD-0441,rule:R_TEMP_ADV_04,MATCHES_RULE,,,,,,,,1.0,TEMPORAL_ADVERBIAL,84.0,true
span:AUTH-TAD-0441,rule:R_TEMP_ADV_19,MATCHES_RULE,,,,,,,,2.0,TEMPORAL_ADVERBIAL,84.0,true
span:AUTH-TAD-0441,rule:R_TEMP_KG_ADV_01,MATCHES_RULE,,,,,,,,3.0,TEMPORAL_ADVERBIAL,79.0,true
span:AUTH-TAD-0441,rule:R_TEMP_ADV_08,MATCHES_RULE,,,,,,,,4.0,TEMPORAL_ADVERBIAL,78.0,true
span:AUTH-TAD-0441,rule:R_TEMP_ADV_11,MATCHES_RULE,,,,,,,,5.0,TEMPORAL_ADVERBIAL,73.0,true
sentence:SENT-0222,source:GRAMMAR_MANUAL_ELEMENTARY,DERIVED_FROM,,,,,161,◎ 结构特点 情态副词“好像”作状语，可以用在主语后，也可以用在主语前，有时,,,,,
sentence:SENT-0222,span:AUTH-TAD-0442,HAS_CANDIDATE,,,,,,,,,,,
span:AUTH-TAD-0442,consensus:AUTH-TAD-0442,HAS_CONSENSUS,,,,,,,,,,,
consensus:AUTH-TAD-0442,function:TEMPORAL_ADVERBIAL,MAPS_TO,,,,,,,,,,,
span:AUTH-TAD-0442,cleaning:A_主评测候选,HAS_CLEANING_STATUS,,,,,,,主实验/严格评测,,,,
span:AUTH-TAD-0442,ambiguity:无重复,HAS_AMBIGUITY,,,,,,,,,,,
span:AUTH-TAD-0442,ambiguity:来源字段完整但仍需正版逐页核验,HAS_AMBIGUITY,,,,,,,,,,,
span:AUTH-TAD-0442,annotation:span:AUTH-TAD-0442:r1,ANNOTATED_BY,,,,,,,,,,,
annotation:span:AUTH-TAD-0442:r1,rater:rater_1,MADE_BY,,,,,,,,,,,
span:AUTH-TAD-0442,annotation:span:AUTH-TAD-0442:r2,ANNOTATED_BY,,,,,,,,,,,
annotation:span:AUTH-TAD-0442:r2,rater:rater_2,MADE_BY,,,,,,,,,,,
span:AUTH-TAD-0442,annotation:span:AUTH-TAD-0442:r3,ANNOTATED_BY,,,,,,,,,,,
annotation:span:AUTH-TAD-0442:r3,rater:rater_3,MADE_BY,,,,,,,,,,,
span:AUTH-TAD-0442,cue:BEFORE_PREDICATE,TRIGGERS_CUE,,,,,,,,,,,
span:AUTH-TAD-0442,cue:EVENT_TIME,TRIGGERS_CUE,,,,,,,,,,,
span:AUTH-TAD-0442,cue:TIME_NOUN,TRIGGERS_CUE,,,,,,,,,,,
span:AUTH-TAD-0442,rule:R_TEMP_ADV_01,MATCHES_RULE,,,,,,,,1.0,TEMPORAL_ADVERBIAL,90.0,true
span:AUTH-TAD-0442,rule:R_TEMP_ADV_02,MATCHES_RULE,,,,,,,,2.0,TEMPORAL_ADVERBIAL,88.0,true
span:AUTH-TAD-0442,rule:R_TEMP_KG_ADV_02,MATCHES_RULE,,,,,,,,3.0,TEMPORAL_ADVERBIAL,72.0,true
sentence:SENT-0342,source:GRAMMAR_MANUAL_ADVANCED,DERIVED_FROM,,,,,87,,,,,,
sentence:SENT-0342,span:AUTH-TAD-0443,HAS_CANDIDATE,,,,,,,,,,,
span:AUTH-TAD-0443,consensus:AUTH-TAD-0443,HAS_CONSENSUS,,,,,,,,,,,
consensus:AUTH-TAD-0443,function:TEMPORAL_ADVERBIAL,MAPS_TO,,,,,,,,,,,
span:AUTH-TAD-0443,cleaning:B_边界复核集,HAS_CLEANING_STATUS,,,,,,,边界集/鲁棒性分析,,,,
span:AUTH-TAD-0443,ambiguity:页面线索缺失,HAS_AMBIGUITY,,,,,,,,,,,
span:AUTH-TAD-0443,ambiguity:无重复,HAS_AMBIGUITY,,,,,,,,,,,
span:AUTH-TAD-0443,annotation:span:AUTH-TAD-0443:r1,ANNOTATED_BY,,,,,,,,,,,
annotation:span:AUTH-TAD-0443:r1,rater:rater_1,MADE_BY,,,,,,,,,,,
span:AUTH-TAD-0443,annotation:span:AUTH-TAD-0443:r2,ANNOTATED_BY,,,,,,,,,,,
annotation:span:AUTH-TAD-0443:r2,rater:rater_2,MADE_BY,,,,,,,,,,,
span:AUTH-TAD-0443,annotation:span:AUTH-TAD-0443:r3,ANNOTATED_BY,,,,,,,,,,,
annotation:span:AUTH-TAD-0443:r3,rater:rater_3,MADE_BY,,,,,,,,,,,
span:AUTH-TAD-0443,cue:BEFORE_PREDICATE,TRIGGERS_CUE,,,,,,,,,,,
span:AUTH-TAD-0443,cue:EVENT_TIME,TRIGGERS_CUE,,,,,,,,,,,
span:AUTH-TAD-0443,cue:SENTENCE_INITIAL,TRIGGERS_CUE,,,,,,,,,,,
span:AUTH-TAD-0443,cue:TIME_NOUN,TRIGGERS_CUE,,,,,,,,,,,
span:AUTH-TAD-0443,rule:R_TEMP_ADV_01,MATCHES_RULE,,,,,,,,1.0,TEMPORAL_ADVERBIAL,90.0,true
span:AUTH-TAD-0443,rule:R_TEMP_ADV_02,MATCHES_RULE,,,,,,,,2.0,TEMPORAL_ADVERBIAL,88.0,true
span:AUTH-TAD-0443,rule:R_TEMP_KG_ADV_02,MATCHES_RULE,,,,,,,,3.0,TEMPORAL_ADVERBIAL,72.0,true
sentence:SENT-0145,source:GRAMMAR_MANUAL_ELEMENTARY,DERIVED_FROM,,,,,101,示 【一41】 ◎基本语义及用法 表示某个动作行为已经完成，其标记是动词后的动态助词“了”,,,,,
sentence:SENT-0145,span:AUTH-TAD-0444,HAS_CANDIDATE,,,,,,,,,,,
span:AUTH-TAD-0444,consensus:AUTH-TAD-0444,HAS_CONSENSUS,,,,,,,,,,,
consensus:AUTH-TAD-0444,function:TEMPORAL_ADVERBIAL,MAPS_TO,,,,,,,,,,,
span:AUTH-TAD-0444,cleaning:A_主评测候选,HAS_CLEANING_STATUS,,,,,,,主实验/严格评测,,,,
span:AUTH-TAD-0444,ambiguity:无重复,HAS_AMBIGUITY,,,,,,,,,,,
span:AUTH-TAD-0444,ambiguity:来源字段完整但仍需正版逐页核验,HAS_AMBIGUITY,,,,,,,,,,,
span:AUTH-TAD-0444,annotation:span:AUTH-TAD-0444:r1,ANNOTATED_BY,,,,,,,,,,,
annotation:span:AUTH-TAD-0444:r1,rater:rater_1,MADE_BY,,,,,,,,,,,
span:AUTH-TAD-0444,annotation:span:AUTH-TAD-0444:r2,ANNOTATED_BY,,,,,,,,,,,
annotation:span:AUTH-TAD-0444:r2,rater:rater_2,MADE_BY,,,,,,,,,,,
span:AUTH-TAD-0444,annotation:span:AUTH-TAD-0444:r3,ANNOTATED_BY,,,,,,,,,,,
annotation:span:AUTH-TAD-0444:r3,rater:rater_3,MADE_BY,,,,,,,,,,,
span:AUTH-TAD-0444,cue:BEFORE_PREDICATE,TRIGGERS_CUE,,,,,,,,,,,
span:AUTH-TAD-0444,cue:EVENT_TIME,TRIGGERS_CUE,,,,,,,,,,,
span:AUTH-TAD-0444,cue:TIME_NOUN,TRIGGERS_CUE,,,,,,,,,,,
span:AUTH-TAD-0444,rule:R_TEMP_ADV_01,MATCHES_RULE,,,,,,,,1.0,TEMPORAL_ADVERBIAL,90.0,true
span:AUTH-TAD-0444,rule:R_TEMP_ADV_02,MATCHES_RULE,,,,,,,,2.0,TEMPORAL_ADVERBIAL,88.0,true
span:AUTH-TAD-0444,rule:R_TEMP_KG_ADV_02,MATCHES_RULE,,,,,,,,3.0,TEMPORAL_ADVERBIAL,72.0,true
sentence:SENT-0155,source:GRAMMAR_MANUAL_ADVANCED,DERIVED_FROM,,,,,163,A:你的电脑我已经帮你修好了,,,,,
sentence:SENT-0155,span:AUTH-TAD-0445,HAS_CANDIDATE,,,,,,,,,,,
span:AUTH-TAD-0445,consensus:AUTH-TAD-0445,HAS_CONSENSUS,,,,,,,,,,,
consensus:AUTH-TAD-0445,function:TEMPORAL_ADVERBIAL,MAPS_TO,,,,,,,,,,,
span:AUTH-TAD-0445,cleaning:B_边界复核集,HAS_CLEANING_STATUS,,,,,,,边界集/鲁棒性分析,,,,
span:AUTH-TAD-0445,ambiguity:时间副词_体貌副词边界,HAS_AMBIGUITY,,,,,,,,,,,
span:AUTH-TAD-0445,ambiguity:无重复,HAS_AMBIGUITY,,,,,,,,,,,
span:AUTH-TAD-0445,ambiguity:来源字段完整但仍需正版逐页核验,HAS_AMBIGUITY,,,,,,,,,,,
span:AUTH-TAD-0445,annotation:span:AUTH-TAD-0445:r1,ANNOTATED_BY,,,,,,,,,,,
annotation:span:AUTH-TAD-0445:r1,rater:rater_1,MADE_BY,,,,,,,,,,,
span:AUTH-TAD-0445,annotation:span:AUTH-TAD-0445:r2,ANNOTATED_BY,,,,,,,,,,,
annotation:span:AUTH-TAD-0445:r2,rater:rater_2,MADE_BY,,,,,,,,,,,
span:AUTH-TAD-0445,annotation:span:AUTH-TAD-0445:r3,ANNOTATED_BY,,,,,,,,,,,
annotation:span:AUTH-TAD-0445:r3,rater:rater_3,MADE_BY,,,,,,,,,,,
span:AUTH-TAD-0445,cue:BEFORE_PREDICATE,TRIGGERS_CUE,,,,,,,,,,,
span:AUTH-TAD-0445,cue:EVENT_TIME,TRIGGERS_CUE,,,,,,,,,,,
span:AUTH-TAD-0445,cue:STATIVE_PREDICATE,TRIGGERS_CUE,,,,,,,,,,,
span:AUTH-TAD-0445,cue:TIME_ADVERB,TRIGGERS_CUE,,,,,,,,,,,
span:AUTH-TAD-0445,cue:TIME_FREQUENCY,TRIGGERS_CUE,,,,,,,,,,,
span:AUTH-TAD-0445,rule:R_TEMP_ADV_04,MATCHES_RULE,,,,,,,,1.0,TEMPORAL_ADVERBIAL,84.0,true
span:AUTH-TAD-0445,rule:R_TEMP_ADV_19,MATCHES_RULE,,,,,,,,2.0,TEMPORAL_ADVERBIAL,84.0,true
span:AUTH-TAD-0445,rule:R_TEMP_KG_ADV_01,MATCHES_RULE,,,,,,,,3.0,TEMPORAL_ADVERBIAL,79.0,true
span:AUTH-TAD-0445,rule:R_TEMP_ADV_08,MATCHES_RULE,,,,,,,,4.0,TEMPORAL_ADVERBIAL,78.0,true
span:AUTH-TAD-0445,rule:R_TEMP_ADV_11,MATCHES_RULE,,,,,,,,5.0,TEMPORAL_ADVERBIAL,73.0,true
sentence:SENT-0010,source:GRAMMAR_MANUAL_ADVANCED,DERIVED_FROM,,,,,38,儿子：奶奶怎么哭了? 妈妈：刚才奶奶翻出了一堆旧照片，看着照片，不由,,,,,
sentence:SENT-0010,span:AUTH-TAD-0446,HAS_CANDIDATE,,,,,,,,,,,
span:AUTH-TAD-0446,consensus:AUTH-TAD-0446,HAS_CONSENSUS,,,,,,,,,,,
consensus:AUTH-TAD-0446,function:ATTRIBUTE,MAPS_TO,,,,,,,,,,,
span:AUTH-TAD-0446,cleaning:B_边界复核集,HAS_CLEANING_STATUS,,,,,,,边界集/鲁棒性分析,,,,
span:AUTH-TAD-0446,ambiguity:可能为时间定语,HAS_AMBIGUITY,,,,,,,,,,,
span:AUTH-TAD-0446,ambiguity:无重复,HAS_AMBIGUITY,,,,,,,,,,,
span:AUTH-TAD-0446,ambiguity:来源字段完整但仍需正版逐页核验,HAS_AMBIGUITY,,,,,,,,,,,
span:AUTH-TAD-0446,annotation:span:AUTH-TAD-0446:r1,ANNOTATED_BY,,,,,,,,,,,
annotation:span:AUTH-TAD-0446:r1,rater:rater_1,MADE_BY,,,,,,,,,,,
span:AUTH-TAD-0446,annotation:span:AUTH-TAD-0446:r2,ANNOTATED_BY,,,,,,,,,,,
annotation:span:AUTH-TAD-0446:r2,rater:rater_2,MADE_BY,,,,,,,,,,,
span:AUTH-TAD-0446,annotation:span:AUTH-TAD-0446:r3,ANNOTATED_BY,,,,,,,,,,,
annotation:span:AUTH-TAD-0446:r3,rater:rater_3,MADE_BY,,,,,,,,,,,
span:AUTH-TAD-0446,cue:ATTR_DE_DIRECT,TRIGGERS_CUE,,,,,,,,,,,
span:AUTH-TAD-0446,cue:ATTR_NOMINAL_DIRECT,TRIGGERS_CUE,,,,,,,,,,,
span:AUTH-TAD-0446,cue:DE_PARTICLE,TRIGGERS_CUE,,,,,,,,,,,
span:AUTH-TAD-0446,cue:NOMINAL_HEAD,TRIGGERS_CUE,,,,,,,,,,,
span:AUTH-TAD-0446,cue:SENTENCE_INITIAL,TRIGGERS_CUE,,,,,,,,,,,
span:AUTH-TAD-0446,cue:TIME_NOUN,TRIGGERS_CUE,,,,,,,,,,,
span:AUTH-TAD-0446,cue:TIME_POINT,TRIGGERS_CUE,,,,,,,,,,,
span:AUTH-TAD-0446,rule:R_TEMP_KG_ATTR_01,MATCHES_RULE,,,,,,,,1.0,ATTRIBUTE,128.0,true
span:AUTH-TAD-0446,rule:R_TEMP_KG_ATTR_02,MATCHES_RULE,,,,,,,,2.0,ATTRIBUTE,126.0,true
span:AUTH-TAD-0446,rule:R_TEMP_ATTR_01,MATCHES_RULE,,,,,,,,3.0,ATTRIBUTE,95.0,true
span:AUTH-TAD-0446,rule:R_TEMP_ATTR_03,MATCHES_RULE,,,,,,,,4.0,ATTRIBUTE,88.0,true
span:AUTH-TAD-0446,rule:R_TEMP_ATTR_04,MATCHES_RULE,,,,,,,,5.0,ATTRIBUTE,74.0,true
sentence:SENT-0247,span:AUTH-TAD-0447,HAS_CANDIDATE,,,,,,,,,,,
span:AUTH-TAD-0447,consensus:AUTH-TAD-0447,HAS_CONSENSUS,,,,,,,,,,,
consensus:AUTH-TAD-0447,function:OTHER,MAPS_TO,,,,,,,,,,,
span:AUTH-TAD-0447,cleaning:C_暂不纳入主实验,HAS_CLEANING_STATUS,,,,,,,待复核,,,,
span:AUTH-TAD-0447,ambiguity:时间副词_体貌副词边界,HAS_AMBIGUITY,,,,,,,,,,,
span:AUTH-TAD-0447,ambiguity:候选片段与最终片段不一致,HAS_AMBIGUITY,,,,,,,,,,,
span:AUTH-TAD-0447,ambiguity:非目标时间表达,HAS_AMBIGUITY,,,,,,,,,,,
span:AUTH-TAD-0447,ambiguity:三人标注不完全一致,HAS_AMBIGUITY,,,,,,,,,,,
span:AUTH-TAD-0447,ambiguity:至少一名标注者修正片段,HAS_AMBIGUITY,,,,,,,,,,,
span:AUTH-TAD-0447,ambiguity:同句多候选_重复句,HAS_AMBIGUITY,,,,,,,,,,,
span:AUTH-TAD-0447,ambiguity:来源字段完整但仍需正版逐页核验,HAS_AMBIGUITY,,,,,,,,,,,
span:AUTH-TAD-0447,annotation:span:AUTH-TAD-0447:r1,ANNOTATED_BY,,,,,,,,,,,
annotation:span:AUTH-TAD-0447:r1,rater:rater_1,MADE_BY,,,,,,,,,,,
span:AUTH-TAD-0447,annotation:span:AUTH-TAD-0447:r2,ANNOTATED_BY,,,,,,,,,,,
annotation:span:AUTH-TAD-0447:r2,rater:rater_2,MADE_BY,,,,,,,,,,,
span:AUTH-TAD-0447,annotation:span:AUTH-TAD-0447:r3,ANNOTATED_BY,,,,,,,,,,,
annotation:span:AUTH-TAD-0447:r3,rater:rater_3,MADE_BY,,,,,,,,,,,
span:AUTH-TAD-0447,cue:BEFORE_PREDICATE,TRIGGERS_CUE,,,,,,,,,,,
span:AUTH-TAD-0447,cue:EVENT_TIME,TRIGGERS_CUE,,,,,,,,,,,
span:AUTH-TAD-0447,cue:REVIEW_NON_TARGET_RISK,TRIGGERS_CUE,,,,,,,,,,,
span:AUTH-TAD-0447,cue:SENTENCE_INITIAL,TRIGGERS_CUE,,,,,,,,,,,
span:AUTH-TAD-0447,cue:TIME_ADVERB,TRIGGERS_CUE,,,,,,,,,,,
span:AUTH-TAD-0447,cue:TIME_FREQUENCY,TRIGGERS_CUE,,,,,,,,,,,
span:AUTH-TAD-0447,rule:R_TEMP_KG_OTHER_01,MATCHES_RULE,,,,,,,,1.0,OTHER,130.0,true
span:AUTH-TAD-0447,rule:R_TEMP_ADV_04,MATCHES_RULE,,,,,,,,2.0,TEMPORAL_ADVERBIAL,84.0,false
span:AUTH-TAD-0447,rule:R_TEMP_ADV_19,MATCHES_RULE,,,,,,,,3.0,TEMPORAL_ADVERBIAL,84.0,false
span:AUTH-TAD-0447,rule:R_TEMP_KG_ADV_01,MATCHES_RULE,,,,,,,,4.0,TEMPORAL_ADVERBIAL,79.0,false
span:AUTH-TAD-0447,rule:R_TEMP_ADV_08,MATCHES_RULE,,,,,,,,5.0,TEMPORAL_ADVERBIAL,78.0,false
sentence:SENT-0432,source:GRAMMAR_MANUAL_INTERMEDIATE,DERIVED_FROM,,,,,133,,,,,,
sentence:SENT-0432,span:AUTH-TAD-0448,HAS_CANDIDATE,,,,,,,,,,,
span:AUTH-TAD-0448,consensus:AUTH-TAD-0448,HAS_CONSENSUS,,,,,,,,,,,
consensus:AUTH-TAD-0448,function:COMPLEMENT,MAPS_TO,,,,,,,,,,,
span:AUTH-TAD-0448,cleaning:B_边界复核集,HAS_CLEANING_STATUS,,,,,,,边界集/鲁棒性分析,,,,
span:AUTH-TAD-0448,ambiguity:页面线索缺失,HAS_AMBIGUITY,,,,,,,,,,,
span:AUTH-TAD-0448,ambiguity:时量补语_持续时间边界,HAS_AMBIGUITY,,,,,,,,,,,
span:AUTH-TAD-0448,ambiguity:无重复,HAS_AMBIGUITY,,,,,,,,,,,
span:AUTH-TAD-0448,annotation:span:AUTH-TAD-0448:r1,ANNOTATED_BY,,,,,,,,,,,
annotation:span:AUTH-TAD-0448:r1,rater:rater_1,MADE_BY,,,,,,,,,,,
span:AUTH-TAD-0448,annotation:span:AUTH-TAD-0448:r2,ANNOTATED_BY,,,,,,,,,,,
annotation:span:AUTH-TAD-0448:r2,rater:rater_2,MADE_BY,,,,,,,,,,,
span:AUTH-TAD-0448,annotation:span:AUTH-TAD-0448:r3,ANNOTATED_BY,,,,,,,,,,,
annotation:span:AUTH-TAD-0448:r3,rater:rater_3,MADE_BY,,,,,,,,,,,
span:AUTH-TAD-0448,cue:AFTER_VERB,TRIGGERS_CUE,,,,,,,,,,,
span:AUTH-TAD-0448,cue:COMPLEMENT_DURATION_CONTEXT,TRIGGERS_CUE,,,,,,,,,,,
span:AUTH-TAD-0448,cue:DURATION_COMPLEMENT,TRIGGERS_CUE,,,,,,,,,,,
span:AUTH-TAD-0448,cue:TIME_DURATION,TRIGGERS_CUE,,,,,,,,,,,
span:AUTH-TAD-0448,rule:R_TEMP_KG_COMP_01,MATCHES_RULE,,,,,,,,1.0,COMPLEMENT,127.0,true
span:AUTH-TAD-0448,rule:R_TEMP_COMP_01,MATCHES_RULE,,,,,,,,2.0,COMPLEMENT,96.0,true
span:AUTH-TAD-0448,rule:R_TEMP_COMP_02,MATCHES_RULE,,,,,,,,3.0,COMPLEMENT,95.0,true
span:AUTH-TAD-0448,rule:R_TEMP_COMP_07,MATCHES_RULE,,,,,,,,4.0,COMPLEMENT,94.0,true
sentence:SENT-0036,source:GRAMMAR_MANUAL_INTERMEDIATE,DERIVED_FROM,,,,,18,6时间副词(1):按时 【四07】 ◎基本语义,,,,,
sentence:SENT-0036,span:AUTH-TAD-0449,HAS_CANDIDATE,,,,,,,,,,,
span:AUTH-TAD-0449,consensus:AUTH-TAD-0449,HAS_CONSENSUS,,,,,,,,,,,
consensus:AUTH-TAD-0449,function:TEMPORAL_ADVERBIAL,MAPS_TO,,,,,,,,,,,
span:AUTH-TAD-0449,cleaning:A_主评测候选,HAS_CLEANING_STATUS,,,,,,,主实验/严格评测,,,,
span:AUTH-TAD-0449,ambiguity:无重复,HAS_AMBIGUITY,,,,,,,,,,,
span:AUTH-TAD-0449,ambiguity:来源字段完整但仍需正版逐页核验,HAS_AMBIGUITY,,,,,,,,,,,
span:AUTH-TAD-0449,annotation:span:AUTH-TAD-0449:r1,ANNOTATED_BY,,,,,,,,,,,
annotation:span:AUTH-TAD-0449:r1,rater:rater_1,MADE_BY,,,,,,,,,,,
span:AUTH-TAD-0449,annotation:span:AUTH-TAD-0449:r2,ANNOTATED_BY,,,,,,,,,,,
annotation:span:AUTH-TAD-0449:r2,rater:rater_2,MADE_BY,,,,,,,,,,,
span:AUTH-TAD-0449,annotation:span:AUTH-TAD-0449:r3,ANNOTATED_BY,,,,,,,,,,,
annotation:span:AUTH-TAD-0449:r3,rater:rater_3,MADE_BY,,,,,,,,,,,
span:AUTH-TAD-0449,cue:BEFORE_PREDICATE,TRIGGERS_CUE,,,,,,,,,,,
span:AUTH-TAD-0449,cue:EVENT_TIME,TRIGGERS_CUE,,,,,,,,,,,
span:AUTH-TAD-0449,cue:SENTENCE_INITIAL,TRIGGERS_CUE,,,,,,,,,,,
span:AUTH-TAD-0449,cue:TIME_NOUN,TRIGGERS_CUE,,,,,,,,,,,
span:AUTH-TAD-0449,rule:R_TEMP_ADV_01,MATCHES_RULE,,,,,,,,1.0,TEMPORAL_ADVERBIAL,90.0,true
span:AUTH-TAD-0449,rule:R_TEMP_ADV_02,MATCHES_RULE,,,,,,,,2.0,TEMPORAL_ADVERBIAL,88.0,true
span:AUTH-TAD-0449,rule:R_TEMP_KG_ADV_02,MATCHES_RULE,,,,,,,,3.0,TEMPORAL_ADVERBIAL,72.0,true
sentence:SENT-0239,source:GRAMMAR_MANUAL_ADVANCED,DERIVED_FROM,,,,,52,经过这场病，他的身体反倒比以前好了,,,,,
sentence:SENT-0239,span:AUTH-TAD-0450,HAS_CANDIDATE,,,,,,,,,,,
span:AUTH-TAD-0450,consensus:AUTH-TAD-0450,HAS_CONSENSUS,,,,,,,,,,,
consensus:AUTH-TAD-0450,function:TEMPORAL_ADVERBIAL,MAPS_TO,,,,,,,,,,,
span:AUTH-TAD-0450,cleaning:B_边界复核集,HAS_CLEANING_STATUS,,,,,,,边界集/鲁棒性分析,,,,
span:AUTH-TAD-0450,ambiguity:相对时间框架边界,HAS_AMBIGUITY,,,,,,,,,,,
span:AUTH-TAD-0450,ambiguity:无重复,HAS_AMBIGUITY,,,,,,,,,,,
span:AUTH-TAD-0450,ambiguity:来源字段完整但仍需正版逐页核验,HAS_AMBIGUITY,,,,,,,,,,,
span:AUTH-TAD-0450,annotation:span:AUTH-TAD-0450:r1,ANNOTATED_BY,,,,,,,,,,,
annotation:span:AUTH-TAD-0450:r1,rater:rater_1,MADE_BY,,,,,,,,,,,
span:AUTH-TAD-0450,annotation:span:AUTH-TAD-0450:r2,ANNOTATED_BY,,,,,,,,,,,
annotation:span:AUTH-TAD-0450:r2,rater:rater_2,MADE_BY,,,,,,,,,,,
span:AUTH-TAD-0450,annotation:span:AUTH-TAD-0450:r3,ANNOTATED_BY,,,,,,,,,,,
annotation:span:AUTH-TAD-0450:r3,rater:rater_3,MADE_BY,,,,,,,,,,,
span:AUTH-TAD-0450,cue:BEFORE_PREDICATE,TRIGGERS_CUE,,,,,,,,,,,
span:AUTH-TAD-0450,cue:EVENT_TIME,TRIGGERS_CUE,,,,,,,,,,,
span:AUTH-TAD-0450,cue:SENTENCE_INITIAL,TRIGGERS_CUE,,,,,,,,,,,
span:AUTH-TAD-0450,cue:TIME_NOUN,TRIGGERS_CUE,,,,,,,,,,,
span:AUTH-TAD-0450,rule:R_TEMP_ADV_01,MATCHES_RULE,,,,,,,,1.0,TEMPORAL_ADVERBIAL,90.0,true
span:AUTH-TAD-0450,rule:R_TEMP_ADV_02,MATCHES_RULE,,,,,,,,2.0,TEMPORAL_ADVERBIAL,88.0,true
span:AUTH-TAD-0450,rule:R_TEMP_KG_ADV_02,MATCHES_RULE,,,,,,,,3.0,TEMPORAL_ADVERBIAL,72.0,true
sentence:SENT-0364,source:GRAMMAR_MANUAL_ELEMENTARY,DERIVED_FROM,,,,,140,结构特点 “十分”一般用于形容词和心理动词前，作状语,,,,,
sentence:SENT-0364,span:AUTH-TAD-0451,HAS_CANDIDATE,,,,,,,,,,,
span:AUTH-TAD-0451,consensus:AUTH-TAD-0451,HAS_CONSENSUS,,,,,,,,,,,
consensus:AUTH-TAD-0451,function:ATTRIBUTE,MAPS_TO,,,,,,,,,,,
span:AUTH-TAD-0451,cleaning:B_边界复核集,HAS_CLEANING_STATUS,,,,,,,边界集/鲁棒性分析,,,,
span:AUTH-TAD-0451,ambiguity:可能为时间定语,HAS_AMBIGUITY,,,,,,,,,,,
span:AUTH-TAD-0451,ambiguity:无重复,HAS_AMBIGUITY,,,,,,,,,,,
span:AUTH-TAD-0451,ambiguity:来源字段完整但仍需正版逐页核验,HAS_AMBIGUITY,,,,,,,,,,,
span:AUTH-TAD-0451,annotation:span:AUTH-TAD-0451:r1,ANNOTATED_BY,,,,,,,,,,,
annotation:span:AUTH-TAD-0451:r1,rater:rater_1,MADE_BY,,,,,,,,,,,
span:AUTH-TAD-0451,annotation:span:AUTH-TAD-0451:r2,ANNOTATED_BY,,,,,,,,,,,
annotation:span:AUTH-TAD-0451:r2,rater:rater_2,MADE_BY,,,,,,,,,,,
span:AUTH-TAD-0451,annotation:span:AUTH-TAD-0451:r3,ANNOTATED_BY,,,,,,,,,,,
annotation:span:AUTH-TAD-0451:r3,rater:rater_3,MADE_BY,,,,,,,,,,,
span:AUTH-TAD-0451,cue:ATTR_DE_DIRECT,TRIGGERS_CUE,,,,,,,,,,,
span:AUTH-TAD-0451,cue:DE_PARTICLE,TRIGGERS_CUE,,,,,,,,,,,
span:AUTH-TAD-0451,cue:SENTENCE_INITIAL,TRIGGERS_CUE,,,,,,,,,,,
span:AUTH-TAD-0451,cue:TIME_NOUN,TRIGGERS_CUE,,,,,,,,,,,
span:AUTH-TAD-0451,rule:R_TEMP_KG_ATTR_01,MATCHES_RULE,,,,,,,,1.0,ATTRIBUTE,128.0,true
span:AUTH-TAD-0451,rule:R_TEMP_KG_ADV_02,MATCHES_RULE,,,,,,,,2.0,TEMPORAL_ADVERBIAL,72.0,false
sentence:SENT-0163,source:GRAMMAR_MANUAL_ADVANCED,DERIVED_FROM,,,,,50,交际实践 我白白排了两个小 (在售票处，感叹等待时间长) 时的队呢! 工作人员：对不起，今天,,,,,
sentence:SENT-0163,span:AUTH-TAD-0452,HAS_CANDIDATE,,,,,,,,,,,
span:AUTH-TAD-0452,consensus:AUTH-TAD-0452,HAS_CONSENSUS,,,,,,,,,,,
consensus:AUTH-TAD-0452,function:COMPLEMENT,MAPS_TO,,,,,,,,,,,
span:AUTH-TAD-0452,cleaning:B_边界复核集,HAS_CLEANING_STATUS,,,,,,,边界集/鲁棒性分析,,,,
span:AUTH-TAD-0452,ambiguity:时量补语_持续时间边界,HAS_AMBIGUITY,,,,,,,,,,,
span:AUTH-TAD-0452,ambiguity:三人标注不完全一致,HAS_AMBIGUITY,,,,,,,,,,,
span:AUTH-TAD-0452,ambiguity:无重复,HAS_AMBIGUITY,,,,,,,,,,,
span:AUTH-TAD-0452,ambiguity:来源字段完整但仍需正版逐页核验,HAS_AMBIGUITY,,,,,,,,,,,
span:AUTH-TAD-0452,annotation:span:AUTH-TAD-0452:r1,ANNOTATED_BY,,,,,,,,,,,
annotation:span:AUTH-TAD-0452:r1,rater:rater_1,MADE_BY,,,,,,,,,,,
span:AUTH-TAD-0452,annotation:span:AUTH-TAD-0452:r2,ANNOTATED_BY,,,,,,,,,,,
annotation:span:AUTH-TAD-0452:r2,rater:rater_2,MADE_BY,,,,,,,,,,,
span:AUTH-TAD-0452,annotation:span:AUTH-TAD-0452:r3,ANNOTATED_BY,,,,,,,,,,,
annotation:span:AUTH-TAD-0452:r3,rater:rater_3,MADE_BY,,,,,,,,,,,
span:AUTH-TAD-0452,cue:AFTER_VERB,TRIGGERS_CUE,,,,,,,,,,,
span:AUTH-TAD-0452,cue:COMPLEMENT_DURATION_CONTEXT,TRIGGERS_CUE,,,,,,,,,,,
span:AUTH-TAD-0452,cue:DURATION_COMPLEMENT,TRIGGERS_CUE,,,,,,,,,,,
span:AUTH-TAD-0452,cue:INDEFINITE_TIME,TRIGGERS_CUE,,,,,,,,,,,
span:AUTH-TAD-0452,cue:TIME_DURATION,TRIGGERS_CUE,,,,,,,,,,,
span:AUTH-TAD-0452,cue:TIME_POINT,TRIGGERS_CUE,,,,,,,,,,,
span:AUTH-TAD-0452,rule:R_TEMP_KG_COMP_01,MATCHES_RULE,,,,,,,,1.0,COMPLEMENT,127.0,true
span:AUTH-TAD-0452,rule:R_TEMP_COMP_01,MATCHES_RULE,,,,,,,,2.0,COMPLEMENT,96.0,true
span:AUTH-TAD-0452,rule:R_TEMP_COMP_02,MATCHES_RULE,,,,,,,,3.0,COMPLEMENT,95.0,true
span:AUTH-TAD-0452,rule:R_TEMP_COMP_07,MATCHES_RULE,,,,,,,,4.0,COMPLEMENT,94.0,true
sentence:SENT-0417,source:GRAMMAR_MANUAL_ADVANCED,DERIVED_FROM,,,,,92,考试的时候，大家不要东张西望,,,,,
sentence:SENT-0417,span:AUTH-TAD-0453,HAS_CANDIDATE,,,,,,,,,,,
span:AUTH-TAD-0453,consensus:AUTH-TAD-0453,HAS_CONSENSUS,,,,,,,,,,,
consensus:AUTH-TAD-0453,function:TEMPORAL_ADVERBIAL,MAPS_TO,,,,,,,,,,,
span:AUTH-TAD-0453,cleaning:B_边界复核集,HAS_CLEANING_STATUS,,,,,,,边界集/鲁棒性分析,,,,
span:AUTH-TAD-0453,ambiguity:相对时间框架边界,HAS_AMBIGUITY,,,,,,,,,,,
span:AUTH-TAD-0453,ambiguity:无重复,HAS_AMBIGUITY,,,,,,,,,,,
span:AUTH-TAD-0453,ambiguity:来源字段完整但仍需正版逐页核验,HAS_AMBIGUITY,,,,,,,,,,,
span:AUTH-TAD-0453,annotation:span:AUTH-TAD-0453:r1,ANNOTATED_BY,,,,,,,,,,,
annotation:span:AUTH-TAD-0453:r1,rater:rater_1,MADE_BY,,,,,,,,,,,
span:AUTH-TAD-0453,annotation:span:AUTH-TAD-0453:r2,ANNOTATED_BY,,,,,,,,,,,
annotation:span:AUTH-TAD-0453:r2,rater:rater_2,MADE_BY,,,,,,,,,,,
span:AUTH-TAD-0453,annotation:span:AUTH-TAD-0453:r3,ANNOTATED_BY,,,,,,,,,,,
annotation:span:AUTH-TAD-0453:r3,rater:rater_3,MADE_BY,,,,,,,,,,,
span:AUTH-TAD-0453,cue:BEFORE_PREDICATE,TRIGGERS_CUE,,,,,,,,,,,
span:AUTH-TAD-0453,cue:EVENT_TIME,TRIGGERS_CUE,,,,,,,,,,,
span:AUTH-TAD-0453,cue:SENTENCE_INITIAL,TRIGGERS_CUE,,,,,,,,,,,
span:AUTH-TAD-0453,cue:TIME_NOUN,TRIGGERS_CUE,,,,,,,,,,,
span:AUTH-TAD-0453,rule:R_TEMP_ADV_01,MATCHES_RULE,,,,,,,,1.0,TEMPORAL_ADVERBIAL,90.0,true
span:AUTH-TAD-0453,rule:R_TEMP_ADV_02,MATCHES_RULE,,,,,,,,2.0,TEMPORAL_ADVERBIAL,88.0,true
span:AUTH-TAD-0453,rule:R_TEMP_KG_ADV_02,MATCHES_RULE,,,,,,,,3.0,TEMPORAL_ADVERBIAL,72.0,true
sentence:SENT-0112,source:GRAMMAR_MANUAL_ELEMENTARY,DERIVED_FROM,,,,,352,81数量补语4(动词+时量补语):表示动作持续的 时间 【三51】 ◎,,,,,
sentence:SENT-0112,span:AUTH-TAD-0454,HAS_CANDIDATE,,,,,,,,,,,
span:AUTH-TAD-0454,consensus:AUTH-TAD-0454,HAS_CONSENSUS,,,,,,,,,,,
consensus:AUTH-TAD-0454,function:COMPLEMENT,MAPS_TO,,,,,,,,,,,
span:AUTH-TAD-0454,cleaning:B_边界复核集,HAS_CLEANING_STATUS,,,,,,,边界集/鲁棒性分析,,,,
span:AUTH-TAD-0454,ambiguity:时量补语_持续时间边界,HAS_AMBIGUITY,,,,,,,,,,,
span:AUTH-TAD-0454,ambiguity:无重复,HAS_AMBIGUITY,,,,,,,,,,,
span:AUTH-TAD-0454,ambiguity:来源字段完整但仍需正版逐页核验,HAS_AMBIGUITY,,,,,,,,,,,
span:AUTH-TAD-0454,annotation:span:AUTH-TAD-0454:r1,ANNOTATED_BY,,,,,,,,,,,
annotation:span:AUTH-TAD-0454:r1,rater:rater_1,MADE_BY,,,,,,,,,,,
span:AUTH-TAD-0454,annotation:span:AUTH-TAD-0454:r2,ANNOTATED_BY,,,,,,,,,,,
annotation:span:AUTH-TAD-0454:r2,rater:rater_2,MADE_BY,,,,,,,,,,,
span:AUTH-TAD-0454,annotation:span:AUTH-TAD-0454:r3,ANNOTATED_BY,,,,,,,,,,,
annotation:span:AUTH-TAD-0454:r3,rater:rater_3,MADE_BY,,,,,,,,,,,
span:AUTH-TAD-0454,cue:AFTER_VERB,TRIGGERS_CUE,,,,,,,,,,,
span:AUTH-TAD-0454,cue:COMPLEMENT_DURATION_CONTEXT,TRIGGERS_CUE,,,,,,,,,,,
span:AUTH-TAD-0454,cue:DURATION_COMPLEMENT,TRIGGERS_CUE,,,,,,,,,,,
span:AUTH-TAD-0454,cue:TIME_DURATION,TRIGGERS_CUE,,,,,,,,,,,
span:AUTH-TAD-0454,rule:R_TEMP_KG_COMP_01,MATCHES_RULE,,,,,,,,1.0,COMPLEMENT,127.0,true
span:AUTH-TAD-0454,rule:R_TEMP_COMP_01,MATCHES_RULE,,,,,,,,2.0,COMPLEMENT,96.0,true
span:AUTH-TAD-0454,rule:R_TEMP_COMP_02,MATCHES_RULE,,,,,,,,3.0,COMPLEMENT,95.0,true
span:AUTH-TAD-0454,rule:R_TEMP_COMP_07,MATCHES_RULE,,,,,,,,4.0,COMPLEMENT,94.0,true
sentence:SENT-0219,source:GRAMMAR_MANUAL_ELEMENTARY,DERIVED_FROM,,,,,72,(1):的 【一20】 ◎基本语义及用法 一般用于定语后、名词前，是定语的标志,,,,,
sentence:SENT-0219,span:AUTH-TAD-0455,HAS_CANDIDATE,,,,,,,,,,,
span:AUTH-TAD-0455,consensus:AUTH-TAD-0455,HAS_CONSENSUS,,,,,,,,,,,
consensus:AUTH-TAD-0455,function:OTHER,MAPS_TO,,,,,,,,,,,
span:AUTH-TAD-0455,cleaning:C_暂不纳入主实验,HAS_CLEANING_STATUS,,,,,,,待复核,,,,
span:AUTH-TAD-0455,ambiguity:非目标时间表达,HAS_AMBIGUITY,,,,,,,,,,,
span:AUTH-TAD-0455,ambiguity:三人标注不完全一致,HAS_AMBIGUITY,,,,,,,,,,,
span:AUTH-TAD-0455,ambiguity:至少一名标注者修正片段,HAS_AMBIGUITY,,,,,,,,,,,
span:AUTH-TAD-0455,ambiguity:无重复,HAS_AMBIGUITY,,,,,,,,,,,
span:AUTH-TAD-0455,ambiguity:来源字段完整但仍需正版逐页核验,HAS_AMBIGUITY,,,,,,,,,,,
span:AUTH-TAD-0455,annotation:span:AUTH-TAD-0455:r1,ANNOTATED_BY,,,,,,,,,,,
annotation:span:AUTH-TAD-0455:r1,rater:rater_1,MADE_BY,,,,,,,,,,,
span:AUTH-TAD-0455,annotation:span:AUTH-TAD-0455:r2,ANNOTATED_BY,,,,,,,,,,,
annotation:span:AUTH-TAD-0455:r2,rater:rater_2,MADE_BY,,,,,,,,,,,
span:AUTH-TAD-0455,annotation:span:AUTH-TAD-0455:r3,ANNOTATED_BY,,,,,,,,,,,
annotation:span:AUTH-TAD-0455:r3,rater:rater_3,MADE_BY,,,,,,,,,,,
span:AUTH-TAD-0455,cue:BEFORE_PREDICATE,TRIGGERS_CUE,,,,,,,,,,,
span:AUTH-TAD-0455,cue:EVENT_TIME,TRIGGERS_CUE,,,,,,,,,,,
span:AUTH-TAD-0455,cue:REVIEW_NON_TARGET_RISK,TRIGGERS_CUE,,,,,,,,,,,
span:AUTH-TAD-0455,cue:TIME_NOUN,TRIGGERS_CUE,,,,,,,,,,,
span:AUTH-TAD-0455,rule:R_TEMP_KG_OTHER_01,MATCHES_RULE,,,,,,,,1.0,OTHER,130.0,true
span:AUTH-TAD-0455,rule:R_TEMP_ADV_01,MATCHES_RULE,,,,,,,,2.0,TEMPORAL_ADVERBIAL,90.0,false
span:AUTH-TAD-0455,rule:R_TEMP_ADV_02,MATCHES_RULE,,,,,,,,3.0,TEMPORAL_ADVERBIAL,88.0,false
span:AUTH-TAD-0455,rule:R_TEMP_KG_ADV_02,MATCHES_RULE,,,,,,,,4.0,TEMPORAL_ADVERBIAL,72.0,false
sentence:SENT-0234,source:GRAMMAR_MANUAL_ADVANCED,DERIVED_FROM,,,,,121,育中文水平等级标准·语法学习手册(高等) 84程度补语3(1):形容词/动词+得+不行【七一九,,,,,
sentence:SENT-0234,span:AUTH-TAD-0456,HAS_CANDIDATE,,,,,,,,,,,
span:AUTH-TAD-0456,consensus:AUTH-TAD-0456,HAS_CONSENSUS,,,,,,,,,,,
consensus:AUTH-TAD-0456,function:TEMPORAL_ADVERBIAL,MAPS_TO,,,,,,,,,,,
span:AUTH-TAD-0456,cleaning:A_主评测候选,HAS_CLEANING_STATUS,,,,,,,主实验/严格评测,,,,
span:AUTH-TAD-0456,ambiguity:无重复,HAS_AMBIGUITY,,,,,,,,,,,
span:AUTH-TAD-0456,ambiguity:来源字段完整但仍需正版逐页核验,HAS_AMBIGUITY,,,,,,,,,,,
span:AUTH-TAD-0456,annotation:span:AUTH-TAD-0456:r1,ANNOTATED_BY,,,,,,,,,,,
annotation:span:AUTH-TAD-0456:r1,rater:rater_1,MADE_BY,,,,,,,,,,,
span:AUTH-TAD-0456,annotation:span:AUTH-TAD-0456:r2,ANNOTATED_BY,,,,,,,,,,,
annotation:span:AUTH-TAD-0456:r2,rater:rater_2,MADE_BY,,,,,,,,,,,
span:AUTH-TAD-0456,annotation:span:AUTH-TAD-0456:r3,ANNOTATED_BY,,,,,,,,,,,
annotation:span:AUTH-TAD-0456:r3,rater:rater_3,MADE_BY,,,,,,,,,,,
span:AUTH-TAD-0456,cue:TIME_NOUN,TRIGGERS_CUE,,,,,,,,,,,
span:AUTH-TAD-0456,rule:R_TEMP_KG_ADV_02,MATCHES_RULE,,,,,,,,1.0,TEMPORAL_ADVERBIAL,72.0,true
sentence:SENT-0352,source:GRAMMAR_MANUAL_ADVANCED,DERIVED_FROM,,,,,171,她整天为了工作奔波，以致没时间陪孩子,,,,,
sentence:SENT-0352,span:AUTH-TAD-0457,HAS_CANDIDATE,,,,,,,,,,,
span:AUTH-TAD-0457,consensus:AUTH-TAD-0457,HAS_CONSENSUS,,,,,,,,,,,
consensus:AUTH-TAD-0457,function:TEMPORAL_ADVERBIAL,MAPS_TO,,,,,,,,,,,
span:AUTH-TAD-0457,cleaning:A_主评测候选,HAS_CLEANING_STATUS,,,,,,,主实验/严格评测,,,,
span:AUTH-TAD-0457,ambiguity:无重复,HAS_AMBIGUITY,,,,,,,,,,,
span:AUTH-TAD-0457,ambiguity:来源字段完整但仍需正版逐页核验,HAS_AMBIGUITY,,,,,,,,,,,
span:AUTH-TAD-0457,annotation:span:AUTH-TAD-0457:r1,ANNOTATED_BY,,,,,,,,,,,
annotation:span:AUTH-TAD-0457:r1,rater:rater_1,MADE_BY,,,,,,,,,,,
span:AUTH-TAD-0457,annotation:span:AUTH-TAD-0457:r2,ANNOTATED_BY,,,,,,,,,,,
annotation:span:AUTH-TAD-0457:r2,rater:rater_2,MADE_BY,,,,,,,,,,,
span:AUTH-TAD-0457,annotation:span:AUTH-TAD-0457:r3,ANNOTATED_BY,,,,,,,,,,,
annotation:span:AUTH-TAD-0457:r3,rater:rater_3,MADE_BY,,,,,,,,,,,
span:AUTH-TAD-0457,cue:BEFORE_PREDICATE,TRIGGERS_CUE,,,,,,,,,,,
span:AUTH-TAD-0457,cue:EVENT_TIME,TRIGGERS_CUE,,,,,,,,,,,
span:AUTH-TAD-0457,cue:SENTENCE_INITIAL,TRIGGERS_CUE,,,,,,,,,,,
span:AUTH-TAD-0457,cue:TIME_NOUN,TRIGGERS_CUE,,,,,,,,,,,
span:AUTH-TAD-0457,rule:R_TEMP_ADV_01,MATCHES_RULE,,,,,,,,1.0,TEMPORAL_ADVERBIAL,90.0,true
span:AUTH-TAD-0457,rule:R_TEMP_ADV_02,MATCHES_RULE,,,,,,,,2.0,TEMPORAL_ADVERBIAL,88.0,true
span:AUTH-TAD-0457,rule:R_TEMP_KG_ADV_02,MATCHES_RULE,,,,,,,,3.0,TEMPORAL_ADVERBIAL,72.0,true
sentence:SENT-0307,source:GRAMMAR_MANUAL_ADVANCED,DERIVED_FROM,,,,,21,特点 “越发”用于比较句，句中一般要出现两个不同的时间，有时表示两个时间的成 分在上下文中可以,,,,,
sentence:SENT-0307,span:AUTH-TAD-0458,HAS_CANDIDATE,,,,,,,,,,,
span:AUTH-TAD-0458,consensus:AUTH-TAD-0458,HAS_CONSENSUS,,,,,,,,,,,
consensus:AUTH-TAD-0458,function:TEMPORAL_ADVERBIAL,MAPS_TO,,,,,,,,,,,
span:AUTH-TAD-0458,cleaning:A_主评测候选,HAS_CLEANING_STATUS,,,,,,,主实验/严格评测,,,,
span:AUTH-TAD-0458,ambiguity:无重复,HAS_AMBIGUITY,,,,,,,,,,,
span:AUTH-TAD-0458,ambiguity:来源字段完整但仍需正版逐页核验,HAS_AMBIGUITY,,,,,,,,,,,
span:AUTH-TAD-0458,annotation:span:AUTH-TAD-0458:r1,ANNOTATED_BY,,,,,,,,,,,
annotation:span:AUTH-TAD-0458:r1,rater:rater_1,MADE_BY,,,,,,,,,,,
span:AUTH-TAD-0458,annotation:span:AUTH-TAD-0458:r2,ANNOTATED_BY,,,,,,,,,,,
annotation:span:AUTH-TAD-0458:r2,rater:rater_2,MADE_BY,,,,,,,,,,,
span:AUTH-TAD-0458,annotation:span:AUTH-TAD-0458:r3,ANNOTATED_BY,,,,,,,,,,,
annotation:span:AUTH-TAD-0458:r3,rater:rater_3,MADE_BY,,,,,,,,,,,
span:AUTH-TAD-0458,cue:BEFORE_PREDICATE,TRIGGERS_CUE,,,,,,,,,,,
span:AUTH-TAD-0458,cue:EVENT_TIME,TRIGGERS_CUE,,,,,,,,,,,
span:AUTH-TAD-0458,cue:TIME_ADVERB,TRIGGERS_CUE,,,,,,,,,,,
span:AUTH-TAD-0458,cue:TIME_NOUN,TRIGGERS_CUE,,,,,,,,,,,
span:AUTH-TAD-0458,cue:TIME_POINT,TRIGGERS_CUE,,,,,,,,,,,
span:AUTH-TAD-0458,rule:R_TEMP_ADV_01,MATCHES_RULE,,,,,,,,1.0,TEMPORAL_ADVERBIAL,90.0,true
span:AUTH-TAD-0458,rule:R_TEMP_ADV_02,MATCHES_RULE,,,,,,,,2.0,TEMPORAL_ADVERBIAL,88.0,true
span:AUTH-TAD-0458,rule:R_TEMP_ADV_19,MATCHES_RULE,,,,,,,,3.0,TEMPORAL_ADVERBIAL,84.0,true
span:AUTH-TAD-0458,rule:R_TEMP_ADV_08,MATCHES_RULE,,,,,,,,4.0,TEMPORAL_ADVERBIAL,78.0,true
span:AUTH-TAD-0458,rule:R_TEMP_ADV_10,MATCHES_RULE,,,,,,,,5.0,TEMPORAL_ADVERBIAL,75.0,true
sentence:SENT-0383,source:GRAMMAR_MANUAL_INTERMEDIATE,DERIVED_FROM,,,,,76,A:他们俩的关系什么 A:他终于想起了当 么? 时候这么好了? 时的情况，觉得 儿子：爷爷用,,,,,
sentence:SENT-0383,span:AUTH-TAD-0459,HAS_CANDIDATE,,,,,,,,,,,
span:AUTH-TAD-0459,consensus:AUTH-TAD-0459,HAS_CONSENSUS,,,,,,,,,,,
consensus:AUTH-TAD-0459,function:TEMPORAL_ADVERBIAL,MAPS_TO,,,,,,,,,,,
span:AUTH-TAD-0459,cleaning:A_主评测候选,HAS_CLEANING_STATUS,,,,,,,主实验/严格评测,,,,
span:AUTH-TAD-0459,ambiguity:无重复,HAS_AMBIGUITY,,,,,,,,,,,
span:AUTH-TAD-0459,ambiguity:来源字段完整但仍需正版逐页核验,HAS_AMBIGUITY,,,,,,,,,,,
span:AUTH-TAD-0459,annotation:span:AUTH-TAD-0459:r1,ANNOTATED_BY,,,,,,,,,,,
annotation:span:AUTH-TAD-0459:r1,rater:rater_1,MADE_BY,,,,,,,,,,,
span:AUTH-TAD-0459,annotation:span:AUTH-TAD-0459:r2,ANNOTATED_BY,,,,,,,,,,,
annotation:span:AUTH-TAD-0459:r2,rater:rater_2,MADE_BY,,,,,,,,,,,
span:AUTH-TAD-0459,annotation:span:AUTH-TAD-0459:r3,ANNOTATED_BY,,,,,,,,,,,
annotation:span:AUTH-TAD-0459:r3,rater:rater_3,MADE_BY,,,,,,,,,,,
span:AUTH-TAD-0459,cue:BEFORE_PREDICATE,TRIGGERS_CUE,,,,,,,,,,,
span:AUTH-TAD-0459,cue:EVENT_TIME,TRIGGERS_CUE,,,,,,,,,,,
span:AUTH-TAD-0459,cue:TIME_NOUN,TRIGGERS_CUE,,,,,,,,,,,
span:AUTH-TAD-0459,rule:R_TEMP_ADV_01,MATCHES_RULE,,,,,,,,1.0,TEMPORAL_ADVERBIAL,90.0,true
span:AUTH-TAD-0459,rule:R_TEMP_ADV_02,MATCHES_RULE,,,,,,,,2.0,TEMPORAL_ADVERBIAL,88.0,true
span:AUTH-TAD-0459,rule:R_TEMP_KG_ADV_02,MATCHES_RULE,,,,,,,,3.0,TEMPORAL_ADVERBIAL,72.0,true
sentence:SENT-0409,source:GRAMMAR_MANUAL_ADVANCED,DERIVED_FROM,,,,,90,等市场快关门的时候，蔬菜都是半卖半送了,,,,,
sentence:SENT-0409,span:AUTH-TAD-0460,HAS_CANDIDATE,,,,,,,,,,,
span:AUTH-TAD-0460,consensus:AUTH-TAD-0460,HAS_CONSENSUS,,,,,,,,,,,
consensus:AUTH-TAD-0460,function:TEMPORAL_ADVERBIAL,MAPS_TO,,,,,,,,,,,
span:AUTH-TAD-0460,cleaning:A_主评测候选,HAS_CLEANING_STATUS,,,,,,,主实验/严格评测,,,,
span:AUTH-TAD-0460,ambiguity:无重复,HAS_AMBIGUITY,,,,,,,,,,,
span:AUTH-TAD-0460,ambiguity:来源字段完整但仍需正版逐页核验,HAS_AMBIGUITY,,,,,,,,,,,
span:AUTH-TAD-0460,annotation:span:AUTH-TAD-0460:r1,ANNOTATED_BY,,,,,,,,,,,
annotation:span:AUTH-TAD-0460:r1,rater:rater_1,MADE_BY,,,,,,,,,,,
span:AUTH-TAD-0460,annotation:span:AUTH-TAD-0460:r2,ANNOTATED_BY,,,,,,,,,,,
annotation:span:AUTH-TAD-0460:r2,rater:rater_2,MADE_BY,,,,,,,,,,,
span:AUTH-TAD-0460,annotation:span:AUTH-TAD-0460:r3,ANNOTATED_BY,,,,,,,,,,,
annotation:span:AUTH-TAD-0460:r3,rater:rater_3,MADE_BY,,,,,,,,,,,
span:AUTH-TAD-0460,cue:BEFORE_PREDICATE,TRIGGERS_CUE,,,,,,,,,,,
span:AUTH-TAD-0460,cue:EVENT_TIME,TRIGGERS_CUE,,,,,,,,,,,
span:AUTH-TAD-0460,cue:TIME_NOUN,TRIGGERS_CUE,,,,,,,,,,,
span:AUTH-TAD-0460,rule:R_TEMP_ADV_01,MATCHES_RULE,,,,,,,,1.0,TEMPORAL_ADVERBIAL,90.0,true
span:AUTH-TAD-0460,rule:R_TEMP_ADV_02,MATCHES_RULE,,,,,,,,2.0,TEMPORAL_ADVERBIAL,88.0,true
span:AUTH-TAD-0460,rule:R_TEMP_KG_ADV_02,MATCHES_RULE,,,,,,,,3.0,TEMPORAL_ADVERBIAL,72.0,true
sentence:SENT-0135,source:GRAMMAR_MANUAL_INTERMEDIATE,DERIVED_FROM,,,,,112,哪怕这件衣服已经打折了，价格还是很高,,,,,
sentence:SENT-0135,span:AUTH-TAD-0461,HAS_CANDIDATE,,,,,,,,,,,
span:AUTH-TAD-0461,consensus:AUTH-TAD-0461,HAS_CONSENSUS,,,,,,,,,,,
consensus:AUTH-TAD-0461,function:TEMPORAL_ADVERBIAL,MAPS_TO,,,,,,,,,,,
span:AUTH-TAD-0461,cleaning:A_主评测候选,HAS_CLEANING_STATUS,,,,,,,主实验/严格评测,,,,
span:AUTH-TAD-0461,ambiguity:无重复,HAS_AMBIGUITY,,,,,,,,,,,
span:AUTH-TAD-0461,ambiguity:来源字段完整但仍需正版逐页核验,HAS_AMBIGUITY,,,,,,,,,,,
span:AUTH-TAD-0461,annotation:span:AUTH-TAD-0461:r1,ANNOTATED_BY,,,,,,,,,,,
annotation:span:AUTH-TAD-0461:r1,rater:rater_1,MADE_BY,,,,,,,,,,,
span:AUTH-TAD-0461,annotation:span:AUTH-TAD-0461:r2,ANNOTATED_BY,,,,,,,,,,,
annotation:span:AUTH-TAD-0461:r2,rater:rater_2,MADE_BY,,,,,,,,,,,
span:AUTH-TAD-0461,annotation:span:AUTH-TAD-0461:r3,ANNOTATED_BY,,,,,,,,,,,
annotation:span:AUTH-TAD-0461:r3,rater:rater_3,MADE_BY,,,,,,,,,,,
span:AUTH-TAD-0461,cue:BEFORE_PREDICATE,TRIGGERS_CUE,,,,,,,,,,,
span:AUTH-TAD-0461,cue:EVENT_TIME,TRIGGERS_CUE,,,,,,,,,,,
span:AUTH-TAD-0461,cue:TIME_NOUN,TRIGGERS_CUE,,,,,,,,,,,
span:AUTH-TAD-0461,rule:R_TEMP_ADV_01,MATCHES_RULE,,,,,,,,1.0,TEMPORAL_ADVERBIAL,90.0,true
span:AUTH-TAD-0461,rule:R_TEMP_ADV_02,MATCHES_RULE,,,,,,,,2.0,TEMPORAL_ADVERBIAL,88.0,true
span:AUTH-TAD-0461,rule:R_TEMP_KG_ADV_02,MATCHES_RULE,,,,,,,,3.0,TEMPORAL_ADVERBIAL,72.0,true
sentence:SENT-0190,source:GRAMMAR_MANUAL_INTERMEDIATE,DERIVED_FROM,,,,,112,哪怕这件衣服已经打折了，价格还是很高,,,,,
sentence:SENT-0190,span:AUTH-TAD-0462,HAS_CANDIDATE,,,,,,,,,,,
span:AUTH-TAD-0462,consensus:AUTH-TAD-0462,HAS_CONSENSUS,,,,,,,,,,,
consensus:AUTH-TAD-0462,function:TEMPORAL_ADVERBIAL,MAPS_TO,,,,,,,,,,,
span:AUTH-TAD-0462,cleaning:B_边界复核集,HAS_CLEANING_STATUS,,,,,,,边界集/鲁棒性分析,,,,
span:AUTH-TAD-0462,ambiguity:时间副词_体貌副词边界,HAS_AMBIGUITY,,,,,,,,,,,
span:AUTH-TAD-0462,ambiguity:无重复,HAS_AMBIGUITY,,,,,,,,,,,
span:AUTH-TAD-0462,ambiguity:来源字段完整但仍需正版逐页核验,HAS_AMBIGUITY,,,,,,,,,,,
span:AUTH-TAD-0462,annotation:span:AUTH-TAD-0462:r1,ANNOTATED_BY,,,,,,,,,,,
annotation:span:AUTH-TAD-0462:r1,rater:rater_1,MADE_BY,,,,,,,,,,,
span:AUTH-TAD-0462,annotation:span:AUTH-TAD-0462:r2,ANNOTATED_BY,,,,,,,,,,,
annotation:span:AUTH-TAD-0462:r2,rater:rater_2,MADE_BY,,,,,,,,,,,
span:AUTH-TAD-0462,annotation:span:AUTH-TAD-0462:r3,ANNOTATED_BY,,,,,,,,,,,
annotation:span:AUTH-TAD-0462:r3,rater:rater_3,MADE_BY,,,,,,,,,,,
span:AUTH-TAD-0462,cue:BEFORE_PREDICATE,TRIGGERS_CUE,,,,,,,,,,,
span:AUTH-TAD-0462,cue:EVENT_TIME,TRIGGERS_CUE,,,,,,,,,,,
span:AUTH-TAD-0462,cue:TIME_ADVERB,TRIGGERS_CUE,,,,,,,,,,,
span:AUTH-TAD-0462,cue:TIME_FREQUENCY,TRIGGERS_CUE,,,,,,,,,,,
span:AUTH-TAD-0462,rule:R_TEMP_ADV_04,MATCHES_RULE,,,,,,,,1.0,TEMPORAL_ADVERBIAL,84.0,true
span:AUTH-TAD-0462,rule:R_TEMP_ADV_19,MATCHES_RULE,,,,,,,,2.0,TEMPORAL_ADVERBIAL,84.0,true
span:AUTH-TAD-0462,rule:R_TEMP_KG_ADV_01,MATCHES_RULE,,,,,,,,3.0,TEMPORAL_ADVERBIAL,79.0,true
span:AUTH-TAD-0462,rule:R_TEMP_ADV_08,MATCHES_RULE,,,,,,,,4.0,TEMPORAL_ADVERBIAL,78.0,true
span:AUTH-TAD-0462,rule:R_TEMP_ADV_11,MATCHES_RULE,,,,,,,,5.0,TEMPORAL_ADVERBIAL,73.0,true
sentence:SENT-0344,source:GRAMMAR_MANUAL_ELEMENTARY,DERIVED_FROM,,,,,152,级语法点 例句 校长已经下班了,,,,,
sentence:SENT-0344,span:AUTH-TAD-0463,HAS_CANDIDATE,,,,,,,,,,,
span:AUTH-TAD-0463,consensus:AUTH-TAD-0463,HAS_CONSENSUS,,,,,,,,,,,
consensus:AUTH-TAD-0463,function:TEMPORAL_ADVERBIAL,MAPS_TO,,,,,,,,,,,
span:AUTH-TAD-0463,cleaning:C_暂不纳入主实验,HAS_CLEANING_STATUS,,,,,,,待复核,,,,
span:AUTH-TAD-0463,ambiguity:原表已建议复核_剔除,HAS_AMBIGUITY,,,,,,,,,,,
span:AUTH-TAD-0463,ambiguity:可能为时间定语,HAS_AMBIGUITY,,,,,,,,,,,
span:AUTH-TAD-0463,ambiguity:时量补语_持续时间边界,HAS_AMBIGUITY,,,,,,,,,,,
span:AUTH-TAD-0463,ambiguity:三人标注不完全一致,HAS_AMBIGUITY,,,,,,,,,,,
span:AUTH-TAD-0463,ambiguity:至少一名标注者修正片段,HAS_AMBIGUITY,,,,,,,,,,,
span:AUTH-TAD-0463,ambiguity:无重复,HAS_AMBIGUITY,,,,,,,,,,,
span:AUTH-TAD-0463,ambiguity:来源字段完整但仍需正版逐页核验,HAS_AMBIGUITY,,,,,,,,,,,
span:AUTH-TAD-0463,annotation:span:AUTH-TAD-0463:r1,ANNOTATED_BY,,,,,,,,,,,
annotation:span:AUTH-TAD-0463:r1,rater:rater_1,MADE_BY,,,,,,,,,,,
span:AUTH-TAD-0463,annotation:span:AUTH-TAD-0463:r2,ANNOTATED_BY,,,,,,,,,,,
annotation:span:AUTH-TAD-0463:r2,rater:rater_2,MADE_BY,,,,,,,,,,,
span:AUTH-TAD-0463,annotation:span:AUTH-TAD-0463:r3,ANNOTATED_BY,,,,,,,,,,,
annotation:span:AUTH-TAD-0463:r3,rater:rater_3,MADE_BY,,,,,,,,,,,
span:AUTH-TAD-0463,cue:ATTR_DE_DIRECT,TRIGGERS_CUE,,,,,,,,,,,
span:AUTH-TAD-0463,cue:DE_PARTICLE,TRIGGERS_CUE,,,,,,,,,,,
span:AUTH-TAD-0463,cue:SENTENCE_INITIAL,TRIGGERS_CUE,,,,,,,,,,,
span:AUTH-TAD-0463,cue:TIME_NOUN,TRIGGERS_CUE,,,,,,,,,,,
span:AUTH-TAD-0463,rule:R_TEMP_KG_ATTR_01,MATCHES_RULE,,,,,,,,1.0,ATTRIBUTE,128.0,false
span:AUTH-TAD-0463,rule:R_TEMP_KG_ADV_02,MATCHES_RULE,,,,,,,,2.0,TEMPORAL_ADVERBIAL,72.0,true
sentence:SENT-0437,span:AUTH-TAD-0464,HAS_CANDIDATE,,,,,,,,,,,
span:AUTH-TAD-0464,consensus:AUTH-TAD-0464,HAS_CONSENSUS,,,,,,,,,,,
consensus:AUTH-TAD-0464,function:OTHER,MAPS_TO,,,,,,,,,,,
span:AUTH-TAD-0464,cleaning:C_暂不纳入主实验,HAS_CLEANING_STATUS,,,,,,,待复核,,,,
span:AUTH-TAD-0464,ambiguity:页面线索缺失,HAS_AMBIGUITY,,,,,,,,,,,
span:AUTH-TAD-0464,ambiguity:时量补语_持续时间边界,HAS_AMBIGUITY,,,,,,,,,,,
span:AUTH-TAD-0464,ambiguity:非目标时间表达,HAS_AMBIGUITY,,,,,,,,,,,
span:AUTH-TAD-0464,ambiguity:三人标注不完全一致,HAS_AMBIGUITY,,,,,,,,,,,
span:AUTH-TAD-0464,ambiguity:至少一名标注者修正片段,HAS_AMBIGUITY,,,,,,,,,,,
span:AUTH-TAD-0464,ambiguity:同句多候选_重复句,HAS_AMBIGUITY,,,,,,,,,,,
span:AUTH-TAD-0464,annotation:span:AUTH-TAD-0464:r1,ANNOTATED_BY,,,,,,,,,,,
annotation:span:AUTH-TAD-0464:r1,rater:rater_1,MADE_BY,,,,,,,,,,,
span:AUTH-TAD-0464,annotation:span:AUTH-TAD-0464:r2,ANNOTATED_BY,,,,,,,,,,,
annotation:span:AUTH-TAD-0464:r2,rater:rater_2,MADE_BY,,,,,,,,,,,
span:AUTH-TAD-0464,annotation:span:AUTH-TAD-0464:r3,ANNOTATED_BY,,,,,,,,,,,
annotation:span:AUTH-TAD-0464:r3,rater:rater_3,MADE_BY,,,,,,,,,,,
span:AUTH-TAD-0464,cue:ABSTRACT_OR_NON_TARGET_TIME,TRIGGERS_CUE,,,,,,,,,,,
span:AUTH-TAD-0464,cue:REVIEW_NON_TARGET_RISK,TRIGGERS_CUE,,,,,,,,,,,
span:AUTH-TAD-0464,cue:TEMPORAL_COMPARISON_STATE,TRIGGERS_CUE,,,,,,,,,,,
span:AUTH-TAD-0464,cue:TIME_NOUN,TRIGGERS_CUE,,,,,,,,,,,
span:AUTH-TAD-0464,rule:R_TEMP_KG_OTHER_01,MATCHES_RULE,,,,,,,,1.0,OTHER,130.0,true
span:AUTH-TAD-0464,rule:R_TEMP_KG_OTHER_02,MATCHES_RULE,,,,,,,,2.0,OTHER,124.0,true
span:AUTH-TAD-0464,rule:R_TEMP_KG_OTHER_03,MATCHES_RULE,,,,,,,,3.0,OTHER,123.0,true
span:AUTH-TAD-0464,rule:R_TEMP_KG_ADV_02,MATCHES_RULE,,,,,,,,4.0,TEMPORAL_ADVERBIAL,72.0,false
sentence:SENT-0278,source:GRAMMAR_MANUAL_ELEMENTARY,DERIVED_FROM,,,,,56,32 时间副词(3):有时 【一11】 ○ 基本语,,,,,
sentence:SENT-0278,span:AUTH-TAD-0465,HAS_CANDIDATE,,,,,,,,,,,
span:AUTH-TAD-0465,consensus:AUTH-TAD-0465,HAS_CONSENSUS,,,,,,,,,,,
consensus:AUTH-TAD-0465,function:TEMPORAL_ADVERBIAL,MAPS_TO,,,,,,,,,,,
span:AUTH-TAD-0465,cleaning:A_主评测候选,HAS_CLEANING_STATUS,,,,,,,主实验/严格评测,,,,
span:AUTH-TAD-0465,ambiguity:无重复,HAS_AMBIGUITY,,,,,,,,,,,
span:AUTH-TAD-0465,ambiguity:来源字段完整但仍需正版逐页核验,HAS_AMBIGUITY,,,,,,,,,,,
span:AUTH-TAD-0465,annotation:span:AUTH-TAD-0465:r1,ANNOTATED_BY,,,,,,,,,,,
annotation:span:AUTH-TAD-0465:r1,rater:rater_1,MADE_BY,,,,,,,,,,,
span:AUTH-TAD-0465,annotation:span:AUTH-TAD-0465:r2,ANNOTATED_BY,,,,,,,,,,,
annotation:span:AUTH-TAD-0465:r2,rater:rater_2,MADE_BY,,,,,,,,,,,
span:AUTH-TAD-0465,annotation:span:AUTH-TAD-0465:r3,ANNOTATED_BY,,,,,,,,,,,
annotation:span:AUTH-TAD-0465:r3,rater:rater_3,MADE_BY,,,,,,,,,,,
span:AUTH-TAD-0465,cue:BEFORE_PREDICATE,TRIGGERS_CUE,,,,,,,,,,,
span:AUTH-TAD-0465,cue:EVENT_TIME,TRIGGERS_CUE,,,,,,,,,,,
span:AUTH-TAD-0465,cue:TIME_ADVERB,TRIGGERS_CUE,,,,,,,,,,,
span:AUTH-TAD-0465,cue:TIME_FREQUENCY,TRIGGERS_CUE,,,,,,,,,,,
span:AUTH-TAD-0465,cue:TIME_NOUN,TRIGGERS_CUE,,,,,,,,,,,
span:AUTH-TAD-0465,rule:R_TEMP_ADV_01,MATCHES_RULE,,,,,,,,1.0,TEMPORAL_ADVERBIAL,90.0,true
span:AUTH-TAD-0465,rule:R_TEMP_ADV_02,MATCHES_RULE,,,,,,,,2.0,TEMPORAL_ADVERBIAL,88.0,true
span:AUTH-TAD-0465,rule:R_TEMP_ADV_04,MATCHES_RULE,,,,,,,,3.0,TEMPORAL_ADVERBIAL,84.0,true
span:AUTH-TAD-0465,rule:R_TEMP_ADV_19,MATCHES_RULE,,,,,,,,4.0,TEMPORAL_ADVERBIAL,84.0,true
span:AUTH-TAD-0465,rule:R_TEMP_KG_ADV_01,MATCHES_RULE,,,,,,,,5.0,TEMPORAL_ADVERBIAL,79.0,true
sentence:SENT-0186,source:GRAMMAR_MANUAL_INTERMEDIATE,DERIVED_FROM,,,,,157,水平等级标准·语法学习手册(中等) 【五05】16时间副词(8):一向 ○ 基本语义及用法 表,,,,,
sentence:SENT-0186,span:AUTH-TAD-0466,HAS_CANDIDATE,,,,,,,,,,,
span:AUTH-TAD-0466,consensus:AUTH-TAD-0466,HAS_CONSENSUS,,,,,,,,,,,
consensus:AUTH-TAD-0466,function:OTHER,MAPS_TO,,,,,,,,,,,
span:AUTH-TAD-0466,cleaning:C_暂不纳入主实验,HAS_CLEANING_STATUS,,,,,,,待复核,,,,
span:AUTH-TAD-0466,ambiguity:相对时间框架边界,HAS_AMBIGUITY,,,,,,,,,,,
span:AUTH-TAD-0466,ambiguity:可能为时间定语,HAS_AMBIGUITY,,,,,,,,,,,
span:AUTH-TAD-0466,ambiguity:候选片段与最终片段不一致,HAS_AMBIGUITY,,,,,,,,,,,
span:AUTH-TAD-0466,ambiguity:非目标时间表达,HAS_AMBIGUITY,,,,,,,,,,,
span:AUTH-TAD-0466,ambiguity:三人标注不完全一致,HAS_AMBIGUITY,,,,,,,,,,,
span:AUTH-TAD-0466,ambiguity:至少一名标注者修正片段,HAS_AMBIGUITY,,,,,,,,,,,
span:AUTH-TAD-0466,ambiguity:无重复,HAS_AMBIGUITY,,,,,,,,,,,
span:AUTH-TAD-0466,ambiguity:来源字段完整但仍需正版逐页核验,HAS_AMBIGUITY,,,,,,,,,,,
span:AUTH-TAD-0466,annotation:span:AUTH-TAD-0466:r1,ANNOTATED_BY,,,,,,,,,,,
annotation:span:AUTH-TAD-0466:r1,rater:rater_1,MADE_BY,,,,,,,,,,,
span:AUTH-TAD-0466,annotation:span:AUTH-TAD-0466:r2,ANNOTATED_BY,,,,,,,,,,,
annotation:span:AUTH-TAD-0466:r2,rater:rater_2,MADE_BY,,,,,,,,,,,
span:AUTH-TAD-0466,annotation:span:AUTH-TAD-0466:r3,ANNOTATED_BY,,,,,,,,,,,
annotation:span:AUTH-TAD-0466:r3,rater:rater_3,MADE_BY,,,,,,,,,,,
span:AUTH-TAD-0466,cue:BEFORE_PREDICATE,TRIGGERS_CUE,,,,,,,,,,,
span:AUTH-TAD-0466,cue:DE_PARTICLE,TRIGGERS_CUE,,,,,,,,,,,
span:AUTH-TAD-0466,cue:EVENT_TIME,TRIGGERS_CUE,,,,,,,,,,,
span:AUTH-TAD-0466,cue:REVIEW_NON_TARGET_RISK,TRIGGERS_CUE,,,,,,,,,,,
span:AUTH-TAD-0466,cue:SENTENCE_INITIAL,TRIGGERS_CUE,,,,,,,,,,,
span:AUTH-TAD-0466,cue:TIME_NOUN,TRIGGERS_CUE,,,,,,,,,,,
span:AUTH-TAD-0466,rule:R_TEMP_KG_OTHER_01,MATCHES_RULE,,,,,,,,1.0,OTHER,130.0,true
span:AUTH-TAD-0466,rule:R_TEMP_ADV_01,MATCHES_RULE,,,,,,,,2.0,TEMPORAL_ADVERBIAL,90.0,false
span:AUTH-TAD-0466,rule:R_TEMP_ADV_02,MATCHES_RULE,,,,,,,,3.0,TEMPORAL_ADVERBIAL,88.0,false
span:AUTH-TAD-0466,rule:R_TEMP_KG_ADV_02,MATCHES_RULE,,,,,,,,4.0,TEMPORAL_ADVERBIAL,72.0,false
sentence:SENT-0210,source:GRAMMAR_MANUAL_ELEMENTARY,DERIVED_FROM,,,,,152,级语法点 例句 校长已经下班了,,,,,
sentence:SENT-0210,span:AUTH-TAD-0467,HAS_CANDIDATE,,,,,,,,,,,
span:AUTH-TAD-0467,consensus:AUTH-TAD-0467,HAS_CONSENSUS,,,,,,,,,,,
consensus:AUTH-TAD-0467,function:TEMPORAL_ADVERBIAL,MAPS_TO,,,,,,,,,,,
span:AUTH-TAD-0467,cleaning:B_边界复核集,HAS_CLEANING_STATUS,,,,,,,边界集/鲁棒性分析,,,,
span:AUTH-TAD-0467,ambiguity:时间副词_体貌副词边界,HAS_AMBIGUITY,,,,,,,,,,,
span:AUTH-TAD-0467,ambiguity:无重复,HAS_AMBIGUITY,,,,,,,,,,,
span:AUTH-TAD-0467,ambiguity:来源字段完整但仍需正版逐页核验,HAS_AMBIGUITY,,,,,,,,,,,
span:AUTH-TAD-0467,annotation:span:AUTH-TAD-0467:r1,ANNOTATED_BY,,,,,,,,,,,
annotation:span:AUTH-TAD-0467:r1,rater:rater_1,MADE_BY,,,,,,,,,,,
span:AUTH-TAD-0467,annotation:span:AUTH-TAD-0467:r2,ANNOTATED_BY,,,,,,,,,,,
annotation:span:AUTH-TAD-0467:r2,rater:rater_2,MADE_BY,,,,,,,,,,,
span:AUTH-TAD-0467,annotation:span:AUTH-TAD-0467:r3,ANNOTATED_BY,,,,,,,,,,,
annotation:span:AUTH-TAD-0467:r3,rater:rater_3,MADE_BY,,,,,,,,,,,
span:AUTH-TAD-0467,cue:BEFORE_PREDICATE,TRIGGERS_CUE,,,,,,,,,,,
span:AUTH-TAD-0467,cue:EVENT_TIME,TRIGGERS_CUE,,,,,,,,,,,
span:AUTH-TAD-0467,cue:TIME_ADVERB,TRIGGERS_CUE,,,,,,,,,,,
span:AUTH-TAD-0467,cue:TIME_FREQUENCY,TRIGGERS_CUE,,,,,,,,,,,
span:AUTH-TAD-0467,rule:R_TEMP_ADV_04,MATCHES_RULE,,,,,,,,1.0,TEMPORAL_ADVERBIAL,84.0,true
span:AUTH-TAD-0467,rule:R_TEMP_ADV_19,MATCHES_RULE,,,,,,,,2.0,TEMPORAL_ADVERBIAL,84.0,true
span:AUTH-TAD-0467,rule:R_TEMP_KG_ADV_01,MATCHES_RULE,,,,,,,,3.0,TEMPORAL_ADVERBIAL,79.0,true
span:AUTH-TAD-0467,rule:R_TEMP_ADV_08,MATCHES_RULE,,,,,,,,4.0,TEMPORAL_ADVERBIAL,78.0,true
span:AUTH-TAD-0467,rule:R_TEMP_ADV_11,MATCHES_RULE,,,,,,,,5.0,TEMPORAL_ADVERBIAL,73.0,true
sentence:SENT-0142,source:GRAMMAR_MANUAL_ELEMENTARY,DERIVED_FROM,,,,,120,AA、A一 A”用于未发生的动作，“A了A”用于 已经完成的动作,,,,,
sentence:SENT-0142,span:AUTH-TAD-0468,HAS_CANDIDATE,,,,,,,,,,,
span:AUTH-TAD-0468,consensus:AUTH-TAD-0468,HAS_CONSENSUS,,,,,,,,,,,
consensus:AUTH-TAD-0468,function:TEMPORAL_ADVERBIAL,MAPS_TO,,,,,,,,,,,
span:AUTH-TAD-0468,cleaning:A_主评测候选,HAS_CLEANING_STATUS,,,,,,,主实验/严格评测,,,,
span:AUTH-TAD-0468,ambiguity:无重复,HAS_AMBIGUITY,,,,,,,,,,,
span:AUTH-TAD-0468,ambiguity:来源字段完整但仍需正版逐页核验,HAS_AMBIGUITY,,,,,,,,,,,
span:AUTH-TAD-0468,annotation:span:AUTH-TAD-0468:r1,ANNOTATED_BY,,,,,,,,,,,
annotation:span:AUTH-TAD-0468:r1,rater:rater_1,MADE_BY,,,,,,,,,,,
span:AUTH-TAD-0468,annotation:span:AUTH-TAD-0468:r2,ANNOTATED_BY,,,,,,,,,,,
annotation:span:AUTH-TAD-0468:r2,rater:rater_2,MADE_BY,,,,,,,,,,,
span:AUTH-TAD-0468,annotation:span:AUTH-TAD-0468:r3,ANNOTATED_BY,,,,,,,,,,,
annotation:span:AUTH-TAD-0468:r3,rater:rater_3,MADE_BY,,,,,,,,,,,
span:AUTH-TAD-0468,cue:BEFORE_PREDICATE,TRIGGERS_CUE,,,,,,,,,,,
span:AUTH-TAD-0468,cue:EVENT_TIME,TRIGGERS_CUE,,,,,,,,,,,
span:AUTH-TAD-0468,cue:TIME_NOUN,TRIGGERS_CUE,,,,,,,,,,,
span:AUTH-TAD-0468,rule:R_TEMP_ADV_01,MATCHES_RULE,,,,,,,,1.0,TEMPORAL_ADVERBIAL,90.0,true
span:AUTH-TAD-0468,rule:R_TEMP_ADV_02,MATCHES_RULE,,,,,,,,2.0,TEMPORAL_ADVERBIAL,88.0,true
span:AUTH-TAD-0468,rule:R_TEMP_KG_ADV_02,MATCHES_RULE,,,,,,,,3.0,TEMPORAL_ADVERBIAL,72.0,true
sentence:SENT-0289,source:GRAMMAR_MANUAL_ELEMENTARY,DERIVED_FROM,,,,,103,外边正在下雨,,,,,
sentence:SENT-0289,span:AUTH-TAD-0469,HAS_CANDIDATE,,,,,,,,,,,
span:AUTH-TAD-0469,consensus:AUTH-TAD-0469,HAS_CONSENSUS,,,,,,,,,,,
consensus:AUTH-TAD-0469,function:TEMPORAL_ADVERBIAL,MAPS_TO,,,,,,,,,,,
span:AUTH-TAD-0469,cleaning:B_边界复核集,HAS_CLEANING_STATUS,,,,,,,边界集/鲁棒性分析,,,,
span:AUTH-TAD-0469,ambiguity:时间副词_体貌副词边界,HAS_AMBIGUITY,,,,,,,,,,,
span:AUTH-TAD-0469,ambiguity:相对时间框架边界,HAS_AMBIGUITY,,,,,,,,,,,
span:AUTH-TAD-0469,ambiguity:无重复,HAS_AMBIGUITY,,,,,,,,,,,
span:AUTH-TAD-0469,ambiguity:来源字段完整但仍需正版逐页核验,HAS_AMBIGUITY,,,,,,,,,,,
span:AUTH-TAD-0469,annotation:span:AUTH-TAD-0469:r1,ANNOTATED_BY,,,,,,,,,,,
annotation:span:AUTH-TAD-0469:r1,rater:rater_1,MADE_BY,,,,,,,,,,,
span:AUTH-TAD-0469,annotation:span:AUTH-TAD-0469:r2,ANNOTATED_BY,,,,,,,,,,,
annotation:span:AUTH-TAD-0469:r2,rater:rater_2,MADE_BY,,,,,,,,,,,
span:AUTH-TAD-0469,annotation:span:AUTH-TAD-0469:r3,ANNOTATED_BY,,,,,,,,,,,
annotation:span:AUTH-TAD-0469:r3,rater:rater_3,MADE_BY,,,,,,,,,,,
span:AUTH-TAD-0469,cue:BEFORE_PREDICATE,TRIGGERS_CUE,,,,,,,,,,,
span:AUTH-TAD-0469,cue:EVENT_TIME,TRIGGERS_CUE,,,,,,,,,,,
span:AUTH-TAD-0469,cue:NO_TEMPORAL_EXPRESSION,TRIGGERS_CUE,,,,,,,,,,,
span:AUTH-TAD-0469,cue:TIME_ADVERB,TRIGGERS_CUE,,,,,,,,,,,
span:AUTH-TAD-0469,rule:R_TEMP_ADV_19,MATCHES_RULE,,,,,,,,1.0,TEMPORAL_ADVERBIAL,84.0,true
span:AUTH-TAD-0469,rule:R_TEMP_ADV_08,MATCHES_RULE,,,,,,,,2.0,TEMPORAL_ADVERBIAL,78.0,true
sentence:SENT-0133,source:GRAMMAR_MANUAL_ELEMENTARY,DERIVED_FROM,,,,,385,:这个手机不错， A:你的中文老师多大了? A:你刚才做什么呢? 贵吗? B:我的中文老师大,,,,,
sentence:SENT-0133,span:AUTH-TAD-0470,HAS_CANDIDATE,,,,,,,,,,,
span:AUTH-TAD-0470,consensus:AUTH-TAD-0470,HAS_CONSENSUS,,,,,,,,,,,
consensus:AUTH-TAD-0470,function:TEMPORAL_ADVERBIAL,MAPS_TO,,,,,,,,,,,
span:AUTH-TAD-0470,cleaning:A_主评测候选,HAS_CLEANING_STATUS,,,,,,,主实验/严格评测,,,,
span:AUTH-TAD-0470,ambiguity:无重复,HAS_AMBIGUITY,,,,,,,,,,,
span:AUTH-TAD-0470,ambiguity:来源字段完整但仍需正版逐页核验,HAS_AMBIGUITY,,,,,,,,,,,
span:AUTH-TAD-0470,annotation:span:AUTH-TAD-0470:r1,ANNOTATED_BY,,,,,,,,,,,
annotation:span:AUTH-TAD-0470:r1,rater:rater_1,MADE_BY,,,,,,,,,,,
span:AUTH-TAD-0470,annotation:span:AUTH-TAD-0470:r2,ANNOTATED_BY,,,,,,,,,,,
annotation:span:AUTH-TAD-0470:r2,rater:rater_2,MADE_BY,,,,,,,,,,,
span:AUTH-TAD-0470,annotation:span:AUTH-TAD-0470:r3,ANNOTATED_BY,,,,,,,,,,,
annotation:span:AUTH-TAD-0470:r3,rater:rater_3,MADE_BY,,,,,,,,,,,
span:AUTH-TAD-0470,cue:BEFORE_PREDICATE,TRIGGERS_CUE,,,,,,,,,,,
span:AUTH-TAD-0470,cue:EVENT_TIME,TRIGGERS_CUE,,,,,,,,,,,
span:AUTH-TAD-0470,cue:TIME_ADVERB,TRIGGERS_CUE,,,,,,,,,,,
span:AUTH-TAD-0470,cue:TIME_FREQUENCY,TRIGGERS_CUE,,,,,,,,,,,
span:AUTH-TAD-0470,rule:R_TEMP_ADV_04,MATCHES_RULE,,,,,,,,1.0,TEMPORAL_ADVERBIAL,84.0,true
span:AUTH-TAD-0470,rule:R_TEMP_ADV_19,MATCHES_RULE,,,,,,,,2.0,TEMPORAL_ADVERBIAL,84.0,true
span:AUTH-TAD-0470,rule:R_TEMP_KG_ADV_01,MATCHES_RULE,,,,,,,,3.0,TEMPORAL_ADVERBIAL,79.0,true
span:AUTH-TAD-0470,rule:R_TEMP_ADV_08,MATCHES_RULE,,,,,,,,4.0,TEMPORAL_ADVERBIAL,78.0,true
span:AUTH-TAD-0470,rule:R_TEMP_ADV_11,MATCHES_RULE,,,,,,,,5.0,TEMPORAL_ADVERBIAL,73.0,true
sentence:SENT-0121,source:GRAMMAR_MANUAL_ELEMENTARY,DERIVED_FROM,,,,,154,级语法点 34频率、重复副词(2):经常 【二16】 ◎基本语义及用法 表示某动,,,,,
sentence:SENT-0121,span:AUTH-TAD-0471,HAS_CANDIDATE,,,,,,,,,,,
span:AUTH-TAD-0471,consensus:AUTH-TAD-0471,HAS_CONSENSUS,,,,,,,,,,,
consensus:AUTH-TAD-0471,function:TEMPORAL_ADVERBIAL,MAPS_TO,,,,,,,,,,,
span:AUTH-TAD-0471,cleaning:B_边界复核集,HAS_CLEANING_STATUS,,,,,,,边界集/鲁棒性分析,,,,
span:AUTH-TAD-0471,ambiguity:时间副词_体貌副词边界,HAS_AMBIGUITY,,,,,,,,,,,
span:AUTH-TAD-0471,ambiguity:无重复,HAS_AMBIGUITY,,,,,,,,,,,
span:AUTH-TAD-0471,ambiguity:来源字段完整但仍需正版逐页核验,HAS_AMBIGUITY,,,,,,,,,,,
span:AUTH-TAD-0471,annotation:span:AUTH-TAD-0471:r1,ANNOTATED_BY,,,,,,,,,,,
annotation:span:AUTH-TAD-0471:r1,rater:rater_1,MADE_BY,,,,,,,,,,,
span:AUTH-TAD-0471,annotation:span:AUTH-TAD-0471:r2,ANNOTATED_BY,,,,,,,,,,,
annotation:span:AUTH-TAD-0471:r2,rater:rater_2,MADE_BY,,,,,,,,,,,
span:AUTH-TAD-0471,annotation:span:AUTH-TAD-0471:r3,ANNOTATED_BY,,,,,,,,,,,
annotation:span:AUTH-TAD-0471:r3,rater:rater_3,MADE_BY,,,,,,,,,,,
span:AUTH-TAD-0471,cue:BEFORE_PREDICATE,TRIGGERS_CUE,,,,,,,,,,,
span:AUTH-TAD-0471,cue:EVENT_TIME,TRIGGERS_CUE,,,,,,,,,,,
span:AUTH-TAD-0471,cue:TIME_FREQUENCY,TRIGGERS_CUE,,,,,,,,,,,
span:AUTH-TAD-0471,rule:R_TEMP_ADV_04,MATCHES_RULE,,,,,,,,1.0,TEMPORAL_ADVERBIAL,84.0,true
span:AUTH-TAD-0471,rule:R_TEMP_KG_ADV_01,MATCHES_RULE,,,,,,,,2.0,TEMPORAL_ADVERBIAL,79.0,true
sentence:SENT-0220,source:GRAMMAR_MANUAL_ADVANCED,DERIVED_FROM,,,,,136,,,,,,
sentence:SENT-0220,span:AUTH-TAD-0472,HAS_CANDIDATE,,,,,,,,,,,
span:AUTH-TAD-0472,consensus:AUTH-TAD-0472,HAS_CONSENSUS,,,,,,,,,,,
consensus:AUTH-TAD-0472,function:TEMPORAL_ADVERBIAL,MAPS_TO,,,,,,,,,,,
span:AUTH-TAD-0472,cleaning:C_暂不纳入主实验,HAS_CLEANING_STATUS,,,,,,,待复核,,,,
span:AUTH-TAD-0472,ambiguity:页面线索缺失,HAS_AMBIGUITY,,,,,,,,,,,
span:AUTH-TAD-0472,ambiguity:三人标注不完全一致,HAS_AMBIGUITY,,,,,,,,,,,
span:AUTH-TAD-0472,ambiguity:至少一名标注者修正片段,HAS_AMBIGUITY,,,,,,,,,,,
span:AUTH-TAD-0472,ambiguity:无重复,HAS_AMBIGUITY,,,,,,,,,,,
span:AUTH-TAD-0472,annotation:span:AUTH-TAD-0472:r1,ANNOTATED_BY,,,,,,,,,,,
annotation:span:AUTH-TAD-0472:r1,rater:rater_1,MADE_BY,,,,,,,,,,,
span:AUTH-TAD-0472,annotation:span:AUTH-TAD-0472:r2,ANNOTATED_BY,,,,,,,,,,,
annotation:span:AUTH-TAD-0472:r2,rater:rater_2,MADE_BY,,,,,,,,,,,
span:AUTH-TAD-0472,annotation:span:AUTH-TAD-0472:r3,ANNOTATED_BY,,,,,,,,,,,
annotation:span:AUTH-TAD-0472:r3,rater:rater_3,MADE_BY,,,,,,,,,,,
span:AUTH-TAD-0472,cue:REVIEW_NON_TARGET_RISK,TRIGGERS_CUE,,,,,,,,,,,
span:AUTH-TAD-0472,cue:TIME_ADVERB,TRIGGERS_CUE,,,,,,,,,,,
span:AUTH-TAD-0472,cue:TIME_AFTER_BEFORE,TRIGGERS_CUE,,,,,,,,,,,
span:AUTH-TAD-0472,cue:TIME_FREQUENCY,TRIGGERS_CUE,,,,,,,,,,,
span:AUTH-TAD-0472,cue:TIME_NOUN,TRIGGERS_CUE,,,,,,,,,,,
span:AUTH-TAD-0472,rule:R_TEMP_KG_OTHER_01,MATCHES_RULE,,,,,,,,1.0,OTHER,130.0,false
span:AUTH-TAD-0472,rule:R_TEMP_KG_ADV_01,MATCHES_RULE,,,,,,,,2.0,TEMPORAL_ADVERBIAL,79.0,true
span:AUTH-TAD-0472,rule:R_TEMP_ADV_11,MATCHES_RULE,,,,,,,,3.0,TEMPORAL_ADVERBIAL,73.0,true
span:AUTH-TAD-0472,rule:R_TEMP_KG_ADV_02,MATCHES_RULE,,,,,,,,4.0,TEMPORAL_ADVERBIAL,72.0,true
sentence:SENT-0256,source:GRAMMAR_MANUAL_ADVANCED,DERIVED_FROM,,,,,115,固定短语“不知……好”中间一般加动词性成分，动词经常受“怎么、如何、什 么”等代词的修饰,,,,,
sentence:SENT-0256,span:AUTH-TAD-0473,HAS_CANDIDATE,,,,,,,,,,,
span:AUTH-TAD-0473,consensus:AUTH-TAD-0473,HAS_CONSENSUS,,,,,,,,,,,
consensus:AUTH-TAD-0473,function:TEMPORAL_ADVERBIAL,MAPS_TO,,,,,,,,,,,
span:AUTH-TAD-0473,cleaning:A_主评测候选,HAS_CLEANING_STATUS,,,,,,,主实验/严格评测,,,,
span:AUTH-TAD-0473,ambiguity:无重复,HAS_AMBIGUITY,,,,,,,,,,,
span:AUTH-TAD-0473,ambiguity:来源字段完整但仍需正版逐页核验,HAS_AMBIGUITY,,,,,,,,,,,
span:AUTH-TAD-0473,annotation:span:AUTH-TAD-0473:r1,ANNOTATED_BY,,,,,,,,,,,
annotation:span:AUTH-TAD-0473:r1,rater:rater_1,MADE_BY,,,,,,,,,,,
span:AUTH-TAD-0473,annotation:span:AUTH-TAD-0473:r2,ANNOTATED_BY,,,,,,,,,,,
annotation:span:AUTH-TAD-0473:r2,rater:rater_2,MADE_BY,,,,,,,,,,,
span:AUTH-TAD-0473,annotation:span:AUTH-TAD-0473:r3,ANNOTATED_BY,,,,,,,,,,,
annotation:span:AUTH-TAD-0473:r3,rater:rater_3,MADE_BY,,,,,,,,,,,
span:AUTH-TAD-0473,cue:BEFORE_PREDICATE,TRIGGERS_CUE,,,,,,,,,,,
span:AUTH-TAD-0473,cue:DEICTIC_TIME,TRIGGERS_CUE,,,,,,,,,,,
span:AUTH-TAD-0473,cue:EVENT_TIME,TRIGGERS_CUE,,,,,,,,,,,
span:AUTH-TAD-0473,cue:SENTENCE_INITIAL,TRIGGERS_CUE,,,,,,,,,,,
span:AUTH-TAD-0473,cue:TIME_ADVERB,TRIGGERS_CUE,,,,,,,,,,,
span:AUTH-TAD-0473,cue:TIME_FREQUENCY,TRIGGERS_CUE,,,,,,,,,,,
span:AUTH-TAD-0473,cue:TIME_NOUN,TRIGGERS_CUE,,,,,,,,,,,
span:AUTH-TAD-0473,cue:TIME_POINT,TRIGGERS_CUE,,,,,,,,,,,
span:AUTH-TAD-0473,rule:R_TEMP_ADV_01,MATCHES_RULE,,,,,,,,1.0,TEMPORAL_ADVERBIAL,90.0,true
span:AUTH-TAD-0473,rule:R_TEMP_ADV_02,MATCHES_RULE,,,,,,,,2.0,TEMPORAL_ADVERBIAL,88.0,true
span:AUTH-TAD-0473,rule:R_TEMP_ADV_04,MATCHES_RULE,,,,,,,,3.0,TEMPORAL_ADVERBIAL,84.0,true
span:AUTH-TAD-0473,rule:R_TEMP_ADV_19,MATCHES_RULE,,,,,,,,4.0,TEMPORAL_ADVERBIAL,84.0,true
span:AUTH-TAD-0473,rule:R_TEMP_KG_ADV_01,MATCHES_RULE,,,,,,,,5.0,TEMPORAL_ADVERBIAL,79.0,true
sentence:SENT-0392,source:GRAMMAR_MANUAL_ELEMENTARY,DERIVED_FROM,,,,,318,,,,,,
sentence:SENT-0392,span:AUTH-TAD-0474,HAS_CANDIDATE,,,,,,,,,,,
span:AUTH-TAD-0474,consensus:AUTH-TAD-0474,HAS_CONSENSUS,,,,,,,,,,,
consensus:AUTH-TAD-0474,function:TEMPORAL_ADVERBIAL,MAPS_TO,,,,,,,,,,,
span:AUTH-TAD-0474,cleaning:B_边界复核集,HAS_CLEANING_STATUS,,,,,,,边界集/鲁棒性分析,,,,
span:AUTH-TAD-0474,ambiguity:页面线索缺失,HAS_AMBIGUITY,,,,,,,,,,,
span:AUTH-TAD-0474,ambiguity:无重复,HAS_AMBIGUITY,,,,,,,,,,,
span:AUTH-TAD-0474,annotation:span:AUTH-TAD-0474:r1,ANNOTATED_BY,,,,,,,,,,,
annotation:span:AUTH-TAD-0474:r1,rater:rater_1,MADE_BY,,,,,,,,,,,
span:AUTH-TAD-0474,annotation:span:AUTH-TAD-0474:r2,ANNOTATED_BY,,,,,,,,,,,
annotation:span:AUTH-TAD-0474:r2,rater:rater_2,MADE_BY,,,,,,,,,,,
span:AUTH-TAD-0474,annotation:span:AUTH-TAD-0474:r3,ANNOTATED_BY,,,,,,,,,,,
annotation:span:AUTH-TAD-0474:r3,rater:rater_3,MADE_BY,,,,,,,,,,,
span:AUTH-TAD-0474,cue:BEFORE_PREDICATE,TRIGGERS_CUE,,,,,,,,,,,
span:AUTH-TAD-0474,cue:EVENT_TIME,TRIGGERS_CUE,,,,,,,,,,,
span:AUTH-TAD-0474,cue:SENTENCE_INITIAL,TRIGGERS_CUE,,,,,,,,,,,
span:AUTH-TAD-0474,cue:TIME_ADVERB,TRIGGERS_CUE,,,,,,,,,,,
span:AUTH-TAD-0474,cue:TIME_NOUN,TRIGGERS_CUE,,,,,,,,,,,
span:AUTH-TAD-0474,cue:TIME_POINT,TRIGGERS_CUE,,,,,,,,,,,
span:AUTH-TAD-0474,rule:R_TEMP_ADV_01,MATCHES_RULE,,,,,,,,1.0,TEMPORAL_ADVERBIAL,90.0,true
span:AUTH-TAD-0474,rule:R_TEMP_ADV_02,MATCHES_RULE,,,,,,,,2.0,TEMPORAL_ADVERBIAL,88.0,true
span:AUTH-TAD-0474,rule:R_TEMP_ADV_19,MATCHES_RULE,,,,,,,,3.0,TEMPORAL_ADVERBIAL,84.0,true
span:AUTH-TAD-0474,rule:R_TEMP_ADV_08,MATCHES_RULE,,,,,,,,4.0,TEMPORAL_ADVERBIAL,78.0,true
span:AUTH-TAD-0474,rule:R_TEMP_ADV_10,MATCHES_RULE,,,,,,,,5.0,TEMPORAL_ADVERBIAL,75.0,true
sentence:SENT-0007,source:GRAMMAR_MANUAL_ADVANCED,DERIVED_FROM,,,,,120,◎ 补充例句 他每天因睡不够而没有时间吃早饭,,,,,
sentence:SENT-0007,span:AUTH-TAD-0475,HAS_CANDIDATE,,,,,,,,,,,
span:AUTH-TAD-0475,consensus:AUTH-TAD-0475,HAS_CONSENSUS,,,,,,,,,,,
consensus:AUTH-TAD-0475,function:ATTRIBUTE,MAPS_TO,,,,,,,,,,,
span:AUTH-TAD-0475,cleaning:B_边界复核集,HAS_CLEANING_STATUS,,,,,,,边界集/鲁棒性分析,,,,
span:AUTH-TAD-0475,ambiguity:可能为时间定语,HAS_AMBIGUITY,,,,,,,,,,,
span:AUTH-TAD-0475,ambiguity:无重复,HAS_AMBIGUITY,,,,,,,,,,,
span:AUTH-TAD-0475,ambiguity:来源字段完整但仍需正版逐页核验,HAS_AMBIGUITY,,,,,,,,,,,
span:AUTH-TAD-0475,annotation:span:AUTH-TAD-0475:r1,ANNOTATED_BY,,,,,,,,,,,
annotation:span:AUTH-TAD-0475:r1,rater:rater_1,MADE_BY,,,,,,,,,,,
span:AUTH-TAD-0475,annotation:span:AUTH-TAD-0475:r2,ANNOTATED_BY,,,,,,,,,,,
annotation:span:AUTH-TAD-0475:r2,rater:rater_2,MADE_BY,,,,,,,,,,,
span:AUTH-TAD-0475,annotation:span:AUTH-TAD-0475:r3,ANNOTATED_BY,,,,,,,,,,,
annotation:span:AUTH-TAD-0475:r3,rater:rater_3,MADE_BY,,,,,,,,,,,
span:AUTH-TAD-0475,cue:ATTR_DE_DIRECT,TRIGGERS_CUE,,,,,,,,,,,
span:AUTH-TAD-0475,cue:ATTR_NOMINAL_DIRECT,TRIGGERS_CUE,,,,,,,,,,,
span:AUTH-TAD-0475,cue:DE_PARTICLE,TRIGGERS_CUE,,,,,,,,,,,
span:AUTH-TAD-0475,cue:NOMINAL_HEAD,TRIGGERS_CUE,,,,,,,,,,,
span:AUTH-TAD-0475,cue:SENTENCE_INITIAL,TRIGGERS_CUE,,,,,,,,,,,
span:AUTH-TAD-0475,cue:TIME_NOUN,TRIGGERS_CUE,,,,,,,,,,,
span:AUTH-TAD-0475,cue:TIME_POINT,TRIGGERS_CUE,,,,,,,,,,,
span:AUTH-TAD-0475,rule:R_TEMP_KG_ATTR_01,MATCHES_RULE,,,,,,,,1.0,ATTRIBUTE,128.0,true
span:AUTH-TAD-0475,rule:R_TEMP_KG_ATTR_02,MATCHES_RULE,,,,,,,,2.0,ATTRIBUTE,126.0,true
span:AUTH-TAD-0475,rule:R_TEMP_ATTR_01,MATCHES_RULE,,,,,,,,3.0,ATTRIBUTE,95.0,true
span:AUTH-TAD-0475,rule:R_TEMP_ATTR_03,MATCHES_RULE,,,,,,,,4.0,ATTRIBUTE,88.0,true
span:AUTH-TAD-0475,rule:R_TEMP_ATTR_04,MATCHES_RULE,,,,,,,,5.0,ATTRIBUTE,74.0,true
sentence:SENT-0223,source:GRAMMAR_MANUAL_ADVANCED,DERIVED_FROM,,,,,48,(又+)何必+呢? 事情已经解决了，这 又 何必 呢? 为这点儿小事,,,,,
sentence:SENT-0223,span:AUTH-TAD-0476,HAS_CANDIDATE,,,,,,,,,,,
span:AUTH-TAD-0476,consensus:AUTH-TAD-0476,HAS_CONSENSUS,,,,,,,,,,,
consensus:AUTH-TAD-0476,function:TEMPORAL_ADVERBIAL,MAPS_TO,,,,,,,,,,,
span:AUTH-TAD-0476,cleaning:B_边界复核集,HAS_CLEANING_STATUS,,,,,,,边界集/鲁棒性分析,,,,
span:AUTH-TAD-0476,ambiguity:时间副词_体貌副词边界,HAS_AMBIGUITY,,,,,,,,,,,
span:AUTH-TAD-0476,ambiguity:无重复,HAS_AMBIGUITY,,,,,,,,,,,
span:AUTH-TAD-0476,ambiguity:来源字段完整但仍需正版逐页核验,HAS_AMBIGUITY,,,,,,,,,,,
span:AUTH-TAD-0476,annotation:span:AUTH-TAD-0476:r1,ANNOTATED_BY,,,,,,,,,,,
annotation:span:AUTH-TAD-0476:r1,rater:rater_1,MADE_BY,,,,,,,,,,,
span:AUTH-TAD-0476,annotation:span:AUTH-TAD-0476:r2,ANNOTATED_BY,,,,,,,,,,,
annotation:span:AUTH-TAD-0476:r2,rater:rater_2,MADE_BY,,,,,,,,,,,
span:AUTH-TAD-0476,annotation:span:AUTH-TAD-0476:r3,ANNOTATED_BY,,,,,,,,,,,
annotation:span:AUTH-TAD-0476:r3,rater:rater_3,MADE_BY,,,,,,,,,,,
span:AUTH-TAD-0476,cue:BEFORE_PREDICATE,TRIGGERS_CUE,,,,,,,,,,,
span:AUTH-TAD-0476,cue:EVENT_TIME,TRIGGERS_CUE,,,,,,,,,,,
span:AUTH-TAD-0476,cue:LOCATION_EXPRESSION,TRIGGERS_CUE,,,,,,,,,,,
span:AUTH-TAD-0476,cue:NO_TEMPORAL_EXPRESSION,TRIGGERS_CUE,,,,,,,,,,,
span:AUTH-TAD-0476,cue:TIME_ADVERB,TRIGGERS_CUE,,,,,,,,,,,
span:AUTH-TAD-0476,rule:R_TEMP_OTHER_01,MATCHES_RULE,,,,,,,,1.0,OTHER,90.0,false
span:AUTH-TAD-0476,rule:R_TEMP_ADV_19,MATCHES_RULE,,,,,,,,2.0,TEMPORAL_ADVERBIAL,84.0,true
span:AUTH-TAD-0476,rule:R_TEMP_ADV_08,MATCHES_RULE,,,,,,,,3.0,TEMPORAL_ADVERBIAL,78.0,true
sentence:SENT-0360,source:GRAMMAR_MANUAL_ADVANCED,DERIVED_FROM,,,,,119,◎ 典型例句和对话 例句 交际实践 我经常看到他因 (在教室，谈论大卫) 一件小事,,,,,
sentence:SENT-0360,span:AUTH-TAD-0477,HAS_CANDIDATE,,,,,,,,,,,
span:AUTH-TAD-0477,consensus:AUTH-TAD-0477,HAS_CONSENSUS,,,,,,,,,,,
consensus:AUTH-TAD-0477,function:TEMPORAL_ADVERBIAL,MAPS_TO,,,,,,,,,,,
span:AUTH-TAD-0477,cleaning:B_边界复核集,HAS_CLEANING_STATUS,,,,,,,边界集/鲁棒性分析,,,,
span:AUTH-TAD-0477,ambiguity:时间副词_体貌副词边界,HAS_AMBIGUITY,,,,,,,,,,,
span:AUTH-TAD-0477,ambiguity:无重复,HAS_AMBIGUITY,,,,,,,,,,,
span:AUTH-TAD-0477,ambiguity:来源字段完整但仍需正版逐页核验,HAS_AMBIGUITY,,,,,,,,,,,
span:AUTH-TAD-0477,annotation:span:AUTH-TAD-0477:r1,ANNOTATED_BY,,,,,,,,,,,
annotation:span:AUTH-TAD-0477:r1,rater:rater_1,MADE_BY,,,,,,,,,,,
span:AUTH-TAD-0477,annotation:span:AUTH-TAD-0477:r2,ANNOTATED_BY,,,,,,,,,,,
annotation:span:AUTH-TAD-0477:r2,rater:rater_2,MADE_BY,,,,,,,,,,,
span:AUTH-TAD-0477,annotation:span:AUTH-TAD-0477:r3,ANNOTATED_BY,,,,,,,,,,,
annotation:span:AUTH-TAD-0477:r3,rater:rater_3,MADE_BY,,,,,,,,,,,
span:AUTH-TAD-0477,cue:BEFORE_PREDICATE,TRIGGERS_CUE,,,,,,,,,,,
span:AUTH-TAD-0477,cue:EVENT_TIME,TRIGGERS_CUE,,,,,,,,,,,
span:AUTH-TAD-0477,cue:TIME_FREQUENCY,TRIGGERS_CUE,,,,,,,,,,,
span:AUTH-TAD-0477,rule:R_TEMP_ADV_04,MATCHES_RULE,,,,,,,,1.0,TEMPORAL_ADVERBIAL,84.0,true
span:AUTH-TAD-0477,rule:R_TEMP_KG_ADV_01,MATCHES_RULE,,,,,,,,2.0,TEMPORAL_ADVERBIAL,79.0,true
sentence:SENT-0387,source:GRAMMAR_MANUAL_ADVANCED,DERIVED_FROM,,,,,118,,,,,,
sentence:SENT-0387,span:AUTH-TAD-0478,HAS_CANDIDATE,,,,,,,,,,,
span:AUTH-TAD-0478,consensus:AUTH-TAD-0478,HAS_CONSENSUS,,,,,,,,,,,
consensus:AUTH-TAD-0478,function:ATTRIBUTE,MAPS_TO,,,,,,,,,,,
span:AUTH-TAD-0478,cleaning:B_边界复核集,HAS_CLEANING_STATUS,,,,,,,边界集/鲁棒性分析,,,,
span:AUTH-TAD-0478,ambiguity:页面线索缺失,HAS_AMBIGUITY,,,,,,,,,,,
span:AUTH-TAD-0478,ambiguity:可能为时间定语,HAS_AMBIGUITY,,,,,,,,,,,
span:AUTH-TAD-0478,ambiguity:时量补语_持续时间边界,HAS_AMBIGUITY,,,,,,,,,,,
span:AUTH-TAD-0478,ambiguity:无重复,HAS_AMBIGUITY,,,,,,,,,,,
span:AUTH-TAD-0478,annotation:span:AUTH-TAD-0478:r1,ANNOTATED_BY,,,,,,,,,,,
annotation:span:AUTH-TAD-0478:r1,rater:rater_1,MADE_BY,,,,,,,,,,,
span:AUTH-TAD-0478,annotation:span:AUTH-TAD-0478:r2,ANNOTATED_BY,,,,,,,,,,,
annotation:span:AUTH-TAD-0478:r2,rater:rater_2,MADE_BY,,,,,,,,,,,
span:AUTH-TAD-0478,annotation:span:AUTH-TAD-0478:r3,ANNOTATED_BY,,,,,,,,,,,
annotation:span:AUTH-TAD-0478:r3,rater:rater_3,MADE_BY,,,,,,,,,,,
span:AUTH-TAD-0478,cue:ATTR_DE_DIRECT,TRIGGERS_CUE,,,,,,,,,,,
span:AUTH-TAD-0478,cue:DE_PARTICLE,TRIGGERS_CUE,,,,,,,,,,,
span:AUTH-TAD-0478,cue:NO_TEMPORAL_EXPRESSION,TRIGGERS_CUE,,,,,,,,,,,
span:AUTH-TAD-0478,rule:R_TEMP_KG_ATTR_01,MATCHES_RULE,,,,,,,,1.0,ATTRIBUTE,128.0,true
sentence:SENT-0357,source:GRAMMAR_MANUAL_ADVANCED,DERIVED_FROM,,,,,38,儿子：奶奶怎么哭了? 妈妈：刚才奶奶翻出了一堆旧照片，看着照片，不由,,,,,
sentence:SENT-0357,span:AUTH-TAD-0479,HAS_CANDIDATE,,,,,,,,,,,
span:AUTH-TAD-0479,consensus:AUTH-TAD-0479,HAS_CONSENSUS,,,,,,,,,,,
consensus:AUTH-TAD-0479,function:ATTRIBUTE,MAPS_TO,,,,,,,,,,,
span:AUTH-TAD-0479,cleaning:B_边界复核集,HAS_CLEANING_STATUS,,,,,,,边界集/鲁棒性分析,,,,
span:AUTH-TAD-0479,ambiguity:可能为时间定语,HAS_AMBIGUITY,,,,,,,,,,,
span:AUTH-TAD-0479,ambiguity:无重复,HAS_AMBIGUITY,,,,,,,,,,,
span:AUTH-TAD-0479,ambiguity:来源字段完整但仍需正版逐页核验,HAS_AMBIGUITY,,,,,,,,,,,
span:AUTH-TAD-0479,annotation:span:AUTH-TAD-0479:r1,ANNOTATED_BY,,,,,,,,,,,
annotation:span:AUTH-TAD-0479:r1,rater:rater_1,MADE_BY,,,,,,,,,,,
span:AUTH-TAD-0479,annotation:span:AUTH-TAD-0479:r2,ANNOTATED_BY,,,,,,,,,,,
annotation:span:AUTH-TAD-0479:r2,rater:rater_2,MADE_BY,,,,,,,,,,,
span:AUTH-TAD-0479,annotation:span:AUTH-TAD-0479:r3,ANNOTATED_BY,,,,,,,,,,,
annotation:span:AUTH-TAD-0479:r3,rater:rater_3,MADE_BY,,,,,,,,,,,
span:AUTH-TAD-0479,cue:ATTR_DE_DIRECT,TRIGGERS_CUE,,,,,,,,,,,
span:AUTH-TAD-0479,cue:DE_PARTICLE,TRIGGERS_CUE,,,,,,,,,,,
span:AUTH-TAD-0479,cue:TIME_NOUN,TRIGGERS_CUE,,,,,,,,,,,
span:AUTH-TAD-0479,rule:R_TEMP_KG_ATTR_01,MATCHES_RULE,,,,,,,,1.0,ATTRIBUTE,128.0,true
span:AUTH-TAD-0479,rule:R_TEMP_KG_ADV_02,MATCHES_RULE,,,,,,,,2.0,TEMPORAL_ADVERBIAL,72.0,false
sentence:SENT-0004,source:GRAMMAR_MANUAL_ADVANCED,DERIVED_FROM,,,,,187,) 129 紧缩复句：(要+)动词+就+动词+个+补语 【七—九126】 ◎基本语义及用法 表,,,,,
sentence:SENT-0004,span:AUTH-TAD-0480,HAS_CANDIDATE,,,,,,,,,,,
span:AUTH-TAD-0480,consensus:AUTH-TAD-0480,HAS_CONSENSUS,,,,,,,,,,,
consensus:AUTH-TAD-0480,function:TEMPORAL_ADVERBIAL,MAPS_TO,,,,,,,,,,,
span:AUTH-TAD-0480,cleaning:A_主评测候选,HAS_CLEANING_STATUS,,,,,,,主实验/严格评测,,,,
span:AUTH-TAD-0480,ambiguity:无重复,HAS_AMBIGUITY,,,,,,,,,,,
span:AUTH-TAD-0480,ambiguity:来源字段完整但仍需正版逐页核验,HAS_AMBIGUITY,,,,,,,,,,,
span:AUTH-TAD-0480,annotation:span:AUTH-TAD-0480:r1,ANNOTATED_BY,,,,,,,,,,,
annotation:span:AUTH-TAD-0480:r1,rater:rater_1,MADE_BY,,,,,,,,,,,
span:AUTH-TAD-0480,annotation:span:AUTH-TAD-0480:r2,ANNOTATED_BY,,,,,,,,,,,
annotation:span:AUTH-TAD-0480:r2,rater:rater_2,MADE_BY,,,,,,,,,,,
span:AUTH-TAD-0480,annotation:span:AUTH-TAD-0480:r3,ANNOTATED_BY,,,,,,,,,,,
annotation:span:AUTH-TAD-0480:r3,rater:rater_3,MADE_BY,,,,,,,,,,,
span:AUTH-TAD-0480,cue:BEFORE_PREDICATE,TRIGGERS_CUE,,,,,,,,,,,
span:AUTH-TAD-0480,cue:EVENT_TIME,TRIGGERS_CUE,,,,,,,,,,,
span:AUTH-TAD-0480,cue:TIME_NOUN,TRIGGERS_CUE,,,,,,,,,,,
span:AUTH-TAD-0480,rule:R_TEMP_ADV_01,MATCHES_RULE,,,,,,,,1.0,TEMPORAL_ADVERBIAL,90.0,true
span:AUTH-TAD-0480,rule:R_TEMP_ADV_02,MATCHES_RULE,,,,,,,,2.0,TEMPORAL_ADVERBIAL,88.0,true
span:AUTH-TAD-0480,rule:R_TEMP_KG_ADV_02,MATCHES_RULE,,,,,,,,3.0,TEMPORAL_ADVERBIAL,72.0,true
sentence:SENT-0362,span:AUTH-TAD-0481,HAS_CANDIDATE,,,,,,,,,,,
span:AUTH-TAD-0481,consensus:AUTH-TAD-0481,HAS_CONSENSUS,,,,,,,,,,,
consensus:AUTH-TAD-0481,function:OTHER,MAPS_TO,,,,,,,,,,,
span:AUTH-TAD-0481,cleaning:C_暂不纳入主实验,HAS_CLEANING_STATUS,,,,,,,待复核,,,,
span:AUTH-TAD-0481,ambiguity:候选片段与最终片段不一致,HAS_AMBIGUITY,,,,,,,,,,,
span:AUTH-TAD-0481,ambiguity:非目标时间表达,HAS_AMBIGUITY,,,,,,,,,,,
span:AUTH-TAD-0481,ambiguity:三人标注不完全一致,HAS_AMBIGUITY,,,,,,,,,,,
span:AUTH-TAD-0481,ambiguity:至少一名标注者修正片段,HAS_AMBIGUITY,,,,,,,,,,,
span:AUTH-TAD-0481,ambiguity:同句多候选_重复句,HAS_AMBIGUITY,,,,,,,,,,,
span:AUTH-TAD-0481,ambiguity:来源字段完整但仍需正版逐页核验,HAS_AMBIGUITY,,,,,,,,,,,
span:AUTH-TAD-0481,annotation:span:AUTH-TAD-0481:r1,ANNOTATED_BY,,,,,,,,,,,
annotation:span:AUTH-TAD-0481:r1,rater:rater_1,MADE_BY,,,,,,,,,,,
span:AUTH-TAD-0481,annotation:span:AUTH-TAD-0481:r2,ANNOTATED_BY,,,,,,,,,,,
annotation:span:AUTH-TAD-0481:r2,rater:rater_2,MADE_BY,,,,,,,,,,,
span:AUTH-TAD-0481,annotation:span:AUTH-TAD-0481:r3,ANNOTATED_BY,,,,,,,,,,,
annotation:span:AUTH-TAD-0481:r3,rater:rater_3,MADE_BY,,,,,,,,,,,
span:AUTH-TAD-0481,cue:BEFORE_PREDICATE,TRIGGERS_CUE,,,,,,,,,,,
span:AUTH-TAD-0481,cue:EVENT_TIME,TRIGGERS_CUE,,,,,,,,,,,
span:AUTH-TAD-0481,cue:REVIEW_NON_TARGET_RISK,TRIGGERS_CUE,,,,,,,,,,,
span:AUTH-TAD-0481,cue:SENTENCE_INITIAL,TRIGGERS_CUE,,,,,,,,,,,
span:AUTH-TAD-0481,cue:TIME_NOUN,TRIGGERS_CUE,,,,,,,,,,,
span:AUTH-TAD-0481,rule:R_TEMP_KG_OTHER_01,MATCHES_RULE,,,,,,,,1.0,OTHER,130.0,true
span:AUTH-TAD-0481,rule:R_TEMP_ADV_01,MATCHES_RULE,,,,,,,,2.0,TEMPORAL_ADVERBIAL,90.0,false
span:AUTH-TAD-0481,rule:R_TEMP_ADV_02,MATCHES_RULE,,,,,,,,3.0,TEMPORAL_ADVERBIAL,88.0,false
span:AUTH-TAD-0481,rule:R_TEMP_KG_ADV_02,MATCHES_RULE,,,,,,,,4.0,TEMPORAL_ADVERBIAL,72.0,false
sentence:SENT-0057,source:GRAMMAR_MANUAL_ELEMENTARY,DERIVED_FROM,,,,,272,(在公园门口) (在公司) (在家) A:我以前没来过这 A:你的实习结束了， A:你回,,,,,
sentence:SENT-0057,span:AUTH-TAD-0482,HAS_CANDIDATE,,,,,,,,,,,
span:AUTH-TAD-0482,consensus:AUTH-TAD-0482,HAS_CONSENSUS,,,,,,,,,,,
consensus:AUTH-TAD-0482,function:ATTRIBUTE,MAPS_TO,,,,,,,,,,,
span:AUTH-TAD-0482,cleaning:B_边界复核集,HAS_CLEANING_STATUS,,,,,,,边界集/鲁棒性分析,,,,
span:AUTH-TAD-0482,ambiguity:可能为时间定语,HAS_AMBIGUITY,,,,,,,,,,,
span:AUTH-TAD-0482,ambiguity:无重复,HAS_AMBIGUITY,,,,,,,,,,,
span:AUTH-TAD-0482,ambiguity:来源字段完整但仍需正版逐页核验,HAS_AMBIGUITY,,,,,,,,,,,
span:AUTH-TAD-0482,annotation:span:AUTH-TAD-0482:r1,ANNOTATED_BY,,,,,,,,,,,
annotation:span:AUTH-TAD-0482:r1,rater:rater_1,MADE_BY,,,,,,,,,,,
span:AUTH-TAD-0482,annotation:span:AUTH-TAD-0482:r2,ANNOTATED_BY,,,,,,,,,,,
annotation:span:AUTH-TAD-0482:r2,rater:rater_2,MADE_BY,,,,,,,,,,,
span:AUTH-TAD-0482,annotation:span:AUTH-TAD-0482:r3,ANNOTATED_BY,,,,,,,,,,,
annotation:span:AUTH-TAD-0482:r3,rater:rater_3,MADE_BY,,,,,,,,,,,
span:AUTH-TAD-0482,cue:ATTR_DE_DIRECT,TRIGGERS_CUE,,,,,,,,,,,
span:AUTH-TAD-0482,cue:DE_PARTICLE,TRIGGERS_CUE,,,,,,,,,,,
span:AUTH-TAD-0482,cue:SENTENCE_INITIAL,TRIGGERS_CUE,,,,,,,,,,,
span:AUTH-TAD-0482,cue:TIME_NOUN,TRIGGERS_CUE,,,,,,,,,,,
span:AUTH-TAD-0482,rule:R_TEMP_KG_ATTR_01,MATCHES_RULE,,,,,,,,1.0,ATTRIBUTE,128.0,true
span:AUTH-TAD-0482,rule:R_TEMP_KG_ADV_02,MATCHES_RULE,,,,,,,,2.0,TEMPORAL_ADVERBIAL,72.0,false
sentence:SENT-0468,source:GRAMMAR_MANUAL_ADVANCED,DERIVED_FROM,,,,,62,妻子：我走的时候忘记关煤气了，你帮我关一下儿,,,,,
sentence:SENT-0468,span:AUTH-TAD-0483,HAS_CANDIDATE,,,,,,,,,,,
span:AUTH-TAD-0483,consensus:AUTH-TAD-0483,HAS_CONSENSUS,,,,,,,,,,,
consensus:AUTH-TAD-0483,function:ATTRIBUTE,MAPS_TO,,,,,,,,,,,
span:AUTH-TAD-0483,cleaning:B_边界复核集,HAS_CLEANING_STATUS,,,,,,,边界集/鲁棒性分析,,,,
span:AUTH-TAD-0483,ambiguity:可能为时间定语,HAS_AMBIGUITY,,,,,,,,,,,
span:AUTH-TAD-0483,ambiguity:无重复,HAS_AMBIGUITY,,,,,,,,,,,
span:AUTH-TAD-0483,ambiguity:来源字段完整但仍需正版逐页核验,HAS_AMBIGUITY,,,,,,,,,,,
span:AUTH-TAD-0483,annotation:span:AUTH-TAD-0483:r1,ANNOTATED_BY,,,,,,,,,,,
annotation:span:AUTH-TAD-0483:r1,rater:rater_1,MADE_BY,,,,,,,,,,,
span:AUTH-TAD-0483,annotation:span:AUTH-TAD-0483:r2,ANNOTATED_BY,,,,,,,,,,,
annotation:span:AUTH-TAD-0483:r2,rater:rater_2,MADE_BY,,,,,,,,,,,
span:AUTH-TAD-0483,annotation:span:AUTH-TAD-0483:r3,ANNOTATED_BY,,,,,,,,,,,
annotation:span:AUTH-TAD-0483:r3,rater:rater_3,MADE_BY,,,,,,,,,,,
span:AUTH-TAD-0483,cue:ATTR_DE_DIRECT,TRIGGERS_CUE,,,,,,,,,,,
span:AUTH-TAD-0483,cue:DE_PARTICLE,TRIGGERS_CUE,,,,,,,,,,,
span:AUTH-TAD-0483,cue:TIME_NOUN,TRIGGERS_CUE,,,,,,,,,,,
span:AUTH-TAD-0483,rule:R_TEMP_KG_ATTR_01,MATCHES_RULE,,,,,,,,1.0,ATTRIBUTE,128.0,true
span:AUTH-TAD-0483,rule:R_TEMP_KG_ADV_02,MATCHES_RULE,,,,,,,,2.0,TEMPORAL_ADVERBIAL,72.0,false
sentence:SENT-0089,source:GRAMMAR_MANUAL_INTERMEDIATE,DERIVED_FROM,,,,,156,A:爷爷现在还住在 A:谁是公司本季度 记者：您已经离开家乡多 老房子里吗? 的金牌销售员?,,,,,
sentence:SENT-0089,span:AUTH-TAD-0484,HAS_CANDIDATE,,,,,,,,,,,
span:AUTH-TAD-0484,consensus:AUTH-TAD-0484,HAS_CONSENSUS,,,,,,,,,,,
consensus:AUTH-TAD-0484,function:TEMPORAL_ADVERBIAL,MAPS_TO,,,,,,,,,,,
span:AUTH-TAD-0484,cleaning:B_边界复核集,HAS_CLEANING_STATUS,,,,,,,边界集/鲁棒性分析,,,,
span:AUTH-TAD-0484,ambiguity:时间副词_体貌副词边界,HAS_AMBIGUITY,,,,,,,,,,,
span:AUTH-TAD-0484,ambiguity:无重复,HAS_AMBIGUITY,,,,,,,,,,,
span:AUTH-TAD-0484,ambiguity:来源字段完整但仍需正版逐页核验,HAS_AMBIGUITY,,,,,,,,,,,
span:AUTH-TAD-0484,annotation:span:AUTH-TAD-0484:r1,ANNOTATED_BY,,,,,,,,,,,
annotation:span:AUTH-TAD-0484:r1,rater:rater_1,MADE_BY,,,,,,,,,,,
span:AUTH-TAD-0484,annotation:span:AUTH-TAD-0484:r2,ANNOTATED_BY,,,,,,,,,,,
annotation:span:AUTH-TAD-0484:r2,rater:rater_2,MADE_BY,,,,,,,,,,,
span:AUTH-TAD-0484,annotation:span:AUTH-TAD-0484:r3,ANNOTATED_BY,,,,,,,,,,,
annotation:span:AUTH-TAD-0484:r3,rater:rater_3,MADE_BY,,,,,,,,,,,
span:AUTH-TAD-0484,cue:BEFORE_PREDICATE,TRIGGERS_CUE,,,,,,,,,,,
span:AUTH-TAD-0484,cue:EVENT_TIME,TRIGGERS_CUE,,,,,,,,,,,
span:AUTH-TAD-0484,cue:TIME_ADVERB,TRIGGERS_CUE,,,,,,,,,,,
span:AUTH-TAD-0484,cue:TIME_FREQUENCY,TRIGGERS_CUE,,,,,,,,,,,
span:AUTH-TAD-0484,rule:R_TEMP_ADV_04,MATCHES_RULE,,,,,,,,1.0,TEMPORAL_ADVERBIAL,84.0,true
span:AUTH-TAD-0484,rule:R_TEMP_ADV_19,MATCHES_RULE,,,,,,,,2.0,TEMPORAL_ADVERBIAL,84.0,true
span:AUTH-TAD-0484,rule:R_TEMP_KG_ADV_01,MATCHES_RULE,,,,,,,,3.0,TEMPORAL_ADVERBIAL,79.0,true
span:AUTH-TAD-0484,rule:R_TEMP_ADV_08,MATCHES_RULE,,,,,,,,4.0,TEMPORAL_ADVERBIAL,78.0,true
span:AUTH-TAD-0484,rule:R_TEMP_ADV_11,MATCHES_RULE,,,,,,,,5.0,TEMPORAL_ADVERBIAL,73.0,true
sentence:SENT-0137,source:GRAMMAR_MANUAL_ELEMENTARY,DERIVED_FROM,,,,,30,? 这个周末哪个同学去北京? 您要见哪个学生? 你常常在哪个商店买东西? 你喜欢哪个电影? ◎,,,,,
sentence:SENT-0137,span:AUTH-TAD-0485,HAS_CANDIDATE,,,,,,,,,,,
span:AUTH-TAD-0485,consensus:AUTH-TAD-0485,HAS_CONSENSUS,,,,,,,,,,,
consensus:AUTH-TAD-0485,function:TEMPORAL_ADVERBIAL,MAPS_TO,,,,,,,,,,,
span:AUTH-TAD-0485,cleaning:B_边界复核集,HAS_CLEANING_STATUS,,,,,,,边界集/鲁棒性分析,,,,
span:AUTH-TAD-0485,ambiguity:时间副词_体貌副词边界,HAS_AMBIGUITY,,,,,,,,,,,
span:AUTH-TAD-0485,ambiguity:无重复,HAS_AMBIGUITY,,,,,,,,,,,
span:AUTH-TAD-0485,ambiguity:来源字段完整但仍需正版逐页核验,HAS_AMBIGUITY,,,,,,,,,,,
span:AUTH-TAD-0485,annotation:span:AUTH-TAD-0485:r1,ANNOTATED_BY,,,,,,,,,,,
annotation:span:AUTH-TAD-0485:r1,rater:rater_1,MADE_BY,,,,,,,,,,,
span:AUTH-TAD-0485,annotation:span:AUTH-TAD-0485:r2,ANNOTATED_BY,,,,,,,,,,,
annotation:span:AUTH-TAD-0485:r2,rater:rater_2,MADE_BY,,,,,,,,,,,
span:AUTH-TAD-0485,annotation:span:AUTH-TAD-0485:r3,ANNOTATED_BY,,,,,,,,,,,
annotation:span:AUTH-TAD-0485:r3,rater:rater_3,MADE_BY,,,,,,,,,,,
span:AUTH-TAD-0485,cue:BEFORE_PREDICATE,TRIGGERS_CUE,,,,,,,,,,,
span:AUTH-TAD-0485,cue:EVENT_TIME,TRIGGERS_CUE,,,,,,,,,,,
span:AUTH-TAD-0485,cue:TIME_FREQUENCY,TRIGGERS_CUE,,,,,,,,,,,
span:AUTH-TAD-0485,rule:R_TEMP_ADV_04,MATCHES_RULE,,,,,,,,1.0,TEMPORAL_ADVERBIAL,84.0,true
span:AUTH-TAD-0485,rule:R_TEMP_KG_ADV_01,MATCHES_RULE,,,,,,,,2.0,TEMPORAL_ADVERBIAL,79.0,true
sentence:SENT-0283,source:GRAMMAR_MANUAL_ADVANCED,DERIVED_FROM,,,,,187,) 129 紧缩复句：(要+)动词+就+动词+个+补语 【七—九126】 ◎基本语义及用法 表,,,,,
sentence:SENT-0283,span:AUTH-TAD-0486,HAS_CANDIDATE,,,,,,,,,,,
span:AUTH-TAD-0486,consensus:AUTH-TAD-0486,HAS_CONSENSUS,,,,,,,,,,,
consensus:AUTH-TAD-0486,function:TEMPORAL_ADVERBIAL,MAPS_TO,,,,,,,,,,,
span:AUTH-TAD-0486,cleaning:B_边界复核集,HAS_CLEANING_STATUS,,,,,,,边界集/鲁棒性分析,,,,
span:AUTH-TAD-0486,ambiguity:时量补语_持续时间边界,HAS_AMBIGUITY,,,,,,,,,,,
span:AUTH-TAD-0486,ambiguity:三人标注不完全一致,HAS_AMBIGUITY,,,,,,,,,,,
span:AUTH-TAD-0486,ambiguity:无重复,HAS_AMBIGUITY,,,,,,,,,,,
span:AUTH-TAD-0486,ambiguity:来源字段完整但仍需正版逐页核验,HAS_AMBIGUITY,,,,,,,,,,,
span:AUTH-TAD-0486,annotation:span:AUTH-TAD-0486:r1,ANNOTATED_BY,,,,,,,,,,,
annotation:span:AUTH-TAD-0486:r1,rater:rater_1,MADE_BY,,,,,,,,,,,
span:AUTH-TAD-0486,annotation:span:AUTH-TAD-0486:r2,ANNOTATED_BY,,,,,,,,,,,
annotation:span:AUTH-TAD-0486:r2,rater:rater_2,MADE_BY,,,,,,,,,,,
span:AUTH-TAD-0486,annotation:span:AUTH-TAD-0486:r3,ANNOTATED_BY,,,,,,,,,,,
annotation:span:AUTH-TAD-0486:r3,rater:rater_3,MADE_BY,,,,,,,,,,,
span:AUTH-TAD-0486,cue:BEFORE_PREDICATE,TRIGGERS_CUE,,,,,,,,,,,
span:AUTH-TAD-0486,cue:EVENT_TIME,TRIGGERS_CUE,,,,,,,,,,,
span:AUTH-TAD-0486,cue:NO_TEMPORAL_EXPRESSION,TRIGGERS_CUE,,,,,,,,,,,
sentence:SENT-0446,span:AUTH-TAD-0487,HAS_CANDIDATE,,,,,,,,,,,
span:AUTH-TAD-0487,consensus:AUTH-TAD-0487,HAS_CONSENSUS,,,,,,,,,,,
consensus:AUTH-TAD-0487,function:COMPLEMENT,MAPS_TO,,,,,,,,,,,
span:AUTH-TAD-0487,cleaning:B_边界复核集,HAS_CLEANING_STATUS,,,,,,,边界集/鲁棒性分析,,,,
span:AUTH-TAD-0487,ambiguity:时量补语_持续时间边界,HAS_AMBIGUITY,,,,,,,,,,,
span:AUTH-TAD-0487,ambiguity:同句多候选_重复句,HAS_AMBIGUITY,,,,,,,,,,,
span:AUTH-TAD-0487,ambiguity:来源字段完整但仍需正版逐页核验,HAS_AMBIGUITY,,,,,,,,,,,
span:AUTH-TAD-0487,annotation:span:AUTH-TAD-0487:r1,ANNOTATED_BY,,,,,,,,,,,
annotation:span:AUTH-TAD-0487:r1,rater:rater_1,MADE_BY,,,,,,,,,,,
span:AUTH-TAD-0487,annotation:span:AUTH-TAD-0487:r2,ANNOTATED_BY,,,,,,,,,,,
annotation:span:AUTH-TAD-0487:r2,rater:rater_2,MADE_BY,,,,,,,,,,,
span:AUTH-TAD-0487,annotation:span:AUTH-TAD-0487:r3,ANNOTATED_BY,,,,,,,,,,,
annotation:span:AUTH-TAD-0487:r3,rater:rater_3,MADE_BY,,,,,,,,,,,
span:AUTH-TAD-0487,cue:AFTER_VERB,TRIGGERS_CUE,,,,,,,,,,,
span:AUTH-TAD-0487,cue:COMPLEMENT_DURATION_CONTEXT,TRIGGERS_CUE,,,,,,,,,,,
span:AUTH-TAD-0487,cue:DURATION_COMPLEMENT,TRIGGERS_CUE,,,,,,,,,,,
span:AUTH-TAD-0487,cue:TIME_DURATION,TRIGGERS_CUE,,,,,,,,,,,
span:AUTH-TAD-0487,rule:R_TEMP_KG_COMP_01,MATCHES_RULE,,,,,,,,1.0,COMPLEMENT,127.0,true
span:AUTH-TAD-0487,rule:R_TEMP_COMP_01,MATCHES_RULE,,,,,,,,2.0,COMPLEMENT,96.0,true
span:AUTH-TAD-0487,rule:R_TEMP_COMP_02,MATCHES_RULE,,,,,,,,3.0,COMPLEMENT,95.0,true
span:AUTH-TAD-0487,rule:R_TEMP_COMP_07,MATCHES_RULE,,,,,,,,4.0,COMPLEMENT,94.0,true
sentence:SENT-0335,source:GRAMMAR_MANUAL_ELEMENTARY,DERIVED_FROM,,,,,248,级语法点 ◎ 补充例句 你们什么时候见面? 他为什么想学中文? 咱们什么时候,,,,,
sentence:SENT-0335,span:AUTH-TAD-0488,HAS_CANDIDATE,,,,,,,,,,,
span:AUTH-TAD-0488,consensus:AUTH-TAD-0488,HAS_CONSENSUS,,,,,,,,,,,
consensus:AUTH-TAD-0488,function:TEMPORAL_ADVERBIAL,MAPS_TO,,,,,,,,,,,
span:AUTH-TAD-0488,cleaning:B_边界复核集,HAS_CLEANING_STATUS,,,,,,,边界集/鲁棒性分析,,,,
span:AUTH-TAD-0488,ambiguity:三人标注不完全一致,HAS_AMBIGUITY,,,,,,,,,,,
span:AUTH-TAD-0488,ambiguity:无重复,HAS_AMBIGUITY,,,,,,,,,,,
span:AUTH-TAD-0488,ambiguity:来源字段完整但仍需正版逐页核验,HAS_AMBIGUITY,,,,,,,,,,,
span:AUTH-TAD-0488,annotation:span:AUTH-TAD-0488:r1,ANNOTATED_BY,,,,,,,,,,,
annotation:span:AUTH-TAD-0488:r1,rater:rater_1,MADE_BY,,,,,,,,,,,
span:AUTH-TAD-0488,annotation:span:AUTH-TAD-0488:r2,ANNOTATED_BY,,,,,,,,,,,
annotation:span:AUTH-TAD-0488:r2,rater:rater_2,MADE_BY,,,,,,,,,,,
span:AUTH-TAD-0488,annotation:span:AUTH-TAD-0488:r3,ANNOTATED_BY,,,,,,,,,,,
annotation:span:AUTH-TAD-0488:r3,rater:rater_3,MADE_BY,,,,,,,,,,,
span:AUTH-TAD-0488,cue:BEFORE_PREDICATE,TRIGGERS_CUE,,,,,,,,,,,
span:AUTH-TAD-0488,cue:EVENT_TIME,TRIGGERS_CUE,,,,,,,,,,,
span:AUTH-TAD-0488,cue:SENTENCE_INITIAL,TRIGGERS_CUE,,,,,,,,,,,
span:AUTH-TAD-0488,cue:TIME_NOUN,TRIGGERS_CUE,,,,,,,,,,,
span:AUTH-TAD-0488,rule:R_TEMP_ADV_01,MATCHES_RULE,,,,,,,,1.0,TEMPORAL_ADVERBIAL,90.0,true
span:AUTH-TAD-0488,rule:R_TEMP_ADV_02,MATCHES_RULE,,,,,,,,2.0,TEMPORAL_ADVERBIAL,88.0,true
span:AUTH-TAD-0488,rule:R_TEMP_KG_ADV_02,MATCHES_RULE,,,,,,,,3.0,TEMPORAL_ADVERBIAL,72.0,true
sentence:SENT-0114,source:GRAMMAR_MANUAL_INTERMEDIATE,DERIVED_FROM,,,,,254,这苹果再放下去就坏了，到时候卖也卖不得，吃也吃不得,,,,,
sentence:SENT-0114,span:AUTH-TAD-0489,HAS_CANDIDATE,,,,,,,,,,,
span:AUTH-TAD-0489,consensus:AUTH-TAD-0489,HAS_CONSENSUS,,,,,,,,,,,
consensus:AUTH-TAD-0489,function:TEMPORAL_ADVERBIAL,MAPS_TO,,,,,,,,,,,
span:AUTH-TAD-0489,cleaning:A_主评测候选,HAS_CLEANING_STATUS,,,,,,,主实验/严格评测,,,,
span:AUTH-TAD-0489,ambiguity:无重复,HAS_AMBIGUITY,,,,,,,,,,,
span:AUTH-TAD-0489,ambiguity:来源字段完整但仍需正版逐页核验,HAS_AMBIGUITY,,,,,,,,,,,
span:AUTH-TAD-0489,annotation:span:AUTH-TAD-0489:r1,ANNOTATED_BY,,,,,,,,,,,
annotation:span:AUTH-TAD-0489:r1,rater:rater_1,MADE_BY,,,,,,,,,,,
span:AUTH-TAD-0489,annotation:span:AUTH-TAD-0489:r2,ANNOTATED_BY,,,,,,,,,,,
annotation:span:AUTH-TAD-0489:r2,rater:rater_2,MADE_BY,,,,,,,,,,,
span:AUTH-TAD-0489,annotation:span:AUTH-TAD-0489:r3,ANNOTATED_BY,,,,,,,,,,,
annotation:span:AUTH-TAD-0489:r3,rater:rater_3,MADE_BY,,,,,,,,,,,
span:AUTH-TAD-0489,cue:BEFORE_PREDICATE,TRIGGERS_CUE,,,,,,,,,,,
span:AUTH-TAD-0489,cue:EVENT_TIME,TRIGGERS_CUE,,,,,,,,,,,
span:AUTH-TAD-0489,cue:TIME_ADVERB,TRIGGERS_CUE,,,,,,,,,,,
span:AUTH-TAD-0489,cue:TIME_NOUN,TRIGGERS_CUE,,,,,,,,,,,
span:AUTH-TAD-0489,cue:TIME_POINT,TRIGGERS_CUE,,,,,,,,,,,
span:AUTH-TAD-0489,rule:R_TEMP_ADV_01,MATCHES_RULE,,,,,,,,1.0,TEMPORAL_ADVERBIAL,90.0,true
span:AUTH-TAD-0489,rule:R_TEMP_ADV_02,MATCHES_RULE,,,,,,,,2.0,TEMPORAL_ADVERBIAL,88.0,true
span:AUTH-TAD-0489,rule:R_TEMP_ADV_19,MATCHES_RULE,,,,,,,,3.0,TEMPORAL_ADVERBIAL,84.0,true
span:AUTH-TAD-0489,rule:R_TEMP_ADV_08,MATCHES_RULE,,,,,,,,4.0,TEMPORAL_ADVERBIAL,78.0,true
span:AUTH-TAD-0489,rule:R_TEMP_ADV_10,MATCHES_RULE,,,,,,,,5.0,TEMPORAL_ADVERBIAL,75.0,true
sentence:SENT-0375,source:GRAMMAR_MANUAL_ADVANCED,DERIVED_FROM,,,,,65,◎ 补充例句 他每天的工作无非就是联系客户、推销新产品,,,,,
sentence:SENT-0375,span:AUTH-TAD-0490,HAS_CANDIDATE,,,,,,,,,,,
span:AUTH-TAD-0490,consensus:AUTH-TAD-0490,HAS_CONSENSUS,,,,,,,,,,,
consensus:AUTH-TAD-0490,function:TEMPORAL_ADVERBIAL,MAPS_TO,,,,,,,,,,,
span:AUTH-TAD-0490,cleaning:A_主评测候选,HAS_CLEANING_STATUS,,,,,,,主实验/严格评测,,,,
span:AUTH-TAD-0490,ambiguity:无重复,HAS_AMBIGUITY,,,,,,,,,,,
span:AUTH-TAD-0490,ambiguity:来源字段完整但仍需正版逐页核验,HAS_AMBIGUITY,,,,,,,,,,,
span:AUTH-TAD-0490,annotation:span:AUTH-TAD-0490:r1,ANNOTATED_BY,,,,,,,,,,,
annotation:span:AUTH-TAD-0490:r1,rater:rater_1,MADE_BY,,,,,,,,,,,
span:AUTH-TAD-0490,annotation:span:AUTH-TAD-0490:r2,ANNOTATED_BY,,,,,,,,,,,
annotation:span:AUTH-TAD-0490:r2,rater:rater_2,MADE_BY,,,,,,,,,,,
span:AUTH-TAD-0490,annotation:span:AUTH-TAD-0490:r3,ANNOTATED_BY,,,,,,,,,,,
annotation:span:AUTH-TAD-0490:r3,rater:rater_3,MADE_BY,,,,,,,,,,,
span:AUTH-TAD-0490,cue:BEFORE_PREDICATE,TRIGGERS_CUE,,,,,,,,,,,
span:AUTH-TAD-0490,cue:EVENT_TIME,TRIGGERS_CUE,,,,,,,,,,,
span:AUTH-TAD-0490,cue:SENTENCE_INITIAL,TRIGGERS_CUE,,,,,,,,,,,
span:AUTH-TAD-0490,cue:TIME_FREQUENCY,TRIGGERS_CUE,,,,,,,,,,,
span:AUTH-TAD-0490,rule:R_TEMP_ADV_04,MATCHES_RULE,,,,,,,,1.0,TEMPORAL_ADVERBIAL,84.0,true
span:AUTH-TAD-0490,rule:R_TEMP_KG_ADV_01,MATCHES_RULE,,,,,,,,2.0,TEMPORAL_ADVERBIAL,79.0,true
sentence:SENT-0290,source:GRAMMAR_MANUAL_ELEMENTARY,DERIVED_FROM,,,,,280,级语法点 20 时间副词(3):曾经 【三14】 ◎基本语义及用法 表示某种,,,,,
sentence:SENT-0290,span:AUTH-TAD-0491,HAS_CANDIDATE,,,,,,,,,,,
span:AUTH-TAD-0491,consensus:AUTH-TAD-0491,HAS_CONSENSUS,,,,,,,,,,,
consensus:AUTH-TAD-0491,function:COMPLEMENT,MAPS_TO,,,,,,,,,,,
span:AUTH-TAD-0491,cleaning:B_边界复核集,HAS_CLEANING_STATUS,,,,,,,边界集/鲁棒性分析,,,,
span:AUTH-TAD-0491,ambiguity:时量补语_持续时间边界,HAS_AMBIGUITY,,,,,,,,,,,
span:AUTH-TAD-0491,ambiguity:无重复,HAS_AMBIGUITY,,,,,,,,,,,
span:AUTH-TAD-0491,ambiguity:来源字段完整但仍需正版逐页核验,HAS_AMBIGUITY,,,,,,,,,,,
span:AUTH-TAD-0491,annotation:span:AUTH-TAD-0491:r1,ANNOTATED_BY,,,,,,,,,,,
annotation:span:AUTH-TAD-0491:r1,rater:rater_1,MADE_BY,,,,,,,,,,,
span:AUTH-TAD-0491,annotation:span:AUTH-TAD-0491:r2,ANNOTATED_BY,,,,,,,,,,,
annotation:span:AUTH-TAD-0491:r2,rater:rater_2,MADE_BY,,,,,,,,,,,
span:AUTH-TAD-0491,annotation:span:AUTH-TAD-0491:r3,ANNOTATED_BY,,,,,,,,,,,
annotation:span:AUTH-TAD-0491:r3,rater:rater_3,MADE_BY,,,,,,,,,,,
span:AUTH-TAD-0491,cue:AFTER_VERB,TRIGGERS_CUE,,,,,,,,,,,
span:AUTH-TAD-0491,cue:COMPLEMENT_DURATION_CONTEXT,TRIGGERS_CUE,,,,,,,,,,,
span:AUTH-TAD-0491,cue:DURATION_COMPLEMENT,TRIGGERS_CUE,,,,,,,,,,,
span:AUTH-TAD-0491,cue:TIME_DURATION,TRIGGERS_CUE,,,,,,,,,,,
span:AUTH-TAD-0491,rule:R_TEMP_KG_COMP_01,MATCHES_RULE,,,,,,,,1.0,COMPLEMENT,127.0,true
span:AUTH-TAD-0491,rule:R_TEMP_COMP_01,MATCHES_RULE,,,,,,,,2.0,COMPLEMENT,96.0,true
span:AUTH-TAD-0491,rule:R_TEMP_COMP_02,MATCHES_RULE,,,,,,,,3.0,COMPLEMENT,95.0,true
span:AUTH-TAD-0491,rule:R_TEMP_COMP_07,MATCHES_RULE,,,,,,,,4.0,COMPLEMENT,94.0,true
sentence:SENT-0282,source:GRAMMAR_MANUAL_ADVANCED,DERIVED_FROM,,,,,86,：矣 【七一九058】 ◎基本语义及用法 用来描述已经发生或将要发生的事情的发展变化，用在句末,,,,,
sentence:SENT-0282,span:AUTH-TAD-0492,HAS_CANDIDATE,,,,,,,,,,,
span:AUTH-TAD-0492,consensus:AUTH-TAD-0492,HAS_CONSENSUS,,,,,,,,,,,
consensus:AUTH-TAD-0492,function:COMPLEMENT,MAPS_TO,,,,,,,,,,,
span:AUTH-TAD-0492,cleaning:B_边界复核集,HAS_CLEANING_STATUS,,,,,,,边界集/鲁棒性分析,,,,
span:AUTH-TAD-0492,ambiguity:时量补语_持续时间边界,HAS_AMBIGUITY,,,,,,,,,,,
span:AUTH-TAD-0492,ambiguity:无重复,HAS_AMBIGUITY,,,,,,,,,,,
span:AUTH-TAD-0492,ambiguity:来源字段完整但仍需正版逐页核验,HAS_AMBIGUITY,,,,,,,,,,,
span:AUTH-TAD-0492,annotation:span:AUTH-TAD-0492:r1,ANNOTATED_BY,,,,,,,,,,,
annotation:span:AUTH-TAD-0492:r1,rater:rater_1,MADE_BY,,,,,,,,,,,
span:AUTH-TAD-0492,annotation:span:AUTH-TAD-0492:r2,ANNOTATED_BY,,,,,,,,,,,
annotation:span:AUTH-TAD-0492:r2,rater:rater_2,MADE_BY,,,,,,,,,,,
span:AUTH-TAD-0492,annotation:span:AUTH-TAD-0492:r3,ANNOTATED_BY,,,,,,,,,,,
annotation:span:AUTH-TAD-0492:r3,rater:rater_3,MADE_BY,,,,,,,,,,,
span:AUTH-TAD-0492,cue:AFTER_VERB,TRIGGERS_CUE,,,,,,,,,,,
span:AUTH-TAD-0492,cue:COMPLEMENT_DURATION_CONTEXT,TRIGGERS_CUE,,,,,,,,,,,
span:AUTH-TAD-0492,cue:DURATION_COMPLEMENT,TRIGGERS_CUE,,,,,,,,,,,
span:AUTH-TAD-0492,cue:TIME_DURATION,TRIGGERS_CUE,,,,,,,,,,,
span:AUTH-TAD-0492,rule:R_TEMP_KG_COMP_01,MATCHES_RULE,,,,,,,,1.0,COMPLEMENT,127.0,true
span:AUTH-TAD-0492,rule:R_TEMP_COMP_01,MATCHES_RULE,,,,,,,,2.0,COMPLEMENT,96.0,true
span:AUTH-TAD-0492,rule:R_TEMP_COMP_02,MATCHES_RULE,,,,,,,,3.0,COMPLEMENT,95.0,true
span:AUTH-TAD-0492,rule:R_TEMP_COMP_07,MATCHES_RULE,,,,,,,,4.0,COMPLEMENT,94.0,true
sentence:SENT-0120,source:GRAMMAR_MANUAL_ELEMENTARY,DERIVED_FROM,,,,,154,级语法点 34频率、重复副词(2):经常 【二16】 ◎基本语义及用法 表示某动,,,,,
sentence:SENT-0120,span:AUTH-TAD-0493,HAS_CANDIDATE,,,,,,,,,,,
span:AUTH-TAD-0493,consensus:AUTH-TAD-0493,HAS_CONSENSUS,,,,,,,,,,,
consensus:AUTH-TAD-0493,function:TEMPORAL_ADVERBIAL,MAPS_TO,,,,,,,,,,,
span:AUTH-TAD-0493,cleaning:B_边界复核集,HAS_CLEANING_STATUS,,,,,,,边界集/鲁棒性分析,,,,
span:AUTH-TAD-0493,ambiguity:时间副词_体貌副词边界,HAS_AMBIGUITY,,,,,,,,,,,
span:AUTH-TAD-0493,ambiguity:无重复,HAS_AMBIGUITY,,,,,,,,,,,
span:AUTH-TAD-0493,ambiguity:来源字段完整但仍需正版逐页核验,HAS_AMBIGUITY,,,,,,,,,,,
span:AUTH-TAD-0493,annotation:span:AUTH-TAD-0493:r1,ANNOTATED_BY,,,,,,,,,,,
annotation:span:AUTH-TAD-0493:r1,rater:rater_1,MADE_BY,,,,,,,,,,,
span:AUTH-TAD-0493,annotation:span:AUTH-TAD-0493:r2,ANNOTATED_BY,,,,,,,,,,,
annotation:span:AUTH-TAD-0493:r2,rater:rater_2,MADE_BY,,,,,,,,,,,
span:AUTH-TAD-0493,annotation:span:AUTH-TAD-0493:r3,ANNOTATED_BY,,,,,,,,,,,
annotation:span:AUTH-TAD-0493:r3,rater:rater_3,MADE_BY,,,,,,,,,,,
span:AUTH-TAD-0493,cue:BEFORE_PREDICATE,TRIGGERS_CUE,,,,,,,,,,,
span:AUTH-TAD-0493,cue:EVENT_TIME,TRIGGERS_CUE,,,,,,,,,,,
span:AUTH-TAD-0493,cue:TIME_FREQUENCY,TRIGGERS_CUE,,,,,,,,,,,
span:AUTH-TAD-0493,rule:R_TEMP_ADV_04,MATCHES_RULE,,,,,,,,1.0,TEMPORAL_ADVERBIAL,84.0,true
span:AUTH-TAD-0493,rule:R_TEMP_KG_ADV_01,MATCHES_RULE,,,,,,,,2.0,TEMPORAL_ADVERBIAL,79.0,true
sentence:SENT-0015,source:GRAMMAR_MANUAL_ELEMENTARY,DERIVED_FROM,,,,,111,B:不用，马上就干完了,,,,,
sentence:SENT-0015,span:AUTH-TAD-0494,HAS_CANDIDATE,,,,,,,,,,,
span:AUTH-TAD-0494,consensus:AUTH-TAD-0494,HAS_CONSENSUS,,,,,,,,,,,
consensus:AUTH-TAD-0494,function:TEMPORAL_ADVERBIAL,MAPS_TO,,,,,,,,,,,
span:AUTH-TAD-0494,cleaning:B_边界复核集,HAS_CLEANING_STATUS,,,,,,,边界集/鲁棒性分析,,,,
span:AUTH-TAD-0494,ambiguity:时间副词_体貌副词边界,HAS_AMBIGUITY,,,,,,,,,,,
span:AUTH-TAD-0494,ambiguity:无重复,HAS_AMBIGUITY,,,,,,,,,,,
span:AUTH-TAD-0494,ambiguity:来源字段完整但仍需正版逐页核验,HAS_AMBIGUITY,,,,,,,,,,,
span:AUTH-TAD-0494,annotation:span:AUTH-TAD-0494:r1,ANNOTATED_BY,,,,,,,,,,,
annotation:span:AUTH-TAD-0494:r1,rater:rater_1,MADE_BY,,,,,,,,,,,
span:AUTH-TAD-0494,annotation:span:AUTH-TAD-0494:r2,ANNOTATED_BY,,,,,,,,,,,
annotation:span:AUTH-TAD-0494:r2,rater:rater_2,MADE_BY,,,,,,,,,,,
span:AUTH-TAD-0494,annotation:span:AUTH-TAD-0494:r3,ANNOTATED_BY,,,,,,,,,,,
annotation:span:AUTH-TAD-0494:r3,rater:rater_3,MADE_BY,,,,,,,,,,,
span:AUTH-TAD-0494,cue:BEFORE_PREDICATE,TRIGGERS_CUE,,,,,,,,,,,
span:AUTH-TAD-0494,cue:EVENT_TIME,TRIGGERS_CUE,,,,,,,,,,,
span:AUTH-TAD-0494,cue:LOCATION_EXPRESSION,TRIGGERS_CUE,,,,,,,,,,,
span:AUTH-TAD-0494,cue:NO_TEMPORAL_EXPRESSION,TRIGGERS_CUE,,,,,,,,,,,
span:AUTH-TAD-0494,cue:TIME_ADVERB,TRIGGERS_CUE,,,,,,,,,,,
span:AUTH-TAD-0494,rule:R_TEMP_OTHER_01,MATCHES_RULE,,,,,,,,1.0,OTHER,90.0,false
span:AUTH-TAD-0494,rule:R_TEMP_ADV_19,MATCHES_RULE,,,,,,,,2.0,TEMPORAL_ADVERBIAL,84.0,true
span:AUTH-TAD-0494,rule:R_TEMP_ADV_08,MATCHES_RULE,,,,,,,,3.0,TEMPORAL_ADVERBIAL,78.0,true
sentence:SENT-0294,source:GRAMMAR_MANUAL_ELEMENTARY,DERIVED_FROM,,,,,152,级语法点 例句 校长已经下班了,,,,,
sentence:SENT-0294,span:AUTH-TAD-0495,HAS_CANDIDATE,,,,,,,,,,,
span:AUTH-TAD-0495,consensus:AUTH-TAD-0495,HAS_CONSENSUS,,,,,,,,,,,
consensus:AUTH-TAD-0495,function:COMPLEMENT,MAPS_TO,,,,,,,,,,,
span:AUTH-TAD-0495,cleaning:B_边界复核集,HAS_CLEANING_STATUS,,,,,,,边界集/鲁棒性分析,,,,
span:AUTH-TAD-0495,ambiguity:时量补语_持续时间边界,HAS_AMBIGUITY,,,,,,,,,,,
span:AUTH-TAD-0495,ambiguity:无重复,HAS_AMBIGUITY,,,,,,,,,,,
span:AUTH-TAD-0495,ambiguity:来源字段完整但仍需正版逐页核验,HAS_AMBIGUITY,,,,,,,,,,,
span:AUTH-TAD-0495,annotation:span:AUTH-TAD-0495:r1,ANNOTATED_BY,,,,,,,,,,,
annotation:span:AUTH-TAD-0495:r1,rater:rater_1,MADE_BY,,,,,,,,,,,
span:AUTH-TAD-0495,annotation:span:AUTH-TAD-0495:r2,ANNOTATED_BY,,,,,,,,,,,
annotation:span:AUTH-TAD-0495:r2,rater:rater_2,MADE_BY,,,,,,,,,,,
span:AUTH-TAD-0495,annotation:span:AUTH-TAD-0495:r3,ANNOTATED_BY,,,,,,,,,,,
annotation:span:AUTH-TAD-0495:r3,rater:rater_3,MADE_BY,,,,,,,,,,,
span:AUTH-TAD-0495,cue:AFTER_VERB,TRIGGERS_CUE,,,,,,,,,,,
span:AUTH-TAD-0495,cue:COMPLEMENT_DURATION_CONTEXT,TRIGGERS_CUE,,,,,,,,,,,
span:AUTH-TAD-0495,cue:DURATION_COMPLEMENT,TRIGGERS_CUE,,,,,,,,,,,
span:AUTH-TAD-0495,cue:TIME_DURATION,TRIGGERS_CUE,,,,,,,,,,,
span:AUTH-TAD-0495,rule:R_TEMP_KG_COMP_01,MATCHES_RULE,,,,,,,,1.0,COMPLEMENT,127.0,true
span:AUTH-TAD-0495,rule:R_TEMP_COMP_01,MATCHES_RULE,,,,,,,,2.0,COMPLEMENT,96.0,true
span:AUTH-TAD-0495,rule:R_TEMP_COMP_02,MATCHES_RULE,,,,,,,,3.0,COMPLEMENT,95.0,true
span:AUTH-TAD-0495,rule:R_TEMP_COMP_07,MATCHES_RULE,,,,,,,,4.0,COMPLEMENT,94.0,true
sentence:SENT-0175,source:GRAMMAR_MANUAL_ADVANCED,DERIVED_FROM,,,,,104,◎ 典型例句和对话 例句 交际实践 可不是，警察都已经 (在小区门口，询问出了什么事) 来了,,,,,
sentence:SENT-0175,span:AUTH-TAD-0496,HAS_CANDIDATE,,,,,,,,,,,
span:AUTH-TAD-0496,consensus:AUTH-TAD-0496,HAS_CONSENSUS,,,,,,,,,,,
consensus:AUTH-TAD-0496,function:TEMPORAL_ADVERBIAL,MAPS_TO,,,,,,,,,,,
span:AUTH-TAD-0496,cleaning:B_边界复核集,HAS_CLEANING_STATUS,,,,,,,边界集/鲁棒性分析,,,,
span:AUTH-TAD-0496,ambiguity:时间副词_体貌副词边界,HAS_AMBIGUITY,,,,,,,,,,,
span:AUTH-TAD-0496,ambiguity:无重复,HAS_AMBIGUITY,,,,,,,,,,,
span:AUTH-TAD-0496,ambiguity:来源字段完整但仍需正版逐页核验,HAS_AMBIGUITY,,,,,,,,,,,
span:AUTH-TAD-0496,annotation:span:AUTH-TAD-0496:r1,ANNOTATED_BY,,,,,,,,,,,
annotation:span:AUTH-TAD-0496:r1,rater:rater_1,MADE_BY,,,,,,,,,,,
span:AUTH-TAD-0496,annotation:span:AUTH-TAD-0496:r2,ANNOTATED_BY,,,,,,,,,,,
annotation:span:AUTH-TAD-0496:r2,rater:rater_2,MADE_BY,,,,,,,,,,,
span:AUTH-TAD-0496,annotation:span:AUTH-TAD-0496:r3,ANNOTATED_BY,,,,,,,,,,,
annotation:span:AUTH-TAD-0496:r3,rater:rater_3,MADE_BY,,,,,,,,,,,
span:AUTH-TAD-0496,cue:BEFORE_PREDICATE,TRIGGERS_CUE,,,,,,,,,,,
span:AUTH-TAD-0496,cue:EVENT_TIME,TRIGGERS_CUE,,,,,,,,,,,
span:AUTH-TAD-0496,cue:TIME_FREQUENCY,TRIGGERS_CUE,,,,,,,,,,,
span:AUTH-TAD-0496,rule:R_TEMP_ADV_04,MATCHES_RULE,,,,,,,,1.0,TEMPORAL_ADVERBIAL,84.0,true
span:AUTH-TAD-0496,rule:R_TEMP_KG_ADV_01,MATCHES_RULE,,,,,,,,2.0,TEMPORAL_ADVERBIAL,79.0,true
sentence:SENT-0328,span:AUTH-TAD-0497,HAS_CANDIDATE,,,,,,,,,,,
span:AUTH-TAD-0497,consensus:AUTH-TAD-0497,HAS_CONSENSUS,,,,,,,,,,,
consensus:AUTH-TAD-0497,function:TEMPORAL_ADVERBIAL,MAPS_TO,,,,,,,,,,,
span:AUTH-TAD-0497,cleaning:A_主评测候选,HAS_CLEANING_STATUS,,,,,,,主实验/严格评测,,,,
span:AUTH-TAD-0497,ambiguity:同句多候选_重复句,HAS_AMBIGUITY,,,,,,,,,,,
span:AUTH-TAD-0497,ambiguity:来源字段完整但仍需正版逐页核验,HAS_AMBIGUITY,,,,,,,,,,,
span:AUTH-TAD-0497,annotation:span:AUTH-TAD-0497:r1,ANNOTATED_BY,,,,,,,,,,,
annotation:span:AUTH-TAD-0497:r1,rater:rater_1,MADE_BY,,,,,,,,,,,
span:AUTH-TAD-0497,annotation:span:AUTH-TAD-0497:r2,ANNOTATED_BY,,,,,,,,,,,
annotation:span:AUTH-TAD-0497:r2,rater:rater_2,MADE_BY,,,,,,,,,,,
span:AUTH-TAD-0497,annotation:span:AUTH-TAD-0497:r3,ANNOTATED_BY,,,,,,,,,,,
annotation:span:AUTH-TAD-0497:r3,rater:rater_3,MADE_BY,,,,,,,,,,,
span:AUTH-TAD-0497,cue:BEFORE_PREDICATE,TRIGGERS_CUE,,,,,,,,,,,
span:AUTH-TAD-0497,cue:EVENT_TIME,TRIGGERS_CUE,,,,,,,,,,,
span:AUTH-TAD-0497,cue:TIME_NOUN,TRIGGERS_CUE,,,,,,,,,,,
span:AUTH-TAD-0497,rule:R_TEMP_ADV_01,MATCHES_RULE,,,,,,,,1.0,TEMPORAL_ADVERBIAL,90.0,true
span:AUTH-TAD-0497,rule:R_TEMP_ADV_02,MATCHES_RULE,,,,,,,,2.0,TEMPORAL_ADVERBIAL,88.0,true
span:AUTH-TAD-0497,rule:R_TEMP_KG_ADV_02,MATCHES_RULE,,,,,,,,3.0,TEMPORAL_ADVERBIAL,72.0,true
sentence:SENT-0324,source:GRAMMAR_MANUAL_INTERMEDIATE,DERIVED_FROM,,,,,167,麦克不爱干家务，妈妈打扫卫生的时候，他干脆躲了出去,,,,,
sentence:SENT-0324,span:AUTH-TAD-0498,HAS_CANDIDATE,,,,,,,,,,,
span:AUTH-TAD-0498,consensus:AUTH-TAD-0498,HAS_CONSENSUS,,,,,,,,,,,
consensus:AUTH-TAD-0498,function:TEMPORAL_ADVERBIAL,MAPS_TO,,,,,,,,,,,
span:AUTH-TAD-0498,cleaning:A_主评测候选,HAS_CLEANING_STATUS,,,,,,,主实验/严格评测,,,,
span:AUTH-TAD-0498,ambiguity:无重复,HAS_AMBIGUITY,,,,,,,,,,,
span:AUTH-TAD-0498,ambiguity:来源字段完整但仍需正版逐页核验,HAS_AMBIGUITY,,,,,,,,,,,
span:AUTH-TAD-0498,annotation:span:AUTH-TAD-0498:r1,ANNOTATED_BY,,,,,,,,,,,
annotation:span:AUTH-TAD-0498:r1,rater:rater_1,MADE_BY,,,,,,,,,,,
span:AUTH-TAD-0498,annotation:span:AUTH-TAD-0498:r2,ANNOTATED_BY,,,,,,,,,,,
annotation:span:AUTH-TAD-0498:r2,rater:rater_2,MADE_BY,,,,,,,,,,,
span:AUTH-TAD-0498,annotation:span:AUTH-TAD-0498:r3,ANNOTATED_BY,,,,,,,,,,,
annotation:span:AUTH-TAD-0498:r3,rater:rater_3,MADE_BY,,,,,,,,,,,
span:AUTH-TAD-0498,cue:BEFORE_PREDICATE,TRIGGERS_CUE,,,,,,,,,,,
span:AUTH-TAD-0498,cue:EVENT_TIME,TRIGGERS_CUE,,,,,,,,,,,
span:AUTH-TAD-0498,cue:TIME_NOUN,TRIGGERS_CUE,,,,,,,,,,,
span:AUTH-TAD-0498,rule:R_TEMP_ADV_01,MATCHES_RULE,,,,,,,,1.0,TEMPORAL_ADVERBIAL,90.0,true
span:AUTH-TAD-0498,rule:R_TEMP_ADV_02,MATCHES_RULE,,,,,,,,2.0,TEMPORAL_ADVERBIAL,88.0,true
span:AUTH-TAD-0498,rule:R_TEMP_KG_ADV_02,MATCHES_RULE,,,,,,,,3.0,TEMPORAL_ADVERBIAL,72.0,true
sentence:SENT-0095,source:GRAMMAR_MANUAL_INTERMEDIATE,DERIVED_FROM,,,,,350,,,,,,
sentence:SENT-0095,span:AUTH-TAD-0499,HAS_CANDIDATE,,,,,,,,,,,
span:AUTH-TAD-0499,consensus:AUTH-TAD-0499,HAS_CONSENSUS,,,,,,,,,,,
consensus:AUTH-TAD-0499,function:TEMPORAL_ADVERBIAL,MAPS_TO,,,,,,,,,,,
span:AUTH-TAD-0499,cleaning:B_边界复核集,HAS_CLEANING_STATUS,,,,,,,边界集/鲁棒性分析,,,,
span:AUTH-TAD-0499,ambiguity:页面线索缺失,HAS_AMBIGUITY,,,,,,,,,,,
span:AUTH-TAD-0499,ambiguity:无重复,HAS_AMBIGUITY,,,,,,,,,,,
span:AUTH-TAD-0499,annotation:span:AUTH-TAD-0499:r1,ANNOTATED_BY,,,,,,,,,,,
annotation:span:AUTH-TAD-0499:r1,rater:rater_1,MADE_BY,,,,,,,,,,,
span:AUTH-TAD-0499,annotation:span:AUTH-TAD-0499:r2,ANNOTATED_BY,,,,,,,,,,,
annotation:span:AUTH-TAD-0499:r2,rater:rater_2,MADE_BY,,,,,,,,,,,
span:AUTH-TAD-0499,annotation:span:AUTH-TAD-0499:r3,ANNOTATED_BY,,,,,,,,,,,
annotation:span:AUTH-TAD-0499:r3,rater:rater_3,MADE_BY,,,,,,,,,,,
span:AUTH-TAD-0499,cue:BEFORE_PREDICATE,TRIGGERS_CUE,,,,,,,,,,,
span:AUTH-TAD-0499,cue:EVENT_TIME,TRIGGERS_CUE,,,,,,,,,,,
span:AUTH-TAD-0499,cue:TIME_NOUN,TRIGGERS_CUE,,,,,,,,,,,
span:AUTH-TAD-0499,rule:R_TEMP_ADV_01,MATCHES_RULE,,,,,,,,1.0,TEMPORAL_ADVERBIAL,90.0,true
span:AUTH-TAD-0499,rule:R_TEMP_ADV_02,MATCHES_RULE,,,,,,,,2.0,TEMPORAL_ADVERBIAL,88.0,true
span:AUTH-TAD-0499,rule:R_TEMP_KG_ADV_02,MATCHES_RULE,,,,,,,,3.0,TEMPORAL_ADVERBIAL,72.0,true
sentence:SENT-0200,source:GRAMMAR_MANUAL_ADVANCED,DERIVED_FROM,,,,,31,她买衣服的时候向来喜欢货比三家,,,,,
sentence:SENT-0200,span:AUTH-TAD-0500,HAS_CANDIDATE,,,,,,,,,,,
span:AUTH-TAD-0500,consensus:AUTH-TAD-0500,HAS_CONSENSUS,,,,,,,,,,,
consensus:AUTH-TAD-0500,function:TEMPORAL_ADVERBIAL,MAPS_TO,,,,,,,,,,,
span:AUTH-TAD-0500,cleaning:A_主评测候选,HAS_CLEANING_STATUS,,,,,,,主实验/严格评测,,,,
span:AUTH-TAD-0500,ambiguity:无重复,HAS_AMBIGUITY,,,,,,,,,,,
span:AUTH-TAD-0500,ambiguity:来源字段完整但仍需正版逐页核验,HAS_AMBIGUITY,,,,,,,,,,,
span:AUTH-TAD-0500,annotation:span:AUTH-TAD-0500:r1,ANNOTATED_BY,,,,,,,,,,,
annotation:span:AUTH-TAD-0500:r1,rater:rater_1,MADE_BY,,,,,,,,,,,
span:AUTH-TAD-0500,annotation:span:AUTH-TAD-0500:r2,ANNOTATED_BY,,,,,,,,,,,
annotation:span:AUTH-TAD-0500:r2,rater:rater_2,MADE_BY,,,,,,,,,,,
span:AUTH-TAD-0500,annotation:span:AUTH-TAD-0500:r3,ANNOTATED_BY,,,,,,,,,,,
annotation:span:AUTH-TAD-0500:r3,rater:rater_3,MADE_BY,,,,,,,,,,,
span:AUTH-TAD-0500,cue:BEFORE_PREDICATE,TRIGGERS_CUE,,,,,,,,,,,
span:AUTH-TAD-0500,cue:EVENT_TIME,TRIGGERS_CUE,,,,,,,,,,,
span:AUTH-TAD-0500,cue:TIME_NOUN,TRIGGERS_CUE,,,,,,,,,,,
span:AUTH-TAD-0500,rule:R_TEMP_ADV_01,MATCHES_RULE,,,,,,,,1.0,TEMPORAL_ADVERBIAL,90.0,true
span:AUTH-TAD-0500,rule:R_TEMP_ADV_02,MATCHES_RULE,,,,,,,,2.0,TEMPORAL_ADVERBIAL,88.0,true
span:AUTH-TAD-0500,rule:R_TEMP_KG_ADV_02,MATCHES_RULE,,,,,,,,3.0,TEMPORAL_ADVERBIAL,72.0,true
