质量分层,论文使用位置,清洗处理建议,重复类型,出处核验问题,句子组ID,编号,句子,候选时间片段,最终片段,最终功能标签,歧义/风险标记,三人_提取一致性,三人_主标签一致性,三人_功能一致性,等级册,书名,PDF页码,语法点/页面线索,是否建议复核,评测使用状态,建议处理,三人_提取多数,三人_主标签多数,三人_功能多数,来源类型,建议标注批次,最终片段来源,标注者1_候选提取是否正确,标注者1_主标签,标注者1_功能类型,标注者1_修正片段,标注者2_候选提取是否正确,标注者2_主标签,标注者2_功能类型,标注者2_修正片段,标注者3_候选提取是否正确,标注者3_主标签,标注者3_功能类型,标注者3_修正片段,规范化句子,span_id,sentence_id,start_char,end_char,extraction_status,inferred_cues,matched_rules,top_rule,top_rule_function,top_rule_agrees,错误类型
C_暂不纳入主实验,待复核,暂不进入主实验，优先复核标签,无重复,页面线索缺失,SENT-0331,AUTH-TAD-0001,早什么早，现在都快中午了。,中午,中午,OTHER,页面线索缺失；非目标时间表达；三人标注不完全一致；至少一名标注者修正片段,多数一致,完全一致,多数一致,中等,国际中文教育中文水平等级标准·语法学习手册（中等）,262,,否,纳入477条一致评测集,需老师/专家核验；核验前只作错误分析或边界案例,正确,不是时间状语,普通时间名词/词语引用,权威语法学习手册,第1批,candidate_span,正确,不是时间状语,普通时间名词/词语引用,,边界不完整,不是时间状语,提取错误：边界不完整,都快中午了,正确,不是时间状语,普通时间名词/词语引用,,早什么早现在都快中午了,span:AUTH-TAD-0001,sentence:SENT-0331,9,11,located,ABSTRACT_OR_NON_TARGET_TIME|NO_TEMPORAL_EXPRESSION|REVIEW_NON_TARGET_RISK|TEMPORAL_COMPARISON_STATE,R_TEMP_KG_OTHER_01|R_TEMP_KG_OTHER_02|R_TEMP_KG_OTHER_03,R_TEMP_KG_OTHER_01,OTHER,True,规则正确
C_暂不纳入主实验,待复核,暂不进入主实验，优先复核标签,无重复,来源字段完整但仍需正版逐页核验,SENT-0194,AUTH-TAD-0002,因为我很累，所以今天不想做饭。,今天,今天,TEMPORAL_ADVERBIAL,三人标注不完全一致；出现不确定标注,多数一致,多数一致,多数一致,初等,国际中文教育中文水平等级标准·语法学习手册（初等）,237,因为我们经常通信，所以他的 事我都知道,否,纳入477条一致评测集,需老师/专家核验；核验前只作错误分析或边界案例,正确,是时间状语,时间状语,权威语法学习手册,第1批,candidate_span,不确定,不确定,其他/不确定,,正确,是时间状语,时间状语,,正确,是时间状语,时间状语,,因为我很累所以今天不想做饭,span:AUTH-TAD-0002,sentence:SENT-0194,8,10,located,BEFORE_PREDICATE|EVENT_TIME|TIME_NOUN,R_TEMP_ADV_01|R_TEMP_ADV_02|R_TEMP_KG_ADV_02,R_TEMP_ADV_01,TEMPORAL_ADVERBIAL,True,规则正确
A_主评测候选,主实验/严格评测,保留为高一致主评测实例,无重复,来源字段完整但仍需正版逐页核验,SENT-0193,AUTH-TAD-0003,因为很累，所以我今天不想做饭。,今天,今天,TEMPORAL_ADVERBIAL,,完全一致,完全一致,完全一致,初等,国际中文教育中文水平等级标准·语法学习手册（初等）,237,因为我们经常通信，所以他的 事我都知道,否,纳入477条一致评测集,可进入主评测集；仍需抽样核验出处,正确,是时间状语,时间状语,权威语法学习手册,第1批,candidate_span,正确,是时间状语,时间状语,,正确,是时间状语,时间状语,,正确,是时间状语,时间状语,,因为很累所以我今天不想做饭,span:AUTH-TAD-0003,sentence:SENT-0193,8,10,located,BEFORE_PREDICATE|EVENT_TIME|TIME_NOUN,R_TEMP_ADV_01|R_TEMP_ADV_02|R_TEMP_KG_ADV_02,R_TEMP_ADV_01,TEMPORAL_ADVERBIAL,True,规则正确
C_暂不纳入主实验,待复核,暂不进入主实验，优先复核标签,同句多候选/重复句,来源字段完整但仍需正版逐页核验,SENT-0169,AUTH-TAD-0004,别担心，她告诉我今天家里有事，请了半天假。,半天,半天,TEMPORAL_ADVERBIAL,原表已建议复核/剔除；时量补语/持续时间边界；三人标注不完全一致；至少一名标注者修正片段,多数一致,多数一致,平票,高等,国际中文教育中文水平等级标准·语法学习手册（高等）,48,(又+)何必+呢? 事情已经解决了，这 又 何必 呢? 为这点儿小事,是,复核/剔除候选,需老师/专家核验；核验前只作错误分析或边界案例,正确,是时间状语,时间定语,权威语法学习手册,第1批,candidate_span,正确,不是时间状语,时间定语,,正确,是时间状语,时间状语,,漏检：有目标时间状语,是时间状语,漏检,今天,别担心她告诉我今天家里有事请了半天假,span:AUTH-TAD-0004,sentence:SENT-0169,17,19,located,AFTER_VERB|COMPLEMENT_DURATION_CONTEXT|DURATION_COMPLEMENT|NO_TEMPORAL_EXPRESSION,R_TEMP_KG_COMP_01,R_TEMP_KG_COMP_01,COMPLEMENT,False,规则误判
B_边界复核集,边界集/鲁棒性分析,保留为边界挑战实例，单独报告,无重复,来源字段完整但仍需正版逐页核验,SENT-0448,AUTH-TAD-0005,这孩子已经不怕水了，但仍旧不喜欢游泳。,已经,已经,TEMPORAL_ADVERBIAL,时间副词/体貌副词边界,完全一致,完全一致,完全一致,中等,国际中文教育中文水平等级标准·语法学习手册（中等）,152,五级语法点 道 小提示 “将要”表示对马上要发生的事情进行推测，因而一般不用于否定,否,纳入477条一致评测集,保留但单独报告；可用于边界分析，不作为主结论唯一依据,正确,是时间状语,时间状语,权威语法学习手册,第1批,candidate_span,正确,是时间状语,时间状语,,正确,是时间状语,时间状语,,正确,是时间状语,时间状语,,这孩子已经不怕水了但仍旧不喜欢游泳,span:AUTH-TAD-0005,sentence:SENT-0448,3,5,located,BEFORE_PREDICATE|EVENT_TIME|TIME_ADVERB|TIME_FREQUENCY,R_TEMP_ADV_04|R_TEMP_ADV_19|R_TEMP_KG_ADV_01|R_TEMP_ADV_08|R_TEMP_ADV_11,R_TEMP_ADV_04,TEMPORAL_ADVERBIAL,True,规则正确
B_边界复核集,边界集/鲁棒性分析,保留为边界挑战实例，单独报告,无重复,来源字段完整但仍需正版逐页核验,SENT-0243,AUTH-TAD-0006,工作人员：前方正在施工，请勿靠近。,正在,正在,TEMPORAL_ADVERBIAL,时间副词/体貌副词边界,完全一致,完全一致,完全一致,高等,国际中文教育中文水平等级标准·语法学习手册（高等）,37,前方正在施工，请勿 (在路边，提醒他人道路施工),否,纳入477条一致评测集,保留但单独报告；可用于边界分析，不作为主结论唯一依据,正确,是时间状语,时间状语,权威语法学习手册,第1批,candidate_span,正确,是时间状语,时间状语,,正确,是时间状语,时间状语,,正确,是时间状语,时间状语,,工作人员前方正在施工请勿靠近,span:AUTH-TAD-0006,sentence:SENT-0243,7,9,located,BEFORE_PREDICATE|EVENT_TIME|NO_TEMPORAL_EXPRESSION|TIME_ADVERB,R_TEMP_ADV_19|R_TEMP_ADV_08,R_TEMP_ADV_19,TEMPORAL_ADVERBIAL,True,规则正确
C_暂不纳入主实验,待复核,暂不进入主实验，优先复核标签,无重复,来源字段完整但仍需正版逐页核验,SENT-0399,AUTH-TAD-0007,现在都十二点了，按理说她早该睡觉了，别给她发短信了。,十二点,十二点,OTHER,非目标时间表达；三人标注不完全一致；至少一名标注者修正片段,多数一致,完全一致,多数一致,高等,国际中文教育中文水平等级标准·语法学习手册（高等）,43,◎补充例句 按说这个时候应该下雪了，可今年一场雪还没下,否,纳入477条一致评测集,需老师/专家核验；核验前只作错误分析或边界案例,正确,不是时间状语,普通时间名词/词语引用,权威语法学习手册,第1批,candidate_span,正确,不是时间状语,普通时间名词/词语引用,,边界不完整,不是时间状语,提取错误：边界不完整,现在都十二点了,正确,不是时间状语,普通时间名词/词语引用,,现在都十二点了按理说她早该睡觉了别给她发短信了,span:AUTH-TAD-0007,sentence:SENT-0399,3,6,located,ABSTRACT_OR_NON_TARGET_TIME|BEFORE_PREDICATE|EVENT_TIME|NO_TEMPORAL_EXPRESSION|REVIEW_NON_TARGET_RISK|TEMPORAL_COMPARISON_STATE,R_TEMP_KG_OTHER_01|R_TEMP_KG_OTHER_02|R_TEMP_KG_OTHER_03,R_TEMP_KG_OTHER_01,OTHER,True,规则正确
B_边界复核集,边界集/鲁棒性分析,保留为边界挑战实例，单独报告,无重复,来源字段完整但仍需正版逐页核验,SENT-0376,AUTH-TAD-0008,每年的学费至少两万块。,每年,每年,ATTRIBUTE,可能为时间定语；时量补语/持续时间边界,完全一致,完全一致,完全一致,初等,国际中文教育中文水平等级标准·语法学习手册（初等）,277,◎结构特点 (1)“至少”一般用在动词性成分前，作状语；动词后边经常有数量短语,否,纳入477条一致评测集,保留但单独报告；可用于边界分析，不作为主结论唯一依据,正确,不是时间状语,时间定语,权威语法学习手册,第1批,candidate_span,正确,不是时间状语,时间定语,,正确,不是时间状语,时间定语,,正确,不是时间状语,时间定语,,每年的学费至少两万块,span:AUTH-TAD-0008,sentence:SENT-0376,0,2,located,ATTR_DE_DIRECT|DE_PARTICLE|SENTENCE_INITIAL|TIME_FREQUENCY,R_TEMP_KG_ATTR_01|R_TEMP_KG_ADV_01,R_TEMP_KG_ATTR_01,ATTRIBUTE,True,规则正确
B_边界复核集,边界集/鲁棒性分析,保留为边界挑战实例，单独报告,无重复,来源字段完整但仍需正版逐页核验,SENT-0408,AUTH-TAD-0009,研究所成立于1984年。,1984年,1984年,COMPLEMENT,时量补语/持续时间边界；介词于/事件时间边界；三人标注不完全一致,完全一致,多数一致,多数一致,中等,国际中文教育中文水平等级标准·语法学习手册（中等）,292,“恰好”用在动词性成分或形容词性成分前，在句中作状语，句子中可以包含数 量词,否,纳入477条一致评测集,保留但单独报告；可用于边界分析，不作为主结论唯一依据,正确,不是时间状语,时长补语,权威语法学习手册,第1批,candidate_span,正确,不是时间状语,时长补语,,正确,是时间状语,时间状语,,正确,不是时间状语,时长补语,,研究所成立于1984年,span:AUTH-TAD-0009,sentence:SENT-0408,6,11,located,AFTER_VERB|COMPLEMENT_DURATION_CONTEXT|DATE_EXPRESSION|DURATION_COMPLEMENT|RESULT_TIME|TIME_DURATION|TIME_NOUN|TIME_POINT,R_TEMP_KG_COMP_01|R_TEMP_COMP_06|R_TEMP_COMP_01|R_TEMP_COMP_02|R_TEMP_COMP_07,R_TEMP_KG_COMP_01,COMPLEMENT,True,规则正确
A_主评测候选,主实验/严格评测,保留为高一致主评测实例,无重复,来源字段完整但仍需正版逐页核验,SENT-0125,AUTH-TAD-0010,你今天去长城玩儿得怎么样?,今天,今天,TEMPORAL_ADVERBIAL,,完全一致,完全一致,完全一致,高等,国际中文教育中文水平等级标准·语法学习手册（高等）,100,饭还没开始吃他就 (在公司，讨论合同没签的原因) 已经醉了，后来就更 A:昨天你和张经理签好合,否,纳入477条一致评测集,可进入主评测集；仍需抽样核验出处,正确,是时间状语,时间状语,权威语法学习手册,第1批,candidate_span,正确,是时间状语,时间状语,,正确,是时间状语,时间状语,,正确,是时间状语,时间状语,,你今天去长城玩儿得怎么样,span:AUTH-TAD-0010,sentence:SENT-0125,1,3,located,BEFORE_PREDICATE|EVENT_TIME|TIME_NOUN,R_TEMP_ADV_01|R_TEMP_ADV_02|R_TEMP_KG_ADV_02,R_TEMP_ADV_01,TEMPORAL_ADVERBIAL,True,规则正确
B_边界复核集,边界集/鲁棒性分析,保留为边界挑战实例，单独报告,无重复,来源字段完整但仍需正版逐页核验,SENT-0094,AUTH-TAD-0011,他常常走路回家。,常常,常常,TEMPORAL_ADVERBIAL,时间副词/体貌副词边界,完全一致,完全一致,完全一致,初等,国际中文教育中文水平等级标准·语法学习手册（初等）,58,平等级标准·语法学习手册(初等) (2)“在、正、正在”不能和“了”连用,否,纳入477条一致评测集,保留但单独报告；可用于边界分析，不作为主结论唯一依据,正确,是时间状语,时间状语,权威语法学习手册,第1批,candidate_span,正确,是时间状语,时间状语,,正确,是时间状语,时间状语,,正确,是时间状语,时间状语,,他常常走路回家,span:AUTH-TAD-0011,sentence:SENT-0094,1,3,located,BEFORE_PREDICATE|EVENT_TIME|TIME_FREQUENCY,R_TEMP_ADV_04|R_TEMP_KG_ADV_01,R_TEMP_ADV_04,TEMPORAL_ADVERBIAL,True,规则正确
C_暂不纳入主实验,待复核,暂不进入主实验，优先复核标签,无重复,页面线索缺失,SENT-0453,AUTH-TAD-0012,这衣服上是什么东西啊，洗了半天也没洗掉。,半天,半天,COMPLEMENT,页面线索缺失；时量补语/持续时间边界；三人标注不完全一致；至少一名标注者修正片段,多数一致,完全一致,多数一致,高等,国际中文教育中文水平等级标准·语法学习手册（高等）,155,,否,纳入477条一致评测集,需老师/专家核验；核验前只作错误分析或边界案例,正确,不是时间状语,时长补语,权威语法学习手册,第1批,candidate_span,正确,不是时间状语,时长补语,,正确,不是时间状语,时长补语,,不是时间表达,不是时间状语,提取错误：不是时间表达,无,这衣服上是什么东西啊洗了半天也没洗掉,span:AUTH-TAD-0012,sentence:SENT-0453,13,15,located,AFTER_VERB|COMPLEMENT_DURATION_CONTEXT|DURATION_COMPLEMENT|NO_TEMPORAL_EXPRESSION|REVIEW_NON_TARGET_RISK,R_TEMP_KG_OTHER_01|R_TEMP_KG_COMP_01,R_TEMP_KG_OTHER_01,OTHER,False,规则误判
B_边界复核集,边界集/鲁棒性分析,保留为边界挑战实例，单独报告,无重复,来源字段完整但仍需正版逐页核验,SENT-0238,AUTH-TAD-0013,小王通知大家明天来开会。,明天,明天,TEMPORAL_ADVERBIAL,三人标注不完全一致,完全一致,多数一致,多数一致,初等,国际中文教育中文水平等级标准·语法学习手册（初等）,362,事，以后再去吧,否,纳入477条一致评测集,保留但单独报告；可用于边界分析，不作为主结论唯一依据,正确,是时间状语,时间状语,权威语法学习手册,第1批,candidate_span,正确,不是时间状语,普通时间名词/词语引用,,正确,是时间状语,时间状语,,正确,是时间状语,时间状语,,小王通知大家明天来开会,span:AUTH-TAD-0013,sentence:SENT-0238,6,8,located,BEFORE_PREDICATE|EVENT_TIME|TIME_NOUN,R_TEMP_ADV_01|R_TEMP_ADV_02|R_TEMP_KG_ADV_02,R_TEMP_ADV_01,TEMPORAL_ADVERBIAL,True,规则正确
B_边界复核集,边界集/鲁棒性分析,保留为边界挑战实例，单独报告,无重复,来源字段完整但仍需正版逐页核验,SENT-0388,AUTH-TAD-0014,王老师经常表扬她。,经常,经常,TEMPORAL_ADVERBIAL,时间副词/体貌副词边界,完全一致,完全一致,完全一致,中等,国际中文教育中文水平等级标准·语法学习手册（中等）,380,递加关系的多项定语要按一定的顺序排列：限制性定语+描写性定语+中心语,否,纳入477条一致评测集,保留但单独报告；可用于边界分析，不作为主结论唯一依据,正确,是时间状语,时间状语,权威语法学习手册,第1批,candidate_span,正确,是时间状语,时间状语,,正确,是时间状语,时间状语,,正确,是时间状语,时间状语,,王老师经常表扬她,span:AUTH-TAD-0014,sentence:SENT-0388,3,5,located,BEFORE_PREDICATE|EVENT_TIME|TIME_FREQUENCY,R_TEMP_ADV_04|R_TEMP_KG_ADV_01,R_TEMP_ADV_04,TEMPORAL_ADVERBIAL,True,规则正确
A_主评测候选,主实验/严格评测,保留为高一致主评测实例,无重复,来源字段完整但仍需正版逐页核验,SENT-0167,AUTH-TAD-0015,刚才有人向我问路了。,刚才,刚才,TEMPORAL_ADVERBIAL,,完全一致,完全一致,完全一致,初等,国际中文教育中文水平等级标准·语法学习手册（初等）,324,婚礼物，他现在在 B:班长平时还常常 老师：那你注意休息， 北京，来不了,否,纳入477条一致评测集,可进入主评测集；仍需抽样核验出处,正确,是时间状语,时间状语,权威语法学习手册,第1批,candidate_span,正确,是时间状语,时间状语,,正确,是时间状语,时间状语,,正确,是时间状语,时间状语,,刚才有人向我问路了,span:AUTH-TAD-0015,sentence:SENT-0167,0,2,located,BEFORE_PREDICATE|EVENT_TIME|SENTENCE_INITIAL|TIME_ADVERB|TIME_FREQUENCY,R_TEMP_ADV_04|R_TEMP_ADV_19|R_TEMP_KG_ADV_01|R_TEMP_ADV_08|R_TEMP_ADV_11,R_TEMP_ADV_04,TEMPORAL_ADVERBIAL,True,规则正确
B_边界复核集,边界集/鲁棒性分析,保留为边界挑战实例，单独报告,无重复,来源字段完整但仍需正版逐页核验,SENT-0077,AUTH-TAD-0016,他从小身体不好，加上缺少锻炼，所以经常生病。,经常,经常,TEMPORAL_ADVERBIAL,时间副词/体貌副词边界,完全一致,完全一致,完全一致,中等,国际中文教育中文水平等级标准·语法学习手册（中等）,184,他从小身体不好，加上缺少锻炼，所以经常生病,否,纳入477条一致评测集,保留但单独报告；可用于边界分析，不作为主结论唯一依据,正确,是时间状语,时间状语,权威语法学习手册,第1批,candidate_span,正确,是时间状语,时间状语,,正确,是时间状语,时间状语,,正确,是时间状语,时间状语,,他从小身体不好加上缺少锻炼所以经常生病,span:AUTH-TAD-0016,sentence:SENT-0077,17,19,located,TIME_FREQUENCY,R_TEMP_KG_ADV_01,R_TEMP_KG_ADV_01,TEMPORAL_ADVERBIAL,True,规则正确
B_边界复核集,边界集/鲁棒性分析,保留为边界挑战实例，单独报告,无重复,来源字段完整但仍需正版逐页核验,SENT-0288,AUTH-TAD-0017,我周末不一定有空儿。,周末,周末,TEMPORAL_ADVERBIAL,三人标注不完全一致,完全一致,多数一致,多数一致,初等,国际中文教育中文水平等级标准·语法学习手册（初等）,162,你到北京以后，一定 要去看看王老师,否,纳入477条一致评测集,保留但单独报告；可用于边界分析，不作为主结论唯一依据,正确,是时间状语,时间状语,权威语法学习手册,第1批,candidate_span,正确,不是时间状语,普通时间名词/词语引用,,正确,是时间状语,时间状语,,正确,是时间状语,时间状语,,我周末不一定有空儿,span:AUTH-TAD-0017,sentence:SENT-0288,1,3,located,BEFORE_PREDICATE|EVENT_TIME|TIME_NOUN,R_TEMP_ADV_01|R_TEMP_ADV_02|R_TEMP_KG_ADV_02,R_TEMP_ADV_01,TEMPORAL_ADVERBIAL,True,规则正确
A_主评测候选,主实验/严格评测,保留为高一致主评测实例,无重复,来源字段完整但仍需正版逐页核验,SENT-0021,AUTH-TAD-0018,与其早上睡懒觉，不如出去锻炼身体。,早上,早上,TEMPORAL_ADVERBIAL,,完全一致,完全一致,完全一致,高等,国际中文教育中文水平等级标准·语法学习手册（高等）,154,B:别找了，与其在这里浪费时间，我们不如认真复习,否,纳入477条一致评测集,可进入主评测集；仍需抽样核验出处,正确,是时间状语,时间状语,权威语法学习手册,第1批,candidate_span,正确,是时间状语,时间状语,,正确,是时间状语,时间状语,,正确,是时间状语,时间状语,,与其早上睡懒觉不如出去锻炼身体,span:AUTH-TAD-0018,sentence:SENT-0021,2,4,located,BEFORE_PREDICATE|EVENT_TIME|TIME_NOUN,R_TEMP_ADV_01|R_TEMP_ADV_02|R_TEMP_KG_ADV_02,R_TEMP_ADV_01,TEMPORAL_ADVERBIAL,True,规则正确
A_主评测候选,主实验/严格评测,保留为高一致主评测实例,无重复,来源字段完整但仍需正版逐页核验,SENT-0269,AUTH-TAD-0019,我们下周要去伦敦男子中学访问，该校已有五百多年的历史。,下周,下周,TEMPORAL_ADVERBIAL,,完全一致,完全一致,完全一致,高等,国际中文教育中文水平等级标准·语法学习手册（高等）,11,获奖证书已经扫描整理成一个文件，请你将该文件交给有关,否,纳入477条一致评测集,可进入主评测集；仍需抽样核验出处,正确,是时间状语,时间状语,权威语法学习手册,第1批,candidate_span,正确,是时间状语,时间状语,,正确,是时间状语,时间状语,,正确,是时间状语,时间状语,,我们下周要去伦敦男子中学访问该校已有五百多年的历史,span:AUTH-TAD-0019,sentence:SENT-0269,2,4,located,BEFORE_PREDICATE|EVENT_TIME|TIME_NOUN,R_TEMP_ADV_01|R_TEMP_ADV_02|R_TEMP_KG_ADV_02,R_TEMP_ADV_01,TEMPORAL_ADVERBIAL,True,规则正确
C_暂不纳入主实验,待复核,暂不进入主实验，优先复核标签,无重复,来源字段完整但仍需正版逐页核验,SENT-0326,AUTH-TAD-0020,既然项目交出去了，我以后不会再过问了。,我以后,以后,OTHER,相对时间框架边界；候选片段与最终片段不一致；非目标时间表达；三人标注不完全一致；至少一名标注者修正片段,多数一致,完全一致,多数一致,高等,国际中文教育中文水平等级标准·语法学习手册（高等）,200,A:既然项目交出去了，我以后不会再过问了,否,纳入477条一致评测集,需老师/专家核验；核验前只作错误分析或边界案例,边界过长,不是时间状语,提取错误：边界过长,权威语法学习手册,第1批,majority_fixed_span,边界过长,不是时间状语,提取错误：边界过长,以后,边界不完整,不是时间状语,提取错误：边界不完整,以后,边界过长,不是时间状语,提取错误：边界过长,以后,既然项目交出去了我以后不会再过问了,span:AUTH-TAD-0020,sentence:SENT-0326,9,12,located,BEFORE_PREDICATE|EVENT_TIME|NO_TEMPORAL_EXPRESSION|REVIEW_NON_TARGET_RISK|TIME_AFTER_BEFORE,R_TEMP_KG_OTHER_01|R_TEMP_ADV_05,R_TEMP_KG_OTHER_01,OTHER,True,规则正确
B_边界复核集,边界集/鲁棒性分析,保留为边界挑战实例，单独报告,无重复,来源字段完整但仍需正版逐页核验,SENT-0419,AUTH-TAD-0021,自开业以来，这个饭馆的生意每天都很好。,每天,每天,TEMPORAL_ADVERBIAL,相对时间框架边界,完全一致,完全一致,完全一致,中等,国际中文教育中文水平等级标准·语法学习手册（中等）,66,自开业以来，这个饭馆的生意每天都很好,否,纳入477条一致评测集,保留但单独报告；可用于边界分析，不作为主结论唯一依据,正确,是时间状语,时间状语,权威语法学习手册,第1批,candidate_span,正确,是时间状语,时间状语,,正确,是时间状语,时间状语,,正确,是时间状语,时间状语,,自开业以来这个饭馆的生意每天都很好,span:AUTH-TAD-0021,sentence:SENT-0419,13,15,located,STATIVE_PREDICATE|TIME_FREQUENCY,R_TEMP_KG_ADV_01,R_TEMP_KG_ADV_01,TEMPORAL_ADVERBIAL,True,规则正确
A_主评测候选,主实验/严格评测,保留为高一致主评测实例,无重复,来源字段完整但仍需正版逐页核验,SENT-0302,AUTH-TAD-0022,我最近太忙了，每天累得要死。,每天,每天,TEMPORAL_ADVERBIAL,,完全一致,完全一致,完全一致,高等,国际中文教育中文水平等级标准·语法学习手册（高等）,122,85程度补语3(2):形容词/动词+得+要命/要死,否,纳入477条一致评测集,可进入主评测集；仍需抽样核验出处,正确,是时间状语,时间状语,权威语法学习手册,第1批,candidate_span,正确,是时间状语,时间状语,,正确,是时间状语,时间状语,,正确,是时间状语,时间状语,,我最近太忙了每天累得要死,span:AUTH-TAD-0022,sentence:SENT-0302,7,9,located,AFTER_VERB|BEFORE_PREDICATE|DURATION_COMPLEMENT|EVENT_TIME|STATIVE_PREDICATE|TIME_FREQUENCY,R_TEMP_ADV_04|R_TEMP_KG_ADV_01,R_TEMP_ADV_04,TEMPORAL_ADVERBIAL,True,规则正确
B_边界复核集,边界集/鲁棒性分析,保留为边界挑战实例，单独报告,无重复,来源字段完整但仍需正版逐页核验,SENT-0339,AUTH-TAD-0023,明天早上还有会，你干脆早点儿休息吧。,明天早上,明天早上,TEMPORAL_ADVERBIAL,三人标注不完全一致,完全一致,多数一致,多数一致,中等,国际中文教育中文水平等级标准·语法学习手册（中等）,167,麦克不爱干家务，妈妈打扫卫生的时候，他干脆躲了出去,否,纳入477条一致评测集,保留但单独报告；可用于边界分析，不作为主结论唯一依据,正确,是时间状语,时间状语,权威语法学习手册,第1批,candidate_span,正确,是时间状语,时间状语,,正确,是时间状语,时间状语,,正确,不是时间状语,普通时间名词/词语引用,,明天早上还有会你干脆早点儿休息吧,span:AUTH-TAD-0023,sentence:SENT-0339,0,4,located,BEFORE_PREDICATE|EVENT_TIME|SENTENCE_INITIAL|TIME_NOUN,R_TEMP_ADV_01|R_TEMP_ADV_02|R_TEMP_KG_ADV_02,R_TEMP_ADV_01,TEMPORAL_ADVERBIAL,True,规则正确
B_边界复核集,边界集/鲁棒性分析,保留为边界挑战实例，单独报告,无重复,来源字段完整但仍需正版逐页核验,SENT-0457,AUTH-TAD-0024,那时天已经黑了，况且人又是坐在车上，肯定看不清楚。,已经,已经,TEMPORAL_ADVERBIAL,时间副词/体貌副词边界,完全一致,完全一致,完全一致,高等,国际中文教育中文水平等级标准·语法学习手册（高等）,145,例如： *那时天已经黑了，人况且又是坐在车上，肯定看不清楚,否,纳入477条一致评测集,保留但单独报告；可用于边界分析，不作为主结论唯一依据,正确,是时间状语,时间状语,权威语法学习手册,第1批,candidate_span,正确,是时间状语,时间状语,,正确,是时间状语,时间状语,,正确,是时间状语,时间状语,,那时天已经黑了况且人又是坐在车上肯定看不清楚,span:AUTH-TAD-0024,sentence:SENT-0457,3,5,located,BEFORE_PREDICATE|EVENT_TIME|TIME_ADVERB|TIME_FREQUENCY,R_TEMP_ADV_04|R_TEMP_ADV_19|R_TEMP_KG_ADV_01|R_TEMP_ADV_08|R_TEMP_ADV_11,R_TEMP_ADV_04,TEMPORAL_ADVERBIAL,True,规则正确
B_边界复核集,边界集/鲁棒性分析,保留为边界挑战实例，单独报告,无重复,来源字段完整但仍需正版逐页核验,SENT-0018,AUTH-TAD-0025,不管怎样说，我们已经来了，就应该珍惜这次机会。,已经,已经,TEMPORAL_ADVERBIAL,时间副词/体貌副词边界,完全一致,完全一致,完全一致,中等,国际中文教育中文水平等级标准·语法学习手册（中等）,259,不管怎样说，我们已经来了，就应该珍惜这次机会,否,纳入477条一致评测集,保留但单独报告；可用于边界分析，不作为主结论唯一依据,正确,是时间状语,时间状语,权威语法学习手册,第1批,candidate_span,正确,是时间状语,时间状语,,正确,是时间状语,时间状语,,正确,是时间状语,时间状语,,不管怎样说我们已经来了就应该珍惜这次机会,span:AUTH-TAD-0025,sentence:SENT-0018,8,10,located,BEFORE_PREDICATE|EVENT_TIME|TIME_ADVERB|TIME_FREQUENCY,R_TEMP_ADV_04|R_TEMP_ADV_19|R_TEMP_KG_ADV_01|R_TEMP_ADV_08|R_TEMP_ADV_11,R_TEMP_ADV_04,TEMPORAL_ADVERBIAL,True,规则正确
A_主评测候选,主实验/严格评测,保留为高一致主评测实例,无重复,来源字段完整但仍需正版逐页核验,SENT-0293,AUTH-TAD-0026,我小时候最不喜欢的就是体育课。,小时候,小时候,TEMPORAL_ADVERBIAL,,完全一致,完全一致,完全一致,高等,国际中文教育中文水平等级标准·语法学习手册（高等）,121,育中文水平等级标准·语法学习手册(高等) 84程度补语3(1):形容词/动词+得+不行【七一九,否,纳入477条一致评测集,可进入主评测集；仍需抽样核验出处,正确,是时间状语,时间状语,权威语法学习手册,第1批,candidate_span,正确,是时间状语,时间状语,,正确,是时间状语,时间状语,,正确,是时间状语,时间状语,,我小时候最不喜欢的就是体育课,span:AUTH-TAD-0026,sentence:SENT-0293,1,4,located,BEFORE_PREDICATE|EVENT_TIME|TIME_NOUN,R_TEMP_ADV_01|R_TEMP_ADV_02|R_TEMP_KG_ADV_02,R_TEMP_ADV_01,TEMPORAL_ADVERBIAL,True,规则正确
B_边界复核集,边界集/鲁棒性分析,保留为边界挑战实例，单独报告,无重复,来源字段完整但仍需正版逐页核验,SENT-0201,AUTH-TAD-0027,大家聚了又散，散了又聚，一年也见不了几次面。,一年,一年,OTHER,时量补语/持续时间边界；非目标时间表达；三人标注不完全一致,完全一致,多数一致,多数一致,高等,国际中文教育中文水平等级标准·语法学习手册（高等）,195,了又擦，擦 (在家，想了解孩子在做什么) 了又写，正在认真 妈妈：我回来了，云云在做什么呢?,否,纳入477条一致评测集,保留但单独报告；可用于边界分析，不作为主结论唯一依据,正确,不是时间状语,普通时间名词/词语引用,权威语法学习手册,第1批,candidate_span,正确,不是时间状语,普通时间名词/词语引用,,正确,是时间状语,时间状语,,正确,不是时间状语,普通时间名词/词语引用,,大家聚了又散散了又聚一年也见不了几次面,span:AUTH-TAD-0027,sentence:SENT-0201,12,14,located,AFTER_VERB|COMPLEMENT_DURATION_CONTEXT|DURATION_COMPLEMENT|TIME_DURATION,R_TEMP_KG_COMP_01|R_TEMP_COMP_01|R_TEMP_COMP_02|R_TEMP_COMP_07,R_TEMP_KG_COMP_01,COMPLEMENT,False,规则误判
B_边界复核集,边界集/鲁棒性分析,保留为边界挑战实例，单独报告,无重复,来源字段完整但仍需正版逐页核验,SENT-0336,AUTH-TAD-0028,明天如果天气好，我就去爬山。,明天,明天,TEMPORAL_ADVERBIAL,三人标注不完全一致,完全一致,多数一致,多数一致,初等,国际中文教育中文水平等级标准·语法学习手册（初等）,233,"如果+S?+P?,S?+就+P? 如果 你 下午有时间， 我们 就 一起去超市吧",否,纳入477条一致评测集,保留但单独报告；可用于边界分析，不作为主结论唯一依据,正确,是时间状语,时间状语,权威语法学习手册,第1批,candidate_span,正确,不是时间状语,普通时间名词/词语引用,,正确,是时间状语,时间状语,,正确,是时间状语,时间状语,,明天如果天气好我就去爬山,span:AUTH-TAD-0028,sentence:SENT-0336,0,2,located,BEFORE_PREDICATE|EVENT_TIME|SENTENCE_INITIAL|TIME_NOUN,R_TEMP_ADV_01|R_TEMP_ADV_02|R_TEMP_KG_ADV_02,R_TEMP_ADV_01,TEMPORAL_ADVERBIAL,True,规则正确
B_边界复核集,边界集/鲁棒性分析,保留为边界挑战实例，单独报告,同句多候选/重复句,来源字段完整但仍需正版逐页核验,SENT-0446,AUTH-TAD-0029,这台机器已经用了20年了，太落后了，说什么也得换一台。,已经,已经,TEMPORAL_ADVERBIAL,时间副词/体貌副词边界,完全一致,完全一致,完全一致,中等,国际中文教育中文水平等级标准·语法学习手册（中等）,136,话 例句 他生病了，我说什 这么重要的活动，你 没时间了，说什么 么也得去看看他,否,纳入477条一致评测集,保留但单独报告；可用于边界分析，不作为主结论唯一依据,正确,是时间状语,时间状语,权威语法学习手册,第1批,candidate_span,正确,是时间状语,时间状语,,正确,是时间状语,时间状语,,正确,是时间状语,时间状语,,这台机器已经用了20年了太落后了说什么也得换一台,span:AUTH-TAD-0029,sentence:SENT-0446,4,6,located,BEFORE_PREDICATE|EVENT_TIME|TIME_ADVERB|TIME_FREQUENCY,R_TEMP_ADV_04|R_TEMP_ADV_19|R_TEMP_KG_ADV_01|R_TEMP_ADV_08|R_TEMP_ADV_11,R_TEMP_ADV_04,TEMPORAL_ADVERBIAL,True,规则正确
B_边界复核集,边界集/鲁棒性分析,保留为边界挑战实例，单独报告,无重复,来源字段完整但仍需正版逐页核验,SENT-0136,AUTH-TAD-0030,你已经有了，何必又花钱买一个呢?,已经,已经,TEMPORAL_ADVERBIAL,时间副词/体貌副词边界,完全一致,完全一致,完全一致,高等,国际中文教育中文水平等级标准·语法学习手册（高等）,47,玩笑，何必当真呢? 学校又不远，何必打车去呢? 你已经有了，何必又花钱买一个呢? 你又没有做错,否,纳入477条一致评测集,保留但单独报告；可用于边界分析，不作为主结论唯一依据,正确,是时间状语,时间状语,权威语法学习手册,第1批,candidate_span,正确,是时间状语,时间状语,,正确,是时间状语,时间状语,,正确,是时间状语,时间状语,,你已经有了何必又花钱买一个呢,span:AUTH-TAD-0030,sentence:SENT-0136,1,3,located,BEFORE_PREDICATE|EVENT_TIME|TIME_ADVERB|TIME_FREQUENCY,R_TEMP_ADV_04|R_TEMP_ADV_19|R_TEMP_KG_ADV_01|R_TEMP_ADV_08|R_TEMP_ADV_11,R_TEMP_ADV_04,TEMPORAL_ADVERBIAL,True,规则正确
C_暂不纳入主实验,待复核,暂不进入主实验，优先复核标签,同句多候选/重复句,来源字段完整但仍需正版逐页核验,SENT-0398,AUTH-TAD-0031,现在都五月了，按说不应该这么冷了。,五月,五月,OTHER,非目标时间表达；三人标注不完全一致；至少一名标注者修正片段,多数一致,完全一致,多数一致,高等,国际中文教育中文水平等级标准·语法学习手册（高等）,43,◎补充例句 按说这个时候应该下雪了，可今年一场雪还没下,否,纳入477条一致评测集,需老师/专家核验；核验前只作错误分析或边界案例,正确,不是时间状语,普通时间名词/词语引用,权威语法学习手册,第1批,candidate_span,正确,不是时间状语,普通时间名词/词语引用,,边界不完整,不是时间状语,提取错误：边界不完整,现在都五月了,正确,不是时间状语,普通时间名词/词语引用,,现在都五月了按说不应该这么冷了,span:AUTH-TAD-0031,sentence:SENT-0398,3,5,located,ABSTRACT_OR_NON_TARGET_TIME|AFTER_VERB|COMPLEMENT_DURATION_CONTEXT|DURATION_COMPLEMENT|REVIEW_NON_TARGET_RISK|TEMPORAL_COMPARISON_STATE|TIME_DURATION,R_TEMP_KG_OTHER_01|R_TEMP_KG_COMP_01|R_TEMP_KG_OTHER_02|R_TEMP_KG_OTHER_03|R_TEMP_COMP_01,R_TEMP_KG_OTHER_01,OTHER,True,规则正确
B_边界复核集,边界集/鲁棒性分析,保留为边界挑战实例，单独报告,无重复,来源字段完整但仍需正版逐页核验,SENT-0166,AUTH-TAD-0032,出国以后，他再也没吃过这么好吃的中国菜。,出国以后,出国以后,TEMPORAL_ADVERBIAL,相对时间框架边界,完全一致,完全一致,完全一致,中等,国际中文教育中文水平等级标准·语法学习手册（中等）,249,法 (1)“再也不”用在动词前，表示从说话时或某个时间点开始永远不会重复某动 作行为,否,纳入477条一致评测集,保留但单独报告；可用于边界分析，不作为主结论唯一依据,正确,是时间状语,时间状语,权威语法学习手册,第1批,candidate_span,正确,是时间状语,时间状语,,正确,是时间状语,时间状语,,正确,是时间状语,时间状语,,出国以后他再也没吃过这么好吃的中国菜,span:AUTH-TAD-0032,sentence:SENT-0166,0,4,located,BEFORE_PREDICATE|EVENT_TIME|NO_TEMPORAL_EXPRESSION|SENTENCE_INITIAL|TIME_AFTER_BEFORE,R_TEMP_ADV_05,R_TEMP_ADV_05,TEMPORAL_ADVERBIAL,True,规则正确
A_主评测候选,主实验/严格评测,保留为高一致主评测实例,无重复,来源字段完整但仍需正版逐页核验,SENT-0215,AUTH-TAD-0033,她每天都给家里打电话，好让父母放心。,每天,每天,TEMPORAL_ADVERBIAL,,完全一致,完全一致,完全一致,中等,国际中文教育中文水平等级标准·语法学习手册（中等）,113,句 老师布置了听写作业， 我们应该不断地引 我打算每天步行 好帮助我们练习汉字,否,纳入477条一致评测集,可进入主评测集；仍需抽样核验出处,正确,是时间状语,时间状语,权威语法学习手册,第1批,candidate_span,正确,是时间状语,时间状语,,正确,是时间状语,时间状语,,正确,是时间状语,时间状语,,她每天都给家里打电话好让父母放心,span:AUTH-TAD-0033,sentence:SENT-0215,1,3,located,BEFORE_PREDICATE|EVENT_TIME|TIME_FREQUENCY,R_TEMP_ADV_04|R_TEMP_KG_ADV_01,R_TEMP_ADV_04,TEMPORAL_ADVERBIAL,True,规则正确
A_主评测候选,主实验/严格评测,保留为高一致主评测实例,无重复,来源字段完整但仍需正版逐页核验,SENT-0396,AUTH-TAD-0034,现在特别想睡觉。,现在,现在,TEMPORAL_ADVERBIAL,,完全一致,完全一致,完全一致,初等,国际中文教育中文水平等级标准·语法学习手册（初等）,140,结构特点 “十分”一般用于形容词和心理动词前，作状语,否,纳入477条一致评测集,可进入主评测集；仍需抽样核验出处,正确,是时间状语,时间状语,权威语法学习手册,第1批,candidate_span,正确,是时间状语,时间状语,,正确,是时间状语,时间状语,,正确,是时间状语,时间状语,,现在特别想睡觉,span:AUTH-TAD-0034,sentence:SENT-0396,0,2,located,BEFORE_PREDICATE|EVENT_TIME|SENTENCE_INITIAL|TIME_ADVERB|TIME_NOUN|TIME_POINT,R_TEMP_ADV_01|R_TEMP_ADV_02|R_TEMP_ADV_19|R_TEMP_ADV_08|R_TEMP_ADV_10,R_TEMP_ADV_01,TEMPORAL_ADVERBIAL,True,规则正确
B_边界复核集,边界集/鲁棒性分析,保留为边界挑战实例，单独报告,无重复,来源字段完整但仍需正版逐页核验,SENT-0325,AUTH-TAD-0035,既然这事你已经决定了，我就不说什么了。,已经,已经,TEMPORAL_ADVERBIAL,时间副词/体貌副词边界,完全一致,完全一致,完全一致,中等,国际中文教育中文水平等级标准·语法学习手册（中等）,110,例如： *既然这事你已经决定了，就我不说什么了,否,纳入477条一致评测集,保留但单独报告；可用于边界分析，不作为主结论唯一依据,正确,是时间状语,时间状语,权威语法学习手册,第1批,candidate_span,正确,是时间状语,时间状语,,正确,是时间状语,时间状语,,正确,是时间状语,时间状语,,既然这事你已经决定了我就不说什么了,span:AUTH-TAD-0035,sentence:SENT-0325,5,7,located,BEFORE_PREDICATE|EVENT_TIME|TIME_ADVERB|TIME_FREQUENCY,R_TEMP_ADV_04|R_TEMP_ADV_19|R_TEMP_KG_ADV_01|R_TEMP_ADV_08|R_TEMP_ADV_11,R_TEMP_ADV_04,TEMPORAL_ADVERBIAL,True,规则正确
B_边界复核集,边界集/鲁棒性分析,保留为边界挑战实例，单独报告,无重复,页面线索缺失,SENT-0351,AUTH-TAD-0036,昨天我亲眼看见了又大又亮的月亮挂在天空中。,昨天,昨天,TEMPORAL_ADVERBIAL,页面线索缺失,完全一致,完全一致,完全一致,中等,国际中文教育中文水平等级标准·语法学习手册（中等）,283,,否,纳入477条一致评测集,保留但单独报告；可用于边界分析，不作为主结论唯一依据,正确,是时间状语,时间状语,权威语法学习手册,第1批,candidate_span,正确,是时间状语,时间状语,,正确,是时间状语,时间状语,,正确,是时间状语,时间状语,,昨天我亲眼看见了又大又亮的月亮挂在天空中,span:AUTH-TAD-0036,sentence:SENT-0351,0,2,located,BEFORE_PREDICATE|EVENT_TIME|SENTENCE_INITIAL|TIME_NOUN,R_TEMP_ADV_01|R_TEMP_ADV_02|R_TEMP_KG_ADV_02,R_TEMP_ADV_01,TEMPORAL_ADVERBIAL,True,规则正确
A_主评测候选,主实验/严格评测,保留为高一致主评测实例,无重复,来源字段完整但仍需正版逐页核验,SENT-0346,AUTH-TAD-0037,昨天他不小心把玛丽的电脑弄坏了，幸好后来修好了，否则就得赔了。,后来,后来,TEMPORAL_ADVERBIAL,,完全一致,完全一致,完全一致,高等,国际中文教育中文水平等级标准·语法学习手册（高等）,67,小提示 “幸好”在承接上文后，如果语义已经很明确时，后面的分句可以不出现,否,纳入477条一致评测集,可进入主评测集；仍需抽样核验出处,正确,是时间状语,时间状语,权威语法学习手册,第1批,candidate_span,正确,是时间状语,时间状语,,正确,是时间状语,时间状语,,正确,是时间状语,时间状语,,昨天他不小心把玛丽的电脑弄坏了幸好后来修好了否则就得赔了,span:AUTH-TAD-0037,sentence:SENT-0346,18,20,located,STATIVE_PREDICATE|TIME_ADVERB|TIME_AFTER_BEFORE|TIME_FREQUENCY|TIME_NOUN,R_TEMP_KG_ADV_01|R_TEMP_ADV_11|R_TEMP_KG_ADV_02,R_TEMP_KG_ADV_01,TEMPORAL_ADVERBIAL,True,规则正确
C_暂不纳入主实验,待复核,暂不进入主实验，优先复核标签,同句多候选/重复句,页面线索缺失,SENT-0044,AUTH-TAD-0038,今天就可以动手，何必明天呢?,明天,明天,TEMPORAL_ADVERBIAL,原表已建议复核/剔除；页面线索缺失；三人标注不完全一致；至少一名标注者修正片段,多数一致,多数一致,平票,高等,国际中文教育中文水平等级标准·语法学习手册（高等）,190,,是,复核/剔除候选,需老师/专家核验；核验前只作错误分析或边界案例,正确,是时间状语,普通时间名词/词语引用,权威语法学习手册,第1批,candidate_span,正确,不是时间状语,普通时间名词/词语引用,,正确,是时间状语,时间状语,,漏检：有目标时间状语,是时间状语,漏检,今天,今天就可以动手何必明天呢,span:AUTH-TAD-0038,sentence:SENT-0044,10,12,located,REVIEW_NON_TARGET_RISK|TIME_NOUN,R_TEMP_KG_OTHER_01|R_TEMP_KG_ADV_02,R_TEMP_KG_OTHER_01,OTHER,False,规则误判
C_暂不纳入主实验,待复核,暂不进入主实验，优先复核标签,无重复,来源字段完整但仍需正版逐页核验,SENT-0199,AUTH-TAD-0039,在采访中，这位明星提到了小时候的经历。,小时候,小时候,ATTRIBUTE,可能为时间定语；时量补语/持续时间边界；三人标注不完全一致；至少一名标注者修正片段,多数一致,多数一致,多数一致,中等,国际中文教育中文水平等级标准·语法学习手册（中等）,72,在采访中，这位明星提到了小时候的经历,否,纳入477条一致评测集,需老师/专家核验；核验前只作错误分析或边界案例,正确,不是时间状语,时间定语,权威语法学习手册,第1批,candidate_span,正确,不是时间状语,时间定语,,正确,不是时间状语,时间定语,,漏检：有目标时间状语,是时间状语,漏检,在采访中,在采访中这位明星提到了小时候的经历,span:AUTH-TAD-0039,sentence:SENT-0199,12,15,located,ATTR_DE_DIRECT|ATTR_NOMINAL_DIRECT|DE_PARTICLE|NOMINAL_HEAD|TIME_NOUN,R_TEMP_KG_ATTR_01|R_TEMP_KG_ATTR_02|R_TEMP_ATTR_01|R_TEMP_ATTR_03|R_TEMP_KG_ADV_02,R_TEMP_KG_ATTR_01,ATTRIBUTE,True,规则正确
A_主评测候选,主实验/严格评测,保留为高一致主评测实例,无重复,来源字段完整但仍需正版逐页核验,SENT-0258,AUTH-TAD-0040,您先休息吧，我们明天再来。,明天,明天,TEMPORAL_ADVERBIAL,,完全一致,完全一致,完全一致,初等,国际中文教育中文水平等级标准·语法学习手册（初等）,55,级语法点 小提示 “马上”可以用于表达未发生的动作，也可以用于说,否,纳入477条一致评测集,可进入主评测集；仍需抽样核验出处,正确,是时间状语,时间状语,权威语法学习手册,第1批,candidate_span,正确,是时间状语,时间状语,,正确,是时间状语,时间状语,,正确,是时间状语,时间状语,,您先休息吧我们明天再来,span:AUTH-TAD-0040,sentence:SENT-0258,8,10,located,AFTER_VERB|BEFORE_PREDICATE|DURATION_COMPLEMENT|EVENT_TIME|TIME_NOUN,R_TEMP_ADV_01|R_TEMP_ADV_02|R_TEMP_KG_ADV_02,R_TEMP_ADV_01,TEMPORAL_ADVERBIAL,True,规则正确
C_暂不纳入主实验,待复核,暂不进入主实验，优先复核标签,同句多候选/重复句,来源字段完整但仍需正版逐页核验,SENT-0368,AUTH-TAD-0041,有的学校下午三点放学。,三点,三点,TEMPORAL_ADVERBIAL,三人标注不完全一致；至少一名标注者修正片段,多数一致,多数一致,多数一致,初等,国际中文教育中文水平等级标准·语法学习手册（初等）,44,我太忙了，没时间做别的事,否,纳入477条一致评测集,需老师/专家核验；核验前只作错误分析或边界案例,正确,是时间状语,时间状语,权威语法学习手册,第1批,candidate_span,正确,是时间状语,时间状语,,正确,是时间状语,时间状语,,边界不完整,不是时间状语,提取错误：边界过长,下午三点,有的学校下午三点放学,span:AUTH-TAD-0041,sentence:SENT-0368,6,8,located,BEFORE_PREDICATE|EVENT_TIME|NO_TEMPORAL_EXPRESSION,,,,False,未覆盖
B_边界复核集,边界集/鲁棒性分析,保留为边界挑战实例，单独报告,无重复,来源字段完整但仍需正版逐页核验,SENT-0295,AUTH-TAD-0042,我已经跟他说了很多遍，他依旧不明白。,已经,已经,TEMPORAL_ADVERBIAL,时间副词/体貌副词边界,完全一致,完全一致,完全一致,中等,国际中文教育中文水平等级标准·语法学习手册（中等）,156,A:爷爷现在还住在 A:谁是公司本季度 记者：您已经离开家乡多 老房子里吗? 的金牌销售员?,否,纳入477条一致评测集,保留但单独报告；可用于边界分析，不作为主结论唯一依据,正确,是时间状语,时间状语,权威语法学习手册,第1批,candidate_span,正确,是时间状语,时间状语,,正确,是时间状语,时间状语,,正确,是时间状语,时间状语,,我已经跟他说了很多遍他依旧不明白,span:AUTH-TAD-0042,sentence:SENT-0295,1,3,located,BEFORE_PREDICATE|EVENT_TIME|TIME_ADVERB|TIME_FREQUENCY,R_TEMP_ADV_04|R_TEMP_ADV_19|R_TEMP_KG_ADV_01|R_TEMP_ADV_08|R_TEMP_ADV_11,R_TEMP_ADV_04,TEMPORAL_ADVERBIAL,True,规则正确
B_边界复核集,边界集/鲁棒性分析,保留为边界挑战实例，单独报告,无重复,页面线索缺失,SENT-0242,AUTH-TAD-0043,工作了一天，我又饿又渴。,一天,一天,COMPLEMENT,页面线索缺失；时量补语/持续时间边界,完全一致,完全一致,完全一致,初等,国际中文教育中文水平等级标准·语法学习手册（初等）,194,,否,纳入477条一致评测集,保留但单独报告；可用于边界分析，不作为主结论唯一依据,正确,不是时间状语,时长补语,权威语法学习手册,第1批,candidate_span,正确,不是时间状语,时长补语,,正确,不是时间状语,时长补语,,正确,不是时间状语,时长补语,,工作了一天我又饿又渴,span:AUTH-TAD-0043,sentence:SENT-0242,3,5,located,AFTER_VERB|COMPLEMENT_DURATION_CONTEXT|DURATION_COMPLEMENT|INDEFINITE_TIME|TIME_DURATION|TIME_POINT,R_TEMP_KG_COMP_01|R_TEMP_COMP_01|R_TEMP_COMP_02|R_TEMP_COMP_07,R_TEMP_KG_COMP_01,COMPLEMENT,True,规则正确
C_暂不纳入主实验,待复核,暂不进入主实验，优先复核标签,无重复,页面线索缺失,SENT-0345,AUTH-TAD-0044,昨天不如今天凉快。,今天,今天,OTHER,页面线索缺失；非目标时间表达；三人标注不完全一致；至少一名标注者修正片段,多数一致,完全一致,多数一致,初等,国际中文教育中文水平等级标准·语法学习手册（初等）,211,,否,纳入477条一致评测集,需老师/专家核验；核验前只作错误分析或边界案例,正确,不是时间状语,普通时间名词/词语引用,权威语法学习手册,第1批,candidate_span,正确,不是时间状语,普通时间名词/词语引用,,不是时间表达,不是时间状语,提取错误：不是时间表达,无,正确,不是时间状语,普通时间名词/词语引用,,昨天不如今天凉快,span:AUTH-TAD-0044,sentence:SENT-0345,4,6,located,ABSTRACT_OR_NON_TARGET_TIME|BEFORE_PREDICATE|EVENT_TIME|REVIEW_NON_TARGET_RISK|TEMPORAL_COMPARISON_STATE|TIME_NOUN,R_TEMP_KG_OTHER_01|R_TEMP_KG_OTHER_02|R_TEMP_KG_OTHER_03|R_TEMP_ADV_01|R_TEMP_ADV_02,R_TEMP_KG_OTHER_01,OTHER,True,规则正确
C_暂不纳入主实验,待复核,暂不进入主实验，优先复核标签,无重复,页面线索缺失,SENT-0424,AUTH-TAD-0045,觉，现在太累了。,现在,现在,OTHER,原表已建议复核/剔除；页面线索缺失；非目标时间表达；三人标注不完全一致,完全一致,多数一致,平票,初等,国际中文教育中文水平等级标准·语法学习手册（初等）,235,,是,复核/剔除候选,需老师/专家核验；核验前只作错误分析或边界案例,正确,不是时间状语,普通时间名词/词语引用,权威语法学习手册,第1批,candidate_span,正确,不是时间状语,普通时间名词/词语引用,,正确,不是时间状语,时长补语,,正确,是时间状语,时间状语,,觉现在太累了,span:AUTH-TAD-0045,sentence:SENT-0424,2,4,located,BEFORE_PREDICATE|EVENT_TIME|REVIEW_NON_TARGET_RISK|STATIVE_PREDICATE|TIME_ADVERB|TIME_NOUN|TIME_POINT,R_TEMP_KG_OTHER_01|R_TEMP_ADV_01|R_TEMP_ADV_02|R_TEMP_ADV_19|R_TEMP_ADV_08,R_TEMP_KG_OTHER_01,OTHER,True,规则正确
C_暂不纳入主实验,待复核,暂不进入主实验，优先复核标签,无重复,来源字段完整但仍需正版逐页核验,SENT-0099,AUTH-TAD-0046,他放假了，这两天在上海玩儿呢。,两天,这两天,OTHER,时量补语/持续时间边界；候选片段与最终片段不一致；非目标时间表达；三人标注不完全一致；至少一名标注者修正片段,多数一致,多数一致,多数一致,初等,国际中文教育中文水平等级标准·语法学习手册（初等）,105,):……呢 【一42】 ◎基本语义及用法 指事情正在发生或者动作正在进行,否,纳入477条一致评测集,需老师/专家核验；核验前只作错误分析或边界案例,边界不完整,不是时间状语,提取错误：边界不完整,权威语法学习手册,第1批,majority_fixed_span,边界不完整,不是时间状语,提取错误：边界不完整,这两天,正确,是时间状语,时间状语,,边界不完整,不是时间状语,提取错误：边界不完整,这两天,他放假了这两天在上海玩儿呢,span:AUTH-TAD-0046,sentence:SENT-0099,6,8,located,BEFORE_PREDICATE|EVENT_TIME|REVIEW_NON_TARGET_RISK|TIME_DURATION,R_TEMP_KG_OTHER_01,R_TEMP_KG_OTHER_01,OTHER,True,规则正确
B_边界复核集,边界集/鲁棒性分析,保留为边界挑战实例，单独报告,无重复,来源字段完整但仍需正版逐页核验,SENT-0139,AUTH-TAD-0047,你怎么今天才来?,今天,今天,TEMPORAL_ADVERBIAL,三人标注不完全一致,完全一致,多数一致,多数一致,初等,国际中文教育中文水平等级标准·语法学习手册（初等）,164,示说话人认为事情发生得比预想的晚，也可表达数量少、时间早、程度低等， 具有较强的主观性,否,纳入477条一致评测集,保留但单独报告；可用于边界分析，不作为主结论唯一依据,正确,是时间状语,时间状语,权威语法学习手册,第1批,candidate_span,正确,不是时间状语,普通时间名词/词语引用,,正确,是时间状语,时间状语,,正确,是时间状语,时间状语,,你怎么今天才来,span:AUTH-TAD-0047,sentence:SENT-0139,3,5,located,BEFORE_PREDICATE|EVENT_TIME|TIME_NOUN,R_TEMP_ADV_01|R_TEMP_ADV_02|R_TEMP_KG_ADV_02,R_TEMP_ADV_01,TEMPORAL_ADVERBIAL,True,规则正确
B_边界复核集,边界集/鲁棒性分析,保留为边界挑战实例，单独报告,无重复,来源字段完整但仍需正版逐页核验,SENT-0298,AUTH-TAD-0048,我感冒了，幸好没发烧，不然今天就不能上班了。,今天,今天,TEMPORAL_ADVERBIAL,三人标注不完全一致,完全一致,多数一致,多数一致,高等,国际中文教育中文水平等级标准·语法学习手册（高等）,67,小提示 “幸好”在承接上文后，如果语义已经很明确时，后面的分句可以不出现,否,纳入477条一致评测集,保留但单独报告；可用于边界分析，不作为主结论唯一依据,正确,是时间状语,时间状语,权威语法学习手册,第1批,candidate_span,正确,不是时间状语,普通时间名词/词语引用,,正确,是时间状语,时间状语,,正确,是时间状语,时间状语,,我感冒了幸好没发烧不然今天就不能上班了,span:AUTH-TAD-0048,sentence:SENT-0298,13,15,located,TIME_NOUN,R_TEMP_KG_ADV_02,R_TEMP_KG_ADV_02,TEMPORAL_ADVERBIAL,True,规则正确
A_主评测候选,主实验/严格评测,保留为高一致主评测实例,无重复,来源字段完整但仍需正版逐页核验,SENT-0464,AUTH-TAD-0049,除下大雨以外，他每天都坚持跑步。,每天,每天,TEMPORAL_ADVERBIAL,,完全一致,完全一致,完全一致,中等,国际中文教育中文水平等级标准·语法学习手册（中等）,300,(在公司) (在朋友家) (在机场) A:会议马上就要 A:房间里的东西我都 工作人员：你,否,纳入477条一致评测集,可进入主评测集；仍需抽样核验出处,正确,是时间状语,时间状语,权威语法学习手册,第1批,candidate_span,正确,是时间状语,时间状语,,正确,是时间状语,时间状语,,正确,是时间状语,时间状语,,除下大雨以外他每天都坚持跑步,span:AUTH-TAD-0049,sentence:SENT-0464,8,10,located,BEFORE_PREDICATE|EVENT_TIME|TIME_FREQUENCY,R_TEMP_ADV_04|R_TEMP_KG_ADV_01,R_TEMP_ADV_04,TEMPORAL_ADVERBIAL,True,规则正确
B_边界复核集,边界集/鲁棒性分析,保留为边界挑战实例，单独报告,无重复,来源字段完整但仍需正版逐页核验,SENT-0381,AUTH-TAD-0050,海浪已经平静下去了。,已经,已经,TEMPORAL_ADVERBIAL,时间副词/体貌副词边界,完全一致,完全一致,完全一致,中等,国际中文教育中文水平等级标准·语法学习手册（中等）,335,海浪已经平静下去了,否,纳入477条一致评测集,保留但单独报告；可用于边界分析，不作为主结论唯一依据,正确,是时间状语,时间状语,权威语法学习手册,第1批,candidate_span,正确,是时间状语,时间状语,,正确,是时间状语,时间状语,,正确,是时间状语,时间状语,,海浪已经平静下去了,span:AUTH-TAD-0050,sentence:SENT-0381,2,4,located,BEFORE_PREDICATE|EVENT_TIME|TIME_ADVERB|TIME_FREQUENCY,R_TEMP_ADV_04|R_TEMP_ADV_19|R_TEMP_KG_ADV_01|R_TEMP_ADV_08|R_TEMP_ADV_11,R_TEMP_ADV_04,TEMPORAL_ADVERBIAL,True,规则正确
A_主评测候选,主实验/严格评测,保留为高一致主评测实例,无重复,来源字段完整但仍需正版逐页核验,SENT-0039,AUTH-TAD-0051,今天到场的另一位嘉宾是北京大学中文系的王教授。,今天,今天,TEMPORAL_ADVERBIAL,,完全一致,完全一致,完全一致,高等,国际中文教育中文水平等级标准·语法学习手册（高等）,12,◎结构特点 “另”一般用于数量短语前边作定语,否,纳入477条一致评测集,可进入主评测集；仍需抽样核验出处,正确,是时间状语,时间状语,权威语法学习手册,第1批,candidate_span,正确,是时间状语,时间状语,,正确,是时间状语,时间状语,,正确,是时间状语,时间状语,,今天到场的另一位嘉宾是北京大学中文系的王教授,span:AUTH-TAD-0051,sentence:SENT-0039,0,2,located,BEFORE_PREDICATE|EVENT_TIME|SENTENCE_INITIAL|TIME_NOUN,R_TEMP_ADV_01|R_TEMP_ADV_02|R_TEMP_KG_ADV_02,R_TEMP_ADV_01,TEMPORAL_ADVERBIAL,True,规则正确
A_主评测候选,主实验/严格评测,保留为高一致主评测实例,无重复,来源字段完整但仍需正版逐页核验,SENT-0196,AUTH-TAD-0052,国现在还说不定。,现在,现在,TEMPORAL_ADVERBIAL,,完全一致,完全一致,完全一致,中等,国际中文教育中文水平等级标准·语法学习手册（中等）,62,这个项目才刚刚开始，什么时候能出成果还说不定呢,否,纳入477条一致评测集,可进入主评测集；仍需抽样核验出处,正确,是时间状语,时间状语,权威语法学习手册,第1批,candidate_span,正确,是时间状语,时间状语,,正确,是时间状语,时间状语,,正确,是时间状语,时间状语,,国现在还说不定,span:AUTH-TAD-0052,sentence:SENT-0196,1,3,located,BEFORE_PREDICATE|EVENT_TIME|TIME_ADVERB|TIME_NOUN|TIME_POINT,R_TEMP_ADV_01|R_TEMP_ADV_02|R_TEMP_ADV_19|R_TEMP_ADV_08|R_TEMP_ADV_10,R_TEMP_ADV_01,TEMPORAL_ADVERBIAL,True,规则正确
B_边界复核集,边界集/鲁棒性分析,保留为边界挑战实例，单独报告,无重复,来源字段完整但仍需正版逐页核验,SENT-0038,AUTH-TAD-0053,今天刚开完会，明天又要开会。,明天,明天,TEMPORAL_ADVERBIAL,三人标注不完全一致,完全一致,多数一致,多数一致,初等,国际中文教育中文水平等级标准·语法学习手册（初等）,156,你怎么又不高兴了? 今天刚开完会，明天又要开会,否,纳入477条一致评测集,保留但单独报告；可用于边界分析，不作为主结论唯一依据,正确,是时间状语,时间状语,权威语法学习手册,第1批,candidate_span,正确,不是时间状语,普通时间名词/词语引用,,正确,是时间状语,时间状语,,正确,是时间状语,时间状语,,今天刚开完会明天又要开会,span:AUTH-TAD-0053,sentence:SENT-0038,7,9,located,BEFORE_PREDICATE|EVENT_TIME|TIME_NOUN,R_TEMP_ADV_01|R_TEMP_ADV_02|R_TEMP_KG_ADV_02,R_TEMP_ADV_01,TEMPORAL_ADVERBIAL,True,规则正确
C_暂不纳入主实验,待复核,暂不进入主实验，优先复核标签,无重复,来源字段完整但仍需正版逐页核验,SENT-0412,AUTH-TAD-0054,经过这场病，他的身体反倒比以前好了。,以前,以前,COMPLEMENT,原表已建议复核/剔除；相对时间框架边界；三人标注不完全一致；至少一名标注者修正片段,多数一致,多数一致,平票,高等,国际中文教育中文水平等级标准·语法学习手册（高等）,52,经过这场病，他的身体反倒比以前好了,是,复核/剔除候选,需老师/专家核验；核验前只作错误分析或边界案例,正确,不是时间状语,时长补语,权威语法学习手册,第1批,candidate_span,正确,不是时间状语,时长补语,,不是时间表达,不是时间状语,提取错误：不是时间表达,无,正确,是时间状语,时间状语,,经过这场病他的身体反倒比以前好了,span:AUTH-TAD-0054,sentence:SENT-0412,13,15,located,ABSTRACT_OR_NON_TARGET_TIME|AFTER_VERB|NO_TEMPORAL_EXPRESSION|POSTPOSED_TEMPORAL_MARKER|STATIVE_PREDICATE|TEMPORAL_COMPARISON_STATE|TIME_AFTER_BEFORE,R_TEMP_KG_OTHER_02|R_TEMP_KG_OTHER_03|R_TEMP_COMP_09|R_TEMP_COMP_08,R_TEMP_KG_OTHER_02,OTHER,False,规则误判
A_主评测候选,主实验/严格评测,保留为高一致主评测实例,无重复,来源字段完整但仍需正版逐页核验,SENT-0353,AUTH-TAD-0055,昨天我又看了一遍。,昨天,昨天,TEMPORAL_ADVERBIAL,,完全一致,完全一致,完全一致,初等,国际中文教育中文水平等级标准·语法学习手册（初等）,156,你怎么又不高兴了? 今天刚开完会，明天又要开会,否,纳入477条一致评测集,可进入主评测集；仍需抽样核验出处,正确,是时间状语,时间状语,权威语法学习手册,第1批,candidate_span,正确,是时间状语,时间状语,,正确,是时间状语,时间状语,,正确,是时间状语,时间状语,,昨天我又看了一遍,span:AUTH-TAD-0055,sentence:SENT-0353,0,2,located,BEFORE_PREDICATE|EVENT_TIME|SENTENCE_INITIAL|TIME_NOUN,R_TEMP_ADV_01|R_TEMP_ADV_02|R_TEMP_KG_ADV_02,R_TEMP_ADV_01,TEMPORAL_ADVERBIAL,True,规则正确
A_主评测候选,主实验/严格评测,保留为高一致主评测实例,无重复,来源字段完整但仍需正版逐页核验,SENT-0144,AUTH-TAD-0056,你明天早点儿来，可以吗?,明天,明天,TEMPORAL_ADVERBIAL,,完全一致,完全一致,完全一致,初等,国际中文教育中文水平等级标准·语法学习手册（初等）,246,示强调参见第200页“90.‘是……的’句1:强调时间、地点、 方式、动作者等”,否,纳入477条一致评测集,可进入主评测集；仍需抽样核验出处,正确,是时间状语,时间状语,权威语法学习手册,第1批,candidate_span,正确,是时间状语,时间状语,,正确,是时间状语,时间状语,,正确,是时间状语,时间状语,,你明天早点儿来可以吗,span:AUTH-TAD-0056,sentence:SENT-0144,1,3,located,BEFORE_PREDICATE|EVENT_TIME|TIME_NOUN,R_TEMP_ADV_01|R_TEMP_ADV_02|R_TEMP_KG_ADV_02,R_TEMP_ADV_01,TEMPORAL_ADVERBIAL,True,规则正确
A_主评测候选,主实验/严格评测,保留为高一致主评测实例,无重复,来源字段完整但仍需正版逐页核验,SENT-0115,AUTH-TAD-0057,他的工作有时非常忙。,有时,有时,TEMPORAL_ADVERBIAL,,完全一致,完全一致,完全一致,初等,国际中文教育中文水平等级标准·语法学习手册（初等）,56,32 时间副词(3):有时 【一11】 ○ 基本语,否,纳入477条一致评测集,可进入主评测集；仍需抽样核验出处,正确,是时间状语,时间状语,权威语法学习手册,第1批,candidate_span,正确,是时间状语,时间状语,,正确,是时间状语,时间状语,,正确,是时间状语,时间状语,,他的工作有时非常忙,span:AUTH-TAD-0057,sentence:SENT-0115,4,6,located,BEFORE_PREDICATE|EVENT_TIME|STATIVE_PREDICATE|TIME_ADVERB|TIME_FREQUENCY|TIME_NOUN,R_TEMP_ADV_01|R_TEMP_ADV_02|R_TEMP_ADV_04|R_TEMP_ADV_19|R_TEMP_KG_ADV_01,R_TEMP_ADV_01,TEMPORAL_ADVERBIAL,True,规则正确
B_边界复核集,边界集/鲁棒性分析,保留为边界挑战实例，单独报告,无重复,来源字段完整但仍需正版逐页核验,SENT-0308,AUTH-TAD-0058,我的朋友马上就到。,马上,马上,TEMPORAL_ADVERBIAL,时间副词/体貌副词边界,完全一致,完全一致,完全一致,初等,国际中文教育中文水平等级标准·语法学习手册（初等）,54,30 时间副词(1):马上 【一11】 ◎基本语义及用法 表示动作,否,纳入477条一致评测集,保留但单独报告；可用于边界分析，不作为主结论唯一依据,正确,是时间状语,时间状语,权威语法学习手册,第1批,candidate_span,正确,是时间状语,时间状语,,正确,是时间状语,时间状语,,正确,是时间状语,时间状语,,我的朋友马上就到,span:AUTH-TAD-0058,sentence:SENT-0308,4,6,located,BEFORE_PREDICATE|EVENT_TIME|LOCATION_EXPRESSION|NO_TEMPORAL_EXPRESSION|TIME_ADVERB,R_TEMP_OTHER_01|R_TEMP_ADV_19|R_TEMP_ADV_08,R_TEMP_OTHER_01,OTHER,False,规则误判
C_暂不纳入主实验,待复核,暂不进入主实验，优先复核标签,无重复,来源字段完整但仍需正版逐页核验,SENT-0081,AUTH-TAD-0059,他刚才已经来过了。,已经,已经,TEMPORAL_ADVERBIAL,时间副词/体貌副词边界；三人标注不完全一致；至少一名标注者修正片段,多数一致,多数一致,多数一致,初等,国际中文教育中文水平等级标准·语法学习手册（初等）,152,级语法点 例句 校长已经下班了,否,纳入477条一致评测集,需老师/专家核验；核验前只作错误分析或边界案例,正确,是时间状语,时间状语,权威语法学习手册,第1批,candidate_span,正确,是时间状语,时间状语,,正确,是时间状语,时间状语,,边界不完整,不是时间状语,提取错误：边界不完整,刚才已经,他刚才已经来过了,span:AUTH-TAD-0059,sentence:SENT-0081,3,5,located,BEFORE_PREDICATE|EVENT_TIME|TIME_ADVERB|TIME_FREQUENCY,R_TEMP_ADV_04|R_TEMP_ADV_19|R_TEMP_KG_ADV_01|R_TEMP_ADV_08|R_TEMP_ADV_11,R_TEMP_ADV_04,TEMPORAL_ADVERBIAL,True,规则正确
B_边界复核集,边界集/鲁棒性分析,保留为边界挑战实例，单独报告,无重复,来源字段完整但仍需正版逐页核验,SENT-0287,AUTH-TAD-0060,我去了医院，医生已经下班了。,已经,已经,TEMPORAL_ADVERBIAL,时间副词/体貌副词边界,完全一致,完全一致,完全一致,初等,国际中文教育中文水平等级标准·语法学习手册（初等）,228,我去了医院，医生已经下班了,否,纳入477条一致评测集,保留但单独报告；可用于边界分析，不作为主结论唯一依据,正确,是时间状语,时间状语,权威语法学习手册,第1批,candidate_span,正确,是时间状语,时间状语,,正确,是时间状语,时间状语,,正确,是时间状语,时间状语,,我去了医院医生已经下班了,span:AUTH-TAD-0060,sentence:SENT-0287,8,10,located,BEFORE_PREDICATE|EVENT_TIME|TIME_ADVERB|TIME_FREQUENCY,R_TEMP_ADV_04|R_TEMP_ADV_19|R_TEMP_KG_ADV_01|R_TEMP_ADV_08|R_TEMP_ADV_11,R_TEMP_ADV_04,TEMPORAL_ADVERBIAL,True,规则正确
B_边界复核集,边界集/鲁棒性分析,保留为边界挑战实例，单独报告,同句多候选/重复句,来源字段完整但仍需正版逐页核验,SENT-0323,AUTH-TAD-0061,旅行要去多长时间不确定，或两三天，或一两周。,两三天,两三天,OTHER,时量补语/持续时间边界；非目标时间表达；三人标注不完全一致,完全一致,完全一致,多数一致,高等,国际中文教育中文水平等级标准·语法学习手册（高等）,151,旅行要去多长时间 (在学校，讨论旅行的时间) 不确定，或两三天， A:听说你放假以,否,纳入477条一致评测集,保留但单独报告；可用于边界分析，不作为主结论唯一依据,正确,不是时间状语,普通时间名词/词语引用,权威语法学习手册,第1批,candidate_span,正确,不是时间状语,普通时间名词/词语引用,,正确,不是时间状语,时长补语,,正确,不是时间状语,普通时间名词/词语引用,,旅行要去多长时间不确定或两三天或一两周,span:AUTH-TAD-0061,sentence:SENT-0323,13,16,located,TIME_DURATION,,,,False,未覆盖
A_主评测候选,主实验/严格评测,保留为高一致主评测实例,无重复,来源字段完整但仍需正版逐页核验,SENT-0158,AUTH-TAD-0062,依照医生的要求，他每天按时吃药。,每天,每天,TEMPORAL_ADVERBIAL,,完全一致,完全一致,完全一致,中等,国际中文教育中文水平等级标准·语法学习手册（中等）,182,依照医生的要求，他每天按时吃药,否,纳入477条一致评测集,可进入主评测集；仍需抽样核验出处,正确,是时间状语,时间状语,权威语法学习手册,第1批,candidate_span,正确,是时间状语,时间状语,,正确,是时间状语,时间状语,,正确,是时间状语,时间状语,,依照医生的要求他每天按时吃药,span:AUTH-TAD-0062,sentence:SENT-0158,9,11,located,TIME_FREQUENCY,R_TEMP_KG_ADV_01,R_TEMP_KG_ADV_01,TEMPORAL_ADVERBIAL,True,规则正确
B_边界复核集,边界集/鲁棒性分析,保留为边界挑战实例，单独报告,无重复,来源字段完整但仍需正版逐页核验,SENT-0026,AUTH-TAD-0063,了，正在看书呢。,正在,正在,TEMPORAL_ADVERBIAL,时间副词/体貌副词边界,完全一致,完全一致,完全一致,初等,国际中文教育中文水平等级标准·语法学习手册（初等）,253,提示 “该……了”只能用于尚未发生的事情，不能用于已经发生的事情,否,纳入477条一致评测集,保留但单独报告；可用于边界分析，不作为主结论唯一依据,正确,是时间状语,时间状语,权威语法学习手册,第1批,candidate_span,正确,是时间状语,时间状语,,正确,是时间状语,时间状语,,正确,是时间状语,时间状语,,了正在看书呢,span:AUTH-TAD-0063,sentence:SENT-0026,2,4,located,BEFORE_PREDICATE|EVENT_TIME|NO_TEMPORAL_EXPRESSION|TIME_ADVERB,R_TEMP_ADV_19|R_TEMP_ADV_08,R_TEMP_ADV_19,TEMPORAL_ADVERBIAL,True,规则正确
C_暂不纳入主实验,待复核,暂不进入主实验，优先复核标签,无重复,来源字段完整但仍需正版逐页核验,SENT-0304,AUTH-TAD-0064,我每年生日都收到很多礼物。,每年,每年,ATTRIBUTE,原表已建议复核/剔除；时量补语/持续时间边界；三人标注不完全一致；至少一名标注者修正片段,多数一致,多数一致,平票,初等,国际中文教育中文水平等级标准·语法学习手册（初等）,267,每(+一)+量词”作“人、月、星期、小时”等名词的定语时，“一”和量 词都可以省略，如“每一个,是,复核/剔除候选,需老师/专家核验；核验前只作错误分析或边界案例,正确,不是时间状语,时间定语,权威语法学习手册,第1批,candidate_span,正确,不是时间状语,时间定语,,正确,是时间状语,时间状语,,边界不完整,不是时间状语,提取错误：边界不完整,每年生日,我每年生日都收到很多礼物,span:AUTH-TAD-0064,sentence:SENT-0304,1,3,located,ATTR_NOMINAL_DIRECT|NOMINAL_HEAD|TIME_FREQUENCY,R_TEMP_KG_ATTR_02|R_TEMP_KG_ADV_01,R_TEMP_KG_ATTR_02,ATTRIBUTE,True,规则正确
B_边界复核集,边界集/鲁棒性分析,保留为边界挑战实例，单独报告,无重复,来源字段完整但仍需正版逐页核验,SENT-0071,AUTH-TAD-0065,他不是偶尔才这样，这种失误已经很多次了。,已经,已经,TEMPORAL_ADVERBIAL,时间副词/体貌副词边界,完全一致,完全一致,完全一致,中等,国际中文教育中文水平等级标准·语法学习手册（中等）,158,一向”表示长期稳定、具有规律的状态，不能和表示具体时间的词同时出现,否,纳入477条一致评测集,保留但单独报告；可用于边界分析，不作为主结论唯一依据,正确,是时间状语,时间状语,权威语法学习手册,第1批,candidate_span,正确,是时间状语,时间状语,,正确,是时间状语,时间状语,,正确,是时间状语,时间状语,,他不是偶尔才这样这种失误已经很多次了,span:AUTH-TAD-0065,sentence:SENT-0071,13,15,located,TIME_ADVERB|TIME_FREQUENCY,R_TEMP_KG_ADV_01|R_TEMP_ADV_11,R_TEMP_KG_ADV_01,TEMPORAL_ADVERBIAL,True,规则正确
C_暂不纳入主实验,待复核,暂不进入主实验，优先复核标签,无重复,来源字段完整但仍需正版逐页核验,SENT-0244,AUTH-TAD-0066,已经三天了，老板还没有答复我们。,三天,三天,OTHER,原表已建议复核/剔除；时量补语/持续时间边界；非目标时间表达；三人标注不完全一致；至少一名标注者修正片段,多数一致,完全一致,多数一致,高等,国际中文教育中文水平等级标准·语法学习手册（高等）,192,七一九级语法点 经常加班确实很累，可是话又说回来，公司给的薪,是,复核/剔除候选,需老师/专家核验；核验前只作错误分析或边界案例,边界不完整,不是时间状语,提取错误：边界不完整,权威语法学习手册,第1批,candidate_span,正确,不是时间状语,时长补语,,边界不完整,不是时间状语,提取错误：边界不完整,已经三天了,边界不完整,不是时间状语,提取错误：边界不完整,已经三天,已经三天了老板还没有答复我们,span:AUTH-TAD-0066,sentence:SENT-0244,2,4,located,ABSTRACT_OR_NON_TARGET_TIME|AFTER_VERB|COMPLEMENT_DURATION_CONTEXT|DURATION_COMPLEMENT|REVIEW_NON_TARGET_RISK|TEMPORAL_COMPARISON_STATE|TIME_DURATION,R_TEMP_KG_OTHER_01|R_TEMP_KG_COMP_01|R_TEMP_KG_OTHER_02|R_TEMP_KG_OTHER_03|R_TEMP_COMP_01,R_TEMP_KG_OTHER_01,OTHER,True,规则正确
B_边界复核集,边界集/鲁棒性分析,保留为边界挑战实例，单独报告,无重复,来源字段完整但仍需正版逐页核验,SENT-0195,AUTH-TAD-0067,因为钱的事情，他们经常吵架。,经常,经常,TEMPORAL_ADVERBIAL,时间副词/体貌副词边界,完全一致,完全一致,完全一致,初等,国际中文教育中文水平等级标准·语法学习手册（初等）,327,因为钱的事情，他们经常吵架,否,纳入477条一致评测集,保留但单独报告；可用于边界分析，不作为主结论唯一依据,正确,是时间状语,时间状语,权威语法学习手册,第1批,candidate_span,正确,是时间状语,时间状语,,正确,是时间状语,时间状语,,正确,是时间状语,时间状语,,因为钱的事情他们经常吵架,span:AUTH-TAD-0067,sentence:SENT-0195,9,11,located,TIME_FREQUENCY,R_TEMP_KG_ADV_01,R_TEMP_KG_ADV_01,TEMPORAL_ADVERBIAL,True,规则正确
C_暂不纳入主实验,待复核,暂不进入主实验，优先复核标签,同句多候选/重复句,来源字段完整但仍需正版逐页核验,SENT-0362,AUTH-TAD-0068,晚上九点才能到家。,九点,晚上九点,OTHER,候选片段与最终片段不一致；非目标时间表达；三人标注不完全一致；至少一名标注者修正片段,多数一致,多数一致,多数一致,高等,国际中文教育中文水平等级标准·语法学习手册（高等）,104,◎ 典型例句和对话 例句 交际实践 可不是，警察都已经 (在小区门口，询问出了什么事) 来了,否,纳入477条一致评测集,需老师/专家核验；核验前只作错误分析或边界案例,边界不完整,不是时间状语,提取错误：边界不完整,权威语法学习手册,第1批,majority_fixed_span,正确,是时间状语,时间状语,,边界不完整,不是时间状语,提取错误：边界不完整,晚上九点,边界不完整,不是时间状语,提取错误：边界不完整,晚上九点,晚上九点才能到家,span:AUTH-TAD-0068,sentence:SENT-0362,2,4,located,BEFORE_PREDICATE|EVENT_TIME|NO_TEMPORAL_EXPRESSION|REVIEW_NON_TARGET_RISK,R_TEMP_KG_OTHER_01,R_TEMP_KG_OTHER_01,OTHER,True,规则正确
A_主评测候选,主实验/严格评测,保留为高一致主评测实例,同句多候选/重复句,来源字段完整但仍需正版逐页核验,SENT-0240,AUTH-TAD-0069,就是想马上瘦下来你也不能每天不吃饭。,每天,每天,TEMPORAL_ADVERBIAL,,完全一致,完全一致,完全一致,中等,国际中文教育中文水平等级标准·语法学习手册（中等）,357,例如： 她就算再忙也会抽时间锻炼身体,否,纳入477条一致评测集,可进入主评测集；仍需抽样核验出处,正确,是时间状语,时间状语,权威语法学习手册,第1批,candidate_span,正确,是时间状语,时间状语,,正确,是时间状语,时间状语,,正确,是时间状语,时间状语,,就是想马上瘦下来你也不能每天不吃饭,span:AUTH-TAD-0069,sentence:SENT-0240,12,14,located,TIME_FREQUENCY,R_TEMP_KG_ADV_01,R_TEMP_KG_ADV_01,TEMPORAL_ADVERBIAL,True,规则正确
B_边界复核集,边界集/鲁棒性分析,保留为边界挑战实例，单独报告,无重复,来源字段完整但仍需正版逐页核验,SENT-0439,AUTH-TAD-0070,这个演员曾经很有名。,曾经,曾经,TEMPORAL_ADVERBIAL,时间副词/体貌副词边界,完全一致,完全一致,完全一致,初等,国际中文教育中文水平等级标准·语法学习手册（初等）,280,级语法点 20 时间副词(3):曾经 【三14】 ◎基本语义及用法 表示某种,否,纳入477条一致评测集,保留但单独报告；可用于边界分析，不作为主结论唯一依据,正确,是时间状语,时间状语,权威语法学习手册,第1批,candidate_span,正确,是时间状语,时间状语,,正确,是时间状语,时间状语,,正确,是时间状语,时间状语,,这个演员曾经很有名,span:AUTH-TAD-0070,sentence:SENT-0439,4,6,located,TIME_ADVERB|TIME_FREQUENCY,R_TEMP_KG_ADV_01|R_TEMP_ADV_11,R_TEMP_KG_ADV_01,TEMPORAL_ADVERBIAL,True,规则正确
B_边界复核集,边界集/鲁棒性分析,保留为边界挑战实例，单独报告,无重复,页面线索缺失,SENT-0062,AUTH-TAD-0071,今年他再度获得演讲比赛的冠军。,今年,今年,TEMPORAL_ADVERBIAL,页面线索缺失；时量补语/持续时间边界,完全一致,完全一致,完全一致,高等,国际中文教育中文水平等级标准·语法学习手册（高等）,34,,否,纳入477条一致评测集,保留但单独报告；可用于边界分析，不作为主结论唯一依据,正确,是时间状语,时间状语,权威语法学习手册,第1批,candidate_span,正确,是时间状语,时间状语,,正确,是时间状语,时间状语,,正确,是时间状语,时间状语,,今年他再度获得演讲比赛的冠军,span:AUTH-TAD-0071,sentence:SENT-0062,0,2,located,BEFORE_PREDICATE|EVENT_TIME|NO_TEMPORAL_EXPRESSION|SENTENCE_INITIAL,,,,False,未覆盖
B_边界复核集,边界集/鲁棒性分析,保留为边界挑战实例，单独报告,无重复,来源字段完整但仍需正版逐页核验,SENT-0291,AUTH-TAD-0072,我太思念女朋友了，以至于晚上做梦总梦到她。,晚上,晚上,TEMPORAL_ADVERBIAL,介词于/事件时间边界,完全一致,完全一致,完全一致,高等,国际中文教育中文水平等级标准·语法学习手册（高等）,172,该做决定的时候他犹 (在公司，谈论项目失败的原因) 豫,否,纳入477条一致评测集,保留但单独报告；可用于边界分析，不作为主结论唯一依据,正确,是时间状语,时间状语,权威语法学习手册,第1批,candidate_span,正确,是时间状语,时间状语,,正确,是时间状语,时间状语,,正确,是时间状语,时间状语,,我太思念女朋友了以至于晚上做梦总梦到她,span:AUTH-TAD-0072,sentence:SENT-0291,12,14,located,TIME_NOUN,R_TEMP_KG_ADV_02,R_TEMP_KG_ADV_02,TEMPORAL_ADVERBIAL,True,规则正确
B_边界复核集,边界集/鲁棒性分析,保留为边界挑战实例，单独报告,无重复,页面线索缺失,SENT-0423,AUTH-TAD-0073,观众今天被他的演技所征服，报以热烈的掌声。,今天,今天,TEMPORAL_ADVERBIAL,页面线索缺失,完全一致,完全一致,完全一致,高等,国际中文教育中文水平等级标准·语法学习手册（高等）,126,,否,纳入477条一致评测集,保留但单独报告；可用于边界分析，不作为主结论唯一依据,正确,是时间状语,时间状语,权威语法学习手册,第1批,candidate_span,正确,是时间状语,时间状语,,正确,是时间状语,时间状语,,正确,是时间状语,时间状语,,观众今天被他的演技所征服报以热烈的掌声,span:AUTH-TAD-0073,sentence:SENT-0423,2,4,located,BEFORE_PREDICATE|EVENT_TIME|TIME_NOUN,R_TEMP_ADV_01|R_TEMP_ADV_02|R_TEMP_KG_ADV_02,R_TEMP_ADV_01,TEMPORAL_ADVERBIAL,True,规则正确
B_边界复核集,边界集/鲁棒性分析,保留为边界挑战实例，单独报告,无重复,来源字段完整但仍需正版逐页核验,SENT-0019,AUTH-TAD-0074,不管明天是否下雨，我都要去看他。,明天,明天,TEMPORAL_ADVERBIAL,时间主语/普通时间词边界,完全一致,完全一致,完全一致,中等,国际中文教育中文水平等级标准·语法学习手册（中等）,107,小提示 (1)前一分句中的时间副词或者主语既可以放在“不管”前面，也可,否,纳入477条一致评测集,保留但单独报告；可用于边界分析，不作为主结论唯一依据,正确,是时间状语,时间状语,权威语法学习手册,第1批,candidate_span,正确,是时间状语,时间状语,,正确,是时间状语,时间状语,,正确,是时间状语,时间状语,,不管明天是否下雨我都要去看他,span:AUTH-TAD-0074,sentence:SENT-0019,2,4,located,BEFORE_PREDICATE|COPULA_SHI|EVENT_TIME|TIME_NOUN,R_TEMP_ADV_01|R_TEMP_ADV_02|R_TEMP_KG_ADV_02,R_TEMP_ADV_01,TEMPORAL_ADVERBIAL,True,规则正确
B_边界复核集,边界集/鲁棒性分析,保留为边界挑战实例，单独报告,无重复,来源字段完整但仍需正版逐页核验,SENT-0197,AUTH-TAD-0075,在别人不注意的时候，他偷偷走了。,在别人不注意的时候,在别人不注意的时候,TEMPORAL_ADVERBIAL,相对时间框架边界,完全一致,完全一致,完全一致,中等,国际中文教育中文水平等级标准·语法学习手册（中等）,161,在别人不注意的时候，他偷偷走了,否,纳入477条一致评测集,保留但单独报告；可用于边界分析，不作为主结论唯一依据,正确,是时间状语,时间状语,权威语法学习手册,第1批,candidate_span,正确,是时间状语,时间状语,,正确,是时间状语,时间状语,,正确,是时间状语,时间状语,,在别人不注意的时候他偷偷走了,span:AUTH-TAD-0075,sentence:SENT-0197,0,9,located,BEFORE_PREDICATE|EVENT_TIME|SENTENCE_INITIAL|TEMPORAL_PREP|TIME_NOUN,R_TEMP_ADV_01|R_TEMP_ADV_02|R_TEMP_ADV_07|R_TEMP_KG_ADV_02,R_TEMP_ADV_01,TEMPORAL_ADVERBIAL,True,规则正确
C_暂不纳入主实验,待复核,暂不进入主实验，优先复核标签,同句多候选/重复句,来源字段完整但仍需正版逐页核验,SENT-0320,AUTH-TAD-0076,据估计，今年的出口量将超过去年。,过去,过去,OTHER,原表已建议复核/剔除；非目标时间表达；三人标注不完全一致；出现不确定标注；至少一名标注者修正片段,多数一致,多数一致,多数一致,中等,国际中文教育中文水平等级标准·语法学习手册（中等）,301,据最新资料，这种疾病的治疗已经有了突破,是,复核/剔除候选,需老师/专家核验；核验前只作错误分析或边界案例,不是时间表达,不是时间状语,提取错误：不是时间表达,权威语法学习手册,第1批,candidate_span,不是时间表达,不是时间状语,提取错误：不是时间表达,今年；去年,不确定,不确定,其他/不确定,,不是时间表达,不是时间状语,提取错误：不是时间表达,无,据估计今年的出口量将超过去年,span:AUTH-TAD-0076,sentence:SENT-0320,12,14,located,NO_TEMPORAL_EXPRESSION|REVIEW_NON_TARGET_RISK,R_TEMP_KG_OTHER_01,R_TEMP_KG_OTHER_01,OTHER,True,规则正确
B_边界复核集,边界集/鲁棒性分析,保留为边界挑战实例，单独报告,无重复,来源字段完整但仍需正版逐页核验,SENT-0236,AUTH-TAD-0077,对不起，我马上走。,马上,马上,TEMPORAL_ADVERBIAL,时间副词/体貌副词边界,完全一致,完全一致,完全一致,初等,国际中文教育中文水平等级标准·语法学习手册（初等）,54,30 时间副词(1):马上 【一11】 ◎基本语义及用法 表示动作,否,纳入477条一致评测集,保留但单独报告；可用于边界分析，不作为主结论唯一依据,正确,是时间状语,时间状语,权威语法学习手册,第1批,candidate_span,正确,是时间状语,时间状语,,正确,是时间状语,时间状语,,正确,是时间状语,时间状语,,对不起我马上走,span:AUTH-TAD-0077,sentence:SENT-0236,5,7,located,BEFORE_PREDICATE|EVENT_TIME|LOCATION_EXPRESSION|NO_TEMPORAL_EXPRESSION|TIME_ADVERB,R_TEMP_OTHER_01|R_TEMP_ADV_19|R_TEMP_ADV_08,R_TEMP_OTHER_01,OTHER,False,规则误判
B_边界复核集,边界集/鲁棒性分析,保留为边界挑战实例，单独报告,无重复,来源字段完整但仍需正版逐页核验,SENT-0097,AUTH-TAD-0078,他当过五年医生。,五年,五年,COMPLEMENT,时量补语/持续时间边界,完全一致,完全一致,完全一致,初等,国际中文教育中文水平等级标准·语法学习手册（初等）,352,81数量补语4(动词+时量补语):表示动作持续的 时间 【三51】 ◎,否,纳入477条一致评测集,保留但单独报告；可用于边界分析，不作为主结论唯一依据,正确,不是时间状语,时长补语,权威语法学习手册,第1批,candidate_span,正确,不是时间状语,时长补语,,正确,不是时间状语,时长补语,,正确,不是时间状语,时长补语,,他当过五年医生,span:AUTH-TAD-0078,sentence:SENT-0097,3,5,located,AFTER_VERB|COMPLEMENT_DURATION_CONTEXT|DURATION_COMPLEMENT|TIME_DURATION,R_TEMP_KG_COMP_01|R_TEMP_COMP_01|R_TEMP_COMP_02|R_TEMP_COMP_07,R_TEMP_KG_COMP_01,COMPLEMENT,True,规则正确
B_边界复核集,边界集/鲁棒性分析,保留为边界挑战实例，单独报告,无重复,来源字段完整但仍需正版逐页核验,SENT-0001,AUTH-TAD-0079,X经常是形容词，也可以是动词性成分。,经常,经常,TEMPORAL_ADVERBIAL,时间副词/体貌副词边界；时间主语/普通时间词边界,完全一致,完全一致,完全一致,高等,国际中文教育中文水平等级标准·语法学习手册（高等）,198,她男朋友每天接送她上班，别提有多关心她了,否,纳入477条一致评测集,保留但单独报告；可用于边界分析，不作为主结论唯一依据,正确,是时间状语,时间状语,权威语法学习手册,第1批,candidate_span,正确,是时间状语,时间状语,,正确,是时间状语,时间状语,,正确,是时间状语,时间状语,,X经常是形容词也可以是动词性成分,span:AUTH-TAD-0079,sentence:SENT-0001,1,3,located,COPULA_SHI|TIME_FREQUENCY,R_TEMP_KG_ADV_01,R_TEMP_KG_ADV_01,TEMPORAL_ADVERBIAL,True,规则正确
B_边界复核集,边界集/鲁棒性分析,保留为边界挑战实例，单独报告,无重复,来源字段完整但仍需正版逐页核验,SENT-0321,AUTH-TAD-0080,据最新资料，这种疾病的治疗已经有了突破。,已经,已经,TEMPORAL_ADVERBIAL,时间副词/体貌副词边界,完全一致,完全一致,完全一致,中等,国际中文教育中文水平等级标准·语法学习手册（中等）,301,据最新资料，这种疾病的治疗已经有了突破,否,纳入477条一致评测集,保留但单独报告；可用于边界分析，不作为主结论唯一依据,正确,是时间状语,时间状语,权威语法学习手册,第1批,candidate_span,正确,是时间状语,时间状语,,正确,是时间状语,时间状语,,正确,是时间状语,时间状语,,据最新资料这种疾病的治疗已经有了突破,span:AUTH-TAD-0080,sentence:SENT-0321,13,15,located,TIME_ADVERB|TIME_FREQUENCY,R_TEMP_KG_ADV_01|R_TEMP_ADV_11,R_TEMP_KG_ADV_01,TEMPORAL_ADVERBIAL,True,规则正确
C_暂不纳入主实验,待复核,暂不进入主实验，优先复核标签,无重复,来源字段完整但仍需正版逐页核验,SENT-0066,AUTH-TAD-0081,从三年前起，他就开始学习中文了。,三年,从三年前起,OTHER,时量补语/持续时间边界；候选片段与最终片段不一致；非目标时间表达；三人标注不完全一致；至少一名标注者修正片段,多数一致,多数一致,多数一致,初等,国际中文教育中文水平等级标准·语法学习手册（初等）,341,小提示 “从+时间+起”格式中，时间一般要明确到某个时间点,否,纳入477条一致评测集,需老师/专家核验；核验前只作错误分析或边界案例,边界不完整,不是时间状语,提取错误：边界不完整,权威语法学习手册,第1批,majority_fixed_span,正确,是时间状语,时间状语,,边界不完整,不是时间状语,提取错误：边界不完整,从三年前起,边界不完整,不是时间状语,提取错误：边界不完整,从三年前起,从三年前起他就开始学习中文了,span:AUTH-TAD-0081,sentence:SENT-0066,1,3,located,BEFORE_PREDICATE|EVENT_TIME|REVIEW_NON_TARGET_RISK|TIME_AFTER_BEFORE|TIME_DURATION,R_TEMP_KG_OTHER_01|R_TEMP_ADV_17|R_TEMP_ADV_05,R_TEMP_KG_OTHER_01,OTHER,True,规则正确
A_主评测候选,主实验/严格评测,保留为高一致主评测实例,无重复,来源字段完整但仍需正版逐页核验,SENT-0397,AUTH-TAD-0082,现在终究是冬天了，就是不刮风也很冷。,现在,现在,TEMPORAL_ADVERBIAL,,完全一致,完全一致,完全一致,高等,国际中文教育中文水平等级标准·语法学习手册（高等）,70,(1)语气副词“终究”表示事物的本质不会改变时，经常修饰动词、形容词或小 句，动词一般为“是,否,纳入477条一致评测集,可进入主评测集；仍需抽样核验出处,正确,是时间状语,时间状语,权威语法学习手册,第1批,candidate_span,正确,是时间状语,时间状语,,正确,是时间状语,时间状语,,正确,是时间状语,时间状语,,现在终究是冬天了就是不刮风也很冷,span:AUTH-TAD-0082,sentence:SENT-0397,0,2,located,BEFORE_PREDICATE|EVENT_TIME|SENTENCE_INITIAL|TIME_ADVERB|TIME_NOUN|TIME_POINT,R_TEMP_ADV_01|R_TEMP_ADV_02|R_TEMP_ADV_19|R_TEMP_ADV_08|R_TEMP_ADV_10,R_TEMP_ADV_01,TEMPORAL_ADVERBIAL,True,规则正确
A_主评测候选,主实验/严格评测,保留为高一致主评测实例,同句多候选/重复句,来源字段完整但仍需正版逐页核验,SENT-0170,AUTH-TAD-0083,别提了，我昨天怎么也睡不着，看了一晚上的电视。,昨天,昨天,TEMPORAL_ADVERBIAL,,完全一致,完全一致,完全一致,高等,国际中文教育中文水平等级标准·语法学习手册（高等）,100,饭还没开始吃他就 (在公司，讨论合同没签的原因) 已经醉了，后来就更 A:昨天你和张经理签好合,否,纳入477条一致评测集,可进入主评测集；仍需抽样核验出处,正确,是时间状语,时间状语,权威语法学习手册,第1批,candidate_span,正确,是时间状语,时间状语,,正确,是时间状语,时间状语,,正确,是时间状语,时间状语,,别提了我昨天怎么也睡不着看了一晚上的电视,span:AUTH-TAD-0083,sentence:SENT-0170,5,7,located,BEFORE_PREDICATE|EVENT_TIME|TIME_NOUN,R_TEMP_ADV_01|R_TEMP_ADV_02|R_TEMP_KG_ADV_02,R_TEMP_ADV_01,TEMPORAL_ADVERBIAL,True,规则正确
A_主评测候选,主实验/严格评测,保留为高一致主评测实例,无重复,来源字段完整但仍需正版逐页核验,SENT-0153,AUTH-TAD-0084,你现在感觉怎么样?,现在,现在,TEMPORAL_ADVERBIAL,,完全一致,完全一致,完全一致,初等,国际中文教育中文水平等级标准·语法学习手册（初等）,123,? 样?满意吗? 妈妈：很不错，你也要 B:谢谢，已经办好了,否,纳入477条一致评测集,可进入主评测集；仍需抽样核验出处,正确,是时间状语,时间状语,权威语法学习手册,第1批,candidate_span,正确,是时间状语,时间状语,,正确,是时间状语,时间状语,,正确,是时间状语,时间状语,,你现在感觉怎么样,span:AUTH-TAD-0084,sentence:SENT-0153,1,3,located,BEFORE_PREDICATE|EVENT_TIME|TIME_ADVERB|TIME_NOUN|TIME_POINT,R_TEMP_ADV_01|R_TEMP_ADV_02|R_TEMP_ADV_19|R_TEMP_ADV_08|R_TEMP_ADV_10,R_TEMP_ADV_01,TEMPORAL_ADVERBIAL,True,规则正确
A_主评测候选,主实验/严格评测,保留为高一致主评测实例,无重复,来源字段完整但仍需正版逐页核验,SENT-0366,AUTH-TAD-0085,最近太累了，今天我得早点儿睡觉。,今天,今天,TEMPORAL_ADVERBIAL,,完全一致,完全一致,完全一致,中等,国际中文教育中文水平等级标准·语法学习手册（中等）,12,spoken Chinese. ◎典型例句和对话 时间不早了，我得例句 我还得考虑考虑,否,纳入477条一致评测集,可进入主评测集；仍需抽样核验出处,正确,是时间状语,时间状语,权威语法学习手册,第1批,candidate_span,正确,是时间状语,时间状语,,正确,是时间状语,时间状语,,正确,是时间状语,时间状语,,最近太累了今天我得早点儿睡觉,span:AUTH-TAD-0085,sentence:SENT-0366,6,8,located,BEFORE_PREDICATE|EVENT_TIME|TIME_NOUN,R_TEMP_ADV_01|R_TEMP_ADV_02|R_TEMP_KG_ADV_02,R_TEMP_ADV_01,TEMPORAL_ADVERBIAL,True,规则正确
C_暂不纳入主实验,待复核,暂不进入主实验，优先复核标签,无重复,页面线索缺失,SENT-0267,AUTH-TAD-0086,我们7月1号放假。,7月,7月1号,OTHER,页面线索缺失；候选片段与最终片段不一致；非目标时间表达；三人标注不完全一致；至少一名标注者修正片段,多数一致,多数一致,多数一致,初等,国际中文教育中文水平等级标准·语法学习手册（初等）,108,,否,纳入477条一致评测集,需老师/专家核验；核验前只作错误分析或边界案例,边界不完整,不是时间状语,提取错误：边界不完整,权威语法学习手册,第1批,majority_fixed_span,边界不完整,不是时间状语,提取错误：边界不完整,7月1号,正确,是时间状语,时间状语,,边界不完整,不是时间状语,提取错误：边界不完整,7月1号,我们7月1号放假,span:AUTH-TAD-0086,sentence:SENT-0267,2,4,located,BEFORE_PREDICATE|EVENT_TIME|REVIEW_NON_TARGET_RISK|TIME_DURATION,R_TEMP_KG_OTHER_01,R_TEMP_KG_OTHER_01,OTHER,True,规则正确
B_边界复核集,边界集/鲁棒性分析,保留为边界挑战实例，单独报告,无重复,来源字段完整但仍需正版逐页核验,SENT-0053,AUTH-TAD-0087,今天的会议很重要，我非参加不可。,今天,今天,ATTRIBUTE,可能为时间定语,完全一致,完全一致,完全一致,中等,国际中文教育中文水平等级标准·语法学习手册（中等）,361,例句 不管天气怎么样， 这次演出非他指挥 我们这时候出门， 我们非去不可,否,纳入477条一致评测集,保留但单独报告；可用于边界分析，不作为主结论唯一依据,正确,不是时间状语,时间定语,权威语法学习手册,第1批,candidate_span,正确,不是时间状语,时间定语,,正确,不是时间状语,时间定语,,正确,不是时间状语,时间定语,,今天的会议很重要我非参加不可,span:AUTH-TAD-0087,sentence:SENT-0053,0,2,located,ATTR_DE_DIRECT|ATTR_NOMINAL_DIRECT|DE_PARTICLE|NOMINAL_HEAD|SENTENCE_INITIAL|TIME_NOUN,R_TEMP_KG_ATTR_01|R_TEMP_KG_ATTR_02|R_TEMP_ATTR_01|R_TEMP_ATTR_03|R_TEMP_KG_ADV_02,R_TEMP_KG_ATTR_01,ATTRIBUTE,True,规则正确
C_暂不纳入主实验,待复核,暂不进入主实验，优先复核标签,同句多候选/重复句,来源字段完整但仍需正版逐页核验,SENT-0334,AUTH-TAD-0088,明天大概七点起床吧?,七点,七点,TEMPORAL_ADVERBIAL,三人标注不完全一致；至少一名标注者修正片段,多数一致,多数一致,多数一致,初等,国际中文教育中文水平等级标准·语法学习手册（初等）,185,(初等) 小提示 “吧2”具有揣测的语气，所以句中经常有表示揣测、估计的副词，如“也许、大 概,否,纳入477条一致评测集,需老师/专家核验；核验前只作错误分析或边界案例,正确,是时间状语,时间状语,权威语法学习手册,第1批,candidate_span,正确,是时间状语,时间状语,,正确,是时间状语,时间状语,,边界不完整,不是时间状语,提取错误：边界不完整,明天大概七点,明天大概七点起床吧,span:AUTH-TAD-0088,sentence:SENT-0334,4,6,located,BEFORE_PREDICATE|EVENT_TIME|NO_TEMPORAL_EXPRESSION,,,,False,未覆盖
C_暂不纳入主实验,待复核,暂不进入主实验，优先复核标签,无重复,页面线索缺失,SENT-0350,AUTH-TAD-0089,昨天很冷，今天更冷了。,今天,今天,OTHER,页面线索缺失；非目标时间表达；三人标注不完全一致；至少一名标注者修正片段,多数一致,完全一致,多数一致,初等,国际中文教育中文水平等级标准·语法学习手册（初等）,224,,否,纳入477条一致评测集,需老师/专家核验；核验前只作错误分析或边界案例,正确,不是时间状语,普通时间名词/词语引用,权威语法学习手册,第1批,candidate_span,正确,不是时间状语,普通时间名词/词语引用,,不是时间表达,不是时间状语,提取错误：不是时间表达,无,正确,不是时间状语,普通时间名词/词语引用,,昨天很冷今天更冷了,span:AUTH-TAD-0089,sentence:SENT-0350,5,7,located,BEFORE_PREDICATE|EVENT_TIME|REVIEW_NON_TARGET_RISK|STATIVE_PREDICATE|TIME_NOUN,R_TEMP_KG_OTHER_01|R_TEMP_ADV_01|R_TEMP_ADV_02|R_TEMP_KG_ADV_02,R_TEMP_KG_OTHER_01,OTHER,True,规则正确
A_主评测候选,主实验/严格评测,保留为高一致主评测实例,无重复,来源字段完整但仍需正版逐页核验,SENT-0394,AUTH-TAD-0090,现在时间很紧张，我们的计划肯定来不及完成了。,现在,现在,TEMPORAL_ADVERBIAL,,完全一致,完全一致,完全一致,中等,国际中文教育中文水平等级标准·语法学习手册（中等）,61,现在时间很紧张，我们的计划肯定来不及完成了,否,纳入477条一致评测集,可进入主评测集；仍需抽样核验出处,正确,是时间状语,时间状语,权威语法学习手册,第1批,candidate_span,正确,是时间状语,时间状语,,正确,是时间状语,时间状语,,正确,是时间状语,时间状语,,现在时间很紧张我们的计划肯定来不及完成了,span:AUTH-TAD-0090,sentence:SENT-0394,0,2,located,BEFORE_PREDICATE|EVENT_TIME|SENTENCE_INITIAL|TIME_ADVERB|TIME_NOUN|TIME_POINT,R_TEMP_ADV_01|R_TEMP_ADV_02|R_TEMP_ADV_19|R_TEMP_ADV_08|R_TEMP_ADV_10,R_TEMP_ADV_01,TEMPORAL_ADVERBIAL,True,规则正确
C_暂不纳入主实验,待复核,暂不进入主实验，优先复核标签,无重复,来源字段完整但仍需正版逐页核验,SENT-0273,AUTH-TAD-0091,我们工厂自开展创新活动以来，取得了一系列成果。,厂自开展创新活动以来,自开展创新活动以来,OTHER,相对时间框架边界；候选片段与最终片段不一致；非目标时间表达；三人标注不完全一致；至少一名标注者修正片段,多数一致,完全一致,多数一致,中等,国际中文教育中文水平等级标准·语法学习手册（中等）,66,自开业以来，这个饭馆的生意每天都很好,否,纳入477条一致评测集,需老师/专家核验；核验前只作错误分析或边界案例,边界过长,不是时间状语,提取错误：边界过长,权威语法学习手册,第1批,majority_fixed_span,边界过长,不是时间状语,提取错误：边界过长,自开展创新活动以来,边界不完整,不是时间状语,提取错误：边界不完整,自开展创新活动以来,边界过长,不是时间状语,提取错误：边界过长,无,我们工厂自开展创新活动以来取得了一系列成果,span:AUTH-TAD-0091,sentence:SENT-0273,3,13,located,BEFORE_PREDICATE|EVENT_TIME|NO_TEMPORAL_EXPRESSION|REVIEW_NON_TARGET_RISK,R_TEMP_KG_OTHER_01,R_TEMP_KG_OTHER_01,OTHER,True,规则正确
C_暂不纳入主实验,待复核,暂不进入主实验，优先复核标签,同句多候选/重复句,来源字段完整但仍需正版逐页核验,SENT-0404,AUTH-TAD-0092,目前的情况与去年完全不同。,去年,去年,OTHER,原表已建议复核/剔除；时量补语/持续时间边界；非目标时间表达；三人标注不完全一致；出现不确定标注；至少一名标注者修正片段,平票,多数一致,平票,中等,国际中文教育中文水平等级标准·语法学习手册（中等）,296,的时候，我们要敢 于与困难做斗争,是,复核/剔除候选,需老师/专家核验；核验前只作错误分析或边界案例,不确定,不是时间状语,其他/不确定,权威语法学习手册,第1批,candidate_span,不确定,不确定,其他/不确定,,不是时间表达,不是时间状语,提取错误：不是时间表达,无,正确,不是时间状语,普通时间名词/词语引用,,目前的情况与去年完全不同,span:AUTH-TAD-0092,sentence:SENT-0404,6,8,located,BEFORE_PREDICATE|EVENT_TIME|REVIEW_NON_TARGET_RISK|STATIVE_PREDICATE|TIME_NOUN,R_TEMP_KG_OTHER_01|R_TEMP_ADV_01|R_TEMP_ADV_02|R_TEMP_KG_ADV_02,R_TEMP_KG_OTHER_01,OTHER,True,规则正确
A_主评测候选,主实验/严格评测,保留为高一致主评测实例,无重复,来源字段完整但仍需正版逐页核验,SENT-0275,AUTH-TAD-0093,我们平时不能吃得太多、太好。,平时,平时,TEMPORAL_ADVERBIAL,,完全一致,完全一致,完全一致,高等,国际中文教育中文水平等级标准·语法学习手册（高等）,104,◎ 典型例句和对话 例句 交际实践 可不是，警察都已经 (在小区门口，询问出了什么事) 来了,否,纳入477条一致评测集,可进入主评测集；仍需抽样核验出处,正确,是时间状语,时间状语,权威语法学习手册,第1批,candidate_span,正确,是时间状语,时间状语,,正确,是时间状语,时间状语,,正确,是时间状语,时间状语,,我们平时不能吃得太多太好,span:AUTH-TAD-0093,sentence:SENT-0275,2,4,located,BEFORE_PREDICATE|EVENT_TIME|TIME_NOUN,R_TEMP_ADV_01|R_TEMP_ADV_02|R_TEMP_KG_ADV_02,R_TEMP_ADV_01,TEMPORAL_ADVERBIAL,True,规则正确
C_暂不纳入主实验,错误分析/待复核,暂不进入主实验，等待出处或边界核验,同句多候选/重复句,来源字段完整但仍需正版逐页核验,SENT-0064,AUTH-TAD-0094,今年年初以来，我已经回过五次老家了。,今年,今年年初以来,OTHER,相对时间框架边界；时量补语/持续时间边界；候选片段与最终片段不一致；非目标时间表达；至少一名标注者修正片段,完全一致,完全一致,完全一致,中等,国际中文教育中文水平等级标准·语法学习手册（中等）,66,自开业以来，这个饭馆的生意每天都很好,否,纳入477条一致评测集,需老师/专家核验；核验前只作错误分析或边界案例,边界不完整,不是时间状语,提取错误：边界不完整,权威语法学习手册,第1批,majority_fixed_span,边界不完整,不是时间状语,提取错误：边界不完整,今年年初,边界不完整,不是时间状语,提取错误：边界不完整,今年年初以来,边界不完整,不是时间状语,提取错误：边界不完整,今年年初以来,今年年初以来我已经回过五次老家了,span:AUTH-TAD-0094,sentence:SENT-0064,0,2,located,BEFORE_PREDICATE|EVENT_TIME|NO_TEMPORAL_EXPRESSION|REVIEW_NON_TARGET_RISK|SENTENCE_INITIAL,R_TEMP_KG_OTHER_01,R_TEMP_KG_OTHER_01,OTHER,True,规则正确
A_主评测候选,主实验/严格评测,保留为高一致主评测实例,无重复,来源字段完整但仍需正版逐页核验,SENT-0303,AUTH-TAD-0095,我每天都会去健身房进行一个小时的力量训练，以保持健康的体质。,每天,每天,TEMPORAL_ADVERBIAL,,完全一致,完全一致,完全一致,高等,国际中文教育中文水平等级标准·语法学习手册（高等）,183,(在公司，谈论员工的服务水平) 客户：仅半年时间，我深切地感受到你们员工的服 务水平有了,否,纳入477条一致评测集,可进入主评测集；仍需抽样核验出处,正确,是时间状语,时间状语,权威语法学习手册,第1批,candidate_span,正确,是时间状语,时间状语,,正确,是时间状语,时间状语,,正确,是时间状语,时间状语,,我每天都会去健身房进行一个小时的力量训练以保持健康的体质,span:AUTH-TAD-0095,sentence:SENT-0303,1,3,located,BEFORE_PREDICATE|EVENT_TIME|TIME_FREQUENCY,R_TEMP_ADV_04|R_TEMP_KG_ADV_01,R_TEMP_ADV_04,TEMPORAL_ADVERBIAL,True,规则正确
B_边界复核集,边界集/鲁棒性分析,保留为边界挑战实例，单独报告,无重复,来源字段完整但仍需正版逐页核验,SENT-0369,AUTH-TAD-0096,木村于三年前结束了在中国的生活。,三年,三年,TEMPORAL_ADVERBIAL,时量补语/持续时间边界；介词于/事件时间边界；三人标注不完全一致,完全一致,多数一致,多数一致,中等,国际中文教育中文水平等级标准·语法学习手册（中等）,293,结构特点 “于”常与时间名词或处所名词组合，可位于动词性成分前作,否,纳入477条一致评测集,保留但单独报告；可用于边界分析，不作为主结论唯一依据,正确,是时间状语,时间状语,权威语法学习手册,第1批,candidate_span,正确,是时间状语,时间状语,,正确,是时间状语,时间状语,,正确,不是时间状语,时长补语,,木村于三年前结束了在中国的生活,span:AUTH-TAD-0096,sentence:SENT-0369,3,5,located,BEFORE_PREDICATE|EVENT_TIME|RELATIVE_TIME_FRAME|TIME_AFTER_BEFORE|TIME_DURATION,R_TEMP_ADV_16|R_TEMP_ADV_17|R_TEMP_ADV_05,R_TEMP_ADV_16,TEMPORAL_ADVERBIAL,True,规则正确
B_边界复核集,边界集/鲁棒性分析,保留为边界挑战实例，单独报告,无重复,来源字段完整但仍需正版逐页核验,SENT-0029,AUTH-TAD-0097,二十分钟的表演转眼结束，观众皆感意犹未尽。,二十分钟,二十分钟,ATTRIBUTE,可能为时间定语；时量补语/持续时间边界,完全一致,完全一致,完全一致,高等,国际中文教育中文水平等级标准·语法学习手册（高等）,24,特点 “皆”一般用在形容词性成分或动词性成分前，作状语,否,纳入477条一致评测集,保留但单独报告；可用于边界分析，不作为主结论唯一依据,正确,不是时间状语,时间定语,权威语法学习手册,第1批,candidate_span,正确,不是时间状语,时间定语,,正确,不是时间状语,时间定语,,正确,不是时间状语,时间定语,,二十分钟的表演转眼结束观众皆感意犹未尽,span:AUTH-TAD-0097,sentence:SENT-0029,0,4,located,ATTR_DE_DIRECT|ATTR_NOMINAL_DIRECT|DE_PARTICLE|NOMINAL_HEAD|SENTENCE_INITIAL|TIME_DURATION,R_TEMP_KG_ATTR_01|R_TEMP_KG_ATTR_02|R_TEMP_ATTR_01|R_TEMP_ATTR_02|R_TEMP_ATTR_06,R_TEMP_KG_ATTR_01,ATTRIBUTE,True,规则正确
A_主评测候选,主实验/严格评测,保留为高一致主评测实例,同句多候选/重复句,来源字段完整但仍需正版逐页核验,SENT-0395,AUTH-TAD-0098,现在爸爸的精力比过去越发充沛了。,现在,现在,TEMPORAL_ADVERBIAL,,完全一致,完全一致,完全一致,高等,国际中文教育中文水平等级标准·语法学习手册（高等）,21,特点 “越发”用于比较句，句中一般要出现两个不同的时间，有时表示两个时间的成 分在上下文中可以,否,纳入477条一致评测集,可进入主评测集；仍需抽样核验出处,正确,是时间状语,时间状语,权威语法学习手册,第1批,candidate_span,正确,是时间状语,时间状语,,正确,是时间状语,时间状语,,正确,是时间状语,时间状语,,现在爸爸的精力比过去越发充沛了,span:AUTH-TAD-0098,sentence:SENT-0395,0,2,located,BEFORE_PREDICATE|EVENT_TIME|SENTENCE_INITIAL|TIME_ADVERB|TIME_NOUN|TIME_POINT,R_TEMP_ADV_01|R_TEMP_ADV_02|R_TEMP_ADV_19|R_TEMP_ADV_08|R_TEMP_ADV_10,R_TEMP_ADV_01,TEMPORAL_ADVERBIAL,True,规则正确
A_主评测候选,主实验/严格评测,保留为高一致主评测实例,无重复,来源字段完整但仍需正版逐页核验,SENT-0048,AUTH-TAD-0099,今天我没/没有写汉字。,今天,今天,TEMPORAL_ADVERBIAL,,完全一致,完全一致,完全一致,初等,国际中文教育中文水平等级标准·语法学习手册（初等）,65,◎结构特点 “没、没有”在动词性成分前，表示对已经发生或曾经发生的动作行为的否定； 在形容,否,纳入477条一致评测集,可进入主评测集；仍需抽样核验出处,正确,是时间状语,时间状语,权威语法学习手册,第1批,candidate_span,正确,是时间状语,时间状语,,正确,是时间状语,时间状语,,正确,是时间状语,时间状语,,今天我没/没有写汉字,span:AUTH-TAD-0099,sentence:SENT-0048,0,2,located,BEFORE_PREDICATE|EVENT_TIME|SENTENCE_INITIAL|TIME_NOUN,R_TEMP_ADV_01|R_TEMP_ADV_02|R_TEMP_KG_ADV_02,R_TEMP_ADV_01,TEMPORAL_ADVERBIAL,True,规则正确
B_边界复核集,边界集/鲁棒性分析,保留为边界挑战实例，单独报告,无重复,页面线索缺失,SENT-0218,AUTH-TAD-0100,她白白地忙活了一天。,一天,一天,COMPLEMENT,页面线索缺失；时量补语/持续时间边界,完全一致,完全一致,完全一致,高等,国际中文教育中文水平等级标准·语法学习手册（高等）,51,,否,纳入477条一致评测集,保留但单独报告；可用于边界分析，不作为主结论唯一依据,正确,不是时间状语,时长补语,权威语法学习手册,第1批,candidate_span,正确,不是时间状语,时长补语,,正确,不是时间状语,时长补语,,正确,不是时间状语,时长补语,,她白白地忙活了一天,span:AUTH-TAD-0100,sentence:SENT-0218,7,9,located,AFTER_VERB|COMPLEMENT_DURATION_CONTEXT|DURATION_COMPLEMENT|INDEFINITE_TIME|TIME_DURATION|TIME_POINT,R_TEMP_KG_COMP_01|R_TEMP_COMP_01|R_TEMP_COMP_02|R_TEMP_COMP_07,R_TEMP_KG_COMP_01,COMPLEMENT,True,规则正确
A_主评测候选,主实验/严格评测,保留为高一致主评测实例,无重复,来源字段完整但仍需正版逐页核验,SENT-0151,AUTH-TAD-0101,你现在又没事，去见见他也不妨。,现在,现在,TEMPORAL_ADVERBIAL,,完全一致,完全一致,完全一致,高等,国际中文教育中文水平等级标准·语法学习手册（高等）,46,七一九级语法点 例句 交际实践 你的病已经好多了，下 床走走也不妨,否,纳入477条一致评测集,可进入主评测集；仍需抽样核验出处,正确,是时间状语,时间状语,权威语法学习手册,第2批,candidate_span,正确,是时间状语,时间状语,,正确,是时间状语,时间状语,,正确,是时间状语,时间状语,,你现在又没事去见见他也不妨,span:AUTH-TAD-0101,sentence:SENT-0151,1,3,located,BEFORE_PREDICATE|EVENT_TIME|TIME_ADVERB|TIME_NOUN|TIME_POINT,R_TEMP_ADV_01|R_TEMP_ADV_02|R_TEMP_ADV_19|R_TEMP_ADV_08|R_TEMP_ADV_10,R_TEMP_ADV_01,TEMPORAL_ADVERBIAL,True,规则正确
B_边界复核集,边界集/鲁棒性分析,保留为边界挑战实例，单独报告,无重复,来源字段完整但仍需正版逐页核验,SENT-0463,AUTH-TAD-0102,长大以后，我时常怀念我的故乡。,长大以后,长大以后,TEMPORAL_ADVERBIAL,相对时间框架边界,完全一致,完全一致,完全一致,中等,国际中文教育中文水平等级标准·语法学习手册（中等）,154,五级语法点 结构特点 “时常”作状语，用在主语之后、动词性成分之前,否,纳入477条一致评测集,保留但单独报告；可用于边界分析，不作为主结论唯一依据,正确,是时间状语,时间状语,权威语法学习手册,第2批,candidate_span,正确,是时间状语,时间状语,,正确,是时间状语,时间状语,,正确,是时间状语,时间状语,,长大以后我时常怀念我的故乡,span:AUTH-TAD-0102,sentence:SENT-0463,0,4,located,BEFORE_PREDICATE|EVENT_TIME|NO_TEMPORAL_EXPRESSION|SENTENCE_INITIAL|TIME_AFTER_BEFORE,R_TEMP_ADV_05,R_TEMP_ADV_05,TEMPORAL_ADVERBIAL,True,规则正确
B_边界复核集,边界集/鲁棒性分析,保留为边界挑战实例，单独报告,无重复,来源字段完整但仍需正版逐页核验,SENT-0316,AUTH-TAD-0103,我马上从食堂出来。,马上,马上,TEMPORAL_ADVERBIAL,时间副词/体貌副词边界,完全一致,完全一致,完全一致,初等,国际中文教育中文水平等级标准·语法学习手册（初等）,66,41介词(引出时间、处所):从1 【一15】 ◎ 基本语义,否,纳入477条一致评测集,保留但单独报告；可用于边界分析，不作为主结论唯一依据,正确,是时间状语,时间状语,权威语法学习手册,第2批,candidate_span,正确,是时间状语,时间状语,,正确,是时间状语,时间状语,,正确,是时间状语,时间状语,,我马上从食堂出来,span:AUTH-TAD-0103,sentence:SENT-0316,1,3,located,BEFORE_PREDICATE|EVENT_TIME|LOCATION_EXPRESSION|NO_TEMPORAL_EXPRESSION|TIME_ADVERB,R_TEMP_OTHER_01|R_TEMP_ADV_19|R_TEMP_ADV_08,R_TEMP_OTHER_01,OTHER,False,规则误判
C_暂不纳入主实验,待复核,暂不进入主实验，优先复核标签,同句多候选/重复句,来源字段完整但仍需正版逐页核验,SENT-0265,AUTH-TAD-0104,我从2018年到现在，都没回家。,现在,从2018年到现在,OTHER,候选片段与最终片段不一致；非目标时间表达；三人标注不完全一致；至少一名标注者修正片段,多数一致,完全一致,多数一致,初等,国际中文教育中文水平等级标准·语法学习手册（初等）,66,41介词(引出时间、处所):从1 【一15】 ◎ 基本语义,否,纳入477条一致评测集,需老师/专家核验；核验前只作错误分析或边界案例,边界不完整,不是时间状语,提取错误：边界不完整,权威语法学习手册,第2批,majority_fixed_span,边界不完整,不是时间状语,提取错误：边界不完整,从2018年到现在,边界不完整,不是时间状语,提取错误：边界不完整,从2018年到现在,正确,不是时间状语,普通时间名词/词语引用,,我从2018年到现在都没回家,span:AUTH-TAD-0104,sentence:SENT-0265,8,10,located,BEFORE_PREDICATE|EVENT_TIME|REVIEW_NON_TARGET_RISK|TIME_ADVERB|TIME_NOUN|TIME_POINT,R_TEMP_KG_OTHER_01|R_TEMP_ADV_01|R_TEMP_ADV_02|R_TEMP_ADV_19|R_TEMP_ADV_08,R_TEMP_KG_OTHER_01,OTHER,True,规则正确
B_边界复核集,边界集/鲁棒性分析,保留为边界挑战实例，单独报告,无重复,来源字段完整但仍需正版逐页核验,SENT-0365,AUTH-TAD-0105,最多两天而已，很快就回来了。,两天,两天,OTHER,时量补语/持续时间边界；非目标时间表达；三人标注不完全一致,完全一致,完全一致,多数一致,高等,国际中文教育中文水平等级标准·语法学习手册（高等）,85,◎结构特点 结构助词“之”经常用在修饰语和中心语之间,否,纳入477条一致评测集,保留但单独报告；可用于边界分析，不作为主结论唯一依据,正确,不是时间状语,普通时间名词/词语引用,权威语法学习手册,第2批,candidate_span,正确,不是时间状语,普通时间名词/词语引用,,正确,不是时间状语,时长补语,,正确,不是时间状语,普通时间名词/词语引用,,最多两天而已很快就回来了,span:AUTH-TAD-0105,sentence:SENT-0365,2,4,located,ABSTRACT_OR_NON_TARGET_TIME|AFTER_VERB|COMPLEMENT_DURATION_CONTEXT|DURATION_COMPLEMENT|TEMPORAL_COMPARISON_STATE|TIME_DURATION,R_TEMP_KG_COMP_01|R_TEMP_KG_OTHER_02|R_TEMP_KG_OTHER_03|R_TEMP_COMP_01|R_TEMP_COMP_02,R_TEMP_KG_COMP_01,COMPLEMENT,False,规则误判
C_暂不纳入主实验,待复核,暂不进入主实验，优先复核标签,无重复,页面线索缺失,SENT-0203,AUTH-TAD-0106,天气预报说这两天都有雨。,两天,两天,TEMPORAL_ADVERBIAL,页面线索缺失；时量补语/持续时间边界；三人标注不完全一致；至少一名标注者修正片段,多数一致,多数一致,多数一致,高等,国际中文教育中文水平等级标准·语法学习手册（高等）,99,,否,纳入477条一致评测集,需老师/专家核验；核验前只作错误分析或边界案例,正确,是时间状语,时间状语,权威语法学习手册,第2批,candidate_span,正确,是时间状语,时间状语,,正确,是时间状语,时间状语,,边界不完整,不是时间状语,提取错误：边界不完整,这两天,天气预报说这两天都有雨,span:AUTH-TAD-0106,sentence:SENT-0203,6,8,located,BEFORE_PREDICATE|EVENT_TIME|REVIEW_NON_TARGET_RISK|TIME_DURATION,R_TEMP_KG_OTHER_01,R_TEMP_KG_OTHER_01,OTHER,False,规则误判
B_边界复核集,边界集/鲁棒性分析,保留为边界挑战实例，单独报告,同句多候选/重复句,页面线索缺失,SENT-0437,AUTH-TAD-0107,这个地方很受欢迎，今年的游客人数比去年增加了两倍。,今年,今年,ATTRIBUTE,页面线索缺失；可能为时间定语；时量补语/持续时间边界,完全一致,完全一致,完全一致,中等,国际中文教育中文水平等级标准·语法学习手册（中等）,118,,否,纳入477条一致评测集,保留但单独报告；可用于边界分析，不作为主结论唯一依据,正确,不是时间状语,时间定语,权威语法学习手册,第2批,candidate_span,正确,不是时间状语,时间定语,,正确,不是时间状语,时间定语,,正确,不是时间状语,时间定语,,这个地方很受欢迎今年的游客人数比去年增加了两倍,span:AUTH-TAD-0107,sentence:SENT-0437,9,11,located,ABSTRACT_OR_NON_TARGET_TIME|ATTR_DE_DIRECT|ATTR_NOMINAL_DIRECT|BEFORE_PREDICATE|DE_PARTICLE|EVENT_TIME|NOMINAL_HEAD|NO_TEMPORAL_EXPRESSION|TEMPORAL_COMPARISON_STATE,R_TEMP_KG_ATTR_01|R_TEMP_KG_ATTR_02|R_TEMP_KG_OTHER_02|R_TEMP_KG_OTHER_03|R_TEMP_ATTR_01,R_TEMP_KG_ATTR_01,ATTRIBUTE,True,规则正确
B_边界复核集,边界集/鲁棒性分析,保留为边界挑战实例，单独报告,无重复,来源字段完整但仍需正版逐页核验,SENT-0090,AUTH-TAD-0108,他已经决定了，你就算再劝也没用。,已经,已经,TEMPORAL_ADVERBIAL,时间副词/体貌副词边界,完全一致,完全一致,完全一致,中等,国际中文教育中文水平等级标准·语法学习手册（中等）,356,话 就算成绩最好的 例句 同学也无法回答 就是你想马上瘦下来 就算他做错了你也要 这个问题,否,纳入477条一致评测集,保留但单独报告；可用于边界分析，不作为主结论唯一依据,正确,是时间状语,时间状语,权威语法学习手册,第2批,candidate_span,正确,是时间状语,时间状语,,正确,是时间状语,时间状语,,正确,是时间状语,时间状语,,他已经决定了你就算再劝也没用,span:AUTH-TAD-0108,sentence:SENT-0090,1,3,located,BEFORE_PREDICATE|EVENT_TIME|TIME_ADVERB|TIME_FREQUENCY,R_TEMP_ADV_04|R_TEMP_ADV_19|R_TEMP_KG_ADV_01|R_TEMP_ADV_08|R_TEMP_ADV_11,R_TEMP_ADV_04,TEMPORAL_ADVERBIAL,True,规则正确
B_边界复核集,边界集/鲁棒性分析,保留为边界挑战实例，单独报告,无重复,来源字段完整但仍需正版逐页核验,SENT-0092,AUTH-TAD-0109,他已经适应了国外的生活，故不打算回来了。,已经,已经,TEMPORAL_ADVERBIAL,时间副词/体貌副词边界,完全一致,完全一致,完全一致,高等,国际中文教育中文水平等级标准·语法学习手册（高等）,168,七一九级语法点 例句 交际实践 他已经适应了国外的生 (在饭店，聊起儿子) 活,否,纳入477条一致评测集,保留但单独报告；可用于边界分析，不作为主结论唯一依据,正确,是时间状语,时间状语,权威语法学习手册,第2批,candidate_span,正确,是时间状语,时间状语,,正确,是时间状语,时间状语,,正确,是时间状语,时间状语,,他已经适应了国外的生活故不打算回来了,span:AUTH-TAD-0109,sentence:SENT-0092,1,3,located,BEFORE_PREDICATE|EVENT_TIME|TIME_ADVERB|TIME_FREQUENCY,R_TEMP_ADV_04|R_TEMP_ADV_19|R_TEMP_KG_ADV_01|R_TEMP_ADV_08|R_TEMP_ADV_11,R_TEMP_ADV_04,TEMPORAL_ADVERBIAL,True,规则正确
A_主评测候选,主实验/严格评测,保留为高一致主评测实例,无重复,来源字段完整但仍需正版逐页核验,SENT-0161,AUTH-TAD-0110,公司下周派我去北京出差，我可以顺便去看看奶奶了。,下周,下周,TEMPORAL_ADVERBIAL,,完全一致,完全一致,完全一致,高等,国际中文教育中文水平等级标准·语法学习手册（高等）,40,◎ 补充例句 你下楼的时候，顺便把垃圾带下去吧,否,纳入477条一致评测集,可进入主评测集；仍需抽样核验出处,正确,是时间状语,时间状语,权威语法学习手册,第2批,candidate_span,正确,是时间状语,时间状语,,正确,是时间状语,时间状语,,正确,是时间状语,时间状语,,公司下周派我去北京出差我可以顺便去看看奶奶了,span:AUTH-TAD-0110,sentence:SENT-0161,2,4,located,BEFORE_PREDICATE|EVENT_TIME|TIME_NOUN,R_TEMP_ADV_01|R_TEMP_ADV_02|R_TEMP_KG_ADV_02,R_TEMP_ADV_01,TEMPORAL_ADVERBIAL,True,规则正确
B_边界复核集,边界集/鲁棒性分析,保留为边界挑战实例，单独报告,无重复,来源字段完整但仍需正版逐页核验,SENT-0264,AUTH-TAD-0111,我今年都七十了。,今年,今年,TEMPORAL_ADVERBIAL,时量补语/持续时间边界,完全一致,完全一致,完全一致,初等,国际中文教育中文水平等级标准·语法学习手册（初等）,165,NumP/NP+才1+VP”表示说话人认为数量多或时间晚,否,纳入477条一致评测集,保留但单独报告；可用于边界分析，不作为主结论唯一依据,正确,是时间状语,时间状语,权威语法学习手册,第2批,candidate_span,正确,是时间状语,时间状语,,正确,是时间状语,时间状语,,正确,是时间状语,时间状语,,我今年都七十了,span:AUTH-TAD-0111,sentence:SENT-0264,1,3,located,BEFORE_PREDICATE|EVENT_TIME|NO_TEMPORAL_EXPRESSION,,,,False,未覆盖
C_暂不纳入主实验,待复核,暂不进入主实验，优先复核标签,无重复,来源字段完整但仍需正版逐页核验,SENT-0070,AUTH-TAD-0112,他一再向女朋友保证以后再也不抽烟了。,一再向女朋友保证以后,以后,OTHER,相对时间框架边界；候选片段与最终片段不一致；非目标时间表达；三人标注不完全一致；至少一名标注者修正片段,多数一致,完全一致,多数一致,中等,国际中文教育中文水平等级标准·语法学习手册（中等）,25,你怎么一再迟到呢? 他一再向女朋友保证以后再也不抽烟了,否,纳入477条一致评测集,需老师/专家核验；核验前只作错误分析或边界案例,边界过长,不是时间状语,提取错误：边界过长,权威语法学习手册,第2批,majority_fixed_span,边界过长,不是时间状语,提取错误：边界过长,以后,边界不完整,不是时间状语,提取错误：边界不完整,以后,边界过长,不是时间状语,提取错误：边界过长,一再 以后,他一再向女朋友保证以后再也不抽烟了,span:AUTH-TAD-0112,sentence:SENT-0070,1,11,located,BEFORE_PREDICATE|EVENT_TIME|NO_TEMPORAL_EXPRESSION|REVIEW_NON_TARGET_RISK|TIME_AFTER_BEFORE,R_TEMP_KG_OTHER_01|R_TEMP_ADV_05,R_TEMP_KG_OTHER_01,OTHER,True,规则正确
B_边界复核集,边界集/鲁棒性分析,保留为边界挑战实例，单独报告,无重复,来源字段完整但仍需正版逐页核验,SENT-0204,AUTH-TAD-0113,太好了，以后就按照这个方案做就行了。,以后,以后,TEMPORAL_ADVERBIAL,相对时间框架边界,完全一致,完全一致,完全一致,高等,国际中文教育中文水平等级标准·语法学习手册（高等）,41,B:别提了，上课的时候，老师一连问了好几个问题， 我都不知道怎,否,纳入477条一致评测集,保留但单独报告；可用于边界分析，不作为主结论唯一依据,正确,是时间状语,时间状语,权威语法学习手册,第2批,candidate_span,正确,是时间状语,时间状语,,正确,是时间状语,时间状语,,正确,是时间状语,时间状语,,太好了以后就按照这个方案做就行了,span:AUTH-TAD-0113,sentence:SENT-0204,4,6,located,AFTER_VERB|NO_TEMPORAL_EXPRESSION|POSTPOSED_TEMPORAL_MARKER|TIME_AFTER_BEFORE,R_TEMP_COMP_09|R_TEMP_COMP_08,R_TEMP_COMP_09,COMPLEMENT,False,规则误判
C_暂不纳入主实验,待复核,暂不进入主实验，优先复核标签,无重复,来源字段完整但仍需正版逐页核验,SENT-0441,AUTH-TAD-0114,这个调查到现在为止尚无进展。,现在,到现在为止,OTHER,时间主语/普通时间词边界；候选片段与最终片段不一致；非目标时间表达；三人标注不完全一致；至少一名标注者修正片段,多数一致,多数一致,多数一致,高等,国际中文教育中文水平等级标准·语法学习手册（高等）,28,◎结构特点 时间副词“历来”一般用在主语后、动词性成分前,否,纳入477条一致评测集,需老师/专家核验；核验前只作错误分析或边界案例,边界不完整,不是时间状语,提取错误：边界不完整,权威语法学习手册,第2批,majority_fixed_span,边界不完整,不是时间状语,提取错误：边界不完整,到现在为止,正确,是时间状语,时间状语,,边界不完整,不是时间状语,提取错误：边界不完整,到现在为止,这个调查到现在为止尚无进展,span:AUTH-TAD-0114,sentence:SENT-0441,5,7,located,REVIEW_NON_TARGET_RISK|TIME_ADVERB|TIME_AFTER_BEFORE|TIME_NOUN|TIME_POINT,R_TEMP_KG_OTHER_01|R_TEMP_KG_ADV_02,R_TEMP_KG_OTHER_01,OTHER,True,规则正确
C_暂不纳入主实验,错误分析/待复核,暂不进入主实验，等待出处或边界核验,无重复,来源字段完整但仍需正版逐页核验,SENT-0317,AUTH-TAD-0115,或是你过来找我，或是我过去找你，反正我们必须见一面。,过去,过去,OTHER,非目标时间表达；至少一名标注者修正片段,完全一致,完全一致,完全一致,中等,国际中文教育中文水平等级标准·语法学习手册（中等）,231,例句 这件事或是哥哥做 你或是参加这次考 休息的时候，我或 的，或是弟弟做的,否,纳入477条一致评测集,需老师/专家核验；核验前只作错误分析或边界案例,不是时间表达,不是时间状语,提取错误：不是时间表达,权威语法学习手册,第2批,candidate_span,不是时间表达,不是时间状语,提取错误：不是时间表达,,不是时间表达,不是时间状语,提取错误：不是时间表达,无,不是时间表达,不是时间状语,提取错误：不是时间表达,无,或是你过来找我或是我过去找你反正我们必须见一面,span:AUTH-TAD-0115,sentence:SENT-0317,11,13,located,BEFORE_PREDICATE|EVENT_TIME|NO_TEMPORAL_EXPRESSION|REVIEW_NON_TARGET_RISK,R_TEMP_KG_OTHER_01,R_TEMP_KG_OTHER_01,OTHER,True,规则正确
B_边界复核集,边界集/鲁棒性分析,保留为边界挑战实例，单独报告,无重复,来源字段完整但仍需正版逐页核验,SENT-0154,AUTH-TAD-0116,你男朋友找了你一天。,一天,一天,COMPLEMENT,时量补语/持续时间边界,完全一致,完全一致,完全一致,初等,国际中文教育中文水平等级标准·语法学习手册（初等）,352,81数量补语4(动词+时量补语):表示动作持续的 时间 【三51】 ◎,否,纳入477条一致评测集,保留但单独报告；可用于边界分析，不作为主结论唯一依据,正确,不是时间状语,时长补语,权威语法学习手册,第2批,candidate_span,正确,不是时间状语,时长补语,,正确,不是时间状语,时长补语,,正确,不是时间状语,时长补语,,你男朋友找了你一天,span:AUTH-TAD-0116,sentence:SENT-0154,7,9,located,AFTER_VERB|COMPLEMENT_DURATION_CONTEXT|DURATION_COMPLEMENT|INDEFINITE_TIME|TIME_DURATION|TIME_POINT,R_TEMP_KG_COMP_01|R_TEMP_COMP_01|R_TEMP_COMP_02|R_TEMP_COMP_07,R_TEMP_KG_COMP_01,COMPLEMENT,True,规则正确
C_暂不纳入主实验,待复核,暂不进入主实验，优先复核标签,无重复,来源字段完整但仍需正版逐页核验,SENT-0079,AUTH-TAD-0117,他们曾经在这里工作了一年。,一年,一年,COMPLEMENT,时量补语/持续时间边界；三人标注不完全一致；至少一名标注者修正片段,多数一致,完全一致,完全一致,初等,国际中文教育中文水平等级标准·语法学习手册（初等）,280,级语法点 20 时间副词(3):曾经 【三14】 ◎基本语义及用法 表示某种,否,纳入477条一致评测集,需老师/专家核验；核验前只作错误分析或边界案例,正确,不是时间状语,时长补语,权威语法学习手册,第2批,candidate_span,正确,不是时间状语,时长补语,,正确,不是时间状语,时长补语,,漏检：有目标时间状语,不是时间状语,时长补语,曾经,他们曾经在这里工作了一年,span:AUTH-TAD-0117,sentence:SENT-0079,10,12,located,AFTER_VERB|COMPLEMENT_DURATION_CONTEXT|DURATION_COMPLEMENT|TIME_DURATION,R_TEMP_KG_COMP_01|R_TEMP_COMP_01|R_TEMP_COMP_02|R_TEMP_COMP_07,R_TEMP_KG_COMP_01,COMPLEMENT,True,规则正确
C_暂不纳入主实验,待复核,暂不进入主实验，优先复核标签,无重复,来源字段完整但仍需正版逐页核验,SENT-0270,AUTH-TAD-0118,我们两位好友三十年后再度相遇，心情都很激动。,三十年,三十年,TEMPORAL_ADVERBIAL,时量补语/持续时间边界；三人标注不完全一致；至少一名标注者修正片段,多数一致,多数一致,多数一致,高等,国际中文教育中文水平等级标准·语法学习手册（高等）,33,重复副词“再度”一般用在主语后、动词性成分前，作状语,否,纳入477条一致评测集,需老师/专家核验；核验前只作错误分析或边界案例,正确,是时间状语,时间状语,权威语法学习手册,第2批,candidate_span,正确,是时间状语,时间状语,,正确,是时间状语,时间状语,,边界不完整,不是时间状语,提取错误：边界不完整,三十年后,我们两位好友三十年后再度相遇心情都很激动,span:AUTH-TAD-0118,sentence:SENT-0270,6,9,located,BEFORE_PREDICATE|EVENT_TIME|TIME_AFTER_BEFORE|TIME_DURATION,R_TEMP_ADV_17|R_TEMP_ADV_05,R_TEMP_ADV_17,TEMPORAL_ADVERBIAL,True,规则正确
B_边界复核集,边界集/鲁棒性分析,保留为边界挑战实例，单独报告,无重复,来源字段完整但仍需正版逐页核验,SENT-0259,AUTH-TAD-0119,我不时想起过去的事情。,过去,过去,ATTRIBUTE,可能为时间定语,完全一致,完全一致,完全一致,中等,国际中文教育中文水平等级标准·语法学习手册（中等）,149,出国以后，我不时会给父母打电话,否,纳入477条一致评测集,保留但单独报告；可用于边界分析，不作为主结论唯一依据,正确,不是时间状语,时间定语,权威语法学习手册,第2批,candidate_span,正确,不是时间状语,时间定语,,正确,不是时间状语,时间定语,,正确,不是时间状语,时间定语,,我不时想起过去的事情,span:AUTH-TAD-0119,sentence:SENT-0259,5,7,located,ATTR_DE_DIRECT|ATTR_NOMINAL_DIRECT|DE_PARTICLE|NOMINAL_HEAD|NO_TEMPORAL_EXPRESSION,R_TEMP_KG_ATTR_01|R_TEMP_KG_ATTR_02|R_TEMP_ATTR_01,R_TEMP_KG_ATTR_01,ATTRIBUTE,True,规则正确
C_暂不纳入主实验,待复核,暂不进入主实验，优先复核标签,无重复,来源字段完整但仍需正版逐页核验,SENT-0385,AUTH-TAD-0120,王一正忙着呢，人家没有时间陪你出去。,有时,有时,OTHER,非目标时间表达；三人标注不完全一致；出现不确定标注；至少一名标注者修正片段,多数一致,多数一致,多数一致,中等,国际中文教育中文水平等级标准·语法学习手册（中等）,13,◎典型例句和对话 例句 小声一点儿，不要 你看人家经常锻 影响人家休息,否,纳入477条一致评测集,需老师/专家核验；核验前只作错误分析或边界案例,不是时间表达,不是时间状语,提取错误：不是时间表达,权威语法学习手册,第2批,candidate_span,不是时间表达,不是时间状语,提取错误：不是时间表达,,不确定,不确定,其他/不确定,,不是时间表达,不是时间状语,提取错误：不是时间表达,正,王一正忙着呢人家没有时间陪你出去,span:AUTH-TAD-0120,sentence:SENT-0385,10,12,located,BEFORE_PREDICATE|EVENT_TIME|REVIEW_NON_TARGET_RISK|TIME_ADVERB|TIME_FREQUENCY|TIME_NOUN,R_TEMP_KG_OTHER_01|R_TEMP_ADV_01|R_TEMP_ADV_02|R_TEMP_ADV_04|R_TEMP_ADV_19,R_TEMP_KG_OTHER_01,OTHER,True,规则正确
A_主评测候选,主实验/严格评测,保留为高一致主评测实例,无重复,来源字段完整但仍需正版逐页核验,SENT-0138,AUTH-TAD-0121,你忙了一上午了，快休息休息吧。,上午,上午,COMPLEMENT,,完全一致,完全一致,完全一致,初等,国际中文教育中文水平等级标准·语法学习手册（初等）,119,义及用法 有些动词可以重叠，表示动作次数少、持续的时间短或尝试的意思,否,纳入477条一致评测集,可进入主评测集；仍需抽样核验出处,正确,不是时间状语,时长补语,权威语法学习手册,第2批,candidate_span,正确,不是时间状语,时长补语,,正确,不是时间状语,时长补语,,正确,不是时间状语,时长补语,,你忙了一上午了快休息休息吧,span:AUTH-TAD-0121,sentence:SENT-0138,4,6,located,AFTER_VERB|BEFORE_PREDICATE|COMPLEMENT_DURATION_CONTEXT|DURATION_COMPLEMENT|EVENT_TIME|TIME_NOUN|TIME_POINT,R_TEMP_KG_COMP_01|R_TEMP_ADV_01|R_TEMP_ADV_02|R_TEMP_ADV_10|R_TEMP_KG_ADV_02,R_TEMP_KG_COMP_01,COMPLEMENT,True,规则正确
C_暂不纳入主实验,待复核,暂不进入主实验，优先复核标签,同句多候选/重复句,来源字段完整但仍需正版逐页核验,SENT-0105,AUTH-TAD-0122,他未免过分自信了，平时考试他都在第十名以后。,考试他都在第十名以后,考试他都在第十名以后,OTHER,相对时间框架边界；非目标时间表达；三人标注不完全一致；出现不确定标注；至少一名标注者修正片段,多数一致,多数一致,多数一致,高等,国际中文教育中文水平等级标准·语法学习手册（高等）,64,B:他未免过分自信了，平时考试他都在第十名以后,否,纳入477条一致评测集,需老师/专家核验；核验前只作错误分析或边界案例,不是时间表达,不是时间状语,提取错误：不是时间表达,权威语法学习手册,第2批,candidate_span,不是时间表达,不是时间状语,提取错误：不是时间表达,,不确定,不确定,其他/不确定,,不是时间表达,不是时间状语,提取错误：不是时间表达,平时,他未免过分自信了平时考试他都在第十名以后,span:AUTH-TAD-0122,sentence:SENT-0105,11,21,located,BEFORE_PREDICATE|EVENT_TIME|NO_TEMPORAL_EXPRESSION|REVIEW_NON_TARGET_RISK|TIME_AFTER_BEFORE,R_TEMP_KG_OTHER_01|R_TEMP_ADV_05,R_TEMP_KG_OTHER_01,OTHER,True,规则正确
C_暂不纳入主实验,待复核,暂不进入主实验，优先复核标签,同句多候选/重复句,来源字段完整但仍需正版逐页核验,SENT-0329,AUTH-TAD-0123,早上六点也准醒。,早上,早上六点,OTHER,候选片段与最终片段不一致；非目标时间表达；三人标注不完全一致；至少一名标注者修正片段,多数一致,完全一致,多数一致,中等,国际中文教育中文水平等级标准·语法学习手册（中等）,241,这次他即使赢得了比赛，以后也不能再打球了,否,纳入477条一致评测集,需老师/专家核验；核验前只作错误分析或边界案例,边界不完整,不是时间状语,提取错误：边界不完整,权威语法学习手册,第2批,majority_fixed_span,边界不完整,不是时间状语,提取错误：边界不完整,早上六点,边界不完整,不是时间状语,提取错误：边界不完整,早上六点,正确,不是时间状语,普通时间名词/词语引用,,早上六点也准醒,span:AUTH-TAD-0123,sentence:SENT-0329,0,2,located,BEFORE_PREDICATE|EVENT_TIME|REVIEW_NON_TARGET_RISK|SENTENCE_INITIAL|TIME_NOUN,R_TEMP_KG_OTHER_01|R_TEMP_ADV_01|R_TEMP_ADV_02|R_TEMP_KG_ADV_02,R_TEMP_KG_OTHER_01,OTHER,True,规则正确
A_主评测候选,主实验/严格评测,保留为高一致主评测实例,无重复,来源字段完整但仍需正版逐页核验,SENT-0134,AUTH-TAD-0124,你别老想这想那，小心晚上睡不着。,晚上,晚上,TEMPORAL_ADVERBIAL,,完全一致,完全一致,完全一致,中等,国际中文教育中文水平等级标准·语法学习手册（中等）,319,她是个好女儿，经常给父母买这买那,否,纳入477条一致评测集,可进入主评测集；仍需抽样核验出处,正确,是时间状语,时间状语,权威语法学习手册,第2批,candidate_span,正确,是时间状语,时间状语,,正确,是时间状语,时间状语,,正确,是时间状语,时间状语,,你别老想这想那小心晚上睡不着,span:AUTH-TAD-0124,sentence:SENT-0134,10,12,located,TIME_NOUN,R_TEMP_KG_ADV_02,R_TEMP_KG_ADV_02,TEMPORAL_ADVERBIAL,True,规则正确
B_边界复核集,边界集/鲁棒性分析,保留为边界挑战实例，单独报告,无重复,页面线索缺失,SENT-0337,AUTH-TAD-0125,明天您来学校吗?,明天,明天,TEMPORAL_ADVERBIAL,页面线索缺失,完全一致,完全一致,完全一致,初等,国际中文教育中文水平等级标准·语法学习手册（初等）,78,,否,纳入477条一致评测集,保留但单独报告；可用于边界分析，不作为主结论唯一依据,正确,是时间状语,时间状语,权威语法学习手册,第2批,candidate_span,正确,是时间状语,时间状语,,正确,是时间状语,时间状语,,正确,是时间状语,时间状语,,明天您来学校吗,span:AUTH-TAD-0125,sentence:SENT-0337,0,2,located,BEFORE_PREDICATE|EVENT_TIME|SENTENCE_INITIAL|TIME_NOUN,R_TEMP_ADV_01|R_TEMP_ADV_02|R_TEMP_KG_ADV_02,R_TEMP_ADV_01,TEMPORAL_ADVERBIAL,True,规则正确
B_边界复核集,边界集/鲁棒性分析,保留为边界挑战实例，单独报告,无重复,来源字段完整但仍需正版逐页核验,SENT-0228,AUTH-TAD-0126,妈妈为了工作，经常睡得很晚。,经常,经常,TEMPORAL_ADVERBIAL,时间副词/体貌副词边界,完全一致,完全一致,完全一致,初等,国际中文教育中文水平等级标准·语法学习手册（初等）,328,妈妈为了工作，经常睡得很晚,否,纳入477条一致评测集,保留但单独报告；可用于边界分析，不作为主结论唯一依据,正确,是时间状语,时间状语,权威语法学习手册,第2批,candidate_span,正确,是时间状语,时间状语,,正确,是时间状语,时间状语,,正确,是时间状语,时间状语,,妈妈为了工作经常睡得很晚,span:AUTH-TAD-0126,sentence:SENT-0228,7,9,located,BEFORE_PREDICATE|EVENT_TIME|TIME_FREQUENCY,R_TEMP_ADV_04|R_TEMP_KG_ADV_01,R_TEMP_ADV_04,TEMPORAL_ADVERBIAL,True,规则正确
B_边界复核集,边界集/鲁棒性分析,保留为边界挑战实例，单独报告,无重复,来源字段完整但仍需正版逐页核验,SENT-0415,AUTH-TAD-0127,老师经常和我们一起讨论问题。,经常,经常,TEMPORAL_ADVERBIAL,时间副词/体貌副词边界,完全一致,完全一致,完全一致,初等,国际中文教育中文水平等级标准·语法学习手册（初等）,154,级语法点 34频率、重复副词(2):经常 【二16】 ◎基本语义及用法 表示某动,否,纳入477条一致评测集,保留但单独报告；可用于边界分析，不作为主结论唯一依据,正确,是时间状语,时间状语,权威语法学习手册,第2批,candidate_span,正确,是时间状语,时间状语,,正确,是时间状语,时间状语,,正确,是时间状语,时间状语,,老师经常和我们一起讨论问题,span:AUTH-TAD-0127,sentence:SENT-0415,2,4,located,BEFORE_PREDICATE|EVENT_TIME|TIME_FREQUENCY,R_TEMP_ADV_04|R_TEMP_KG_ADV_01,R_TEMP_ADV_04,TEMPORAL_ADVERBIAL,True,规则正确
A_主评测候选,主实验/严格评测,保留为高一致主评测实例,无重复,来源字段完整但仍需正版逐页核验,SENT-0152,AUTH-TAD-0128,你现在和张莉还有联系吗?,现在,现在,TEMPORAL_ADVERBIAL,,完全一致,完全一致,完全一致,高等,国际中文教育中文水平等级标准·语法学习手册（高等）,134,】( ◎ 基本语义及用法 “此后”表示在某时或某事以后，用在两个分句间表示承接关系，前后分句表,否,纳入477条一致评测集,可进入主评测集；仍需抽样核验出处,正确,是时间状语,时间状语,权威语法学习手册,第2批,candidate_span,正确,是时间状语,时间状语,,正确,是时间状语,时间状语,,正确,是时间状语,时间状语,,你现在和张莉还有联系吗,span:AUTH-TAD-0128,sentence:SENT-0152,1,3,located,BEFORE_PREDICATE|EVENT_TIME|TIME_ADVERB|TIME_NOUN|TIME_POINT,R_TEMP_ADV_01|R_TEMP_ADV_02|R_TEMP_ADV_19|R_TEMP_ADV_08|R_TEMP_ADV_10,R_TEMP_ADV_01,TEMPORAL_ADVERBIAL,True,规则正确
C_暂不纳入主实验,待复核,暂不进入主实验，优先复核标签,无重复,来源字段完整但仍需正版逐页核验,SENT-0206,AUTH-TAD-0129,她今天心情很好，甚至给自己放了一天假。,一天,一天,COMPLEMENT,时量补语/持续时间边界；三人标注不完全一致；至少一名标注者修正片段,多数一致,完全一致,多数一致,中等,国际中文教育中文水平等级标准·语法学习手册（中等）,98,交际实践 补充例句 他学习的时候非常专心，甚至忘了吃饭,否,纳入477条一致评测集,需老师/专家核验；核验前只作错误分析或边界案例,正确,不是时间状语,时长补语,权威语法学习手册,第2批,candidate_span,正确,不是时间状语,时间定语,,正确,不是时间状语,时长补语,,漏检：有目标时间状语,不是时间状语,时长补语,今天,她今天心情很好甚至给自己放了一天假,span:AUTH-TAD-0129,sentence:SENT-0206,15,17,located,AFTER_VERB|COMPLEMENT_DURATION_CONTEXT|DURATION_COMPLEMENT|INDEFINITE_TIME|TIME_DURATION|TIME_POINT,R_TEMP_KG_COMP_01|R_TEMP_COMP_01|R_TEMP_COMP_02|R_TEMP_COMP_07,R_TEMP_KG_COMP_01,COMPLEMENT,True,规则正确
A_主评测候选,主实验/严格评测,保留为高一致主评测实例,同句多候选/重复句,来源字段完整但仍需正版逐页核验,SENT-0328,AUTH-TAD-0130,早上他们还是朋友，晚上就吵架了，这转变得未免也太快了。,早上,早上,TEMPORAL_ADVERBIAL,,完全一致,完全一致,完全一致,高等,国际中文教育中文水平等级标准·语法学习手册（高等）,64,B:他未免过分自信了，平时考试他都在第十名以后,否,纳入477条一致评测集,可进入主评测集；仍需抽样核验出处,正确,是时间状语,时间状语,权威语法学习手册,第2批,candidate_span,正确,是时间状语,时间状语,,正确,是时间状语,时间状语,,正确,是时间状语,时间状语,,早上他们还是朋友晚上就吵架了这转变得未免也太快了,span:AUTH-TAD-0130,sentence:SENT-0328,0,2,located,BEFORE_PREDICATE|EVENT_TIME|SENTENCE_INITIAL|TIME_NOUN,R_TEMP_ADV_01|R_TEMP_ADV_02|R_TEMP_KG_ADV_02,R_TEMP_ADV_01,TEMPORAL_ADVERBIAL,True,规则正确
C_暂不纳入主实验,待复核,暂不进入主实验，优先复核标签,无重复,来源字段完整但仍需正版逐页核验,SENT-0212,AUTH-TAD-0131,她提前给相机充好电，为的是出去玩儿的时候能多拍点儿照片。,为的是出去玩儿的时候,出去玩儿的时候,OTHER,相对时间框架边界；候选片段与最终片段不一致；非目标时间表达；三人标注不完全一致；至少一名标注者修正片段,多数一致,完全一致,多数一致,中等,国际中文教育中文水平等级标准·语法学习手册（中等）,242,给你发这个信 老师这节课什么也没 例句 为的是走的时候 息，为的是提醒 讲，为的是让我们有时,否,纳入477条一致评测集,需老师/专家核验；核验前只作错误分析或边界案例,边界过长,不是时间状语,提取错误：边界过长,权威语法学习手册,第2批,majority_fixed_span,边界过长,不是时间状语,提取错误：边界过长,出去玩儿的时候,边界不完整,不是时间状语,提取错误：边界不完整,出去玩儿的时候,边界过长,不是时间状语,提取错误：边界过长,出去玩儿的时候,她提前给相机充好电为的是出去玩儿的时候能多拍点儿照片,span:AUTH-TAD-0131,sentence:SENT-0212,10,20,located,BEFORE_PREDICATE|EVENT_TIME|REVIEW_NON_TARGET_RISK|TIME_NOUN,R_TEMP_KG_OTHER_01|R_TEMP_ADV_01|R_TEMP_ADV_02|R_TEMP_KG_ADV_02,R_TEMP_KG_OTHER_01,OTHER,True,规则正确
A_主评测候选,主实验/严格评测,保留为高一致主评测实例,无重复,来源字段完整但仍需正版逐页核验,SENT-0443,AUTH-TAD-0132,这么晚了，他今天不会来了吧?,今天,今天,TEMPORAL_ADVERBIAL,,完全一致,完全一致,完全一致,初等,国际中文教育中文水平等级标准·语法学习手册（初等）,251,ion. ◎典型例句和对话 例句 您是经理吧? 你以前学过中文吧? 这是他的书吧? (在饭店),否,纳入477条一致评测集,可进入主评测集；仍需抽样核验出处,正确,是时间状语,时间状语,权威语法学习手册,第2批,candidate_span,正确,是时间状语,时间状语,,正确,是时间状语,时间状语,,正确,是时间状语,时间状语,,这么晚了他今天不会来了吧,span:AUTH-TAD-0132,sentence:SENT-0443,6,8,located,BEFORE_PREDICATE|EVENT_TIME|TIME_NOUN,R_TEMP_ADV_01|R_TEMP_ADV_02|R_TEMP_KG_ADV_02,R_TEMP_ADV_01,TEMPORAL_ADVERBIAL,True,规则正确
C_暂不纳入主实验,待复核,暂不进入主实验，优先复核标签,无重复,来源字段完整但仍需正版逐页核验,SENT-0040,AUTH-TAD-0133,今天和昨天都很热。,今天,今天,OTHER,非目标时间表达；三人标注不完全一致；至少一名标注者修正片段,多数一致,完全一致,多数一致,初等,国际中文教育中文水平等级标准·语法学习手册（初等）,70,他知道考试的时间和地点,否,纳入477条一致评测集,需老师/专家核验；核验前只作错误分析或边界案例,正确,不是时间状语,普通时间名词/词语引用,权威语法学习手册,第2批,candidate_span,正确,不是时间状语,普通时间名词/词语引用,,不是时间表达,不是时间状语,提取错误：不是时间表达,无,正确,不是时间状语,普通时间名词/词语引用,,今天和昨天都很热,span:AUTH-TAD-0133,sentence:SENT-0040,0,2,located,BEFORE_PREDICATE|EVENT_TIME|REVIEW_NON_TARGET_RISK|SENTENCE_INITIAL|TIME_NOUN,R_TEMP_KG_OTHER_01|R_TEMP_ADV_01|R_TEMP_ADV_02|R_TEMP_KG_ADV_02,R_TEMP_KG_OTHER_01,OTHER,True,规则正确
B_边界复核集,边界集/鲁棒性分析,保留为边界挑战实例，单独报告,无重复,来源字段完整但仍需正版逐页核验,SENT-0141,AUTH-TAD-0134,你无须/不必打电话，马上会有人来接你。,马上,马上,TEMPORAL_ADVERBIAL,时间副词/体貌副词边界,完全一致,完全一致,完全一致,初等,国际中文教育中文水平等级标准·语法学习手册（初等）,159,(在班级) (在公司) (商量事情) A:马上期末考试了， A:经理，明天我可 A:请,否,纳入477条一致评测集,保留但单独报告；可用于边界分析，不作为主结论唯一依据,正确,是时间状语,时间状语,权威语法学习手册,第2批,candidate_span,正确,是时间状语,时间状语,,正确,是时间状语,时间状语,,正确,是时间状语,时间状语,,你无须/不必打电话马上会有人来接你,span:AUTH-TAD-0134,sentence:SENT-0141,10,12,located,LOCATION_EXPRESSION|NO_TEMPORAL_EXPRESSION|TIME_ADVERB,R_TEMP_OTHER_01,R_TEMP_OTHER_01,OTHER,False,规则误判
B_边界复核集,边界集/鲁棒性分析,保留为边界挑战实例，单独报告,同句多候选/重复句,来源字段完整但仍需正版逐页核验,SENT-0358,AUTH-TAD-0135,是啊，今天零下三十度，是今年最冷的一天了。,今年,今年,TEMPORAL_ADVERBIAL,时量补语/持续时间边界；三人标注不完全一致,完全一致,多数一致,多数一致,高等,国际中文教育中文水平等级标准·语法学习手册（高等）,67,小提示 “幸好”在承接上文后，如果语义已经很明确时，后面的分句可以不出现,否,纳入477条一致评测集,保留但单独报告；可用于边界分析，不作为主结论唯一依据,正确,是时间状语,时间状语,权威语法学习手册,第2批,candidate_span,正确,不是时间状语,普通时间名词/词语引用,,正确,是时间状语,时间状语,,正确,是时间状语,时间状语,,是啊今天零下三十度是今年最冷的一天了,span:AUTH-TAD-0135,sentence:SENT-0358,12,14,located,NO_TEMPORAL_EXPRESSION|STATIVE_PREDICATE,,,,False,未覆盖
B_边界复核集,边界集/鲁棒性分析,保留为边界挑战实例，单独报告,无重复,来源字段完整但仍需正版逐页核验,SENT-0073,AUTH-TAD-0136,他也像我似的经常生气。,经常,经常,TEMPORAL_ADVERBIAL,时间副词/体貌副词边界,完全一致,完全一致,完全一致,中等,国际中文教育中文水平等级标准·语法学习手册（中等）,54,树叶很绿，像刚用水洗过似的,否,纳入477条一致评测集,保留但单独报告；可用于边界分析，不作为主结论唯一依据,正确,是时间状语,时间状语,权威语法学习手册,第2批,candidate_span,正确,是时间状语,时间状语,,正确,是时间状语,时间状语,,正确,是时间状语,时间状语,,他也像我似的经常生气,span:AUTH-TAD-0136,sentence:SENT-0073,6,8,located,BEFORE_PREDICATE|EVENT_TIME|TIME_FREQUENCY,R_TEMP_ADV_04|R_TEMP_KG_ADV_01,R_TEMP_ADV_04,TEMPORAL_ADVERBIAL,True,规则正确
C_暂不纳入主实验,待复核,暂不进入主实验，优先复核标签,无重复,来源字段完整但仍需正版逐页核验,SENT-0382,AUTH-TAD-0137,爷爷比去年更加精神一些。,去年,去年,OTHER,时量补语/持续时间边界；非目标时间表达；三人标注不完全一致；至少一名标注者修正片段,多数一致,完全一致,多数一致,初等,国际中文教育中文水平等级标准·语法学习手册（初等）,269,tten Chinese. ◎ 典型例句和对话 她以前学习就很 例句 努力，现在更加努 我的身,否,纳入477条一致评测集,需老师/专家核验；核验前只作错误分析或边界案例,正确,不是时间状语,普通时间名词/词语引用,权威语法学习手册,第2批,candidate_span,正确,不是时间状语,普通时间名词/词语引用,,不是时间表达,不是时间状语,提取错误：不是时间表达,无,正确,不是时间状语,普通时间名词/词语引用,,爷爷比去年更加精神一些,span:AUTH-TAD-0137,sentence:SENT-0382,3,5,located,ABSTRACT_OR_NON_TARGET_TIME|BEFORE_PREDICATE|EVENT_TIME|REVIEW_NON_TARGET_RISK|TEMPORAL_COMPARISON_STATE|TIME_NOUN,R_TEMP_KG_OTHER_01|R_TEMP_KG_OTHER_02|R_TEMP_KG_OTHER_03|R_TEMP_ADV_01|R_TEMP_ADV_02,R_TEMP_KG_OTHER_01,OTHER,True,规则正确
A_主评测候选,主实验/严格评测,保留为高一致主评测实例,无重复,来源字段完整但仍需正版逐页核验,SENT-0037,AUTH-TAD-0138,今天刚好有空儿，咱们去爬山吧。,今天,今天,TEMPORAL_ADVERBIAL,,完全一致,完全一致,完全一致,中等,国际中文教育中文水平等级标准·语法学习手册（中等）,289,◎典型例句和对话 ◎补充例句 例句 我要出门找他的时候 他刚好回来了,否,纳入477条一致评测集,可进入主评测集；仍需抽样核验出处,正确,是时间状语,时间状语,权威语法学习手册,第2批,candidate_span,正确,是时间状语,时间状语,,正确,是时间状语,时间状语,,正确,是时间状语,时间状语,,今天刚好有空儿咱们去爬山吧,span:AUTH-TAD-0138,sentence:SENT-0037,0,2,located,BEFORE_PREDICATE|EVENT_TIME|SENTENCE_INITIAL|STATIVE_PREDICATE|TIME_NOUN,R_TEMP_SUBJ_02|R_TEMP_ADV_01|R_TEMP_ADV_02|R_TEMP_KG_ADV_02,R_TEMP_SUBJ_02,SUBJECT,False,规则误判
C_暂不纳入主实验,待复核,暂不进入主实验，优先复核标签,无重复,来源字段完整但仍需正版逐页核验,SENT-0435,AUTH-TAD-0139,这个假期他没有出去玩儿，反而在公司加了三天班。,三天,三天,ATTRIBUTE,原表已建议复核/剔除；时量补语/持续时间边界；三人标注不完全一致；至少一名标注者修正片段,多数一致,多数一致,平票,中等,国际中文教育中文水平等级标准·语法学习手册（中等）,34,特点 “反而”主要在动词性成分或形容词性成分前，作状语,是,复核/剔除候选,需老师/专家核验；核验前只作错误分析或边界案例,正确,不是时间状语,时间定语,权威语法学习手册,第2批,candidate_span,正确,不是时间状语,时间定语,,正确,不是时间状语,时长补语,,漏检：有目标时间状语,是时间状语,漏检,这个假期,这个假期他没有出去玩儿反而在公司加了三天班,span:AUTH-TAD-0139,sentence:SENT-0435,19,21,located,AFTER_VERB|COMPLEMENT_DURATION_CONTEXT|DURATION_COMPLEMENT|TIME_DURATION,R_TEMP_KG_COMP_01|R_TEMP_COMP_01|R_TEMP_COMP_02|R_TEMP_COMP_07,R_TEMP_KG_COMP_01,COMPLEMENT,False,规则误判
C_暂不纳入主实验,待复核,暂不进入主实验，优先复核标签,无重复,来源字段完整但仍需正版逐页核验,SENT-0276,AUTH-TAD-0140,我们明天八点考试，是不是?,八点,八点,TEMPORAL_ADVERBIAL,三人标注不完全一致；至少一名标注者修正片段,多数一致,多数一致,多数一致,初等,国际中文教育中文水平等级标准·语法学习手册（初等）,250,A:你要去体育馆打 了很多水果? B:我没拿，我刚刚看见 球，是不是? B:不是我买的，是,否,纳入477条一致评测集,需老师/专家核验；核验前只作错误分析或边界案例,正确,是时间状语,时间状语,权威语法学习手册,第2批,candidate_span,正确,是时间状语,时间状语,,正确,是时间状语,时间状语,,边界不完整,不是时间状语,提取错误：边界不完整,明天八点,我们明天八点考试是不是,span:AUTH-TAD-0140,sentence:SENT-0276,4,6,located,ATTR_NOMINAL_DIRECT|NOMINAL_HEAD|TIME_POINT,R_TEMP_KG_ATTR_02,R_TEMP_KG_ATTR_02,ATTRIBUTE,False,规则误判
B_边界复核集,边界集/鲁棒性分析,保留为边界挑战实例，单独报告,无重复,来源字段完整但仍需正版逐页核验,SENT-0438,AUTH-TAD-0141,这个工作得三天才能做完。,三天,三天,COMPLEMENT,时量补语/持续时间边界；三人标注不完全一致,完全一致,多数一致,多数一致,中等,国际中文教育中文水平等级标准·语法学习手册（中等）,12,spoken Chinese. ◎典型例句和对话 时间不早了，我得例句 我还得考虑考虑,否,纳入477条一致评测集,保留但单独报告；可用于边界分析，不作为主结论唯一依据,正确,不是时间状语,时长补语,权威语法学习手册,第2批,candidate_span,正确,是时间状语,时间状语,,正确,不是时间状语,时长补语,,正确,不是时间状语,时长补语,,这个工作得三天才能做完,span:AUTH-TAD-0141,sentence:SENT-0438,5,7,located,AFTER_VERB|COMPLEMENT_DURATION_CONTEXT|DURATION_COMPLEMENT|TIME_DURATION,R_TEMP_KG_COMP_01|R_TEMP_COMP_01|R_TEMP_COMP_02|R_TEMP_COMP_07,R_TEMP_KG_COMP_01,COMPLEMENT,True,规则正确
B_边界复核集,边界集/鲁棒性分析,保留为边界挑战实例，单独报告,无重复,页面线索缺失,SENT-0056,AUTH-TAD-0142,今天的活动，难道我不去不行吗?,今天,今天,ATTRIBUTE,页面线索缺失；可能为时间定语,完全一致,完全一致,完全一致,高等,国际中文教育中文水平等级标准·语法学习手册（高等）,88,,否,纳入477条一致评测集,保留但单独报告；可用于边界分析，不作为主结论唯一依据,正确,不是时间状语,时间定语,权威语法学习手册,第2批,candidate_span,正确,不是时间状语,时间定语,,正确,不是时间状语,时间定语,,正确,不是时间状语,时间定语,,今天的活动难道我不去不行吗,span:AUTH-TAD-0142,sentence:SENT-0056,0,2,located,ATTR_DE_DIRECT|ATTR_NOMINAL_DIRECT|BEFORE_PREDICATE|DE_PARTICLE|EVENT_TIME|NOMINAL_HEAD|SENTENCE_INITIAL|TIME_NOUN,R_TEMP_KG_ATTR_01|R_TEMP_KG_ATTR_02|R_TEMP_ATTR_01|R_TEMP_ADV_01|R_TEMP_ADV_02,R_TEMP_KG_ATTR_01,ATTRIBUTE,True,规则正确
B_边界复核集,边界集/鲁棒性分析,保留为边界挑战实例，单独报告,同句多候选/重复句,页面线索缺失,SENT-0380,AUTH-TAD-0143,没有今天的劳动就没有明天的收获。,今天,今天,ATTRIBUTE,页面线索缺失；可能为时间定语,完全一致,完全一致,完全一致,中等,国际中文教育中文水平等级标准·语法学习手册（中等）,245,,否,纳入477条一致评测集,保留但单独报告；可用于边界分析，不作为主结论唯一依据,正确,不是时间状语,时间定语,权威语法学习手册,第2批,candidate_span,正确,不是时间状语,时间定语,,正确,不是时间状语,时间定语,,正确,不是时间状语,时间定语,,没有今天的劳动就没有明天的收获,span:AUTH-TAD-0143,sentence:SENT-0380,2,4,located,ATTR_DE_DIRECT|ATTR_NOMINAL_DIRECT|DE_PARTICLE|NOMINAL_HEAD|TIME_NOUN,R_TEMP_KG_ATTR_01|R_TEMP_KG_ATTR_02|R_TEMP_ATTR_01|R_TEMP_ATTR_03|R_TEMP_KG_ADV_02,R_TEMP_KG_ATTR_01,ATTRIBUTE,True,规则正确
C_暂不纳入主实验,错误分析/待复核,暂不进入主实验，等待出处或边界核验,同句多候选/重复句,来源字段完整但仍需正版逐页核验,SENT-0265,AUTH-TAD-0144,我从2018年到现在，都没回家。,2018年,从2018年到现在,OTHER,时量补语/持续时间边界；候选片段与最终片段不一致；非目标时间表达；至少一名标注者修正片段,完全一致,完全一致,完全一致,初等,国际中文教育中文水平等级标准·语法学习手册（初等）,66,41介词(引出时间、处所):从1 【一15】 ◎ 基本语义,否,纳入477条一致评测集,需老师/专家核验；核验前只作错误分析或边界案例,边界不完整,不是时间状语,提取错误：边界不完整,权威语法学习手册,第2批,majority_fixed_span,边界不完整,不是时间状语,提取错误：边界不完整,从2018年到现在,边界不完整,不是时间状语,提取错误：边界不完整,从2018年到现在,边界不完整,不是时间状语,提取错误：边界不完整,2018年到现在,我从2018年到现在都没回家,span:AUTH-TAD-0144,sentence:SENT-0265,2,7,located,BEFORE_PREDICATE|DATE_EXPRESSION|EVENT_TIME|REVIEW_NON_TARGET_RISK|TIME_DURATION|TIME_NOUN|TIME_POINT,R_TEMP_KG_OTHER_01|R_TEMP_ADV_01|R_TEMP_ADV_02|R_TEMP_ADV_13|R_TEMP_ADV_10,R_TEMP_KG_OTHER_01,OTHER,True,规则正确
B_边界复核集,边界集/鲁棒性分析,保留为边界挑战实例，单独报告,无重复,来源字段完整但仍需正版逐页核验,SENT-0442,AUTH-TAD-0145,这么多任务他三天就完成了，可见他的工作效率很高。,三天,三天,TEMPORAL_ADVERBIAL,时量补语/持续时间边界；三人标注不完全一致,完全一致,多数一致,多数一致,中等,国际中文教育中文水平等级标准·语法学习手册（中等）,110,例如： *既然这事你已经决定了，就我不说什么了,否,纳入477条一致评测集,保留但单独报告；可用于边界分析，不作为主结论唯一依据,正确,是时间状语,时间状语,权威语法学习手册,第2批,candidate_span,正确,是时间状语,时间状语,,正确,不是时间状语,时长补语,,正确,是时间状语,时间状语,,这么多任务他三天就完成了可见他的工作效率很高,span:AUTH-TAD-0145,sentence:SENT-0442,6,8,located,BEFORE_PREDICATE|EVENT_TIME|TIME_DURATION,,,,False,未覆盖
B_边界复核集,边界集/鲁棒性分析,保留为边界挑战实例，单独报告,无重复,来源字段完整但仍需正版逐页核验,SENT-0411,AUTH-TAD-0146,经理把这个会议延长了四十分钟。,四十分钟,四十分钟,COMPLEMENT,时量补语/持续时间边界,完全一致,完全一致,完全一致,中等,国际中文教育中文水平等级标准·语法学习手册（中等）,82,计划 提前 了 一周 吗? 小提示 (1)带“动量补语/时量补语”的“把”字句中，“把”前不能,否,纳入477条一致评测集,保留但单独报告；可用于边界分析，不作为主结论唯一依据,正确,不是时间状语,时长补语,权威语法学习手册,第2批,candidate_span,正确,不是时间状语,时长补语,,正确,不是时间状语,时长补语,,正确,不是时间状语,时长补语,,经理把这个会议延长了四十分钟,span:AUTH-TAD-0146,sentence:SENT-0411,10,14,located,AFTER_VERB|COMPLEMENT_DURATION_CONTEXT|DURATION_COMPLEMENT|TIME_DURATION,R_TEMP_KG_COMP_01|R_TEMP_COMP_01|R_TEMP_COMP_02|R_TEMP_COMP_07,R_TEMP_KG_COMP_01,COMPLEMENT,True,规则正确
A_主评测候选,主实验/严格评测,保留为高一致主评测实例,无重复,来源字段完整但仍需正版逐页核验,SENT-0150,AUTH-TAD-0147,你现在不要过早下结论，况且谁输谁赢还不一定呢。,现在,现在,TEMPORAL_ADVERBIAL,,完全一致,完全一致,完全一致,高等,国际中文教育中文水平等级标准·语法学习手册（高等）,144,B:是啊，我看玛丽累得九点刚过就倒在床上睡 着了,否,纳入477条一致评测集,可进入主评测集；仍需抽样核验出处,正确,是时间状语,时间状语,权威语法学习手册,第2批,candidate_span,正确,是时间状语,时间状语,,正确,是时间状语,时间状语,,正确,是时间状语,时间状语,,你现在不要过早下结论况且谁输谁赢还不一定呢,span:AUTH-TAD-0147,sentence:SENT-0150,1,3,located,BEFORE_PREDICATE|EVENT_TIME|TIME_ADVERB|TIME_NOUN|TIME_POINT,R_TEMP_ADV_01|R_TEMP_ADV_02|R_TEMP_ADV_19|R_TEMP_ADV_08|R_TEMP_ADV_10,R_TEMP_ADV_01,TEMPORAL_ADVERBIAL,True,规则正确
A_主评测候选,主实验/严格评测,保留为高一致主评测实例,无重复,来源字段完整但仍需正版逐页核验,SENT-0393,AUTH-TAD-0148,现在才八点，别急。,现在,现在,TEMPORAL_ADVERBIAL,,完全一致,完全一致,完全一致,初等,国际中文教育中文水平等级标准·语法学习手册（初等）,164,示说话人认为事情发生得比预想的晚，也可表达数量少、时间早、程度低等， 具有较强的主观性,否,纳入477条一致评测集,可进入主评测集；仍需抽样核验出处,正确,是时间状语,时间状语,权威语法学习手册,第2批,candidate_span,正确,是时间状语,时间状语,,正确,是时间状语,时间状语,,正确,是时间状语,时间状语,,现在才八点别急,span:AUTH-TAD-0148,sentence:SENT-0393,0,2,located,BEFORE_PREDICATE|EVENT_TIME|SENTENCE_INITIAL|TIME_ADVERB|TIME_NOUN|TIME_POINT,R_TEMP_ADV_01|R_TEMP_ADV_02|R_TEMP_ADV_19|R_TEMP_ADV_08|R_TEMP_ADV_10,R_TEMP_ADV_01,TEMPORAL_ADVERBIAL,True,规则正确
B_边界复核集,边界集/鲁棒性分析,保留为边界挑战实例，单独报告,无重复,来源字段完整但仍需正版逐页核验,SENT-0248,AUTH-TAD-0149,已经离开美国了。,已经,已经,TEMPORAL_ADVERBIAL,时间副词/体貌副词边界,完全一致,完全一致,完全一致,中等,国际中文教育中文水平等级标准·语法学习手册（中等）,176,"语法点- 随着+N+的+V,S+VP/AP 随着 时间 的 推进，我 慢慢理解了他的做法",否,纳入477条一致评测集,保留但单独报告；可用于边界分析，不作为主结论唯一依据,正确,是时间状语,时间状语,权威语法学习手册,第2批,candidate_span,正确,是时间状语,时间状语,,正确,是时间状语,时间状语,,正确,是时间状语,时间状语,,已经离开美国了,span:AUTH-TAD-0149,sentence:SENT-0248,0,2,located,BEFORE_PREDICATE|EVENT_TIME|SENTENCE_INITIAL|TIME_ADVERB|TIME_FREQUENCY,R_TEMP_ADV_04|R_TEMP_ADV_19|R_TEMP_KG_ADV_01|R_TEMP_ADV_08|R_TEMP_ADV_11,R_TEMP_ADV_04,TEMPORAL_ADVERBIAL,True,规则正确
B_边界复核集,边界集/鲁棒性分析,保留为边界挑战实例，单独报告,同句多候选/重复句,来源字段完整但仍需正版逐页核验,SENT-0172,AUTH-TAD-0150,十年过去了，周围的环境仍旧没变。,十年,十年,OTHER,时量补语/持续时间边界；非目标时间表达；三人标注不完全一致,完全一致,完全一致,多数一致,中等,国际中文教育中文水平等级标准·语法学习手册（中等）,152,五级语法点 道 小提示 “将要”表示对马上要发生的事情进行推测，因而一般不用于否定,否,纳入477条一致评测集,保留但单独报告；可用于边界分析，不作为主结论唯一依据,正确,不是时间状语,普通时间名词/词语引用,权威语法学习手册,第2批,candidate_span,正确,不是时间状语,普通时间名词/词语引用,,正确,不是时间状语,时长补语,,正确,不是时间状语,普通时间名词/词语引用,,十年过去了周围的环境仍旧没变,span:AUTH-TAD-0150,sentence:SENT-0172,0,2,located,BEFORE_PREDICATE|EVENT_TIME|SENTENCE_INITIAL|TIME_DURATION,,,,False,未覆盖
C_暂不纳入主实验,待复核,暂不进入主实验，优先复核标签,无重复,来源字段完整但仍需正版逐页核验,SENT-0241,AUTH-TAD-0151,就是说，你得从现在起重新规划了。,现在,现在,TEMPORAL_ADVERBIAL,三人标注不完全一致；至少一名标注者修正片段,多数一致,多数一致,多数一致,中等,国际中文教育中文水平等级标准·语法学习手册（中等）,328,B:他已经道歉了，我也 不参加呢? B:算了，你说,否,纳入477条一致评测集,需老师/专家核验；核验前只作错误分析或边界案例,正确,是时间状语,时间状语,权威语法学习手册,第2批,candidate_span,正确,是时间状语,时间状语,,正确,是时间状语,时间状语,,边界不完整,不是时间状语,提取错误：边界不完整,从现在起,就是说你得从现在起重新规划了,span:AUTH-TAD-0151,sentence:SENT-0241,7,9,located,BEFORE_PREDICATE|EVENT_TIME|TIME_ADVERB|TIME_NOUN|TIME_POINT,R_TEMP_ADV_01|R_TEMP_ADV_02|R_TEMP_ADV_19|R_TEMP_ADV_08|R_TEMP_ADV_10,R_TEMP_ADV_01,TEMPORAL_ADVERBIAL,True,规则正确
A_主评测候选,主实验/严格评测,保留为高一致主评测实例,无重复,来源字段完整但仍需正版逐页核验,SENT-0022,AUTH-TAD-0152,与其考试前开夜车，不如平时努力学习。,平时,平时,TEMPORAL_ADVERBIAL,,完全一致,完全一致,完全一致,高等,国际中文教育中文水平等级标准·语法学习手册（高等）,154,B:别找了，与其在这里浪费时间，我们不如认真复习,否,纳入477条一致评测集,可进入主评测集；仍需抽样核验出处,正确,是时间状语,时间状语,权威语法学习手册,第2批,candidate_span,正确,是时间状语,时间状语,,正确,是时间状语,时间状语,,正确,是时间状语,时间状语,,与其考试前开夜车不如平时努力学习,span:AUTH-TAD-0152,sentence:SENT-0022,11,13,located,BEFORE_PREDICATE|EVENT_TIME|TIME_NOUN,R_TEMP_ADV_01|R_TEMP_ADV_02|R_TEMP_KG_ADV_02,R_TEMP_ADV_01,TEMPORAL_ADVERBIAL,True,规则正确
B_边界复核集,边界集/鲁棒性分析,保留为边界挑战实例，单独报告,无重复,来源字段完整但仍需正版逐页核验,SENT-0174,AUTH-TAD-0153,取得成功以后，他不但没有骄傲，反而更加努力了。,取得成功以后,取得成功以后,TEMPORAL_ADVERBIAL,相对时间框架边界,完全一致,完全一致,完全一致,中等,国际中文教育中文水平等级标准·语法学习手册（中等）,346,B:看来空调还要再 有鼓励我，反而还 开一段时间,否,纳入477条一致评测集,保留但单独报告；可用于边界分析，不作为主结论唯一依据,正确,是时间状语,时间状语,权威语法学习手册,第2批,candidate_span,正确,是时间状语,时间状语,,正确,是时间状语,时间状语,,正确,是时间状语,时间状语,,取得成功以后他不但没有骄傲反而更加努力了,span:AUTH-TAD-0153,sentence:SENT-0174,0,6,located,BEFORE_PREDICATE|EVENT_TIME|NO_TEMPORAL_EXPRESSION|SENTENCE_INITIAL|TIME_AFTER_BEFORE,R_TEMP_ADV_05,R_TEMP_ADV_05,TEMPORAL_ADVERBIAL,True,规则正确
B_边界复核集,边界集/鲁棒性分析,保留为边界挑战实例，单独报告,无重复,页面线索缺失,SENT-0060,AUTH-TAD-0154,今天的练习比考试更难。,今天,今天,ATTRIBUTE,页面线索缺失；可能为时间定语,完全一致,完全一致,完全一致,初等,国际中文教育中文水平等级标准·语法学习手册（初等）,210,,否,纳入477条一致评测集,保留但单独报告；可用于边界分析，不作为主结论唯一依据,正确,不是时间状语,时间定语,权威语法学习手册,第2批,candidate_span,正确,不是时间状语,时间定语,,正确,不是时间状语,时间定语,,正确,不是时间状语,时间定语,,今天的练习比考试更难,span:AUTH-TAD-0154,sentence:SENT-0060,0,2,located,ATTR_DE_DIRECT|DE_PARTICLE|SENTENCE_INITIAL|TIME_NOUN,R_TEMP_KG_ATTR_01|R_TEMP_KG_ADV_02,R_TEMP_KG_ATTR_01,ATTRIBUTE,True,规则正确
B_边界复核集,边界集/鲁棒性分析,保留为边界挑战实例，单独报告,无重复,来源字段完整但仍需正版逐页核验,SENT-0111,AUTH-TAD-0155,他洗了十分钟的澡。,十分钟,十分钟,ATTRIBUTE,可能为时间定语；时量补语/持续时间边界；三人标注不完全一致,完全一致,完全一致,多数一致,初等,国际中文教育中文水平等级标准·语法学习手册（初等）,352,81数量补语4(动词+时量补语):表示动作持续的 时间 【三51】 ◎,否,纳入477条一致评测集,保留但单独报告；可用于边界分析，不作为主结论唯一依据,正确,不是时间状语,时间定语,权威语法学习手册,第2批,candidate_span,正确,不是时间状语,时长补语,,正确,不是时间状语,时间定语,,正确,不是时间状语,时间定语,,他洗了十分钟的澡,span:AUTH-TAD-0155,sentence:SENT-0111,3,6,located,AFTER_VERB|ATTR_DE_DIRECT|ATTR_NOMINAL_DIRECT|COMPLEMENT_DURATION_CONTEXT|DE_PARTICLE|DURATION_COMPLEMENT|NOMINAL_HEAD|TIME_DURATION,R_TEMP_KG_ATTR_01|R_TEMP_KG_COMP_01|R_TEMP_KG_ATTR_02|R_TEMP_COMP_01|R_TEMP_ATTR_01,R_TEMP_KG_ATTR_01,ATTRIBUTE,True,规则正确
B_边界复核集,边界集/鲁棒性分析,保留为边界挑战实例，单独报告,无重复,页面线索缺失,SENT-0183,AUTH-TAD-0156,听说，你们俩今天上学迟到了?,今天,今天,TEMPORAL_ADVERBIAL,页面线索缺失,完全一致,完全一致,完全一致,高等,国际中文教育中文水平等级标准·语法学习手册（高等）,83,,否,纳入477条一致评测集,保留但单独报告；可用于边界分析，不作为主结论唯一依据,正确,是时间状语,时间状语,权威语法学习手册,第2批,candidate_span,正确,是时间状语,时间状语,,正确,是时间状语,时间状语,,正确,是时间状语,时间状语,,听说你们俩今天上学迟到了,span:AUTH-TAD-0156,sentence:SENT-0183,6,8,located,BEFORE_PREDICATE|EVENT_TIME|TIME_NOUN,R_TEMP_ADV_01|R_TEMP_ADV_02|R_TEMP_KG_ADV_02,R_TEMP_ADV_01,TEMPORAL_ADVERBIAL,True,规则正确
C_暂不纳入主实验,错误分析/待复核,暂不进入主实验，等待出处或边界核验,同句多候选/重复句,来源字段完整但仍需正版逐页核验,SENT-0159,AUTH-TAD-0157,依照医院的规定，下午六点以后家属不能来看望病人。,六点,下午六点以后,OTHER,相对时间框架边界；候选片段与最终片段不一致；非目标时间表达；至少一名标注者修正片段,完全一致,完全一致,完全一致,中等,国际中文教育中文水平等级标准·语法学习手册（中等）,182,依照医生的要求，他每天按时吃药,否,纳入477条一致评测集,需老师/专家核验；核验前只作错误分析或边界案例,边界不完整,不是时间状语,提取错误：边界不完整,权威语法学习手册,第2批,majority_fixed_span,边界不完整,不是时间状语,提取错误：边界不完整,下午六点以后,边界不完整,不是时间状语,提取错误：边界不完整,下午六点以后,边界不完整,不是时间状语,提取错误：边界不完整,下午六点以后,依照医院的规定下午六点以后家属不能来看望病人,span:AUTH-TAD-0157,sentence:SENT-0159,10,12,located,BEFORE_PREDICATE|EVENT_TIME|NO_TEMPORAL_EXPRESSION|REVIEW_NON_TARGET_RISK|TIME_AFTER_BEFORE,R_TEMP_KG_OTHER_01|R_TEMP_ADV_05,R_TEMP_KG_OTHER_01,OTHER,True,规则正确
A_主评测候选,主实验/严格评测,保留为高一致主评测实例,无重复,来源字段完整但仍需正版逐页核验,SENT-0108,AUTH-TAD-0158,他每天出门散两次步，此外，就在家看书。,每天,每天,TEMPORAL_ADVERBIAL,,完全一致,完全一致,完全一致,中等,国际中文教育中文水平等级标准·语法学习手册（中等）,50,四级语法点 ◎典型例句和对话 我每天要上四个小时 我们要认真听讲， 我在北京,否,纳入477条一致评测集,可进入主评测集；仍需抽样核验出处,正确,是时间状语,时间状语,权威语法学习手册,第2批,candidate_span,正确,是时间状语,时间状语,,正确,是时间状语,时间状语,,正确,是时间状语,时间状语,,他每天出门散两次步此外就在家看书,span:AUTH-TAD-0158,sentence:SENT-0108,1,3,located,BEFORE_PREDICATE|EVENT_TIME|TIME_FREQUENCY,R_TEMP_ADV_04|R_TEMP_KG_ADV_01,R_TEMP_ADV_04,TEMPORAL_ADVERBIAL,True,规则正确
B_边界复核集,边界集/鲁棒性分析,保留为边界挑战实例，单独报告,无重复,来源字段完整但仍需正版逐页核验,SENT-0069,AUTH-TAD-0159,从销售量来看，这个公司已经成为国内最大的手机制造商。,已经,已经,TEMPORAL_ADVERBIAL,时间副词/体貌副词边界,完全一致,完全一致,完全一致,中等,国际中文教育中文水平等级标准·语法学习手册（中等）,202,从销售量来看，这个公司已经成为国内最大的手机制造商,否,纳入477条一致评测集,保留但单独报告；可用于边界分析，不作为主结论唯一依据,正确,是时间状语,时间状语,权威语法学习手册,第2批,candidate_span,正确,是时间状语,时间状语,,正确,是时间状语,时间状语,,正确,是时间状语,时间状语,,从销售量来看这个公司已经成为国内最大的手机制造商,span:AUTH-TAD-0159,sentence:SENT-0069,11,13,located,BEFORE_PREDICATE|EVENT_TIME|TIME_ADVERB|TIME_FREQUENCY,R_TEMP_ADV_04|R_TEMP_ADV_19|R_TEMP_KG_ADV_01|R_TEMP_ADV_08|R_TEMP_ADV_11,R_TEMP_ADV_04,TEMPORAL_ADVERBIAL,True,规则正确
B_边界复核集,边界集/鲁棒性分析,保留为边界挑战实例，单独报告,无重复,页面线索缺失,SENT-0450,AUTH-TAD-0160,这是我们对于明年工作的计划和安排，请多提意见。,明年,明年,TEMPORAL_ADVERBIAL,页面线索缺失；时量补语/持续时间边界；介词于/事件时间边界；三人标注不完全一致,完全一致,多数一致,多数一致,中等,国际中文教育中文水平等级标准·语法学习手册（中等）,40,,否,纳入477条一致评测集,保留但单独报告；可用于边界分析，不作为主结论唯一依据,正确,是时间状语,时间状语,权威语法学习手册,第2批,candidate_span,正确,不是时间状语,时间定语,,正确,是时间状语,时间状语,,正确,是时间状语,时间状语,,这是我们对于明年工作的计划和安排请多提意见,span:AUTH-TAD-0160,sentence:SENT-0450,6,8,located,ATTR_NOMINAL_DIRECT|NOMINAL_HEAD|TIME_NOUN,R_TEMP_KG_ATTR_02|R_TEMP_ATTR_03|R_TEMP_KG_ADV_02,R_TEMP_KG_ATTR_02,ATTRIBUTE,False,规则误判
C_暂不纳入主实验,待复核,暂不进入主实验，优先复核标签,无重复,来源字段完整但仍需正版逐页核验,SENT-0180,AUTH-TAD-0161,同学们上课的时候不要左瞧右看，注意力要集中。,同学们上课的时候,同学们上课的时候,TEMPORAL_ADVERBIAL,原表已建议复核/剔除；相对时间框架边界；三人标注不完全一致；至少一名标注者修正片段,平票,多数一致,平票,中等,国际中文教育中文水平等级标准·语法学习手册（中等）,321,同学们上课的时候不要左瞧右看，注意力要集中,是,复核/剔除候选,需老师/专家核验；核验前只作错误分析或边界案例,正确,不是时间状语,时间状语,权威语法学习手册,第2批,candidate_span,正确,是时间状语,时间状语,,边界不完整,不是时间状语,提取错误：边界不完整,上课的时候,边界过长,不是时间状语,提取错误：边界过长,上课的时候,同学们上课的时候不要左瞧右看注意力要集中,span:AUTH-TAD-0161,sentence:SENT-0180,0,8,located,BEFORE_PREDICATE|EVENT_TIME|SENTENCE_INITIAL|TIME_NOUN,R_TEMP_ADV_01|R_TEMP_ADV_02|R_TEMP_KG_ADV_02,R_TEMP_ADV_01,TEMPORAL_ADVERBIAL,True,规则正确
B_边界复核集,边界集/鲁棒性分析,保留为边界挑战实例，单独报告,无重复,来源字段完整但仍需正版逐页核验,SENT-0045,AUTH-TAD-0162,今天心情很好，走在路上，我不由得哼起了歌。,今天,今天,TEMPORAL_ADVERBIAL,三人标注不完全一致,完全一致,多数一致,多数一致,高等,国际中文教育中文水平等级标准·语法学习手册（高等）,38,儿子：奶奶怎么哭了? 妈妈：刚才奶奶翻出了一堆旧照片，看着照片，不由,否,纳入477条一致评测集,保留但单独报告；可用于边界分析，不作为主结论唯一依据,正确,是时间状语,时间状语,权威语法学习手册,第2批,candidate_span,正确,不是时间状语,时间定语,,正确,是时间状语,时间状语,,正确,是时间状语,时间状语,,今天心情很好走在路上我不由得哼起了歌,span:AUTH-TAD-0162,sentence:SENT-0045,0,2,located,BEFORE_PREDICATE|EVENT_TIME|SENTENCE_INITIAL|STATIVE_PREDICATE|TIME_NOUN,R_TEMP_SUBJ_02|R_TEMP_ADV_01|R_TEMP_ADV_02|R_TEMP_KG_ADV_02,R_TEMP_SUBJ_02,SUBJECT,False,规则误判
B_边界复核集,边界集/鲁棒性分析,保留为边界挑战实例，单独报告,无重复,来源字段完整但仍需正版逐页核验,SENT-0165,AUTH-TAD-0163,凡以前做错的题，你们全要认真复习。,以前,以前,TEMPORAL_ADVERBIAL,相对时间框架边界；三人标注不完全一致,完全一致,多数一致,完全一致,高等,国际中文教育中文水平等级标准·语法学习手册（高等）,22,凡以前做错的题，你们全要认真复习,否,纳入477条一致评测集,保留但单独报告；可用于边界分析，不作为主结论唯一依据,正确,是时间状语,时间状语,权威语法学习手册,第2批,candidate_span,正确,是时间状语,时间状语,,正确,是时间状语,时间状语,,正确,不是时间状语,时间状语,,凡以前做错的题你们全要认真复习,span:AUTH-TAD-0163,sentence:SENT-0165,1,3,located,AFTER_VERB|NO_TEMPORAL_EXPRESSION|POSTPOSED_TEMPORAL_MARKER|TIME_AFTER_BEFORE,R_TEMP_COMP_09|R_TEMP_COMP_08,R_TEMP_COMP_09,COMPLEMENT,False,规则误判
B_边界复核集,边界集/鲁棒性分析,保留为边界挑战实例，单独报告,无重复,来源字段完整但仍需正版逐页核验,SENT-0091,AUTH-TAD-0164,他已经知道自己错了。,已经,已经,TEMPORAL_ADVERBIAL,时间副词/体貌副词边界,完全一致,完全一致,完全一致,初等,国际中文教育中文水平等级标准·语法学习手册（初等）,152,级语法点 例句 校长已经下班了,否,纳入477条一致评测集,保留但单独报告；可用于边界分析，不作为主结论唯一依据,正确,是时间状语,时间状语,权威语法学习手册,第2批,candidate_span,正确,是时间状语,时间状语,,正确,是时间状语,时间状语,,正确,是时间状语,时间状语,,他已经知道自己错了,span:AUTH-TAD-0164,sentence:SENT-0091,1,3,located,BEFORE_PREDICATE|EVENT_TIME|TIME_ADVERB|TIME_FREQUENCY,R_TEMP_ADV_04|R_TEMP_ADV_19|R_TEMP_KG_ADV_01|R_TEMP_ADV_08|R_TEMP_ADV_11,R_TEMP_ADV_04,TEMPORAL_ADVERBIAL,True,规则正确
B_边界复核集,边界集/鲁棒性分析,保留为边界挑战实例，单独报告,无重复,页面线索缺失,SENT-0055,AUTH-TAD-0165,今天的气温有十五六度。,今天,今天,ATTRIBUTE,页面线索缺失；可能为时间定语,完全一致,完全一致,完全一致,初等,国际中文教育中文水平等级标准·语法学习手册（初等）,386,,否,纳入477条一致评测集,保留但单独报告；可用于边界分析，不作为主结论唯一依据,正确,不是时间状语,时间定语,权威语法学习手册,第2批,candidate_span,正确,不是时间状语,时间定语,,正确,不是时间状语,时间定语,,正确,不是时间状语,时间定语,,今天的气温有十五六度,span:AUTH-TAD-0165,sentence:SENT-0055,0,2,located,ATTR_DE_DIRECT|ATTR_NOMINAL_DIRECT|DE_PARTICLE|NOMINAL_HEAD|SENTENCE_INITIAL|TIME_NOUN,R_TEMP_KG_ATTR_01|R_TEMP_KG_ATTR_02|R_TEMP_ATTR_01|R_TEMP_ATTR_03|R_TEMP_KG_ADV_02,R_TEMP_KG_ATTR_01,ATTRIBUTE,True,规则正确
C_暂不纳入主实验,待复核,暂不进入主实验，优先复核标签,无重复,来源字段完整但仍需正版逐页核验,SENT-0122,AUTH-TAD-0166,他起初没明白，后来才理解了游戏的规则。,后来,后来,TEMPORAL_ADVERBIAL,三人标注不完全一致；至少一名标注者修正片段,多数一致,完全一致,多数一致,高等,国际中文教育中文水平等级标准·语法学习手册（高等）,135,分句间是承接关系，前后分句说出两种情况，后一情况因时间推移或某种原 因而与前一情况相反,否,纳入477条一致评测集,需老师/专家核验；核验前只作错误分析或边界案例,正确,是时间状语,时间状语,权威语法学习手册,第2批,candidate_span,正确,是时间状语,时间状语,,正确,是时间状语,时间状语,,漏检：有目标时间状语,是时间状语,漏检,起初,他起初没明白后来才理解了游戏的规则,span:AUTH-TAD-0166,sentence:SENT-0122,7,9,located,BEFORE_PREDICATE|EVENT_TIME|TIME_ADVERB|TIME_AFTER_BEFORE|TIME_FREQUENCY|TIME_NOUN,R_TEMP_ADV_01|R_TEMP_ADV_02|R_TEMP_ADV_04|R_TEMP_ADV_19|R_TEMP_ADV_05,R_TEMP_ADV_01,TEMPORAL_ADVERBIAL,True,规则正确
A_主评测候选,主实验/严格评测,保留为高一致主评测实例,无重复,来源字段完整但仍需正版逐页核验,SENT-0217,AUTH-TAD-0167,她男朋友每天接送她上班，别提有多关心她了。,每天,每天,TEMPORAL_ADVERBIAL,,完全一致,完全一致,完全一致,高等,国际中文教育中文水平等级标准·语法学习手册（高等）,198,她男朋友每天接送她上班，别提有多关心她了,否,纳入477条一致评测集,可进入主评测集；仍需抽样核验出处,正确,是时间状语,时间状语,权威语法学习手册,第2批,candidate_span,正确,是时间状语,时间状语,,正确,是时间状语,时间状语,,正确,是时间状语,时间状语,,她男朋友每天接送她上班别提有多关心她了,span:AUTH-TAD-0167,sentence:SENT-0217,4,6,located,BEFORE_PREDICATE|EVENT_TIME|TIME_FREQUENCY,R_TEMP_ADV_04|R_TEMP_KG_ADV_01,R_TEMP_ADV_04,TEMPORAL_ADVERBIAL,True,规则正确
B_边界复核集,边界集/鲁棒性分析,保留为边界挑战实例，单独报告,无重复,来源字段完整但仍需正版逐页核验,SENT-0292,AUTH-TAD-0168,我学了两年中文。,两年,两年,COMPLEMENT,时量补语/持续时间边界,完全一致,完全一致,完全一致,初等,国际中文教育中文水平等级标准·语法学习手册（初等）,352,81数量补语4(动词+时量补语):表示动作持续的 时间 【三51】 ◎,否,纳入477条一致评测集,保留但单独报告；可用于边界分析，不作为主结论唯一依据,正确,不是时间状语,时长补语,权威语法学习手册,第2批,candidate_span,正确,不是时间状语,时长补语,,正确,不是时间状语,时长补语,,正确,不是时间状语,时长补语,,我学了两年中文,span:AUTH-TAD-0168,sentence:SENT-0292,3,5,located,AFTER_VERB|COMPLEMENT_DURATION_CONTEXT|DURATION_COMPLEMENT|TIME_DURATION,R_TEMP_KG_COMP_01|R_TEMP_COMP_01|R_TEMP_COMP_02|R_TEMP_COMP_07,R_TEMP_KG_COMP_01,COMPLEMENT,True,规则正确
A_主评测候选,主实验/严格评测,保留为高一致主评测实例,无重复,来源字段完整但仍需正版逐页核验,SENT-0033,AUTH-TAD-0169,今天人怎么这么多?,今天,今天,TEMPORAL_ADVERBIAL,,完全一致,完全一致,完全一致,初等,国际中文教育中文水平等级标准·语法学习手册（初等）,244,整个结构可以 作定语、谓语,否,纳入477条一致评测集,可进入主评测集；仍需抽样核验出处,正确,是时间状语,时间状语,权威语法学习手册,第2批,candidate_span,正确,是时间状语,时间状语,,正确,是时间状语,时间状语,,正确,是时间状语,时间状语,,今天人怎么这么多,span:AUTH-TAD-0169,sentence:SENT-0033,0,2,located,BEFORE_PREDICATE|EVENT_TIME|SENTENCE_INITIAL|TIME_NOUN,R_TEMP_ADV_01|R_TEMP_ADV_02|R_TEMP_KG_ADV_02,R_TEMP_ADV_01,TEMPORAL_ADVERBIAL,True,规则正确
B_边界复核集,边界集/鲁棒性分析,保留为边界挑战实例，单独报告,无重复,来源字段完整但仍需正版逐页核验,SENT-0104,AUTH-TAD-0170,他曾经学过游泳。,曾经,曾经,TEMPORAL_ADVERBIAL,时间副词/体貌副词边界,完全一致,完全一致,完全一致,初等,国际中文教育中文水平等级标准·语法学习手册（初等）,280,级语法点 20 时间副词(3):曾经 【三14】 ◎基本语义及用法 表示某种,否,纳入477条一致评测集,保留但单独报告；可用于边界分析，不作为主结论唯一依据,正确,是时间状语,时间状语,权威语法学习手册,第2批,candidate_span,正确,是时间状语,时间状语,,正确,是时间状语,时间状语,,正确,是时间状语,时间状语,,他曾经学过游泳,span:AUTH-TAD-0170,sentence:SENT-0104,1,3,located,BEFORE_PREDICATE|EVENT_TIME|TIME_ADVERB|TIME_FREQUENCY,R_TEMP_ADV_04|R_TEMP_ADV_19|R_TEMP_KG_ADV_01|R_TEMP_ADV_08|R_TEMP_ADV_11,R_TEMP_ADV_04,TEMPORAL_ADVERBIAL,True,规则正确
C_暂不纳入主实验,待复核,暂不进入主实验，优先复核标签,无重复,来源字段完整但仍需正版逐页核验,SENT-0319,AUTH-TAD-0171,所谓自私就是遇到事情的时候只想着自己。,自私就是遇到事情的时候,遇到事情的时候,OTHER,相对时间框架边界；候选片段与最终片段不一致；非目标时间表达；三人标注不完全一致；至少一名标注者修正片段,多数一致,完全一致,多数一致,高等,国际中文教育中文水平等级标准·语法学习手册（高等）,116,七一九级语法点 例句 交际实践 所谓没有时间，就 (在咖啡厅，聊时间) 是因为我们没,否,纳入477条一致评测集,需老师/专家核验；核验前只作错误分析或边界案例,边界过长,不是时间状语,提取错误：边界过长,权威语法学习手册,第2批,majority_fixed_span,边界过长,不是时间状语,提取错误：边界过长,遇到事情的时候,边界不完整,不是时间状语,提取错误：边界不完整,遇到事情的时候,边界过长,不是时间状语,提取错误：边界过长,遇到事情的时候,所谓自私就是遇到事情的时候只想着自己,span:AUTH-TAD-0171,sentence:SENT-0319,2,13,located,BEFORE_PREDICATE|EVENT_TIME|REVIEW_NON_TARGET_RISK|TEMPORAL_PREP|TIME_NOUN,R_TEMP_KG_OTHER_01|R_TEMP_ADV_01|R_TEMP_ADV_02|R_TEMP_ADV_07|R_TEMP_KG_ADV_02,R_TEMP_KG_OTHER_01,OTHER,True,规则正确
A_主评测候选,主实验/严格评测,保留为高一致主评测实例,无重复,来源字段完整但仍需正版逐页核验,SENT-0140,AUTH-TAD-0172,你怎么现在才来?,现在,现在,TEMPORAL_ADVERBIAL,,完全一致,完全一致,完全一致,中等,国际中文教育中文水平等级标准·语法学习手册（中等）,282,课本，刚才赶忙回宿 舍拿了一下儿,否,纳入477条一致评测集,可进入主评测集；仍需抽样核验出处,正确,是时间状语,时间状语,权威语法学习手册,第2批,candidate_span,正确,是时间状语,时间状语,,正确,是时间状语,时间状语,,正确,是时间状语,时间状语,,你怎么现在才来,span:AUTH-TAD-0172,sentence:SENT-0140,3,5,located,BEFORE_PREDICATE|EVENT_TIME|TIME_ADVERB|TIME_NOUN|TIME_POINT,R_TEMP_ADV_01|R_TEMP_ADV_02|R_TEMP_ADV_19|R_TEMP_ADV_08|R_TEMP_ADV_10,R_TEMP_ADV_01,TEMPORAL_ADVERBIAL,True,规则正确
B_边界复核集,边界集/鲁棒性分析,保留为边界挑战实例，单独报告,无重复,页面线索缺失,SENT-0049,AUTH-TAD-0173,今天来了七八十个观众。,今天,今天,TEMPORAL_ADVERBIAL,页面线索缺失,完全一致,完全一致,完全一致,初等,国际中文教育中文水平等级标准·语法学习手册（初等）,386,,否,纳入477条一致评测集,保留但单独报告；可用于边界分析，不作为主结论唯一依据,正确,是时间状语,时间状语,权威语法学习手册,第2批,candidate_span,正确,是时间状语,时间状语,,正确,是时间状语,时间状语,,正确,是时间状语,时间状语,,今天来了七八十个观众,span:AUTH-TAD-0173,sentence:SENT-0049,0,2,located,BEFORE_PREDICATE|EVENT_TIME|SENTENCE_INITIAL|TIME_NOUN,R_TEMP_ADV_01|R_TEMP_ADV_02|R_TEMP_KG_ADV_02,R_TEMP_ADV_01,TEMPORAL_ADVERBIAL,True,规则正确
B_边界复核集,边界集/鲁棒性分析,保留为边界挑战实例，单独报告,无重复,页面线索缺失,SENT-0088,AUTH-TAD-0174,他工作了七八天了，该休息了。,七八天,七八天,COMPLEMENT,页面线索缺失；时量补语/持续时间边界,完全一致,完全一致,完全一致,初等,国际中文教育中文水平等级标准·语法学习手册（初等）,386,,否,纳入477条一致评测集,保留但单独报告；可用于边界分析，不作为主结论唯一依据,正确,不是时间状语,时长补语,权威语法学习手册,第2批,candidate_span,正确,不是时间状语,时长补语,,正确,不是时间状语,时长补语,,正确,不是时间状语,时长补语,,他工作了七八天了该休息了,span:AUTH-TAD-0174,sentence:SENT-0088,4,7,located,AFTER_VERB|COMPLEMENT_DURATION_CONTEXT|DURATION_COMPLEMENT|TIME_DURATION,R_TEMP_KG_COMP_01|R_TEMP_COMP_01|R_TEMP_COMP_02|R_TEMP_COMP_07,R_TEMP_KG_COMP_01,COMPLEMENT,True,规则正确
B_边界复核集,边界集/鲁棒性分析,保留为边界挑战实例，单独报告,无重复,来源字段完整但仍需正版逐页核验,SENT-0130,AUTH-TAD-0175,你先坐会儿，我马上回来。,马上,马上,TEMPORAL_ADVERBIAL,时间副词/体貌副词边界,完全一致,完全一致,完全一致,初等,国际中文教育中文水平等级标准·语法学习手册（初等）,55,级语法点 小提示 “马上”可以用于表达未发生的动作，也可以用于说,否,纳入477条一致评测集,保留但单独报告；可用于边界分析，不作为主结论唯一依据,正确,是时间状语,时间状语,权威语法学习手册,第2批,candidate_span,正确,是时间状语,时间状语,,正确,是时间状语,时间状语,,正确,是时间状语,时间状语,,你先坐会儿我马上回来,span:AUTH-TAD-0175,sentence:SENT-0130,7,9,located,BEFORE_PREDICATE|EVENT_TIME|LOCATION_EXPRESSION|NO_TEMPORAL_EXPRESSION|TIME_ADVERB,R_TEMP_OTHER_01|R_TEMP_ADV_19|R_TEMP_ADV_08,R_TEMP_OTHER_01,OTHER,False,规则误判
B_边界复核集,边界集/鲁棒性分析,保留为边界挑战实例，单独报告,无重复,页面线索缺失,SENT-0083,AUTH-TAD-0176,他去年来到中国，并考上了北京语言大学。,去年,去年,TEMPORAL_ADVERBIAL,页面线索缺失；时量补语/持续时间边界,完全一致,完全一致,完全一致,中等,国际中文教育中文水平等级标准·语法学习手册（中等）,47,,否,纳入477条一致评测集,保留但单独报告；可用于边界分析，不作为主结论唯一依据,正确,是时间状语,时间状语,权威语法学习手册,第2批,candidate_span,正确,是时间状语,时间状语,,正确,是时间状语,时间状语,,正确,是时间状语,时间状语,,他去年来到中国并考上了北京语言大学,span:AUTH-TAD-0176,sentence:SENT-0083,1,3,located,BEFORE_PREDICATE|EVENT_TIME|TIME_NOUN,R_TEMP_ADV_01|R_TEMP_ADV_02|R_TEMP_KG_ADV_02,R_TEMP_ADV_01,TEMPORAL_ADVERBIAL,True,规则正确
A_主评测候选,主实验/严格评测,保留为高一致主评测实例,无重复,来源字段完整但仍需正版逐页核验,SENT-0185,AUTH-TAD-0177,周末我一连写了三篇作文。,周末,周末,TEMPORAL_ADVERBIAL,,完全一致,完全一致,完全一致,高等,国际中文教育中文水平等级标准·语法学习手册（高等）,41,B:别提了，上课的时候，老师一连问了好几个问题， 我都不知道怎,否,纳入477条一致评测集,可进入主评测集；仍需抽样核验出处,正确,是时间状语,时间状语,权威语法学习手册,第2批,candidate_span,正确,是时间状语,时间状语,,正确,是时间状语,时间状语,,正确,是时间状语,时间状语,,周末我一连写了三篇作文,span:AUTH-TAD-0177,sentence:SENT-0185,0,2,located,BEFORE_PREDICATE|EVENT_TIME|SENTENCE_INITIAL|TIME_NOUN,R_TEMP_ADV_01|R_TEMP_ADV_02|R_TEMP_KG_ADV_02,R_TEMP_ADV_01,TEMPORAL_ADVERBIAL,True,规则正确
B_边界复核集,边界集/鲁棒性分析,保留为边界挑战实例，单独报告,无重复,来源字段完整但仍需正版逐页核验,SENT-0461,AUTH-TAD-0178,钱没挣着，去年却把老公跑了。,去年,去年,TEMPORAL_ADVERBIAL,时量补语/持续时间边界；三人标注不完全一致,完全一致,多数一致,多数一致,高等,国际中文教育中文水平等级标准·语法学习手册（高等）,125,小提示 时间副词放在“把”字前面，不能放在谓语动词前,否,纳入477条一致评测集,保留但单独报告；可用于边界分析，不作为主结论唯一依据,正确,是时间状语,时间状语,权威语法学习手册,第2批,candidate_span,正确,是时间状语,时间状语,,正确,是时间状语,时间状语,,正确,不是时间状语,普通时间名词/词语引用,,钱没挣着去年却把老公跑了,span:AUTH-TAD-0178,sentence:SENT-0461,5,7,located,BEFORE_PREDICATE|EVENT_TIME|TIME_NOUN,R_TEMP_ADV_01|R_TEMP_ADV_02|R_TEMP_KG_ADV_02,R_TEMP_ADV_01,TEMPORAL_ADVERBIAL,True,规则正确
B_边界复核集,边界集/鲁棒性分析,保留为边界挑战实例，单独报告,无重复,页面线索缺失,SENT-0306,AUTH-TAD-0179,我现在忙得连吃饭的空儿都没有，别说去运动了。,现在,现在,TEMPORAL_ADVERBIAL,页面线索缺失,完全一致,完全一致,完全一致,高等,国际中文教育中文水平等级标准·语法学习手册（高等）,137,,否,纳入477条一致评测集,保留但单独报告；可用于边界分析，不作为主结论唯一依据,正确,是时间状语,时间状语,权威语法学习手册,第2批,candidate_span,正确,是时间状语,时间状语,,正确,是时间状语,时间状语,,正确,是时间状语,时间状语,,我现在忙得连吃饭的空儿都没有别说去运动了,span:AUTH-TAD-0179,sentence:SENT-0306,1,3,located,BEFORE_PREDICATE|EVENT_TIME|STATIVE_PREDICATE|TIME_ADVERB|TIME_NOUN|TIME_POINT,R_TEMP_ADV_01|R_TEMP_ADV_02|R_TEMP_ADV_19|R_TEMP_ADV_08|R_TEMP_ADV_10,R_TEMP_ADV_01,TEMPORAL_ADVERBIAL,True,规则正确
A_主评测候选,主实验/严格评测,保留为高一致主评测实例,无重复,来源字段完整但仍需正版逐页核验,SENT-0462,AUTH-TAD-0180,银行这么多人，我们明天再来吧。,明天,明天,TEMPORAL_ADVERBIAL,,完全一致,完全一致,完全一致,初等,国际中文教育中文水平等级标准·语法学习手册（初等）,131,点 (1)“那么、这么”一般放在动词、形容词前，作状语,否,纳入477条一致评测集,可进入主评测集；仍需抽样核验出处,正确,是时间状语,时间状语,权威语法学习手册,第2批,candidate_span,正确,是时间状语,时间状语,,正确,是时间状语,时间状语,,正确,是时间状语,时间状语,,银行这么多人我们明天再来吧,span:AUTH-TAD-0180,sentence:SENT-0462,9,11,located,TIME_NOUN,R_TEMP_KG_ADV_02,R_TEMP_KG_ADV_02,TEMPORAL_ADVERBIAL,True,规则正确
C_暂不纳入主实验,待复核,暂不进入主实验，优先复核标签,无重复,页面线索缺失,SENT-0233,AUTH-TAD-0181,学校到底哪一天放假?,一天,一天,OTHER,页面线索缺失；时量补语/持续时间边界；非目标时间表达；三人标注不完全一致；至少一名标注者修正片段,多数一致,完全一致,多数一致,初等,国际中文教育中文水平等级标准·语法学习手册（初等）,306,,否,纳入477条一致评测集,需老师/专家核验；核验前只作错误分析或边界案例,不是时间表达,不是时间状语,提取错误：不是时间表达,权威语法学习手册,第2批,candidate_span,不是时间表达,不是时间状语,提取错误：不是时间表达,,正确,不是时间状语,时长补语,,不是时间表达,不是时间状语,提取错误：不是时间表达,无,学校到底哪一天放假,span:AUTH-TAD-0181,sentence:SENT-0233,5,7,located,AFTER_VERB|COMPLEMENT_DURATION_CONTEXT|DURATION_COMPLEMENT|INDEFINITE_TIME|REVIEW_NON_TARGET_RISK|TIME_DURATION|TIME_POINT,R_TEMP_KG_OTHER_01|R_TEMP_KG_COMP_01|R_TEMP_COMP_01|R_TEMP_COMP_02|R_TEMP_COMP_07,R_TEMP_KG_OTHER_01,OTHER,True,规则正确
A_主评测候选,主实验/严格评测,保留为高一致主评测实例,无重复,来源字段完整但仍需正版逐页核验,SENT-0425,AUTH-TAD-0182,认真的学生每天都写作业。,每天,每天,TEMPORAL_ADVERBIAL,,完全一致,完全一致,完全一致,初等,国际中文教育中文水平等级标准·语法学习手册（初等）,73,这是你的衣服吗? 认真的学生每天都写作业,否,纳入477条一致评测集,可进入主评测集；仍需抽样核验出处,正确,是时间状语,时间状语,权威语法学习手册,第2批,candidate_span,正确,是时间状语,时间状语,,正确,是时间状语,时间状语,,正确,是时间状语,时间状语,,认真的学生每天都写作业,span:AUTH-TAD-0182,sentence:SENT-0425,5,7,located,BEFORE_PREDICATE|EVENT_TIME|TIME_FREQUENCY,R_TEMP_ADV_04|R_TEMP_KG_ADV_01,R_TEMP_ADV_04,TEMPORAL_ADVERBIAL,True,规则正确
B_边界复核集,边界集/鲁棒性分析,保留为边界挑战实例，单独报告,无重复,页面线索缺失,SENT-0405,AUTH-TAD-0183,目前资金尚缺五十万。,目前,目前,TEMPORAL_ADVERBIAL,页面线索缺失,完全一致,完全一致,完全一致,高等,国际中文教育中文水平等级标准·语法学习手册（高等）,29,,否,纳入477条一致评测集,保留但单独报告；可用于边界分析，不作为主结论唯一依据,正确,是时间状语,时间状语,权威语法学习手册,第2批,candidate_span,正确,是时间状语,时间状语,,正确,是时间状语,时间状语,,正确,是时间状语,时间状语,,目前资金尚缺五十万,span:AUTH-TAD-0183,sentence:SENT-0405,0,2,located,BEFORE_PREDICATE|EVENT_TIME|SENTENCE_INITIAL|TIME_ADVERB|TIME_AFTER_BEFORE|TIME_FREQUENCY|TIME_NOUN|TIME_POINT,R_TEMP_ADV_01|R_TEMP_ADV_02|R_TEMP_ADV_04|R_TEMP_ADV_19|R_TEMP_ADV_05,R_TEMP_ADV_01,TEMPORAL_ADVERBIAL,True,规则正确
B_边界复核集,边界集/鲁棒性分析,保留为边界挑战实例，单独报告,无重复,页面线索缺失,SENT-0449,AUTH-TAD-0184,这家银行周末不开门，也就是说我们白来了。,周末,周末,TEMPORAL_ADVERBIAL,页面线索缺失,完全一致,完全一致,完全一致,高等,国际中文教育中文水平等级标准·语法学习手册（高等）,186,,否,纳入477条一致评测集,保留但单独报告；可用于边界分析，不作为主结论唯一依据,正确,是时间状语,时间状语,权威语法学习手册,第2批,candidate_span,正确,是时间状语,时间状语,,正确,是时间状语,时间状语,,正确,是时间状语,时间状语,,这家银行周末不开门也就是说我们白来了,span:AUTH-TAD-0184,sentence:SENT-0449,4,6,located,BEFORE_PREDICATE|EVENT_TIME|TIME_NOUN,R_TEMP_ADV_01|R_TEMP_ADV_02|R_TEMP_KG_ADV_02,R_TEMP_ADV_01,TEMPORAL_ADVERBIAL,True,规则正确
C_暂不纳入主实验,错误分析/待复核,暂不进入主实验，等待出处或边界核验,无重复,来源字段完整但仍需正版逐页核验,SENT-0268,AUTH-TAD-0185,我们三年前见过一面，此后再也没有见过。,三年,三年前,OTHER,时量补语/持续时间边界；候选片段与最终片段不一致；非目标时间表达；至少一名标注者修正片段,完全一致,完全一致,完全一致,高等,国际中文教育中文水平等级标准·语法学习手册（高等）,134,】( ◎ 基本语义及用法 “此后”表示在某时或某事以后，用在两个分句间表示承接关系，前后分句表,否,纳入477条一致评测集,需老师/专家核验；核验前只作错误分析或边界案例,边界不完整,不是时间状语,提取错误：边界不完整,权威语法学习手册,第2批,majority_fixed_span,边界不完整,不是时间状语,提取错误：边界不完整,三年前,边界不完整,不是时间状语,提取错误：边界不完整,三年前,边界不完整,不是时间状语,提取错误：边界不完整,三年前,我们三年前见过一面此后再也没有见过,span:AUTH-TAD-0185,sentence:SENT-0268,2,4,located,BEFORE_PREDICATE|EVENT_TIME|REVIEW_NON_TARGET_RISK|TIME_AFTER_BEFORE|TIME_DURATION,R_TEMP_KG_OTHER_01|R_TEMP_ADV_17|R_TEMP_ADV_05,R_TEMP_KG_OTHER_01,OTHER,True,规则正确
C_暂不纳入主实验,待复核,暂不进入主实验，优先复核标签,无重复,页面线索缺失,SENT-0020,AUTH-TAD-0186,与其在这里洗半天的衣服，我宁可去买新的。,半天,半天,COMPLEMENT,页面线索缺失；可能为时间定语；时量补语/持续时间边界；三人标注不完全一致；至少一名标注者修正片段,多数一致,完全一致,多数一致,高等,国际中文教育中文水平等级标准·语法学习手册（高等）,155,,否,纳入477条一致评测集,需老师/专家核验；核验前只作错误分析或边界案例,正确,不是时间状语,时长补语,权威语法学习手册,第2批,candidate_span,正确,不是时间状语,时长补语,,正确,不是时间状语,时长补语,,不是时间表达,不是时间状语,提取错误：不是时间表达,无,与其在这里洗半天的衣服我宁可去买新的,span:AUTH-TAD-0186,sentence:SENT-0020,6,8,located,AFTER_VERB|ATTR_DE_DIRECT|BEFORE_PREDICATE|COMPLEMENT_DURATION_CONTEXT|DE_PARTICLE|DURATION_COMPLEMENT|EVENT_TIME|NO_TEMPORAL_EXPRESSION|REVIEW_NON_TARGET_RISK,R_TEMP_KG_OTHER_01|R_TEMP_KG_ATTR_01|R_TEMP_KG_COMP_01,R_TEMP_KG_OTHER_01,OTHER,False,规则误判
A_主评测候选,主实验/严格评测,保留为高一致主评测实例,无重复,来源字段完整但仍需正版逐页核验,SENT-0061,AUTH-TAD-0187,今天真是太冷了，幸好我穿了羽绒服。,今天,今天,TEMPORAL_ADVERBIAL,,完全一致,完全一致,完全一致,高等,国际中文教育中文水平等级标准·语法学习手册（高等）,67,小提示 “幸好”在承接上文后，如果语义已经很明确时，后面的分句可以不出现,否,纳入477条一致评测集,可进入主评测集；仍需抽样核验出处,正确,是时间状语,时间状语,权威语法学习手册,第2批,candidate_span,正确,是时间状语,时间状语,,正确,是时间状语,时间状语,,正确,是时间状语,时间状语,,今天真是太冷了幸好我穿了羽绒服,span:AUTH-TAD-0187,sentence:SENT-0061,0,2,located,BEFORE_PREDICATE|EVENT_TIME|SENTENCE_INITIAL|STATIVE_PREDICATE|TIME_NOUN,R_TEMP_SUBJ_02|R_TEMP_ADV_01|R_TEMP_ADV_02|R_TEMP_KG_ADV_02,R_TEMP_SUBJ_02,SUBJECT,False,规则误判
C_暂不纳入主实验,待复核,暂不进入主实验，优先复核标签,无重复,来源字段完整但仍需正版逐页核验,SENT-0403,AUTH-TAD-0188,“的”一般出现在句尾，也可以出现在动词和宾语的中间。,现在,现在,OTHER,非目标时间表达；三人标注不完全一致；出现不确定标注；至少一名标注者修正片段,多数一致,多数一致,多数一致,初等,国际中文教育中文水平等级标准·语法学习手册（初等）,215,·语法学习手册(初等) 90“是……的”句1:强调时间、地点、方式、动作 者等 【二60】 ◎,否,纳入477条一致评测集,需老师/专家核验；核验前只作错误分析或边界案例,不是时间表达,不是时间状语,提取错误：不是时间表达,权威语法学习手册,第2批,candidate_span,不是时间表达,不是时间状语,提取错误：不是时间表达,,不确定,不确定,其他/不确定,,不是时间表达,不是时间状语,提取错误：不是时间表达,一般,的一般出现在句尾也可以出现在动词和宾语的中间,span:AUTH-TAD-0188,sentence:SENT-0403,6,8,located,BEFORE_PREDICATE|EVENT_TIME|REVIEW_NON_TARGET_RISK|TIME_ADVERB|TIME_NOUN|TIME_POINT,R_TEMP_KG_OTHER_01|R_TEMP_ADV_01|R_TEMP_ADV_02|R_TEMP_ADV_19|R_TEMP_ADV_08,R_TEMP_KG_OTHER_01,OTHER,True,规则正确
A_主评测候选,主实验/严格评测,保留为高一致主评测实例,同句多候选/重复句,来源字段完整但仍需正版逐页核验,SENT-0349,AUTH-TAD-0189,昨天写了一晚上作文，今天头疼得厉害。,昨天,昨天,TEMPORAL_ADVERBIAL,,完全一致,完全一致,完全一致,高等,国际中文教育中文水平等级标准·语法学习手册（高等）,104,◎ 典型例句和对话 例句 交际实践 可不是，警察都已经 (在小区门口，询问出了什么事) 来了,否,纳入477条一致评测集,可进入主评测集；仍需抽样核验出处,正确,是时间状语,时间状语,权威语法学习手册,第2批,candidate_span,正确,是时间状语,时间状语,,正确,是时间状语,时间状语,,正确,是时间状语,时间状语,,昨天写了一晚上作文今天头疼得厉害,span:AUTH-TAD-0189,sentence:SENT-0349,0,2,located,BEFORE_PREDICATE|EVENT_TIME|SENTENCE_INITIAL|TIME_NOUN,R_TEMP_ADV_01|R_TEMP_ADV_02|R_TEMP_KG_ADV_02,R_TEMP_ADV_01,TEMPORAL_ADVERBIAL,True,规则正确
B_边界复核集,边界集/鲁棒性分析,保留为边界挑战实例，单独报告,无重复,页面线索缺失,SENT-0224,AUTH-TAD-0190,好的，我明天再去吧。,明天,明天,TEMPORAL_ADVERBIAL,页面线索缺失,完全一致,完全一致,完全一致,初等,国际中文教育中文水平等级标准·语法学习手册（初等）,240,,否,纳入477条一致评测集,保留但单独报告；可用于边界分析，不作为主结论唯一依据,正确,是时间状语,时间状语,权威语法学习手册,第2批,candidate_span,正确,是时间状语,时间状语,,正确,是时间状语,时间状语,,正确,是时间状语,时间状语,,好的我明天再去吧,span:AUTH-TAD-0190,sentence:SENT-0224,4,6,located,BEFORE_PREDICATE|EVENT_TIME|TIME_NOUN,R_TEMP_ADV_01|R_TEMP_ADV_02|R_TEMP_KG_ADV_02,R_TEMP_ADV_01,TEMPORAL_ADVERBIAL,True,规则正确
C_暂不纳入主实验,待复核,暂不进入主实验，优先复核标签,无重复,来源字段完整但仍需正版逐页核验,SENT-0436,AUTH-TAD-0191,这个周末我或者在家学习，或者和朋友去看电影。,周末,周末,TEMPORAL_ADVERBIAL,三人标注不完全一致；至少一名标注者修正片段,多数一致,多数一致,多数一致,中等,国际中文教育中文水平等级标准·语法学习手册（中等）,99,会议谁去 停止，或者重新 假? 参加? 开始，必须马上 B:暑假或者去上 B:咱们三个人，或者,否,纳入477条一致评测集,需老师/专家核验；核验前只作错误分析或边界案例,正确,是时间状语,时间状语,权威语法学习手册,第2批,candidate_span,正确,是时间状语,时间状语,,正确,是时间状语,时间状语,,边界不完整,不是时间状语,提取错误：边界不完整,这个周末,这个周末我或者在家学习或者和朋友去看电影,span:AUTH-TAD-0191,sentence:SENT-0436,2,4,located,BEFORE_PREDICATE|EVENT_TIME|TIME_NOUN,R_TEMP_ADV_01|R_TEMP_ADV_02|R_TEMP_KG_ADV_02,R_TEMP_ADV_01,TEMPORAL_ADVERBIAL,True,规则正确
A_主评测候选,主实验/严格评测,保留为高一致主评测实例,无重复,来源字段完整但仍需正版逐页核验,SENT-0085,AUTH-TAD-0192,他听了医生的话，每天都去外面散步，这样一来，他的身体越来越好了。,每天,每天,TEMPORAL_ADVERBIAL,,完全一致,完全一致,完全一致,高等,国际中文教育中文水平等级标准·语法学习手册（高等）,110,他听了医生的话，每天都去外面散步，这样一来，他的身体越来越好,否,纳入477条一致评测集,可进入主评测集；仍需抽样核验出处,正确,是时间状语,时间状语,权威语法学习手册,第2批,candidate_span,正确,是时间状语,时间状语,,正确,是时间状语,时间状语,,正确,是时间状语,时间状语,,他听了医生的话每天都去外面散步这样一来他的身体越来越好了,span:AUTH-TAD-0192,sentence:SENT-0085,8,10,located,BEFORE_PREDICATE|EVENT_TIME|TIME_FREQUENCY,R_TEMP_ADV_04|R_TEMP_KG_ADV_01,R_TEMP_ADV_04,TEMPORAL_ADVERBIAL,True,规则正确
A_主评测候选,主实验/严格评测,保留为高一致主评测实例,无重复,来源字段完整但仍需正版逐页核验,SENT-0184,AUTH-TAD-0193,周末你常去哪儿?,周末,周末,TEMPORAL_ADVERBIAL,,完全一致,完全一致,完全一致,初等,国际中文教育中文水平等级标准·语法学习手册（初等）,58,平等级标准·语法学习手册(初等) (2)“在、正、正在”不能和“了”连用,否,纳入477条一致评测集,可进入主评测集；仍需抽样核验出处,正确,是时间状语,时间状语,权威语法学习手册,第2批,candidate_span,正确,是时间状语,时间状语,,正确,是时间状语,时间状语,,正确,是时间状语,时间状语,,周末你常去哪儿,span:AUTH-TAD-0193,sentence:SENT-0184,0,2,located,BEFORE_PREDICATE|EVENT_TIME|SENTENCE_INITIAL|TIME_NOUN,R_TEMP_ADV_01|R_TEMP_ADV_02|R_TEMP_KG_ADV_02,R_TEMP_ADV_01,TEMPORAL_ADVERBIAL,True,规则正确
C_暂不纳入主实验,待复核,暂不进入主实验，优先复核标签,无重复,来源字段完整但仍需正版逐页核验,SENT-0458,AUTH-TAD-0194,都十二点了，你才起床。,十二点,十二点,OTHER,非目标时间表达；三人标注不完全一致；至少一名标注者修正片段,多数一致,完全一致,多数一致,初等,国际中文教育中文水平等级标准·语法学习手册（初等）,166,很多，带有惊讶或责怪的语气，如果说话 人主观上觉得时间早，就不能用“都2”,否,纳入477条一致评测集,需老师/专家核验；核验前只作错误分析或边界案例,正确,不是时间状语,普通时间名词/词语引用,权威语法学习手册,第2批,candidate_span,正确,不是时间状语,普通时间名词/词语引用,,边界不完整,不是时间状语,提取错误：边界不完整,都十二点了,正确,不是时间状语,普通时间名词/词语引用,,都十二点了你才起床,span:AUTH-TAD-0194,sentence:SENT-0458,1,4,located,ABSTRACT_OR_NON_TARGET_TIME|BEFORE_PREDICATE|EVENT_TIME|NO_TEMPORAL_EXPRESSION|REVIEW_NON_TARGET_RISK|TEMPORAL_COMPARISON_STATE,R_TEMP_KG_OTHER_01|R_TEMP_KG_OTHER_02|R_TEMP_KG_OTHER_03,R_TEMP_KG_OTHER_01,OTHER,True,规则正确
C_暂不纳入主实验,待复核,暂不进入主实验，优先复核标签,无重复,来源字段完整但仍需正版逐页核验,SENT-0067,AUTH-TAD-0195,从今天开始，我将不再担任公司经理的职务。,今天,今天,TEMPORAL_ADVERBIAL,三人标注不完全一致；至少一名标注者修正片段,多数一致,多数一致,多数一致,中等,国际中文教育中文水平等级标准·语法学习手册（中等）,150,考察，所以要讨论 妈妈：天气将晴转 B:我已经想好了，不 一下儿具体的细节,否,纳入477条一致评测集,需老师/专家核验；核验前只作错误分析或边界案例,正确,是时间状语,时间状语,权威语法学习手册,第2批,candidate_span,正确,是时间状语,时间状语,,正确,是时间状语,时间状语,,边界不完整,不是时间状语,提取错误：边界不完整,从今天开始,从今天开始我将不再担任公司经理的职务,span:AUTH-TAD-0195,sentence:SENT-0067,1,3,located,BEFORE_PREDICATE|EVENT_TIME|TIME_NOUN,R_TEMP_ADV_01|R_TEMP_ADV_02|R_TEMP_KG_ADV_02,R_TEMP_ADV_01,TEMPORAL_ADVERBIAL,True,规则正确
B_边界复核集,边界集/鲁棒性分析,保留为边界挑战实例，单独报告,无重复,来源字段完整但仍需正版逐页核验,SENT-0229,AUTH-TAD-0196,妈已经做好晚饭了。,已经,已经,TEMPORAL_ADVERBIAL,时间副词/体貌副词边界,完全一致,完全一致,完全一致,初等,国际中文教育中文水平等级标准·语法学习手册（初等）,169,平等级标准·语法学习手册(初等) 48 介词(引出时间):当 【二21】 ◎ 基本语义及用法,否,纳入477条一致评测集,保留但单独报告；可用于边界分析，不作为主结论唯一依据,正确,是时间状语,时间状语,权威语法学习手册,第2批,candidate_span,正确,是时间状语,时间状语,,正确,是时间状语,时间状语,,正确,是时间状语,时间状语,,妈已经做好晚饭了,span:AUTH-TAD-0196,sentence:SENT-0229,1,3,located,BEFORE_PREDICATE|EVENT_TIME|STATIVE_PREDICATE|TIME_ADVERB|TIME_FREQUENCY,R_TEMP_ADV_04|R_TEMP_ADV_19|R_TEMP_KG_ADV_01|R_TEMP_ADV_08|R_TEMP_ADV_11,R_TEMP_ADV_04,TEMPORAL_ADVERBIAL,True,规则正确
B_边界复核集,边界集/鲁棒性分析,保留为边界挑战实例，单独报告,无重复,来源字段完整但仍需正版逐页核验,SENT-0093,AUTH-TAD-0197,他常常很晚回家。,常常,常常,TEMPORAL_ADVERBIAL,时间副词/体貌副词边界,完全一致,完全一致,完全一致,初等,国际中文教育中文水平等级标准·语法学习手册（初等）,58,平等级标准·语法学习手册(初等) (2)“在、正、正在”不能和“了”连用,否,纳入477条一致评测集,保留但单独报告；可用于边界分析，不作为主结论唯一依据,正确,是时间状语,时间状语,权威语法学习手册,第2批,candidate_span,正确,是时间状语,时间状语,,正确,是时间状语,时间状语,,正确,是时间状语,时间状语,,他常常很晚回家,span:AUTH-TAD-0197,sentence:SENT-0093,1,3,located,BEFORE_PREDICATE|EVENT_TIME|TIME_FREQUENCY,R_TEMP_ADV_04|R_TEMP_KG_ADV_01,R_TEMP_ADV_04,TEMPORAL_ADVERBIAL,True,规则正确
A_主评测候选,主实验/严格评测,保留为高一致主评测实例,无重复,来源字段完整但仍需正版逐页核验,SENT-0280,AUTH-TAD-0198,我们现在前往参观的是非洲馆，该馆建立于2018年。,现在,现在,TEMPORAL_ADVERBIAL,,完全一致,完全一致,完全一致,高等,国际中文教育中文水平等级标准·语法学习手册（高等）,11,获奖证书已经扫描整理成一个文件，请你将该文件交给有关,否,纳入477条一致评测集,可进入主评测集；仍需抽样核验出处,正确,是时间状语,时间状语,权威语法学习手册,第2批,candidate_span,正确,是时间状语,时间状语,,正确,是时间状语,时间状语,,正确,是时间状语,时间状语,,我们现在前往参观的是非洲馆该馆建立于2018年,span:AUTH-TAD-0198,sentence:SENT-0280,2,4,located,BEFORE_PREDICATE|EVENT_TIME|TIME_ADVERB|TIME_AFTER_BEFORE|TIME_NOUN|TIME_POINT,R_TEMP_ADV_01|R_TEMP_ADV_02|R_TEMP_ADV_19|R_TEMP_ADV_05|R_TEMP_ADV_08,R_TEMP_ADV_01,TEMPORAL_ADVERBIAL,True,规则正确
C_暂不纳入主实验,错误分析/待复核,暂不进入主实验，等待出处或边界核验,无重复,来源字段完整但仍需正版逐页核验,SENT-0444,AUTH-TAD-0199,这些文件你一齐送过去。,过去,过去,OTHER,非目标时间表达；至少一名标注者修正片段,完全一致,完全一致,完全一致,中等,国际中文教育中文水平等级标准·语法学习手册（中等）,274,语法学习手册(中等) 小提示 (1)“一齐”表示在时间上同时发生的事情，“一起”表示在空间上合,否,纳入477条一致评测集,需老师/专家核验；核验前只作错误分析或边界案例,不是时间表达,不是时间状语,提取错误：不是时间表达,权威语法学习手册,第2批,candidate_span,不是时间表达,不是时间状语,提取错误：不是时间表达,,,,,,不是时间表达,不是时间状语,提取错误：不是时间表达,无,这些文件你一齐送过去,span:AUTH-TAD-0199,sentence:SENT-0444,8,10,located,BEFORE_PREDICATE|EVENT_TIME|NO_TEMPORAL_EXPRESSION|REVIEW_NON_TARGET_RISK,R_TEMP_KG_OTHER_01,R_TEMP_KG_OTHER_01,OTHER,True,规则正确
B_边界复核集,边界集/鲁棒性分析,保留为边界挑战实例，单独报告,无重复,来源字段完整但仍需正版逐页核验,SENT-0386,AUTH-TAD-0200,王强去年考入我校，该生遵守纪律，学习认真，尊敬师长，团结同学。,去年,去年,TEMPORAL_ADVERBIAL,时量补语/持续时间边界,完全一致,完全一致,完全一致,高等,国际中文教育中文水平等级标准·语法学习手册（高等）,11,获奖证书已经扫描整理成一个文件，请你将该文件交给有关,否,纳入477条一致评测集,保留但单独报告；可用于边界分析，不作为主结论唯一依据,正确,是时间状语,时间状语,权威语法学习手册,第2批,candidate_span,正确,是时间状语,时间状语,,正确,是时间状语,时间状语,,正确,是时间状语,时间状语,,王强去年考入我校该生遵守纪律学习认真尊敬师长团结同学,span:AUTH-TAD-0200,sentence:SENT-0386,2,4,located,BEFORE_PREDICATE|EVENT_TIME|TIME_NOUN,R_TEMP_ADV_01|R_TEMP_ADV_02|R_TEMP_KG_ADV_02,R_TEMP_ADV_01,TEMPORAL_ADVERBIAL,True,规则正确
B_边界复核集,边界集/鲁棒性分析,保留为边界挑战实例，单独报告,无重复,页面线索缺失,SENT-0338,AUTH-TAD-0201,明天我们上课吗?,明天,明天,TEMPORAL_ADVERBIAL,页面线索缺失,完全一致,完全一致,完全一致,初等,国际中文教育中文水平等级标准·语法学习手册（初等）,109,,否,纳入477条一致评测集,保留但单独报告；可用于边界分析，不作为主结论唯一依据,正确,是时间状语,时间状语,权威语法学习手册,第3批,candidate_span,正确,是时间状语,时间状语,,正确,是时间状语,时间状语,,正确,是时间状语,时间状语,,明天我们上课吗,span:AUTH-TAD-0201,sentence:SENT-0338,0,2,located,BEFORE_PREDICATE|EVENT_TIME|SENTENCE_INITIAL|TIME_NOUN,R_TEMP_ADV_01|R_TEMP_ADV_02|R_TEMP_KG_ADV_02,R_TEMP_ADV_01,TEMPORAL_ADVERBIAL,True,规则正确
B_边界复核集,边界集/鲁棒性分析,保留为边界挑战实例，单独报告,无重复,来源字段完整但仍需正版逐页核验,SENT-0451,AUTH-TAD-0202,这样的事情经常有。,经常,经常,TEMPORAL_ADVERBIAL,时间副词/体貌副词边界,完全一致,完全一致,完全一致,初等,国际中文教育中文水平等级标准·语法学习手册（初等）,133,这样的事情经常有,否,纳入477条一致评测集,保留但单独报告；可用于边界分析，不作为主结论唯一依据,正确,是时间状语,时间状语,权威语法学习手册,第3批,candidate_span,正确,是时间状语,时间状语,,正确,是时间状语,时间状语,,正确,是时间状语,时间状语,,这样的事情经常有,span:AUTH-TAD-0202,sentence:SENT-0451,5,7,located,BEFORE_PREDICATE|EVENT_TIME|TIME_FREQUENCY,R_TEMP_ADV_04|R_TEMP_KG_ADV_01,R_TEMP_ADV_04,TEMPORAL_ADVERBIAL,True,规则正确
B_边界复核集,边界集/鲁棒性分析,保留为边界挑战实例，单独报告,无重复,来源字段完整但仍需正版逐页核验,SENT-0318,AUTH-TAD-0203,或者他们知道这样的教训，并且已经领教过很多次了。,已经,已经,TEMPORAL_ADVERBIAL,时间副词/体貌副词边界,完全一致,完全一致,完全一致,高等,国际中文教育中文水平等级标准·语法学习手册（高等）,214,或者他们知道这样的教训，并且已经领教过很多次了,否,纳入477条一致评测集,保留但单独报告；可用于边界分析，不作为主结论唯一依据,正确,是时间状语,时间状语,权威语法学习手册,第3批,candidate_span,正确,是时间状语,时间状语,,正确,是时间状语,时间状语,,正确,是时间状语,时间状语,,或者他们知道这样的教训并且已经领教过很多次了,span:AUTH-TAD-0203,sentence:SENT-0318,14,16,located,TIME_ADVERB|TIME_FREQUENCY,R_TEMP_KG_ADV_01|R_TEMP_ADV_11,R_TEMP_KG_ADV_01,TEMPORAL_ADVERBIAL,True,规则正确
C_暂不纳入主实验,错误分析/待复核,暂不进入主实验，等待出处或边界核验,无重复,来源字段完整但仍需正版逐页核验,SENT-0456,AUTH-TAD-0204,道理归道理，实际归实际，有时候根本说不清。,有时,有时候,OTHER,候选片段与最终片段不一致；非目标时间表达；至少一名标注者修正片段,完全一致,完全一致,完全一致,中等,国际中文教育中文水平等级标准·语法学习手册（中等）,258,道理归道理，实际归实际，有时候根本说不清,否,纳入477条一致评测集,需老师/专家核验；核验前只作错误分析或边界案例,边界不完整,不是时间状语,提取错误：边界不完整,权威语法学习手册,第3批,majority_fixed_span,边界不完整,不是时间状语,提取错误：边界不完整,有时候,边界不完整,不是时间状语,提取错误：边界不完整,有时候,边界不完整,不是时间状语,提取错误：边界不完整,有时候,道理归道理实际归实际有时候根本说不清,span:AUTH-TAD-0204,sentence:SENT-0456,12,14,located,REVIEW_NON_TARGET_RISK|TIME_ADVERB|TIME_FREQUENCY|TIME_NOUN,R_TEMP_KG_OTHER_01|R_TEMP_KG_ADV_01|R_TEMP_ADV_11|R_TEMP_KG_ADV_02,R_TEMP_KG_OTHER_01,OTHER,True,规则正确
B_边界复核集,边界集/鲁棒性分析,保留为边界挑战实例，单独报告,无重复,来源字段完整但仍需正版逐页核验,SENT-0157,AUTH-TAD-0205,依照公司的规定，我们下周放假三天。,下周,下周,TEMPORAL_ADVERBIAL,三人标注不完全一致,完全一致,多数一致,多数一致,中等,国际中文教育中文水平等级标准·语法学习手册（中等）,182,依照医生的要求，他每天按时吃药,否,纳入477条一致评测集,保留但单独报告；可用于边界分析，不作为主结论唯一依据,正确,是时间状语,时间状语,权威语法学习手册,第3批,candidate_span,正确,是时间状语,时间状语,,正确,不是时间状语,时长补语,,正确,是时间状语,时间状语,,依照公司的规定我们下周放假三天,span:AUTH-TAD-0205,sentence:SENT-0157,10,12,located,TIME_NOUN,R_TEMP_KG_ADV_02,R_TEMP_KG_ADV_02,TEMPORAL_ADVERBIAL,True,规则正确
B_边界复核集,边界集/鲁棒性分析,保留为边界挑战实例，单独报告,无重复,来源字段完整但仍需正版逐页核验,SENT-0341,AUTH-TAD-0206,明天的比赛你参加得了吗?,明天,明天,ATTRIBUTE,可能为时间定语,完全一致,完全一致,完全一致,初等,国际中文教育中文水平等级标准·语法学习手册（初等）,348,◎ 结构特点 可能补语用于动词后,否,纳入477条一致评测集,保留但单独报告；可用于边界分析，不作为主结论唯一依据,正确,不是时间状语,时间定语,权威语法学习手册,第3批,candidate_span,正确,不是时间状语,时间定语,,正确,不是时间状语,时间定语,,正确,不是时间状语,时间定语,,明天的比赛你参加得了吗,span:AUTH-TAD-0206,sentence:SENT-0341,0,2,located,ATTR_DE_DIRECT|ATTR_NOMINAL_DIRECT|DE_PARTICLE|NOMINAL_HEAD|SENTENCE_INITIAL|TIME_NOUN,R_TEMP_KG_ATTR_01|R_TEMP_KG_ATTR_02|R_TEMP_ATTR_01|R_TEMP_ATTR_03|R_TEMP_KG_ADV_02,R_TEMP_KG_ATTR_01,ATTRIBUTE,True,规则正确
C_暂不纳入主实验,待复核,暂不进入主实验，优先复核标签,无重复,页面线索缺失,SENT-0377,AUTH-TAD-0207,比起昨天来，今天凉快多了。,昨天,昨天,OTHER,页面线索缺失；非目标时间表达；三人标注不完全一致；至少一名标注者修正片段,多数一致,完全一致,多数一致,高等,国际中文教育中文水平等级标准·语法学习手册（高等）,129,,否,纳入477条一致评测集,需老师/专家核验；核验前只作错误分析或边界案例,正确,不是时间状语,普通时间名词/词语引用,权威语法学习手册,第3批,candidate_span,正确,不是时间状语,普通时间名词/词语引用,,不是时间表达,不是时间状语,提取错误：不是时间表达,无,正确,不是时间状语,普通时间名词/词语引用,,比起昨天来今天凉快多了,span:AUTH-TAD-0207,sentence:SENT-0377,2,4,located,BEFORE_PREDICATE|EVENT_TIME|REVIEW_NON_TARGET_RISK|TIME_NOUN,R_TEMP_KG_OTHER_01|R_TEMP_ADV_01|R_TEMP_ADV_02|R_TEMP_KG_ADV_02,R_TEMP_KG_OTHER_01,OTHER,True,规则正确
A_主评测候选,主实验/严格评测,保留为高一致主评测实例,无重复,来源字段完整但仍需正版逐页核验,SENT-0124,AUTH-TAD-0208,你今天做什么了?,今天,今天,TEMPORAL_ADVERBIAL,,完全一致,完全一致,完全一致,初等,国际中文教育中文水平等级标准·语法学习手册（初等）,331,电话里已经告诉他了，另外， 我又写了一封信过去,否,纳入477条一致评测集,可进入主评测集；仍需抽样核验出处,正确,是时间状语,时间状语,权威语法学习手册,第3批,candidate_span,正确,是时间状语,时间状语,,正确,是时间状语,时间状语,,正确,是时间状语,时间状语,,你今天做什么了,span:AUTH-TAD-0208,sentence:SENT-0124,1,3,located,BEFORE_PREDICATE|EVENT_TIME|TIME_NOUN,R_TEMP_ADV_01|R_TEMP_ADV_02|R_TEMP_KG_ADV_02,R_TEMP_ADV_01,TEMPORAL_ADVERBIAL,True,规则正确
B_边界复核集,边界集/鲁棒性分析,保留为边界挑战实例，单独报告,无重复,来源字段完整但仍需正版逐页核验,SENT-0118,AUTH-TAD-0209,他经常不来学校。,经常,经常,TEMPORAL_ADVERBIAL,时间副词/体貌副词边界,完全一致,完全一致,完全一致,高等,国际中文教育中文水平等级标准·语法学习手册（高等）,32,他最近状态不好，工作的时候频频失误,否,纳入477条一致评测集,保留但单独报告；可用于边界分析，不作为主结论唯一依据,正确,是时间状语,时间状语,权威语法学习手册,第3批,candidate_span,正确,是时间状语,时间状语,,正确,是时间状语,时间状语,,正确,是时间状语,时间状语,,他经常不来学校,span:AUTH-TAD-0209,sentence:SENT-0118,1,3,located,BEFORE_PREDICATE|EVENT_TIME|TIME_FREQUENCY,R_TEMP_ADV_04|R_TEMP_KG_ADV_01,R_TEMP_ADV_04,TEMPORAL_ADVERBIAL,True,规则正确
B_边界复核集,边界集/鲁棒性分析,保留为边界挑战实例，单独报告,无重复,来源字段完整但仍需正版逐页核验,SENT-0297,AUTH-TAD-0210,我常常和他一起玩儿。,常常,常常,TEMPORAL_ADVERBIAL,时间副词/体貌副词边界,完全一致,完全一致,完全一致,初等,国际中文教育中文水平等级标准·语法学习手册（初等）,69,我常常和他一起玩儿,否,纳入477条一致评测集,保留但单独报告；可用于边界分析，不作为主结论唯一依据,正确,是时间状语,时间状语,权威语法学习手册,第3批,candidate_span,正确,是时间状语,时间状语,,正确,是时间状语,时间状语,,正确,是时间状语,时间状语,,我常常和他一起玩儿,span:AUTH-TAD-0210,sentence:SENT-0297,1,3,located,BEFORE_PREDICATE|EVENT_TIME|TIME_FREQUENCY,R_TEMP_ADV_04|R_TEMP_KG_ADV_01,R_TEMP_ADV_04,TEMPORAL_ADVERBIAL,True,规则正确
C_暂不纳入主实验,待复核,暂不进入主实验，优先复核标签,无重复,来源字段完整但仍需正版逐页核验,SENT-0050,AUTH-TAD-0211,今天比昨天稍热一点儿。,昨天,昨天,OTHER,非目标时间表达；三人标注不完全一致；至少一名标注者修正片段,多数一致,完全一致,多数一致,中等,国际中文教育中文水平等级标准·语法学习手册（中等）,144,结构特点 “稍”一般用在单音节动词或形容词前边作状语,否,纳入477条一致评测集,需老师/专家核验；核验前只作错误分析或边界案例,正确,不是时间状语,普通时间名词/词语引用,权威语法学习手册,第3批,candidate_span,正确,不是时间状语,普通时间名词/词语引用,,不是时间表达,不是时间状语,提取错误：不是时间表达,无,正确,不是时间状语,普通时间名词/词语引用,,今天比昨天稍热一点儿,span:AUTH-TAD-0211,sentence:SENT-0050,3,5,located,BEFORE_PREDICATE|EVENT_TIME|REVIEW_NON_TARGET_RISK|STATIVE_PREDICATE|TIME_NOUN,R_TEMP_KG_OTHER_01|R_TEMP_ADV_01|R_TEMP_ADV_02|R_TEMP_KG_ADV_02,R_TEMP_KG_OTHER_01,OTHER,True,规则正确
B_边界复核集,边界集/鲁棒性分析,保留为边界挑战实例，单独报告,无重复,来源字段完整但仍需正版逐页核验,SENT-0455,AUTH-TAD-0212,退休以后他偶尔会来学校看看。,退休以后,退休以后,TEMPORAL_ADVERBIAL,相对时间框架边界,完全一致,完全一致,完全一致,中等,国际中文教育中文水平等级标准·语法学习手册（中等）,158,一向”表示长期稳定、具有规律的状态，不能和表示具体时间的词同时出现,否,纳入477条一致评测集,保留但单独报告；可用于边界分析，不作为主结论唯一依据,正确,是时间状语,时间状语,权威语法学习手册,第3批,candidate_span,正确,是时间状语,时间状语,,正确,是时间状语,时间状语,,正确,是时间状语,时间状语,,退休以后他偶尔会来学校看看,span:AUTH-TAD-0212,sentence:SENT-0455,0,4,located,BEFORE_PREDICATE|EVENT_TIME|NO_TEMPORAL_EXPRESSION|SENTENCE_INITIAL|TIME_AFTER_BEFORE,R_TEMP_ADV_05,R_TEMP_ADV_05,TEMPORAL_ADVERBIAL,True,规则正确
C_暂不纳入主实验,待复核,暂不进入主实验，优先复核标签,无重复,来源字段完整但仍需正版逐页核验,SENT-0132,AUTH-TAD-0213,你出国以后，妈妈时刻想念着你。,你出国以后,你出国以后,TEMPORAL_ADVERBIAL,相对时间框架边界；三人标注不完全一致；至少一名标注者修正片段,多数一致,多数一致,多数一致,中等,国际中文教育中文水平等级标准·语法学习手册（中等）,155,你出国以后，妈妈时刻想念着你,否,纳入477条一致评测集,需老师/专家核验；核验前只作错误分析或边界案例,正确,是时间状语,时间状语,权威语法学习手册,第3批,candidate_span,正确,是时间状语,时间状语,,正确,是时间状语,时间状语,,边界过长,不是时间状语,提取错误：边界过长,出国以后,你出国以后妈妈时刻想念着你,span:AUTH-TAD-0213,sentence:SENT-0132,0,5,located,BEFORE_PREDICATE|EVENT_TIME|NO_TEMPORAL_EXPRESSION|SENTENCE_INITIAL|TIME_AFTER_BEFORE,R_TEMP_ADV_05,R_TEMP_ADV_05,TEMPORAL_ADVERBIAL,True,规则正确
B_边界复核集,边界集/鲁棒性分析,保留为边界挑战实例，单独报告,无重复,来源字段完整但仍需正版逐页核验,SENT-0348,AUTH-TAD-0214,昨天会议的中心内容是什么?,昨天,昨天,TEMPORAL_ADVERBIAL,三人标注不完全一致,完全一致,多数一致,多数一致,高等,国际中文教育中文水平等级标准·语法学习手册（高等）,33,重复副词“再度”一般用在主语后、动词性成分前，作状语,否,纳入477条一致评测集,保留但单独报告；可用于边界分析，不作为主结论唯一依据,正确,是时间状语,时间状语,权威语法学习手册,第3批,candidate_span,正确,不是时间状语,时间定语,,正确,是时间状语,时间状语,,正确,是时间状语,时间状语,,昨天会议的中心内容是什么,span:AUTH-TAD-0214,sentence:SENT-0348,0,2,located,ATTR_NOMINAL_DIRECT|NOMINAL_HEAD|SENTENCE_INITIAL|TIME_NOUN,R_TEMP_KG_ATTR_02|R_TEMP_ATTR_03|R_TEMP_KG_ADV_02,R_TEMP_KG_ATTR_02,ATTRIBUTE,False,规则误判
A_主评测候选,主实验/严格评测,保留为高一致主评测实例,无重复,来源字段完整但仍需正版逐页核验,SENT-0367,AUTH-TAD-0215,有时我们喜欢连名带姓叫老师李天明，像同学的称呼。,有时,有时,TEMPORAL_ADVERBIAL,,完全一致,完全一致,完全一致,高等,国际中文教育中文水平等级标准·语法学习手册（高等）,95,妻子：如果贷款，到时候我们一共要还多少钱? 丈夫：我们连本带利,否,纳入477条一致评测集,可进入主评测集；仍需抽样核验出处,正确,是时间状语,时间状语,权威语法学习手册,第3批,candidate_span,正确,是时间状语,时间状语,,正确,是时间状语,时间状语,,正确,是时间状语,时间状语,,有时我们喜欢连名带姓叫老师李天明像同学的称呼,span:AUTH-TAD-0215,sentence:SENT-0367,0,2,located,BEFORE_PREDICATE|EVENT_TIME|SENTENCE_INITIAL|TIME_ADVERB|TIME_FREQUENCY|TIME_NOUN,R_TEMP_ADV_01|R_TEMP_ADV_02|R_TEMP_ADV_04|R_TEMP_ADV_19|R_TEMP_KG_ADV_01,R_TEMP_ADV_01,TEMPORAL_ADVERBIAL,True,规则正确
A_主评测候选,主实验/严格评测,保留为高一致主评测实例,无重复,来源字段完整但仍需正版逐页核验,SENT-0035,AUTH-TAD-0216,今天做完不是更好吗?,今天,今天,TEMPORAL_ADVERBIAL,,完全一致,完全一致,完全一致,高等,国际中文教育中文水平等级标准·语法学习手册（高等）,47,玩笑，何必当真呢? 学校又不远，何必打车去呢? 你已经有了，何必又花钱买一个呢? 你又没有做错,否,纳入477条一致评测集,可进入主评测集；仍需抽样核验出处,正确,是时间状语,时间状语,权威语法学习手册,第3批,candidate_span,正确,是时间状语,时间状语,,正确,是时间状语,时间状语,,正确,是时间状语,时间状语,,今天做完不是更好吗,span:AUTH-TAD-0216,sentence:SENT-0035,0,2,located,BEFORE_PREDICATE|EVENT_TIME|SENTENCE_INITIAL|TIME_NOUN,R_TEMP_ADV_01|R_TEMP_ADV_02|R_TEMP_KG_ADV_02,R_TEMP_ADV_01,TEMPORAL_ADVERBIAL,True,规则正确
B_边界复核集,边界集/鲁棒性分析,保留为边界挑战实例，单独报告,无重复,来源字段完整但仍需正版逐页核验,SENT-0028,AUTH-TAD-0217,事情已经解决了，这又何必呢?,已经,已经,TEMPORAL_ADVERBIAL,时间副词/体貌副词边界,完全一致,完全一致,完全一致,高等,国际中文教育中文水平等级标准·语法学习手册（高等）,47,玩笑，何必当真呢? 学校又不远，何必打车去呢? 你已经有了，何必又花钱买一个呢? 你又没有做错,否,纳入477条一致评测集,保留但单独报告；可用于边界分析，不作为主结论唯一依据,正确,是时间状语,时间状语,权威语法学习手册,第3批,candidate_span,正确,是时间状语,时间状语,,正确,是时间状语,时间状语,,正确,是时间状语,时间状语,,事情已经解决了这又何必呢,span:AUTH-TAD-0217,sentence:SENT-0028,2,4,located,BEFORE_PREDICATE|EVENT_TIME|TIME_ADVERB|TIME_FREQUENCY,R_TEMP_ADV_04|R_TEMP_ADV_19|R_TEMP_KG_ADV_01|R_TEMP_ADV_08|R_TEMP_ADV_11,R_TEMP_ADV_04,TEMPORAL_ADVERBIAL,True,规则正确
C_暂不纳入主实验,待复核,暂不进入主实验，优先复核标签,同句多候选/重复句,页面线索缺失,SENT-0065,AUTH-TAD-0218,今年生产的产品数量比去年增加了百分之四十。,去年,去年,OTHER,原表已建议复核/剔除；页面线索缺失；时量补语/持续时间边界；非目标时间表达；三人标注不完全一致；至少一名标注者修正片段,平票,完全一致,多数一致,中等,国际中文教育中文水平等级标准·语法学习手册（中等）,118,,是,复核/剔除候选,需老师/专家核验；核验前只作错误分析或边界案例,正确,不是时间状语,普通时间名词/词语引用,权威语法学习手册,第3批,candidate_span,正确,不是时间状语,普通时间名词/词语引用,,不是时间表达,不是时间状语,提取错误：不是时间表达,无,漏检：有目标时间状语,不是时间状语,普通时间名词/词语引用,今年,今年生产的产品数量比去年增加了百分之四十,span:AUTH-TAD-0218,sentence:SENT-0065,10,12,located,ABSTRACT_OR_NON_TARGET_TIME|BEFORE_PREDICATE|EVENT_TIME|REVIEW_NON_TARGET_RISK|TEMPORAL_COMPARISON_STATE|TIME_NOUN,R_TEMP_KG_OTHER_01|R_TEMP_KG_OTHER_02|R_TEMP_KG_OTHER_03|R_TEMP_ADV_01|R_TEMP_ADV_02,R_TEMP_KG_OTHER_01,OTHER,True,规则正确
B_边界复核集,边界集/鲁棒性分析,保留为边界挑战实例，单独报告,无重复,来源字段完整但仍需正版逐页核验,SENT-0011,AUTH-TAD-0219,下课以后，同学们立刻走出教室。,下课以后,下课以后,TEMPORAL_ADVERBIAL,相对时间框架边界,完全一致,完全一致,完全一致,初等,国际中文教育中文水平等级标准·语法学习手册（初等）,285,下课以后，同学们立刻走出教室,否,纳入477条一致评测集,保留但单独报告；可用于边界分析，不作为主结论唯一依据,正确,是时间状语,时间状语,权威语法学习手册,第3批,candidate_span,正确,是时间状语,时间状语,,正确,是时间状语,时间状语,,正确,是时间状语,时间状语,,下课以后同学们立刻走出教室,span:AUTH-TAD-0219,sentence:SENT-0011,0,4,located,BEFORE_PREDICATE|EVENT_TIME|NO_TEMPORAL_EXPRESSION|SENTENCE_INITIAL|TIME_AFTER_BEFORE,R_TEMP_ADV_05,R_TEMP_ADV_05,TEMPORAL_ADVERBIAL,True,规则正确
C_暂不纳入主实验,待复核,暂不进入主实验，优先复核标签,无重复,页面线索缺失,SENT-0023,AUTH-TAD-0220,两个好朋友的生日恰好是同一天。,一天,一天,OTHER,页面线索缺失；时量补语/持续时间边界；非目标时间表达；三人标注不完全一致；至少一名标注者修正片段,多数一致,多数一致,多数一致,中等,国际中文教育中文水平等级标准·语法学习手册（中等）,291,,否,纳入477条一致评测集,需老师/专家核验；核验前只作错误分析或边界案例,不是时间表达,不是时间状语,提取错误：不是时间表达,权威语法学习手册,第3批,candidate_span,不是时间表达,不是时间状语,提取错误：不是时间表达,,正确,是时间状语,时间状语,,不是时间表达,不是时间状语,提取错误：不是时间表达,无,两个好朋友的生日恰好是同一天,span:AUTH-TAD-0220,sentence:SENT-0023,12,14,located,INDEFINITE_TIME|REVIEW_NON_TARGET_RISK|TIME_DURATION|TIME_POINT,R_TEMP_KG_OTHER_01,R_TEMP_KG_OTHER_01,OTHER,True,规则正确
B_边界复核集,边界集/鲁棒性分析,保留为边界挑战实例，单独报告,无重复,来源字段完整但仍需正版逐页核验,SENT-0052,AUTH-TAD-0221,今天的任务很多，我们慢慢来，完成一项是一项。,今天,今天,ATTRIBUTE,可能为时间定语,完全一致,完全一致,完全一致,中等,国际中文教育中文水平等级标准·语法学习手册（中等）,127,th doing. ◎ 典型例句和对话 例句 这才刚刚开始，没 你还是别担心了， 有什么好难,否,纳入477条一致评测集,保留但单独报告；可用于边界分析，不作为主结论唯一依据,正确,不是时间状语,时间定语,权威语法学习手册,第3批,candidate_span,正确,不是时间状语,时间定语,,正确,不是时间状语,时间定语,,正确,不是时间状语,时间定语,,今天的任务很多我们慢慢来完成一项是一项,span:AUTH-TAD-0221,sentence:SENT-0052,0,2,located,ATTR_DE_DIRECT|ATTR_NOMINAL_DIRECT|BEFORE_PREDICATE|DE_PARTICLE|EVENT_TIME|NOMINAL_HEAD|SENTENCE_INITIAL|TIME_NOUN,R_TEMP_KG_ATTR_01|R_TEMP_KG_ATTR_02|R_TEMP_ATTR_01|R_TEMP_ADV_01|R_TEMP_ADV_02,R_TEMP_KG_ATTR_01,ATTRIBUTE,True,规则正确
B_边界复核集,边界集/鲁棒性分析,保留为边界挑战实例，单独报告,无重复,来源字段完整但仍需正版逐页核验,SENT-0003,AUTH-TAD-0222,万一计划有变化，请你马上告诉我。,马上,马上,TEMPORAL_ADVERBIAL,时间副词/体貌副词边界,完全一致,完全一致,完全一致,中等,国际中文教育中文水平等级标准·语法学习手册（中等）,105,A:明天八点，图书 妈妈：一定要把你们的 儿子：已经8:20了， 馆门口见,否,纳入477条一致评测集,保留但单独报告；可用于边界分析，不作为主结论唯一依据,正确,是时间状语,时间状语,权威语法学习手册,第3批,candidate_span,正确,是时间状语,时间状语,,正确,是时间状语,时间状语,,正确,是时间状语,时间状语,,万一计划有变化请你马上告诉我,span:AUTH-TAD-0222,sentence:SENT-0003,10,12,located,LOCATION_EXPRESSION|NO_TEMPORAL_EXPRESSION|TIME_ADVERB,R_TEMP_OTHER_01,R_TEMP_OTHER_01,OTHER,False,规则误判
A_主评测候选,主实验/严格评测,保留为高一致主评测实例,无重复,来源字段完整但仍需正版逐页核验,SENT-0188,AUTH-TAD-0223,哪怕明天下雨，足球比赛也要继续进行。,明天,明天,TEMPORAL_ADVERBIAL,,完全一致,完全一致,完全一致,中等,国际中文教育中文水平等级标准·语法学习手册（中等）,112,哪怕这件衣服已经打折了，价格还是很高,否,纳入477条一致评测集,可进入主评测集；仍需抽样核验出处,正确,是时间状语,时间状语,权威语法学习手册,第3批,candidate_span,正确,是时间状语,时间状语,,正确,是时间状语,时间状语,,正确,是时间状语,时间状语,,哪怕明天下雨足球比赛也要继续进行,span:AUTH-TAD-0223,sentence:SENT-0188,2,4,located,BEFORE_PREDICATE|EVENT_TIME|TIME_NOUN,R_TEMP_ADV_01|R_TEMP_ADV_02|R_TEMP_KG_ADV_02,R_TEMP_ADV_01,TEMPORAL_ADVERBIAL,True,规则正确
A_主评测候选,主实验/严格评测,保留为高一致主评测实例,无重复,来源字段完整但仍需正版逐页核验,SENT-0277,AUTH-TAD-0224,我们明天再去商场。,明天,明天,TEMPORAL_ADVERBIAL,,完全一致,完全一致,完全一致,初等,国际中文教育中文水平等级标准·语法学习手册（初等）,60,”多用于将来要重复的动作或没有完成的事情，不能用于已经发生的事 情,否,纳入477条一致评测集,可进入主评测集；仍需抽样核验出处,正确,是时间状语,时间状语,权威语法学习手册,第3批,candidate_span,正确,是时间状语,时间状语,,正确,是时间状语,时间状语,,正确,是时间状语,时间状语,,我们明天再去商场,span:AUTH-TAD-0224,sentence:SENT-0277,2,4,located,BEFORE_PREDICATE|EVENT_TIME|TIME_NOUN,R_TEMP_ADV_01|R_TEMP_ADV_02|R_TEMP_KG_ADV_02,R_TEMP_ADV_01,TEMPORAL_ADVERBIAL,True,规则正确
B_边界复核集,边界集/鲁棒性分析,保留为边界挑战实例，单独报告,无重复,来源字段完整但仍需正版逐页核验,SENT-0087,AUTH-TAD-0225,他在今年的毕业生中是最优秀的。,今年,今年,ATTRIBUTE,可能为时间定语；时量补语/持续时间边界,完全一致,完全一致,完全一致,中等,国际中文教育中文水平等级标准·语法学习手册（中等）,72,在采访中，这位明星提到了小时候的经历,否,纳入477条一致评测集,保留但单独报告；可用于边界分析，不作为主结论唯一依据,正确,不是时间状语,时间定语,权威语法学习手册,第3批,candidate_span,正确,不是时间状语,时间定语,,正确,不是时间状语,时间定语,,正确,不是时间状语,时间定语,,他在今年的毕业生中是最优秀的,span:AUTH-TAD-0225,sentence:SENT-0087,2,4,located,ATTR_DE_DIRECT|ATTR_NOMINAL_DIRECT|BEFORE_PREDICATE|DE_PARTICLE|EVENT_TIME|NOMINAL_HEAD|NO_TEMPORAL_EXPRESSION,R_TEMP_KG_ATTR_01|R_TEMP_KG_ATTR_02|R_TEMP_ATTR_01,R_TEMP_KG_ATTR_01,ATTRIBUTE,True,规则正确
B_边界复核集,边界集/鲁棒性分析,保留为边界挑战实例，单独报告,无重复,来源字段完整但仍需正版逐页核验,SENT-0072,AUTH-TAD-0226,他之所以身体素质好，是因为他经常锻炼。,经常,经常,TEMPORAL_ADVERBIAL,时间副词/体貌副词边界,完全一致,完全一致,完全一致,高等,国际中文教育中文水平等级标准·语法学习手册（高等）,173,话 例句 交际实践 这部电影之所以好 (在电影院，刚看完电影) 看，是因为内容很 A:这部电,否,纳入477条一致评测集,保留但单独报告；可用于边界分析，不作为主结论唯一依据,正确,是时间状语,时间状语,权威语法学习手册,第3批,candidate_span,正确,是时间状语,时间状语,,正确,是时间状语,时间状语,,正确,是时间状语,时间状语,,他之所以身体素质好是因为他经常锻炼,span:AUTH-TAD-0226,sentence:SENT-0072,14,16,located,TIME_FREQUENCY,R_TEMP_KG_ADV_01,R_TEMP_KG_ADV_01,TEMPORAL_ADVERBIAL,True,规则正确
B_边界复核集,边界集/鲁棒性分析,保留为边界挑战实例，单独报告,无重复,来源字段完整但仍需正版逐页核验,SENT-0254,AUTH-TAD-0227,张莉真可怜，去年她父母去世，后来又把丈夫死了。,去年,去年,TEMPORAL_ADVERBIAL,时量补语/持续时间边界,完全一致,完全一致,完全一致,高等,国际中文教育中文水平等级标准·语法学习手册（高等）,124,七一九级语法点 ◎ 结构特点 由“个”引导的状态补语有两种形式：肯定形式的补语和否定形式的补,否,纳入477条一致评测集,保留但单独报告；可用于边界分析，不作为主结论唯一依据,正确,是时间状语,时间状语,权威语法学习手册,第3批,candidate_span,正确,是时间状语,时间状语,,正确,是时间状语,时间状语,,正确,是时间状语,时间状语,,张莉真可怜去年她父母去世后来又把丈夫死了,span:AUTH-TAD-0227,sentence:SENT-0254,6,8,located,BEFORE_PREDICATE|EVENT_TIME|TIME_NOUN,R_TEMP_ADV_01|R_TEMP_ADV_02|R_TEMP_KG_ADV_02,R_TEMP_ADV_01,TEMPORAL_ADVERBIAL,True,规则正确
C_暂不纳入主实验,待复核,暂不进入主实验，优先复核标签,无重复,来源字段完整但仍需正版逐页核验,SENT-0178,AUTH-TAD-0228,司机：一路上老板自说自话感慨了半天。,半天,半天,COMPLEMENT,时量补语/持续时间边界；三人标注不完全一致；至少一名标注者修正片段,多数一致,完全一致,多数一致,高等,国际中文教育中文水平等级标准·语法学习手册（高等）,97,外面的雪时大时小，短时间内停不下来,否,纳入477条一致评测集,需老师/专家核验；核验前只作错误分析或边界案例,正确,不是时间状语,时长补语,权威语法学习手册,第3批,candidate_span,正确,不是时间状语,时长补语,,正确,不是时间状语,时长补语,,不是时间表达,不是时间状语,提取错误：不是时间表达,无,司机一路上老板自说自话感慨了半天,span:AUTH-TAD-0228,sentence:SENT-0178,15,17,located,AFTER_VERB|COMPLEMENT_DURATION_CONTEXT|DURATION_COMPLEMENT|NO_TEMPORAL_EXPRESSION,R_TEMP_KG_COMP_01,R_TEMP_KG_COMP_01,COMPLEMENT,True,规则正确
A_主评测候选,主实验/严格评测,保留为高一致主评测实例,无重复,来源字段完整但仍需正版逐页核验,SENT-0110,AUTH-TAD-0229,他每天都按时观看这个电视节目。,每天,每天,TEMPORAL_ADVERBIAL,,完全一致,完全一致,完全一致,中等,国际中文教育中文水平等级标准·语法学习手册（中等）,18,6时间副词(1):按时 【四07】 ◎基本语义,否,纳入477条一致评测集,可进入主评测集；仍需抽样核验出处,正确,是时间状语,时间状语,权威语法学习手册,第3批,candidate_span,正确,是时间状语,时间状语,,正确,是时间状语,时间状语,,正确,是时间状语,时间状语,,他每天都按时观看这个电视节目,span:AUTH-TAD-0229,sentence:SENT-0110,1,3,located,BEFORE_PREDICATE|EVENT_TIME|TIME_FREQUENCY,R_TEMP_ADV_04|R_TEMP_KG_ADV_01,R_TEMP_ADV_04,TEMPORAL_ADVERBIAL,True,规则正确
C_暂不纳入主实验,待复核,暂不进入主实验，优先复核标签,无重复,来源字段完整但仍需正版逐页核验,SENT-0237,AUTH-TAD-0230,对不起，是我想得太简单了，我以后一定注意。,我以后,以后,OTHER,相对时间框架边界；候选片段与最终片段不一致；非目标时间表达；三人标注不完全一致；至少一名标注者修正片段,多数一致,完全一致,多数一致,高等,国际中文教育中文水平等级标准·语法学习手册（高等）,81,你刚开始是一套， (在咖啡厅，聊不被信任的原,否,纳入477条一致评测集,需老师/专家核验；核验前只作错误分析或边界案例,边界过长,不是时间状语,提取错误：边界过长,权威语法学习手册,第3批,majority_fixed_span,边界过长,不是时间状语,提取错误：边界过长,以后,边界不完整,不是时间状语,提取错误：边界不完整,以后,边界过长,不是时间状语,提取错误：边界过长,以后,对不起是我想得太简单了我以后一定注意,span:AUTH-TAD-0230,sentence:SENT-0237,13,16,located,NO_TEMPORAL_EXPRESSION|REVIEW_NON_TARGET_RISK|TIME_AFTER_BEFORE,R_TEMP_KG_OTHER_01,R_TEMP_KG_OTHER_01,OTHER,True,规则正确
A_主评测候选,主实验/严格评测,保留为高一致主评测实例,无重复,来源字段完整但仍需正版逐页核验,SENT-0421,AUTH-TAD-0231,莫非昨天来找我的就是小王?,昨天,昨天,TEMPORAL_ADVERBIAL,,完全一致,完全一致,完全一致,高等,国际中文教育中文水平等级标准·语法学习手册（高等）,49,(2)“莫非”也可以用于单句，位于动词性成分前，作状语,否,纳入477条一致评测集,可进入主评测集；仍需抽样核验出处,正确,是时间状语,时间状语,权威语法学习手册,第3批,candidate_span,正确,是时间状语,时间状语,,正确,是时间状语,时间状语,,正确,是时间状语,时间状语,,莫非昨天来找我的就是小王,span:AUTH-TAD-0231,sentence:SENT-0421,2,4,located,BEFORE_PREDICATE|EVENT_TIME|TIME_NOUN,R_TEMP_ADV_01|R_TEMP_ADV_02|R_TEMP_KG_ADV_02,R_TEMP_ADV_01,TEMPORAL_ADVERBIAL,True,规则正确
B_边界复核集,边界集/鲁棒性分析,保留为边界挑战实例，单独报告,无重复,来源字段完整但仍需正版逐页核验,SENT-0401,AUTH-TAD-0232,电话里已经告诉他了，另外，我又写了一封信过去。,已经,已经,TEMPORAL_ADVERBIAL,时间副词/体貌副词边界,完全一致,完全一致,完全一致,初等,国际中文教育中文水平等级标准·语法学习手册（初等）,332,例如： *电话里已经告诉他了，另外的我又写了一封信过去,否,纳入477条一致评测集,保留但单独报告；可用于边界分析，不作为主结论唯一依据,正确,是时间状语,时间状语,权威语法学习手册,第3批,candidate_span,正确,是时间状语,时间状语,,正确,是时间状语,时间状语,,正确,是时间状语,时间状语,,电话里已经告诉他了另外我又写了一封信过去,span:AUTH-TAD-0232,sentence:SENT-0401,3,5,located,BEFORE_PREDICATE|EVENT_TIME|TIME_ADVERB|TIME_FREQUENCY,R_TEMP_ADV_04|R_TEMP_ADV_19|R_TEMP_KG_ADV_01|R_TEMP_ADV_08|R_TEMP_ADV_11,R_TEMP_ADV_04,TEMPORAL_ADVERBIAL,True,规则正确
B_边界复核集,边界集/鲁棒性分析,保留为边界挑战实例，单独报告,无重复,来源字段完整但仍需正版逐页核验,SENT-0005,AUTH-TAD-0233,丈夫：已经约好了。,已经,已经,TEMPORAL_ADVERBIAL,时间副词/体貌副词边界,完全一致,完全一致,完全一致,中等,国际中文教育中文水平等级标准·语法学习手册（中等）,106,不管有 电脑? 丈夫：已经约好了,否,纳入477条一致评测集,保留但单独报告；可用于边界分析，不作为主结论唯一依据,正确,是时间状语,时间状语,权威语法学习手册,第3批,candidate_span,正确,是时间状语,时间状语,,正确,是时间状语,时间状语,,正确,是时间状语,时间状语,,丈夫已经约好了,span:AUTH-TAD-0233,sentence:SENT-0005,3,5,located,BEFORE_PREDICATE|EVENT_TIME|STATIVE_PREDICATE|TIME_ADVERB|TIME_FREQUENCY,R_TEMP_ADV_04|R_TEMP_ADV_19|R_TEMP_KG_ADV_01|R_TEMP_ADV_08|R_TEMP_ADV_11,R_TEMP_ADV_04,TEMPORAL_ADVERBIAL,True,规则正确
A_主评测候选,主实验/严格评测,保留为高一致主评测实例,无重复,来源字段完整但仍需正版逐页核验,SENT-0041,AUTH-TAD-0234,今天外面有冬天那么冷。,今天,今天,TEMPORAL_ADVERBIAL,,完全一致,完全一致,完全一致,初等,国际中文教育中文水平等级标准·语法学习手册（初等）,212,这么流利吗? B:没错，听说她家的 B:我妹妹刚刚开始学 院子有球场那么大,否,纳入477条一致评测集,可进入主评测集；仍需抽样核验出处,正确,是时间状语,时间状语,权威语法学习手册,第3批,candidate_span,正确,是时间状语,时间状语,,正确,是时间状语,时间状语,,正确,是时间状语,时间状语,,今天外面有冬天那么冷,span:AUTH-TAD-0234,sentence:SENT-0041,0,2,located,BEFORE_PREDICATE|EVENT_TIME|SENTENCE_INITIAL|TIME_NOUN,R_TEMP_ADV_01|R_TEMP_ADV_02|R_TEMP_KG_ADV_02,R_TEMP_ADV_01,TEMPORAL_ADVERBIAL,True,规则正确
B_边界复核集,边界集/鲁棒性分析,保留为边界挑战实例，单独报告,无重复,页面线索缺失,SENT-0428,AUTH-TAD-0235,请明天来我这里。,明天,明天,TEMPORAL_ADVERBIAL,页面线索缺失,完全一致,完全一致,完全一致,初等,国际中文教育中文水平等级标准·语法学习手册（初等）,42,,否,纳入477条一致评测集,保留但单独报告；可用于边界分析，不作为主结论唯一依据,正确,是时间状语,时间状语,权威语法学习手册,第3批,candidate_span,正确,是时间状语,时间状语,,正确,是时间状语,时间状语,,正确,是时间状语,时间状语,,请明天来我这里,span:AUTH-TAD-0235,sentence:SENT-0428,1,3,located,BEFORE_PREDICATE|EVENT_TIME|TIME_NOUN,R_TEMP_ADV_01|R_TEMP_ADV_02|R_TEMP_KG_ADV_02,R_TEMP_ADV_01,TEMPORAL_ADVERBIAL,True,规则正确
B_边界复核集,边界集/鲁棒性分析,保留为边界挑战实例，单独报告,无重复,来源字段完整但仍需正版逐页核验,SENT-0410,AUTH-TAD-0236,约好了八点见面，他竟然迟到了一个小时。,八点,八点,TEMPORAL_ADVERBIAL,时量补语/持续时间边界,完全一致,完全一致,完全一致,中等,国际中文教育中文水平等级标准·语法学习手册（中等）,36,我刚开始也不 学生：老师，我们觉 B:真的吗,否,纳入477条一致评测集,保留但单独报告；可用于边界分析，不作为主结论唯一依据,正确,是时间状语,时间状语,权威语法学习手册,第3批,candidate_span,正确,是时间状语,时间状语,,正确,是时间状语,时间状语,,正确,是时间状语,时间状语,,约好了八点见面他竟然迟到了一个小时,span:AUTH-TAD-0236,sentence:SENT-0410,3,5,located,BEFORE_PREDICATE|EVENT_TIME|TIME_POINT,,,,False,未覆盖
A_主评测候选,主实验/严格评测,保留为高一致主评测实例,无重复,来源字段完整但仍需正版逐页核验,SENT-0374,AUTH-TAD-0237,每周都给他们打电话。,每周,每周,TEMPORAL_ADVERBIAL,,完全一致,完全一致,完全一致,初等,国际中文教育中文水平等级标准·语法学习手册（初等）,383,，他 为了学好中文，我每 为了让父母放心，我例句 每天坚持运动,否,纳入477条一致评测集,可进入主评测集；仍需抽样核验出处,正确,是时间状语,时间状语,权威语法学习手册,第3批,candidate_span,正确,是时间状语,时间状语,,正确,是时间状语,时间状语,,正确,是时间状语,时间状语,,每周都给他们打电话,span:AUTH-TAD-0237,sentence:SENT-0374,0,2,located,BEFORE_PREDICATE|EVENT_TIME|SENTENCE_INITIAL|TIME_FREQUENCY,R_TEMP_ADV_04|R_TEMP_KG_ADV_01,R_TEMP_ADV_04,TEMPORAL_ADVERBIAL,True,规则正确
B_边界复核集,边界集/鲁棒性分析,保留为边界挑战实例，单独报告,无重复,来源字段完整但仍需正版逐页核验,SENT-0156,AUTH-TAD-0238,你看，今天的天空格外地蓝。,今天,今天,ATTRIBUTE,可能为时间定语,完全一致,完全一致,完全一致,中等,国际中文教育中文水平等级标准·语法学习手册（中等）,14,不去嘛! ◎结构特点 “人家”可以作主语、宾语或者定语,否,纳入477条一致评测集,保留但单独报告；可用于边界分析，不作为主结论唯一依据,正确,不是时间状语,时间定语,权威语法学习手册,第3批,candidate_span,正确,不是时间状语,时间定语,,正确,不是时间状语,时间定语,,正确,不是时间状语,时间定语,,你看今天的天空格外地蓝,span:AUTH-TAD-0238,sentence:SENT-0156,3,5,located,ATTR_DE_DIRECT|ATTR_NOMINAL_DIRECT|DE_PARTICLE|NOMINAL_HEAD|TIME_NOUN,R_TEMP_KG_ATTR_01|R_TEMP_KG_ATTR_02|R_TEMP_ATTR_01|R_TEMP_ATTR_03|R_TEMP_KG_ADV_02,R_TEMP_KG_ATTR_01,ATTRIBUTE,True,规则正确
C_暂不纳入主实验,待复核,暂不进入主实验，优先复核标签,同句多候选/重复句,来源字段完整但仍需正版逐页核验,SENT-0063,AUTH-TAD-0239,今年公司的总利润比去年降低了不少。,去年,去年,ATTRIBUTE,原表已建议复核/剔除；时量补语/持续时间边界；三人标注不完全一致；至少一名标注者修正片段,平票,完全一致,平票,高等,国际中文教育中文水平等级标准·语法学习手册（高等）,65,◎ 补充例句 他每天的工作无非就是联系客户、推销新产品,是,复核/剔除候选,需老师/专家核验；核验前只作错误分析或边界案例,正确,不是时间状语,时间定语,权威语法学习手册,第3批,candidate_span,正确,不是时间状语,时间定语,,不是时间表达,不是时间状语,提取错误：不是时间表达,无,漏检：有目标时间状语,不是时间状语,普通时间名词/词语引用,今年,今年公司的总利润比去年降低了不少,span:AUTH-TAD-0239,sentence:SENT-0063,9,11,located,ABSTRACT_OR_NON_TARGET_TIME|TEMPORAL_COMPARISON_STATE|TIME_NOUN,R_TEMP_KG_OTHER_02|R_TEMP_KG_OTHER_03|R_TEMP_KG_ADV_02,R_TEMP_KG_OTHER_02,OTHER,False,规则误判
B_边界复核集,边界集/鲁棒性分析,保留为边界挑战实例，单独报告,无重复,来源字段完整但仍需正版逐页核验,SENT-0230,AUTH-TAD-0240,妻子：我已经穿好衣服准备要走了，可孩子偏偏醒了。,已经,已经,TEMPORAL_ADVERBIAL,时间副词/体貌副词边界,完全一致,完全一致,完全一致,高等,国际中文教育中文水平等级标准·语法学习手册（高等）,59,我已经穿好衣服准 (在家，询问没有出门的原因),否,纳入477条一致评测集,保留但单独报告；可用于边界分析，不作为主结论唯一依据,正确,是时间状语,时间状语,权威语法学习手册,第3批,candidate_span,正确,是时间状语,时间状语,,正确,是时间状语,时间状语,,正确,是时间状语,时间状语,,妻子我已经穿好衣服准备要走了可孩子偏偏醒了,span:AUTH-TAD-0240,sentence:SENT-0230,4,6,located,BEFORE_PREDICATE|EVENT_TIME|STATIVE_PREDICATE|TIME_ADVERB|TIME_FREQUENCY,R_TEMP_ADV_04|R_TEMP_ADV_19|R_TEMP_KG_ADV_01|R_TEMP_ADV_08|R_TEMP_ADV_11,R_TEMP_ADV_04,TEMPORAL_ADVERBIAL,True,规则正确
C_暂不纳入主实验,错误分析/待复核,暂不进入主实验，等待出处或边界核验,同句多候选/重复句,来源字段完整但仍需正版逐页核验,SENT-0159,AUTH-TAD-0241,依照医院的规定，下午六点以后家属不能来看望病人。,下午,下午六点以后,OTHER,相对时间框架边界；候选片段与最终片段不一致；非目标时间表达；至少一名标注者修正片段,完全一致,完全一致,完全一致,中等,国际中文教育中文水平等级标准·语法学习手册（中等）,182,依照医生的要求，他每天按时吃药,否,纳入477条一致评测集,需老师/专家核验；核验前只作错误分析或边界案例,边界不完整,不是时间状语,提取错误：边界不完整,权威语法学习手册,第3批,majority_fixed_span,边界不完整,不是时间状语,提取错误：边界不完整,下午六点以后,边界不完整,不是时间状语,提取错误：边界不完整,下午六点以后,边界不完整,不是时间状语,提取错误：边界不完整,下午六点以后,依照医院的规定下午六点以后家属不能来看望病人,span:AUTH-TAD-0241,sentence:SENT-0159,8,10,located,BEFORE_PREDICATE|EVENT_TIME|REVIEW_NON_TARGET_RISK|TIME_NOUN|TIME_POINT,R_TEMP_KG_OTHER_01|R_TEMP_ADV_01|R_TEMP_ADV_02|R_TEMP_ADV_10|R_TEMP_KG_ADV_02,R_TEMP_KG_OTHER_01,OTHER,True,规则正确
B_边界复核集,边界集/鲁棒性分析,保留为边界挑战实例，单独报告,同句多候选/重复句,来源字段完整但仍需正版逐页核验,SENT-0320,AUTH-TAD-0242,据估计，今年的出口量将超过去年。,今年,今年,ATTRIBUTE,可能为时间定语；时量补语/持续时间边界,完全一致,完全一致,完全一致,中等,国际中文教育中文水平等级标准·语法学习手册（中等）,301,据最新资料，这种疾病的治疗已经有了突破,否,纳入477条一致评测集,保留但单独报告；可用于边界分析，不作为主结论唯一依据,正确,不是时间状语,时间定语,权威语法学习手册,第3批,candidate_span,正确,不是时间状语,时间定语,,正确,不是时间状语,时间定语,,正确,不是时间状语,时间定语,,据估计今年的出口量将超过去年,span:AUTH-TAD-0242,sentence:SENT-0320,4,6,located,ATTR_DE_DIRECT|ATTR_NOMINAL_DIRECT|BEFORE_PREDICATE|DE_PARTICLE|EVENT_TIME|NOMINAL_HEAD|NO_TEMPORAL_EXPRESSION,R_TEMP_KG_ATTR_01|R_TEMP_KG_ATTR_02|R_TEMP_ATTR_01,R_TEMP_KG_ATTR_01,ATTRIBUTE,True,规则正确
B_边界复核集,边界集/鲁棒性分析,保留为边界挑战实例，单独报告,无重复,来源字段完整但仍需正版逐页核验,SENT-0311,AUTH-TAD-0243,我要尽快做完今天的作业。,今天,今天,ATTRIBUTE,可能为时间定语,完全一致,完全一致,完全一致,中等,国际中文教育中文水平等级标准·语法学习手册（中等）,24,你想尽快通过考试，就必须抓紧时间学习,否,纳入477条一致评测集,保留但单独报告；可用于边界分析，不作为主结论唯一依据,正确,不是时间状语,时间定语,权威语法学习手册,第3批,candidate_span,正确,不是时间状语,时间定语,,正确,不是时间状语,时间定语,,正确,不是时间状语,时间定语,,我要尽快做完今天的作业,span:AUTH-TAD-0243,sentence:SENT-0311,6,8,located,ATTR_DE_DIRECT|ATTR_NOMINAL_DIRECT|DE_PARTICLE|NOMINAL_HEAD|TIME_NOUN,R_TEMP_KG_ATTR_01|R_TEMP_KG_ATTR_02|R_TEMP_ATTR_01|R_TEMP_ATTR_03|R_TEMP_KG_ADV_02,R_TEMP_KG_ATTR_01,ATTRIBUTE,True,规则正确
A_主评测候选,主实验/严格评测,保留为高一致主评测实例,无重复,来源字段完整但仍需正版逐页核验,SENT-0363,AUTH-TAD-0244,晚上吃面条儿怎么样?,晚上,晚上,TEMPORAL_ADVERBIAL,,完全一致,完全一致,完全一致,初等,国际中文教育中文水平等级标准·语法学习手册（初等）,248,级语法点 ◎ 补充例句 你们什么时候见面? 他为什么想学中文? 咱们什么时候,否,纳入477条一致评测集,可进入主评测集；仍需抽样核验出处,正确,是时间状语,时间状语,权威语法学习手册,第3批,candidate_span,正确,是时间状语,时间状语,,正确,是时间状语,时间状语,,正确,是时间状语,时间状语,,晚上吃面条儿怎么样,span:AUTH-TAD-0244,sentence:SENT-0363,0,2,located,BEFORE_PREDICATE|EVENT_TIME|SENTENCE_INITIAL|TIME_NOUN,R_TEMP_ADV_01|R_TEMP_ADV_02|R_TEMP_KG_ADV_02,R_TEMP_ADV_01,TEMPORAL_ADVERBIAL,True,规则正确
C_暂不纳入主实验,待复核,暂不进入主实验，优先复核标签,无重复,来源字段完整但仍需正版逐页核验,SENT-0168,AUTH-TAD-0245,别忘了交作业，今天是最后期限了。,今天,今天,OTHER,时间主语/普通时间词边界；非目标时间表达；三人标注不完全一致；至少一名标注者修正片段,多数一致,完全一致,多数一致,高等,国际中文教育中文水平等级标准·语法学习手册（高等）,66,S+)无非+是/就是+NP/VP(+罢了/而已) 每天回家吃饭，无非 就是 那几样菜,否,纳入477条一致评测集,需老师/专家核验；核验前只作错误分析或边界案例,正确,不是时间状语,普通时间名词/词语引用,权威语法学习手册,第3批,candidate_span,正确,不是时间状语,普通时间名词/词语引用,,不是时间表达,不是时间状语,提取错误：不是时间表达,无,正确,不是时间状语,普通时间名词/词语引用,,别忘了交作业今天是最后期限了,span:AUTH-TAD-0245,sentence:SENT-0168,7,9,located,COPULA_SHI|REVIEW_NON_TARGET_RISK|TIME_NOUN,R_TEMP_KG_OTHER_01|R_TEMP_KG_ADV_02,R_TEMP_KG_OTHER_01,OTHER,True,规则正确
C_暂不纳入主实验,待复核,暂不进入主实验，优先复核标签,无重复,来源字段完整但仍需正版逐页核验,SENT-0032,AUTH-TAD-0246,今天一会儿晴，一会儿阴。,今天,今天,OTHER,原表已建议复核/剔除；非目标时间表达；三人标注不完全一致；至少一名标注者修正片段,多数一致,多数一致,平票,初等,国际中文教育中文水平等级标准·语法学习手册（初等）,369,他经常说话不算话，一会儿答 应去，一会儿又说不,是,复核/剔除候选,需老师/专家核验；核验前只作错误分析或边界案例,正确,不是时间状语,普通时间名词/词语引用,权威语法学习手册,第3批,candidate_span,正确,不是时间状语,普通时间名词/词语引用,,不是时间表达,不是时间状语,提取错误：不是时间表达,无,正确,是时间状语,时间状语,,今天一会儿晴一会儿阴,span:AUTH-TAD-0246,sentence:SENT-0032,0,2,located,BEFORE_PREDICATE|EVENT_TIME|REVIEW_NON_TARGET_RISK|SENTENCE_INITIAL|TIME_NOUN,R_TEMP_KG_OTHER_01|R_TEMP_ADV_01|R_TEMP_ADV_02|R_TEMP_KG_ADV_02,R_TEMP_KG_OTHER_01,OTHER,True,规则正确
A_主评测候选,主实验/严格评测,保留为高一致主评测实例,无重复,来源字段完整但仍需正版逐页核验,SENT-0413,AUTH-TAD-0247,老同学，我现在遇到了困难，需要你帮我一把。,现在,现在,TEMPORAL_ADVERBIAL,,完全一致,完全一致,完全一致,高等,国际中文教育中文水平等级标准·语法学习手册（高等）,105,等级标准·语法学习手册(高等) 可不是嘛，我儿子 每天早上七点去上班，晚上九点才能到家,否,纳入477条一致评测集,可进入主评测集；仍需抽样核验出处,正确,是时间状语,时间状语,权威语法学习手册,第3批,candidate_span,正确,是时间状语,时间状语,,正确,是时间状语,时间状语,,正确,是时间状语,时间状语,,老同学我现在遇到了困难需要你帮我一把,span:AUTH-TAD-0247,sentence:SENT-0413,5,7,located,BEFORE_PREDICATE|EVENT_TIME|TIME_ADVERB|TIME_NOUN|TIME_POINT,R_TEMP_ADV_01|R_TEMP_ADV_02|R_TEMP_ADV_19|R_TEMP_ADV_08|R_TEMP_ADV_10,R_TEMP_ADV_01,TEMPORAL_ADVERBIAL,True,规则正确
B_边界复核集,边界集/鲁棒性分析,保留为边界挑战实例，单独报告,无重复,来源字段完整但仍需正版逐页核验,SENT-0406,AUTH-TAD-0248,看到那张照片，我不禁回忆起过去美好的日子。,过去,过去,TEMPORAL_ADVERBIAL,三人标注不完全一致,完全一致,多数一致,多数一致,中等,国际中文教育中文水平等级标准·语法学习手册（中等）,281,点 “不禁”位于主语之后、动词性成分之前，在句中作状语,否,纳入477条一致评测集,保留但单独报告；可用于边界分析，不作为主结论唯一依据,正确,是时间状语,时间状语,权威语法学习手册,第3批,candidate_span,正确,不是时间状语,时间定语,,正确,是时间状语,时间状语,,正确,是时间状语,时间状语,,看到那张照片我不禁回忆起过去美好的日子,span:AUTH-TAD-0248,sentence:SENT-0406,13,15,located,NO_TEMPORAL_EXPRESSION|STATIVE_PREDICATE,,,,False,未覆盖
B_边界复核集,边界集/鲁棒性分析,保留为边界挑战实例，单独报告,无重复,来源字段完整但仍需正版逐页核验,SENT-0260,AUTH-TAD-0249,我不是不帮你寄书，而是邮局已经下班了。,已经,已经,TEMPORAL_ADVERBIAL,时间副词/体貌副词边界,完全一致,完全一致,完全一致,中等,国际中文教育中文水平等级标准·语法学习手册（中等）,92,而 这不是我的书，而 这件事错的不是我，例句 是没时间,否,纳入477条一致评测集,保留但单独报告；可用于边界分析，不作为主结论唯一依据,正确,是时间状语,时间状语,权威语法学习手册,第3批,candidate_span,正确,是时间状语,时间状语,,正确,是时间状语,时间状语,,正确,是时间状语,时间状语,,我不是不帮你寄书而是邮局已经下班了,span:AUTH-TAD-0249,sentence:SENT-0260,13,15,located,TIME_ADVERB|TIME_FREQUENCY,R_TEMP_KG_ADV_01|R_TEMP_ADV_11,R_TEMP_KG_ADV_01,TEMPORAL_ADVERBIAL,True,规则正确
C_暂不纳入主实验,待复核,暂不进入主实验，优先复核标签,无重复,来源字段完整但仍需正版逐页核验,SENT-0179,AUTH-TAD-0250,吉米同玛丽昨天已经离开了北京。,昨天,昨天,TEMPORAL_ADVERBIAL,三人标注不完全一致；至少一名标注者修正片段,多数一致,多数一致,多数一致,中等,国际中文教育中文水平等级标准·语法学习手册（中等）,304,饮料同蛋糕已经准备好了，我们开始吧,否,纳入477条一致评测集,需老师/专家核验；核验前只作错误分析或边界案例,正确,是时间状语,时间状语,权威语法学习手册,第3批,candidate_span,正确,是时间状语,时间状语,,正确,是时间状语,时间状语,,边界不完整,不是时间状语,提取错误：边界不完整,昨天已经,吉米同玛丽昨天已经离开了北京,span:AUTH-TAD-0250,sentence:SENT-0179,5,7,located,BEFORE_PREDICATE|EVENT_TIME|TIME_NOUN,R_TEMP_ADV_01|R_TEMP_ADV_02|R_TEMP_KG_ADV_02,R_TEMP_ADV_01,TEMPORAL_ADVERBIAL,True,规则正确
C_暂不纳入主实验,待复核,暂不进入主实验，优先复核标签,无重复,来源字段完整但仍需正版逐页核验,SENT-0164,AUTH-TAD-0251,几年前曾经下过一场雪。,曾经,曾经,TEMPORAL_ADVERBIAL,时间副词/体貌副词边界；三人标注不完全一致；至少一名标注者修正片段,多数一致,多数一致,多数一致,初等,国际中文教育中文水平等级标准·语法学习手册（初等）,280,级语法点 20 时间副词(3):曾经 【三14】 ◎基本语义及用法 表示某种,否,纳入477条一致评测集,需老师/专家核验；核验前只作错误分析或边界案例,正确,是时间状语,时间状语,权威语法学习手册,第3批,candidate_span,正确,是时间状语,时间状语,,正确,是时间状语,时间状语,,边界不完整,不是时间状语,提取错误：边界不完整,几年前曾经,几年前曾经下过一场雪,span:AUTH-TAD-0251,sentence:SENT-0164,3,5,located,BEFORE_PREDICATE|EVENT_TIME|TIME_ADVERB|TIME_FREQUENCY,R_TEMP_ADV_04|R_TEMP_ADV_19|R_TEMP_KG_ADV_01|R_TEMP_ADV_08|R_TEMP_ADV_11,R_TEMP_ADV_04,TEMPORAL_ADVERBIAL,True,规则正确
C_暂不纳入主实验,待复核,暂不进入主实验，优先复核标签,同句多候选/重复句,来源字段完整但仍需正版逐页核验,SENT-0400,AUTH-TAD-0252,现在都十二点了，按说她早该睡觉了，别给她发短信了。,现在,现在,TEMPORAL_ADVERBIAL,三人标注不完全一致；至少一名标注者修正片段,多数一致,多数一致,多数一致,高等,国际中文教育中文水平等级标准·语法学习手册（高等）,43,◎补充例句 按说这个时候应该下雪了，可今年一场雪还没下,否,纳入477条一致评测集,需老师/专家核验；核验前只作错误分析或边界案例,正确,是时间状语,时间状语,权威语法学习手册,第3批,candidate_span,正确,是时间状语,时间状语,,边界不完整,不是时间状语,提取错误：边界不完整,现在都十二点了,正确,是时间状语,时间状语,,现在都十二点了按说她早该睡觉了别给她发短信了,span:AUTH-TAD-0252,sentence:SENT-0400,0,2,located,ABSTRACT_OR_NON_TARGET_TIME|BEFORE_PREDICATE|EVENT_TIME|SENTENCE_INITIAL|TEMPORAL_COMPARISON_STATE|TIME_ADVERB|TIME_NOUN|TIME_POINT,R_TEMP_KG_OTHER_02|R_TEMP_KG_OTHER_03|R_TEMP_ADV_01|R_TEMP_ADV_02|R_TEMP_ADV_19,R_TEMP_KG_OTHER_02,OTHER,False,规则误判
B_边界复核集,边界集/鲁棒性分析,保留为边界挑战实例，单独报告,无重复,来源字段完整但仍需正版逐页核验,SENT-0284,AUTH-TAD-0253,我先去上班了，晚上见。,晚上,晚上,TEMPORAL_ADVERBIAL,三人标注不完全一致,完全一致,多数一致,多数一致,初等,国际中文教育中文水平等级标准·语法学习手册（初等）,55,级语法点 小提示 “马上”可以用于表达未发生的动作，也可以用于说,否,纳入477条一致评测集,保留但单独报告；可用于边界分析，不作为主结论唯一依据,正确,是时间状语,时间状语,权威语法学习手册,第3批,candidate_span,正确,是时间状语,时间状语,,正确,是时间状语,时间状语,,正确,不是时间状语,普通时间名词/词语引用,,我先去上班了晚上见,span:AUTH-TAD-0253,sentence:SENT-0284,7,9,located,BEFORE_PREDICATE|EVENT_TIME|TIME_NOUN,R_TEMP_ADV_01|R_TEMP_ADV_02|R_TEMP_KG_ADV_02,R_TEMP_ADV_01,TEMPORAL_ADVERBIAL,True,规则正确
B_边界复核集,边界集/鲁棒性分析,保留为边界挑战实例，单独报告,无重复,来源字段完整但仍需正版逐页核验,SENT-0116,AUTH-TAD-0254,他的速度慢我三分钟。,三分钟,三分钟,COMPLEMENT,时量补语/持续时间边界,完全一致,完全一致,完全一致,中等,国际中文教育中文水平等级标准·语法学习手册（中等）,230,◎结构特点 比较句“A+形容词+B+数量补语”中的A和B分别为不同的名词或人称代词,否,纳入477条一致评测集,保留但单独报告；可用于边界分析，不作为主结论唯一依据,正确,不是时间状语,时长补语,权威语法学习手册,第3批,candidate_span,正确,不是时间状语,时长补语,,正确,不是时间状语,时长补语,,正确,不是时间状语,时长补语,,他的速度慢我三分钟,span:AUTH-TAD-0254,sentence:SENT-0116,6,9,located,AFTER_VERB|COMPLEMENT_DURATION_CONTEXT|DURATION_COMPLEMENT|TIME_DURATION,R_TEMP_KG_COMP_01|R_TEMP_COMP_01|R_TEMP_COMP_02|R_TEMP_COMP_07,R_TEMP_KG_COMP_01,COMPLEMENT,True,规则正确
B_边界复核集,边界集/鲁棒性分析,保留为边界挑战实例，单独报告,无重复,来源字段完整但仍需正版逐页核验,SENT-0249,AUTH-TAD-0255,年轻人常常用手机上网。,常常,常常,TEMPORAL_ADVERBIAL,时间副词/体貌副词边界,完全一致,完全一致,完全一致,初等,国际中文教育中文水平等级标准·语法学习手册（初等）,360,” 我明天坐飞机去 我每天坐地铁上班,否,纳入477条一致评测集,保留但单独报告；可用于边界分析，不作为主结论唯一依据,正确,是时间状语,时间状语,权威语法学习手册,第3批,candidate_span,正确,是时间状语,时间状语,,正确,是时间状语,时间状语,,正确,是时间状语,时间状语,,年轻人常常用手机上网,span:AUTH-TAD-0255,sentence:SENT-0249,3,5,located,BEFORE_PREDICATE|EVENT_TIME|TIME_FREQUENCY,R_TEMP_ADV_04|R_TEMP_KG_ADV_01,R_TEMP_ADV_04,TEMPORAL_ADVERBIAL,True,规则正确
B_边界复核集,边界集/鲁棒性分析,保留为边界挑战实例，单独报告,无重复,页面线索缺失,SENT-0042,AUTH-TAD-0256,今天外面降温了，于是我多穿了一件衣服。,今天,今天,TEMPORAL_ADVERBIAL,页面线索缺失,完全一致,完全一致,完全一致,中等,国际中文教育中文水平等级标准·语法学习手册（中等）,97,,否,纳入477条一致评测集,保留但单独报告；可用于边界分析，不作为主结论唯一依据,正确,是时间状语,时间状语,权威语法学习手册,第3批,candidate_span,正确,是时间状语,时间状语,,正确,是时间状语,时间状语,,正确,是时间状语,时间状语,,今天外面降温了于是我多穿了一件衣服,span:AUTH-TAD-0256,sentence:SENT-0042,0,2,located,BEFORE_PREDICATE|EVENT_TIME|SENTENCE_INITIAL|TIME_NOUN,R_TEMP_ADV_01|R_TEMP_ADV_02|R_TEMP_KG_ADV_02,R_TEMP_ADV_01,TEMPORAL_ADVERBIAL,True,规则正确
B_边界复核集,边界集/鲁棒性分析,保留为边界挑战实例，单独报告,无重复,来源字段完整但仍需正版逐页核验,SENT-0162,AUTH-TAD-0257,冷就冷点儿吧，马上就春天了。,马上,马上,TEMPORAL_ADVERBIAL,时间副词/体貌副词边界,完全一致,完全一致,完全一致,初等,国际中文教育中文水平等级标准·语法学习手册（初等）,396,冷就冷点儿吧，马上就春天了,否,纳入477条一致评测集,保留但单独报告；可用于边界分析，不作为主结论唯一依据,正确,是时间状语,时间状语,权威语法学习手册,第3批,candidate_span,正确,是时间状语,时间状语,,正确,是时间状语,时间状语,,正确,是时间状语,时间状语,,冷就冷点儿吧马上就春天了,span:AUTH-TAD-0257,sentence:SENT-0162,7,9,located,BEFORE_PREDICATE|EVENT_TIME|LOCATION_EXPRESSION|NO_TEMPORAL_EXPRESSION|TIME_ADVERB,R_TEMP_OTHER_01|R_TEMP_ADV_19|R_TEMP_ADV_08,R_TEMP_OTHER_01,OTHER,False,规则误判
B_边界复核集,边界集/鲁棒性分析,保留为边界挑战实例，单独报告,无重复,来源字段完整但仍需正版逐页核验,SENT-0372,AUTH-TAD-0258,来中国才一年，他的中文竟然说得这么好了。,一年,一年,COMPLEMENT,时量补语/持续时间边界,完全一致,完全一致,完全一致,中等,国际中文教育中文水平等级标准·语法学习手册（中等）,36,我刚开始也不 学生：老师，我们觉 B:真的吗,否,纳入477条一致评测集,保留但单独报告；可用于边界分析，不作为主结论唯一依据,正确,不是时间状语,时长补语,权威语法学习手册,第3批,candidate_span,正确,不是时间状语,时长补语,,正确,不是时间状语,时长补语,,正确,不是时间状语,时长补语,,来中国才一年他的中文竟然说得这么好了,span:AUTH-TAD-0258,sentence:SENT-0372,4,6,located,AFTER_VERB|COMPLEMENT_DURATION_CONTEXT|DURATION_COMPLEMENT|TIME_DURATION,R_TEMP_KG_COMP_01|R_TEMP_COMP_01|R_TEMP_COMP_02|R_TEMP_COMP_07,R_TEMP_KG_COMP_01,COMPLEMENT,True,规则正确
C_暂不纳入主实验,待复核,暂不进入主实验，优先复核标签,无重复,页面线索缺失,SENT-0051,AUTH-TAD-0259,今天比昨天还凉快。,昨天,昨天,OTHER,页面线索缺失；非目标时间表达；三人标注不完全一致；至少一名标注者修正片段,多数一致,完全一致,多数一致,初等,国际中文教育中文水平等级标准·语法学习手册（初等）,210,,否,纳入477条一致评测集,需老师/专家核验；核验前只作错误分析或边界案例,正确,不是时间状语,普通时间名词/词语引用,权威语法学习手册,第3批,candidate_span,正确,不是时间状语,普通时间名词/词语引用,,不是时间表达,不是时间状语,提取错误：不是时间表达,无,正确,不是时间状语,普通时间名词/词语引用,,今天比昨天还凉快,span:AUTH-TAD-0259,sentence:SENT-0051,3,5,located,BEFORE_PREDICATE|EVENT_TIME|REVIEW_NON_TARGET_RISK|TIME_NOUN,R_TEMP_KG_OTHER_01|R_TEMP_ADV_01|R_TEMP_ADV_02|R_TEMP_KG_ADV_02,R_TEMP_KG_OTHER_01,OTHER,True,规则正确
B_边界复核集,边界集/鲁棒性分析,保留为边界挑战实例，单独报告,无重复,来源字段完整但仍需正版逐页核验,SENT-0131,AUTH-TAD-0260,你先把位置留着，我马上就来。,马上,马上,TEMPORAL_ADVERBIAL,时间副词/体貌副词边界,完全一致,完全一致,完全一致,中等,国际中文教育中文水平等级标准·语法学习手册（中等）,80,你先把位置留着，我马上就来,否,纳入477条一致评测集,保留但单独报告；可用于边界分析，不作为主结论唯一依据,正确,是时间状语,时间状语,权威语法学习手册,第3批,candidate_span,正确,是时间状语,时间状语,,正确,是时间状语,时间状语,,正确,是时间状语,时间状语,,你先把位置留着我马上就来,span:AUTH-TAD-0260,sentence:SENT-0131,9,11,located,LOCATION_EXPRESSION|NO_TEMPORAL_EXPRESSION|TIME_ADVERB,R_TEMP_OTHER_01,R_TEMP_OTHER_01,OTHER,False,规则误判
C_暂不纳入主实验,待复核,暂不进入主实验，优先复核标签,同句多候选/重复句,来源字段完整但仍需正版逐页核验,SENT-0334,AUTH-TAD-0261,明天大概七点起床吧?,明天,明天,TEMPORAL_ADVERBIAL,三人标注不完全一致；至少一名标注者修正片段,多数一致,多数一致,多数一致,初等,国际中文教育中文水平等级标准·语法学习手册（初等）,185,(初等) 小提示 “吧2”具有揣测的语气，所以句中经常有表示揣测、估计的副词，如“也许、大 概,否,纳入477条一致评测集,需老师/专家核验；核验前只作错误分析或边界案例,正确,是时间状语,时间状语,权威语法学习手册,第3批,candidate_span,正确,是时间状语,时间状语,,正确,是时间状语,时间状语,,边界不完整,不是时间状语,提取错误：边界不完整,明天大概七点,明天大概七点起床吧,span:AUTH-TAD-0261,sentence:SENT-0334,0,2,located,BEFORE_PREDICATE|EVENT_TIME|SENTENCE_INITIAL|TIME_NOUN,R_TEMP_ADV_01|R_TEMP_ADV_02|R_TEMP_KG_ADV_02,R_TEMP_ADV_01,TEMPORAL_ADVERBIAL,True,规则正确
A_主评测候选,主实验/严格评测,保留为高一致主评测实例,无重复,来源字段完整但仍需正版逐页核验,SENT-0084,AUTH-TAD-0262,他可能没看清楚吧，我有时也犯这种错。,有时,有时,TEMPORAL_ADVERBIAL,,完全一致,完全一致,完全一致,高等,国际中文教育中文水平等级标准·语法学习手册（高等）,48,(又+)何必+呢? 事情已经解决了，这 又 何必 呢? 为这点儿小事,否,纳入477条一致评测集,可进入主评测集；仍需抽样核验出处,正确,是时间状语,时间状语,权威语法学习手册,第3批,candidate_span,正确,是时间状语,时间状语,,正确,是时间状语,时间状语,,正确,是时间状语,时间状语,,他可能没看清楚吧我有时也犯这种错,span:AUTH-TAD-0262,sentence:SENT-0084,10,12,located,TIME_ADVERB|TIME_FREQUENCY|TIME_NOUN,R_TEMP_KG_ADV_01|R_TEMP_ADV_11|R_TEMP_KG_ADV_02,R_TEMP_KG_ADV_01,TEMPORAL_ADVERBIAL,True,规则正确
B_边界复核集,边界集/鲁棒性分析,保留为边界挑战实例，单独报告,同句多候选/重复句,页面线索缺失,SENT-0044,AUTH-TAD-0263,今天就可以动手，何必明天呢?,今天,今天,TEMPORAL_ADVERBIAL,页面线索缺失,完全一致,完全一致,完全一致,高等,国际中文教育中文水平等级标准·语法学习手册（高等）,190,,否,纳入477条一致评测集,保留但单独报告；可用于边界分析，不作为主结论唯一依据,正确,是时间状语,时间状语,权威语法学习手册,第3批,candidate_span,正确,是时间状语,时间状语,,正确,是时间状语,时间状语,,正确,是时间状语,时间状语,,今天就可以动手何必明天呢,span:AUTH-TAD-0263,sentence:SENT-0044,0,2,located,BEFORE_PREDICATE|EVENT_TIME|SENTENCE_INITIAL|TIME_NOUN,R_TEMP_ADV_01|R_TEMP_ADV_02|R_TEMP_KG_ADV_02,R_TEMP_ADV_01,TEMPORAL_ADVERBIAL,True,规则正确
A_主评测候选,主实验/严格评测,保留为高一致主评测实例,无重复,来源字段完整但仍需正版逐页核验,SENT-0301,AUTH-TAD-0264,我明天下课后就去你那儿。,明天,明天,TEMPORAL_ADVERBIAL,,完全一致,完全一致,完全一致,初等,国际中文教育中文水平等级标准·语法学习手册（初等）,196,级语法点 ◎结构特点 (在+)T/VP+以前/以后/前/后 在 来中国 以前，我只学过一点,否,纳入477条一致评测集,可进入主评测集；仍需抽样核验出处,正确,是时间状语,时间状语,权威语法学习手册,第3批,candidate_span,正确,是时间状语,时间状语,,正确,是时间状语,时间状语,,正确,是时间状语,时间状语,,我明天下课后就去你那儿,span:AUTH-TAD-0264,sentence:SENT-0301,1,3,located,BEFORE_PREDICATE|EVENT_TIME|TIME_NOUN,R_TEMP_ADV_01|R_TEMP_ADV_02|R_TEMP_KG_ADV_02,R_TEMP_ADV_01,TEMPORAL_ADVERBIAL,True,规则正确
A_主评测候选,主实验/严格评测,保留为高一致主评测实例,无重复,来源字段完整但仍需正版逐页核验,SENT-0391,AUTH-TAD-0265,现在很多村庄由于饮用水被污染不得不搬迁。,现在,现在,TEMPORAL_ADVERBIAL,,完全一致,完全一致,完全一致,高等,国际中文教育中文水平等级标准·语法学习手册（高等）,108,我们看到，很多在学校里学习成绩好的学生，工作以后未必表现出色,否,纳入477条一致评测集,可进入主评测集；仍需抽样核验出处,正确,是时间状语,时间状语,权威语法学习手册,第3批,candidate_span,正确,是时间状语,时间状语,,正确,是时间状语,时间状语,,正确,是时间状语,时间状语,,现在很多村庄由于饮用水被污染不得不搬迁,span:AUTH-TAD-0265,sentence:SENT-0391,0,2,located,SENTENCE_INITIAL|TIME_ADVERB|TIME_NOUN|TIME_POINT,R_TEMP_KG_ADV_02,R_TEMP_KG_ADV_02,TEMPORAL_ADVERBIAL,True,规则正确
B_边界复核集,边界集/鲁棒性分析,保留为边界挑战实例，单独报告,无重复,来源字段完整但仍需正版逐页核验,SENT-0322,AUTH-TAD-0266,放假的时候，你通常会做什么?,放假的时候,放假的时候,TEMPORAL_ADVERBIAL,相对时间框架边界,完全一致,完全一致,完全一致,初等,国际中文教育中文水平等级标准·语法学习手册（初等）,291,放假的时候，你通常会做什么? ◎结构特点 “通常”,否,纳入477条一致评测集,保留但单独报告；可用于边界分析，不作为主结论唯一依据,正确,是时间状语,时间状语,权威语法学习手册,第3批,candidate_span,正确,是时间状语,时间状语,,正确,是时间状语,时间状语,,正确,是时间状语,时间状语,,放假的时候你通常会做什么,span:AUTH-TAD-0266,sentence:SENT-0322,0,5,located,BEFORE_PREDICATE|EVENT_TIME|SENTENCE_INITIAL|TIME_NOUN,R_TEMP_ADV_01|R_TEMP_ADV_02|R_TEMP_KG_ADV_02,R_TEMP_ADV_01,TEMPORAL_ADVERBIAL,True,规则正确
B_边界复核集,边界集/鲁棒性分析,保留为边界挑战实例，单独报告,无重复,来源字段完整但仍需正版逐页核验,SENT-0418,AUTH-TAD-0267,而我常常选择在教室里及时复习功课。,常常,常常,TEMPORAL_ADVERBIAL,时间副词/体貌副词边界,完全一致,完全一致,完全一致,高等,国际中文教育中文水平等级标准·语法学习手册（高等）,156,而我常常选择在教室里及时复习功课,否,纳入477条一致评测集,保留但单独报告；可用于边界分析，不作为主结论唯一依据,正确,是时间状语,时间状语,权威语法学习手册,第3批,candidate_span,正确,是时间状语,时间状语,,正确,是时间状语,时间状语,,正确,是时间状语,时间状语,,而我常常选择在教室里及时复习功课,span:AUTH-TAD-0267,sentence:SENT-0418,2,4,located,BEFORE_PREDICATE|EVENT_TIME|TIME_FREQUENCY,R_TEMP_ADV_04|R_TEMP_KG_ADV_01,R_TEMP_ADV_04,TEMPORAL_ADVERBIAL,True,规则正确
C_暂不纳入主实验,错误分析/待复核,暂不进入主实验，等待出处或边界核验,同句多候选/重复句,来源字段完整但仍需正版逐页核验,SENT-0329,AUTH-TAD-0268,早上六点也准醒。,六点,早上六点,OTHER,候选片段与最终片段不一致；非目标时间表达；至少一名标注者修正片段,完全一致,完全一致,完全一致,中等,国际中文教育中文水平等级标准·语法学习手册（中等）,241,这次他即使赢得了比赛，以后也不能再打球了,否,纳入477条一致评测集,需老师/专家核验；核验前只作错误分析或边界案例,边界不完整,不是时间状语,提取错误：边界不完整,权威语法学习手册,第3批,majority_fixed_span,边界不完整,不是时间状语,提取错误：边界不完整,早上六点,边界不完整,不是时间状语,提取错误：边界不完整,早上六点,边界不完整,不是时间状语,提取错误：边界不完整,无,早上六点也准醒,span:AUTH-TAD-0268,sentence:SENT-0329,2,4,located,BEFORE_PREDICATE|EVENT_TIME|NO_TEMPORAL_EXPRESSION|REVIEW_NON_TARGET_RISK,R_TEMP_KG_OTHER_01,R_TEMP_KG_OTHER_01,OTHER,True,规则正确
A_主评测候选,主实验/严格评测,保留为高一致主评测实例,同句多候选/重复句,来源字段完整但仍需正版逐页核验,SENT-0358,AUTH-TAD-0269,是啊，今天零下三十度，是今年最冷的一天了。,今天,今天,TEMPORAL_ADVERBIAL,,完全一致,完全一致,完全一致,高等,国际中文教育中文水平等级标准·语法学习手册（高等）,67,小提示 “幸好”在承接上文后，如果语义已经很明确时，后面的分句可以不出现,否,纳入477条一致评测集,可进入主评测集；仍需抽样核验出处,正确,是时间状语,时间状语,权威语法学习手册,第3批,candidate_span,正确,是时间状语,时间状语,,正确,是时间状语,时间状语,,正确,是时间状语,时间状语,,是啊今天零下三十度是今年最冷的一天了,span:AUTH-TAD-0269,sentence:SENT-0358,3,5,located,BEFORE_PREDICATE|EVENT_TIME|TIME_NOUN,R_TEMP_ADV_01|R_TEMP_ADV_02|R_TEMP_KG_ADV_02,R_TEMP_ADV_01,TEMPORAL_ADVERBIAL,True,规则正确
B_边界复核集,边界集/鲁棒性分析,保留为边界挑战实例，单独报告,同句多候选/重复句,来源字段完整但仍需正版逐页核验,SENT-0315,AUTH-TAD-0270,我觉得真正要演好一个角色，别说三个月了，即使花一年以上也很难。,一年,一年,COMPLEMENT,时量补语/持续时间边界,完全一致,完全一致,完全一致,高等,国际中文教育中文水平等级标准·语法学习手册（高等）,139,即使是年轻人也要花好长时间才能登上这座山，别说老年人了,否,纳入477条一致评测集,保留但单独报告；可用于边界分析，不作为主结论唯一依据,正确,不是时间状语,时长补语,权威语法学习手册,第3批,candidate_span,正确,不是时间状语,时长补语,,正确,不是时间状语,时长补语,,正确,不是时间状语,时长补语,,我觉得真正要演好一个角色别说三个月了即使花一年以上也很难,span:AUTH-TAD-0270,sentence:SENT-0315,23,25,located,AFTER_VERB|COMPLEMENT_DURATION_CONTEXT|DURATION_COMPLEMENT|TIME_DURATION,R_TEMP_KG_COMP_01|R_TEMP_COMP_01|R_TEMP_COMP_02|R_TEMP_COMP_07,R_TEMP_KG_COMP_01,COMPLEMENT,True,规则正确
B_边界复核集,边界集/鲁棒性分析,保留为边界挑战实例，单独报告,无重复,来源字段完整但仍需正版逐页核验,SENT-0192,AUTH-TAD-0271,因为今天下雨，我们没去爬山。,今天,今天,TEMPORAL_ADVERBIAL,三人标注不完全一致,完全一致,完全一致,多数一致,初等,国际中文教育中文水平等级标准·语法学习手册（初等）,237,因为我们经常通信，所以他的 事我都知道,否,纳入477条一致评测集,保留但单独报告；可用于边界分析，不作为主结论唯一依据,正确,是时间状语,时间状语,权威语法学习手册,第3批,candidate_span,正确,是时间状语,时间状语,,正确,是时间状语,时间状语,,正确,是时间状语,时长补语,,因为今天下雨我们没去爬山,span:AUTH-TAD-0271,sentence:SENT-0192,2,4,located,BEFORE_PREDICATE|EVENT_TIME|TIME_NOUN,R_TEMP_ADV_01|R_TEMP_ADV_02|R_TEMP_KG_ADV_02,R_TEMP_ADV_01,TEMPORAL_ADVERBIAL,True,规则正确
B_边界复核集,边界集/鲁棒性分析,保留为边界挑战实例，单独报告,无重复,页面线索缺失,SENT-0147,AUTH-TAD-0272,你最好现在就出发，否则上课会迟到。,现在,现在,TEMPORAL_ADVERBIAL,页面线索缺失,完全一致,完全一致,完全一致,中等,国际中文教育中文水平等级标准·语法学习手册（中等）,102,,否,纳入477条一致评测集,保留但单独报告；可用于边界分析，不作为主结论唯一依据,正确,是时间状语,时间状语,权威语法学习手册,第3批,candidate_span,正确,是时间状语,时间状语,,正确,是时间状语,时间状语,,正确,是时间状语,时间状语,,你最好现在就出发否则上课会迟到,span:AUTH-TAD-0272,sentence:SENT-0147,3,5,located,BEFORE_PREDICATE|EVENT_TIME|TIME_ADVERB|TIME_NOUN|TIME_POINT,R_TEMP_ADV_01|R_TEMP_ADV_02|R_TEMP_ADV_19|R_TEMP_ADV_08|R_TEMP_ADV_10,R_TEMP_ADV_01,TEMPORAL_ADVERBIAL,True,规则正确
C_暂不纳入主实验,待复核,暂不进入主实验，优先复核标签,同句多候选/重复句,来源字段完整但仍需正版逐页核验,SENT-0064,AUTH-TAD-0273,今年年初以来，我已经回过五次老家了。,年初以来,今年年初以来,OTHER,相对时间框架边界；候选片段与最终片段不一致；非目标时间表达；三人标注不完全一致；至少一名标注者修正片段,多数一致,多数一致,多数一致,中等,国际中文教育中文水平等级标准·语法学习手册（中等）,66,自开业以来，这个饭馆的生意每天都很好,否,纳入477条一致评测集,需老师/专家核验；核验前只作错误分析或边界案例,边界不完整,不是时间状语,提取错误：边界不完整,权威语法学习手册,第3批,majority_fixed_span,正确,是时间状语,时间状语,,边界不完整,不是时间状语,提取错误：边界不完整,今年年初以来,边界不完整,不是时间状语,提取错误：边界不完整,今年年初以来,今年年初以来我已经回过五次老家了,span:AUTH-TAD-0273,sentence:SENT-0064,2,6,located,BEFORE_PREDICATE|EVENT_TIME|NO_TEMPORAL_EXPRESSION|REVIEW_NON_TARGET_RISK,R_TEMP_KG_OTHER_01,R_TEMP_KG_OTHER_01,OTHER,True,规则正确
A_主评测候选,主实验/严格评测,保留为高一致主评测实例,无重复,来源字段完整但仍需正版逐页核验,SENT-0025,AUTH-TAD-0274,也不能每天不吃饭。,每天,每天,TEMPORAL_ADVERBIAL,,完全一致,完全一致,完全一致,中等,国际中文教育中文水平等级标准·语法学习手册（中等）,356,话 就算成绩最好的 例句 同学也无法回答 就是你想马上瘦下来 就算他做错了你也要 这个问题,否,纳入477条一致评测集,可进入主评测集；仍需抽样核验出处,正确,是时间状语,时间状语,权威语法学习手册,第3批,candidate_span,正确,是时间状语,时间状语,,正确,是时间状语,时间状语,,正确,是时间状语,时间状语,,也不能每天不吃饭,span:AUTH-TAD-0274,sentence:SENT-0025,3,5,located,BEFORE_PREDICATE|EVENT_TIME|TIME_FREQUENCY,R_TEMP_ADV_04|R_TEMP_KG_ADV_01,R_TEMP_ADV_04,TEMPORAL_ADVERBIAL,True,规则正确
B_边界复核集,边界集/鲁棒性分析,保留为边界挑战实例，单独报告,同句多候选/重复句,来源字段完整但仍需正版逐页核验,SENT-0315,AUTH-TAD-0275,我觉得真正要演好一个角色，别说三个月了，即使花一年以上也很难。,三个月,三个月,COMPLEMENT,时量补语/持续时间边界；三人标注不完全一致,完全一致,完全一致,多数一致,高等,国际中文教育中文水平等级标准·语法学习手册（高等）,139,即使是年轻人也要花好长时间才能登上这座山，别说老年人了,否,纳入477条一致评测集,保留但单独报告；可用于边界分析，不作为主结论唯一依据,正确,不是时间状语,时长补语,权威语法学习手册,第3批,candidate_span,正确,不是时间状语,普通时间名词/词语引用,,正确,不是时间状语,时长补语,,正确,不是时间状语,时长补语,,我觉得真正要演好一个角色别说三个月了即使花一年以上也很难,span:AUTH-TAD-0275,sentence:SENT-0315,15,18,located,AFTER_VERB|COMPLEMENT_DURATION_CONTEXT|DURATION_COMPLEMENT|TIME_DURATION,R_TEMP_KG_COMP_01|R_TEMP_COMP_01|R_TEMP_COMP_02|R_TEMP_COMP_07,R_TEMP_KG_COMP_01,COMPLEMENT,True,规则正确
A_主评测候选,主实验/严格评测,保留为高一致主评测实例,无重复,来源字段完整但仍需正版逐页核验,SENT-0330,AUTH-TAD-0276,早上我吃了两个包子。,早上,早上,TEMPORAL_ADVERBIAL,,完全一致,完全一致,完全一致,初等,国际中文教育中文水平等级标准·语法学习手册（初等）,75,级语法点 小提示 短语作状语时，后边一般要用“地”,否,纳入477条一致评测集,可进入主评测集；仍需抽样核验出处,正确,是时间状语,时间状语,权威语法学习手册,第3批,candidate_span,正确,是时间状语,时间状语,,正确,是时间状语,时间状语,,正确,是时间状语,时间状语,,早上我吃了两个包子,span:AUTH-TAD-0276,sentence:SENT-0330,0,2,located,BEFORE_PREDICATE|EVENT_TIME|SENTENCE_INITIAL|TIME_NOUN,R_TEMP_ADV_01|R_TEMP_ADV_02|R_TEMP_KG_ADV_02,R_TEMP_ADV_01,TEMPORAL_ADVERBIAL,True,规则正确
B_边界复核集,边界集/鲁棒性分析,保留为边界挑战实例，单独报告,无重复,来源字段完整但仍需正版逐页核验,SENT-0126,AUTH-TAD-0277,你今天的发言格外有水平。,今天,今天,ATTRIBUTE,可能为时间定语,完全一致,完全一致,完全一致,中等,国际中文教育中文水平等级标准·语法学习手册（中等）,15,◎ 结构特点 “格外”用在形容词或动词性成分前，作状语,否,纳入477条一致评测集,保留但单独报告；可用于边界分析，不作为主结论唯一依据,正确,不是时间状语,时间定语,权威语法学习手册,第3批,candidate_span,正确,不是时间状语,时间定语,,正确,不是时间状语,时间定语,,正确,不是时间状语,时间定语,,你今天的发言格外有水平,span:AUTH-TAD-0277,sentence:SENT-0126,1,3,located,ATTR_DE_DIRECT|ATTR_NOMINAL_DIRECT|DE_PARTICLE|NOMINAL_HEAD|TIME_NOUN,R_TEMP_KG_ATTR_01|R_TEMP_KG_ATTR_02|R_TEMP_ATTR_01|R_TEMP_ATTR_03|R_TEMP_KG_ADV_02,R_TEMP_KG_ATTR_01,ATTRIBUTE,True,规则正确
C_暂不纳入主实验,错误分析/待复核,暂不进入主实验，等待出处或边界核验,无重复,来源字段完整但仍需正版逐页核验,SENT-0187,AUTH-TAD-0278,周末的时候，她一向在咖啡馆学习。,周末,周末的时候,OTHER,相对时间框架边界；可能为时间定语；候选片段与最终片段不一致；非目标时间表达；至少一名标注者修正片段,完全一致,完全一致,完全一致,中等,国际中文教育中文水平等级标准·语法学习手册（中等）,158,一向”表示长期稳定、具有规律的状态，不能和表示具体时间的词同时出现,否,纳入477条一致评测集,需老师/专家核验；核验前只作错误分析或边界案例,边界不完整,不是时间状语,提取错误：边界不完整,权威语法学习手册,第3批,majority_fixed_span,边界不完整,不是时间状语,提取错误：边界不完整,周末的时候,边界不完整,不是时间状语,提取错误：边界不完整,周末的时候,边界不完整,不是时间状语,提取错误：边界不完整,周末的时候,周末的时候她一向在咖啡馆学习,span:AUTH-TAD-0278,sentence:SENT-0187,0,2,located,BEFORE_PREDICATE|DE_PARTICLE|EVENT_TIME|REVIEW_NON_TARGET_RISK|SENTENCE_INITIAL|TIME_NOUN,R_TEMP_KG_OTHER_01|R_TEMP_ADV_01|R_TEMP_ADV_02|R_TEMP_KG_ADV_02,R_TEMP_KG_OTHER_01,OTHER,True,规则正确
B_边界复核集,边界集/鲁棒性分析,保留为边界挑战实例，单独报告,无重复,页面线索缺失,SENT-0422,AUTH-TAD-0279,行，我们最后一次一起爬山已是十年前，往事久矣。,十年,十年,COMPLEMENT,页面线索缺失；时量补语/持续时间边界；三人标注不完全一致,完全一致,多数一致,多数一致,高等,国际中文教育中文水平等级标准·语法学习手册（高等）,87,,否,纳入477条一致评测集,保留但单独报告；可用于边界分析，不作为主结论唯一依据,正确,不是时间状语,时长补语,权威语法学习手册,第3批,candidate_span,正确,不是时间状语,时长补语,,正确,是时间状语,时间状语,,正确,不是时间状语,时长补语,,行我们最后一次一起爬山已是十年前往事久矣,span:AUTH-TAD-0279,sentence:SENT-0422,14,16,located,AFTER_VERB|COMPLEMENT_DURATION_CONTEXT|DURATION_COMPLEMENT|TIME_AFTER_BEFORE|TIME_DURATION,R_TEMP_KG_COMP_01|R_TEMP_COMP_01|R_TEMP_COMP_02|R_TEMP_COMP_07|R_TEMP_COMP_08,R_TEMP_KG_COMP_01,COMPLEMENT,True,规则正确
C_暂不纳入主实验,错误分析/待复核,暂不进入主实验，等待出处或边界核验,同句多候选/重复句,来源字段完整但仍需正版逐页核验,SENT-0368,AUTH-TAD-0280,有的学校下午三点放学。,下午,下午三点,OTHER,候选片段与最终片段不一致；非目标时间表达；至少一名标注者修正片段,完全一致,完全一致,完全一致,初等,国际中文教育中文水平等级标准·语法学习手册（初等）,44,我太忙了，没时间做别的事,否,纳入477条一致评测集,需老师/专家核验；核验前只作错误分析或边界案例,边界不完整,不是时间状语,提取错误：边界不完整,权威语法学习手册,第3批,majority_fixed_span,边界不完整,不是时间状语,提取错误：边界不完整,下午三点,边界不完整,不是时间状语,提取错误：边界不完整,下午三点,边界不完整,不是时间状语,提取错误：边界不完整,下午三点,有的学校下午三点放学,span:AUTH-TAD-0280,sentence:SENT-0368,4,6,located,AFTER_VERB|BEFORE_PREDICATE|COMPLEMENT_DURATION_CONTEXT|DURATION_COMPLEMENT|EVENT_TIME|REVIEW_NON_TARGET_RISK|TIME_NOUN|TIME_POINT,R_TEMP_KG_OTHER_01|R_TEMP_KG_COMP_01|R_TEMP_ADV_01|R_TEMP_ADV_02|R_TEMP_ADV_10,R_TEMP_KG_OTHER_01,OTHER,True,规则正确
C_暂不纳入主实验,待复核,暂不进入主实验，优先复核标签,无重复,来源字段完整但仍需正版逐页核验,SENT-0327,AUTH-TAD-0281,日子一天一天过去了。,一天,一天,OTHER,原表已建议复核/剔除；时量补语/持续时间边界；非目标时间表达；三人标注不完全一致；至少一名标注者修正片段,多数一致,完全一致,多数一致,初等,国际中文教育中文水平等级标准·语法学习手册（初等）,332,例如： *电话里已经告诉他了，另外的我又写了一封信过去,是,复核/剔除候选,需老师/专家核验；核验前只作错误分析或边界案例,不是时间表达,不是时间状语,提取错误：不是时间表达,权威语法学习手册,第3批,candidate_span,不是时间表达,不是时间状语,提取错误：不是时间表达,,边界不完整,不是时间状语,提取错误：边界不完整,一天一天,不是时间表达,不是时间状语,提取错误：不是时间表达,无,日子一天一天过去了,span:AUTH-TAD-0281,sentence:SENT-0327,2,4,located,BEFORE_PREDICATE|EVENT_TIME|INDEFINITE_TIME|REVIEW_NON_TARGET_RISK|TIME_DURATION|TIME_POINT,R_TEMP_KG_OTHER_01|R_TEMP_ADV_14,R_TEMP_KG_OTHER_01,OTHER,True,规则正确
C_暂不纳入主实验,待复核,暂不进入主实验，优先复核标签,无重复,来源字段完整但仍需正版逐页核验,SENT-0231,AUTH-TAD-0282,学了一年，中村总算学会了几首中文歌。,一年,一年,COMPLEMENT,时量补语/持续时间边界；三人标注不完全一致；至少一名标注者修正片段,多数一致,完全一致,多数一致,中等,国际中文教育中文水平等级标准·语法学习手册（中等）,174,交际实践 ◎补充例句 调查了很长时间，事情总算搞清楚了,否,纳入477条一致评测集,需老师/专家核验；核验前只作错误分析或边界案例,正确,不是时间状语,时长补语,权威语法学习手册,第3批,candidate_span,正确,不是时间状语,时长补语,,正确,不是时间状语,时长补语,,漏检：有目标时间状语,不是时间状语,漏检,总算,学了一年中村总算学会了几首中文歌,span:AUTH-TAD-0282,sentence:SENT-0231,2,4,located,AFTER_VERB|COMPLEMENT_DURATION_CONTEXT|DURATION_COMPLEMENT|TIME_DURATION,R_TEMP_KG_COMP_01|R_TEMP_COMP_01|R_TEMP_COMP_02|R_TEMP_COMP_07,R_TEMP_KG_COMP_01,COMPLEMENT,True,规则正确
C_暂不纳入主实验,待复核,暂不进入主实验，优先复核标签,无重复,来源字段完整但仍需正版逐页核验,SENT-0314,AUTH-TAD-0283,我觉得头晕胸闷，感觉脉搏的跳动时有时无。,有时,有时,OTHER,非目标时间表达；三人标注不完全一致；出现不确定标注；至少一名标注者修正片段,多数一致,多数一致,多数一致,高等,国际中文教育中文水平等级标准·语法学习手册（高等）,97,外面的雪时大时小，短时间内停不下来,否,纳入477条一致评测集,需老师/专家核验；核验前只作错误分析或边界案例,不是时间表达,不是时间状语,提取错误：不是时间表达,权威语法学习手册,第3批,candidate_span,不是时间表达,不是时间状语,提取错误：不是时间表达,,不确定,不确定,其他/不确定,,不是时间表达,不是时间状语,提取错误：不是时间表达,无,我觉得头晕胸闷感觉脉搏的跳动时有时无,span:AUTH-TAD-0283,sentence:SENT-0314,16,18,located,REVIEW_NON_TARGET_RISK|TIME_ADVERB|TIME_FREQUENCY|TIME_NOUN,R_TEMP_KG_OTHER_01|R_TEMP_KG_ADV_01|R_TEMP_ADV_11|R_TEMP_KG_ADV_02,R_TEMP_KG_OTHER_01,OTHER,True,规则正确
A_主评测候选,主实验/严格评测,保留为高一致主评测实例,无重复,来源字段完整但仍需正版逐页核验,SENT-0078,AUTH-TAD-0284,他们今天忙死了。,今天,今天,TEMPORAL_ADVERBIAL,,完全一致,完全一致,完全一致,初等,国际中文教育中文水平等级标准·语法学习手册（初等）,349,参加 不了 明天的比赛? 小提示 (1)充当可能补语的只能是单个形容词或单个动词，不加修饰成,否,纳入477条一致评测集,可进入主评测集；仍需抽样核验出处,正确,是时间状语,时间状语,权威语法学习手册,第3批,candidate_span,正确,是时间状语,时间状语,,正确,是时间状语,时间状语,,正确,是时间状语,时间状语,,他们今天忙死了,span:AUTH-TAD-0284,sentence:SENT-0078,2,4,located,BEFORE_PREDICATE|EVENT_TIME|STATIVE_PREDICATE|TIME_NOUN,R_TEMP_ADV_01|R_TEMP_ADV_02|R_TEMP_KG_ADV_02,R_TEMP_ADV_01,TEMPORAL_ADVERBIAL,True,规则正确
A_主评测候选,主实验/严格评测,保留为高一致主评测实例,无重复,来源字段完整但仍需正版逐页核验,SENT-0214,AUTH-TAD-0285,她每天都穿得漂漂亮亮的。,每天,每天,TEMPORAL_ADVERBIAL,,完全一致,完全一致,完全一致,初等,国际中文教育中文水平等级标准·语法学习手册（初等）,134,她很喜欢笑，每天都开开心 心的,否,纳入477条一致评测集,可进入主评测集；仍需抽样核验出处,正确,是时间状语,时间状语,权威语法学习手册,第3批,candidate_span,正确,是时间状语,时间状语,,正确,是时间状语,时间状语,,正确,是时间状语,时间状语,,她每天都穿得漂漂亮亮的,span:AUTH-TAD-0285,sentence:SENT-0214,1,3,located,BEFORE_PREDICATE|EVENT_TIME|TIME_FREQUENCY,R_TEMP_ADV_04|R_TEMP_KG_ADV_01,R_TEMP_ADV_04,TEMPORAL_ADVERBIAL,True,规则正确
A_主评测候选,主实验/严格评测,保留为高一致主评测实例,无重复,来源字段完整但仍需正版逐页核验,SENT-0286,AUTH-TAD-0286,我前天在路上意外地碰见了多年没见的老朋友。,前天,前天,TEMPORAL_ADVERBIAL,,完全一致,完全一致,完全一致,中等,国际中文教育中文水平等级标准·语法学习手册（中等）,381,学校正在校园里建食堂,否,纳入477条一致评测集,可进入主评测集；仍需抽样核验出处,正确,是时间状语,时间状语,权威语法学习手册,第3批,candidate_span,正确,是时间状语,时间状语,,正确,是时间状语,时间状语,,正确,是时间状语,时间状语,,我前天在路上意外地碰见了多年没见的老朋友,span:AUTH-TAD-0286,sentence:SENT-0286,1,3,located,BEFORE_PREDICATE|EVENT_TIME|NO_TEMPORAL_EXPRESSION|TIME_AFTER_BEFORE,R_TEMP_ADV_05,R_TEMP_ADV_05,TEMPORAL_ADVERBIAL,True,规则正确
C_暂不纳入主实验,待复核,暂不进入主实验，优先复核标签,无重复,来源字段完整但仍需正版逐页核验,SENT-0379,AUTH-TAD-0287,汽车从我旁边过去了。,过去,过去,OTHER,非目标时间表达；三人标注不完全一致；出现不确定标注；至少一名标注者修正片段,多数一致,多数一致,多数一致,初等,国际中文教育中文水平等级标准·语法学习手册（初等）,173,平等级标准·语法学习手册(初等) ◎ 补充例句 我刚从他们面前经过,否,纳入477条一致评测集,需老师/专家核验；核验前只作错误分析或边界案例,不是时间表达,不是时间状语,提取错误：不是时间表达,权威语法学习手册,第3批,candidate_span,不是时间表达,不是时间状语,提取错误：不是时间表达,,不确定,不确定,其他/不确定,,不是时间表达,不是时间状语,提取错误：不是时间表达,无,汽车从我旁边过去了,span:AUTH-TAD-0287,sentence:SENT-0379,6,8,located,BEFORE_PREDICATE|EVENT_TIME|NO_TEMPORAL_EXPRESSION|REVIEW_NON_TARGET_RISK,R_TEMP_KG_OTHER_01,R_TEMP_KG_OTHER_01,OTHER,True,规则正确
C_暂不纳入主实验,待复核,暂不进入主实验，优先复核标签,同句多候选/重复句,来源字段完整但仍需正版逐页核验,SENT-0246,AUTH-TAD-0288,已经十一点了，快睡吧。,已经,已经,TEMPORAL_ADVERBIAL,时间副词/体貌副词边界；三人标注不完全一致；至少一名标注者修正片段,多数一致,多数一致,多数一致,初等,国际中文教育中文水平等级标准·语法学习手册（初等）,152,级语法点 例句 校长已经下班了,否,纳入477条一致评测集,需老师/专家核验；核验前只作错误分析或边界案例,正确,是时间状语,时间状语,权威语法学习手册,第3批,candidate_span,正确,是时间状语,时间状语,,边界不完整,不是时间状语,提取错误：边界不完整,已经十一点了,正确,是时间状语,时间状语,,已经十一点了快睡吧,span:AUTH-TAD-0288,sentence:SENT-0246,0,2,located,BEFORE_PREDICATE|EVENT_TIME|SENTENCE_INITIAL|TIME_ADVERB|TIME_FREQUENCY,R_TEMP_ADV_04|R_TEMP_ADV_19|R_TEMP_KG_ADV_01|R_TEMP_ADV_08|R_TEMP_ADV_11,R_TEMP_ADV_04,TEMPORAL_ADVERBIAL,True,规则正确
C_暂不纳入主实验,待复核,暂不进入主实验，优先复核标签,同句多候选/重复句,来源字段完整但仍需正版逐页核验,SENT-0395,AUTH-TAD-0289,现在爸爸的精力比过去越发充沛了。,过去,过去,OTHER,原表已建议复核/剔除；非目标时间表达；三人标注不完全一致；至少一名标注者修正片段,多数一致,多数一致,平票,高等,国际中文教育中文水平等级标准·语法学习手册（高等）,21,特点 “越发”用于比较句，句中一般要出现两个不同的时间，有时表示两个时间的成 分在上下文中可以,是,复核/剔除候选,需老师/专家核验；核验前只作错误分析或边界案例,正确,不是时间状语,普通时间名词/词语引用,权威语法学习手册,第3批,candidate_span,正确,不是时间状语,普通时间名词/词语引用,,正确,是时间状语,时间状语,,漏检：有目标时间状语,不是时间状语,漏检,现在,现在爸爸的精力比过去越发充沛了,span:AUTH-TAD-0289,sentence:SENT-0395,8,10,located,BEFORE_PREDICATE|EVENT_TIME|NO_TEMPORAL_EXPRESSION|REVIEW_NON_TARGET_RISK,R_TEMP_KG_OTHER_01,R_TEMP_KG_OTHER_01,OTHER,True,规则正确
A_主评测候选,主实验/严格评测,保留为高一致主评测实例,无重复,来源字段完整但仍需正版逐页核验,SENT-0181,AUTH-TAD-0290,同学们或是独立思考，或是小组讨论，答案目前还没出来。,目前,目前,TEMPORAL_ADVERBIAL,,完全一致,完全一致,完全一致,中等,国际中文教育中文水平等级标准·语法学习手册（中等）,231,例句 这件事或是哥哥做 你或是参加这次考 休息的时候，我或 的，或是弟弟做的,否,纳入477条一致评测集,可进入主评测集；仍需抽样核验出处,正确,是时间状语,时间状语,权威语法学习手册,第3批,candidate_span,正确,是时间状语,时间状语,,正确,是时间状语,时间状语,,正确,是时间状语,时间状语,,同学们或是独立思考或是小组讨论答案目前还没出来,span:AUTH-TAD-0290,sentence:SENT-0181,19,21,located,TIME_ADVERB|TIME_AFTER_BEFORE|TIME_FREQUENCY|TIME_NOUN|TIME_POINT,R_TEMP_KG_ADV_01|R_TEMP_ADV_11|R_TEMP_KG_ADV_02,R_TEMP_KG_ADV_01,TEMPORAL_ADVERBIAL,True,规则正确
A_主评测候选,主实验/严格评测,保留为高一致主评测实例,无重复,来源字段完整但仍需正版逐页核验,SENT-0354,AUTH-TAD-0291,昨天我没/没有看电视。,昨天,昨天,TEMPORAL_ADVERBIAL,,完全一致,完全一致,完全一致,初等,国际中文教育中文水平等级标准·语法学习手册（初等）,65,◎结构特点 “没、没有”在动词性成分前，表示对已经发生或曾经发生的动作行为的否定； 在形容,否,纳入477条一致评测集,可进入主评测集；仍需抽样核验出处,正确,是时间状语,时间状语,权威语法学习手册,第3批,candidate_span,正确,是时间状语,时间状语,,正确,是时间状语,时间状语,,正确,是时间状语,时间状语,,昨天我没/没有看电视,span:AUTH-TAD-0291,sentence:SENT-0354,0,2,located,BEFORE_PREDICATE|EVENT_TIME|SENTENCE_INITIAL|TIME_NOUN,R_TEMP_ADV_01|R_TEMP_ADV_02|R_TEMP_KG_ADV_02,R_TEMP_ADV_01,TEMPORAL_ADVERBIAL,True,规则正确
B_边界复核集,边界集/鲁棒性分析,保留为边界挑战实例，单独报告,无重复,页面线索缺失,SENT-0266,AUTH-TAD-0292,我从家走到学校要三四十分钟。,三四十分钟,三四十分钟,COMPLEMENT,页面线索缺失；时量补语/持续时间边界,完全一致,完全一致,完全一致,初等,国际中文教育中文水平等级标准·语法学习手册（初等）,386,,否,纳入477条一致评测集,保留但单独报告；可用于边界分析，不作为主结论唯一依据,正确,不是时间状语,时长补语,权威语法学习手册,第3批,candidate_span,正确,不是时间状语,时长补语,,正确,不是时间状语,时长补语,,正确,不是时间状语,时长补语,,我从家走到学校要三四十分钟,span:AUTH-TAD-0292,sentence:SENT-0266,8,13,located,AFTER_VERB|COMPLEMENT_DURATION_CONTEXT|DURATION_COMPLEMENT|TIME_DURATION,R_TEMP_KG_COMP_01|R_TEMP_COMP_01|R_TEMP_COMP_02|R_TEMP_COMP_07,R_TEMP_KG_COMP_01,COMPLEMENT,True,规则正确
B_边界复核集,边界集/鲁棒性分析,保留为边界挑战实例，单独报告,无重复,页面线索缺失,SENT-0333,AUTH-TAD-0293,明天也许会下雨。,明天,明天,TEMPORAL_ADVERBIAL,页面线索缺失,完全一致,完全一致,完全一致,初等,国际中文教育中文水平等级标准·语法学习手册（初等）,163,,否,纳入477条一致评测集,保留但单独报告；可用于边界分析，不作为主结论唯一依据,正确,是时间状语,时间状语,权威语法学习手册,第3批,candidate_span,正确,是时间状语,时间状语,,正确,是时间状语,时间状语,,正确,是时间状语,时间状语,,明天也许会下雨,span:AUTH-TAD-0293,sentence:SENT-0333,0,2,located,BEFORE_PREDICATE|EVENT_TIME|SENTENCE_INITIAL|TIME_NOUN,R_TEMP_ADV_01|R_TEMP_ADV_02|R_TEMP_KG_ADV_02,R_TEMP_ADV_01,TEMPORAL_ADVERBIAL,True,规则正确
B_边界复核集,边界集/鲁棒性分析,保留为边界挑战实例，单独报告,同句多候选/重复句,来源字段完整但仍需正版逐页核验,SENT-0404,AUTH-TAD-0294,目前的情况与去年完全不同。,目前,目前,ATTRIBUTE,可能为时间定语,完全一致,完全一致,完全一致,中等,国际中文教育中文水平等级标准·语法学习手册（中等）,296,的时候，我们要敢 于与困难做斗争,否,纳入477条一致评测集,保留但单独报告；可用于边界分析，不作为主结论唯一依据,正确,不是时间状语,时间定语,权威语法学习手册,第3批,candidate_span,正确,不是时间状语,时间定语,,正确,不是时间状语,时间定语,,正确,不是时间状语,时间定语,,目前的情况与去年完全不同,span:AUTH-TAD-0294,sentence:SENT-0404,0,2,located,ATTR_DE_DIRECT|BEFORE_PREDICATE|DE_PARTICLE|EVENT_TIME|SENTENCE_INITIAL|TIME_ADVERB|TIME_AFTER_BEFORE|TIME_FREQUENCY|TIME_NOUN|TIME_POINT,R_TEMP_KG_ATTR_01|R_TEMP_ADV_01|R_TEMP_ADV_02|R_TEMP_ADV_04|R_TEMP_ADV_19,R_TEMP_KG_ATTR_01,ATTRIBUTE,True,规则正确
B_边界复核集,边界集/鲁棒性分析,保留为边界挑战实例，单独报告,无重复,来源字段完整但仍需正版逐页核验,SENT-0177,AUTH-TAD-0295,可不是，警察都已经来了。,已经,已经,TEMPORAL_ADVERBIAL,时间副词/体貌副词边界,完全一致,完全一致,完全一致,高等,国际中文教育中文水平等级标准·语法学习手册（高等）,104,◎ 典型例句和对话 例句 交际实践 可不是，警察都已经 (在小区门口，询问出了什么事) 来了,否,纳入477条一致评测集,保留但单独报告；可用于边界分析，不作为主结论唯一依据,正确,是时间状语,时间状语,权威语法学习手册,第3批,candidate_span,正确,是时间状语,时间状语,,正确,是时间状语,时间状语,,正确,是时间状语,时间状语,,可不是警察都已经来了,span:AUTH-TAD-0295,sentence:SENT-0177,7,9,located,BEFORE_PREDICATE|EVENT_TIME|TIME_ADVERB|TIME_FREQUENCY,R_TEMP_ADV_04|R_TEMP_ADV_19|R_TEMP_KG_ADV_01|R_TEMP_ADV_08|R_TEMP_ADV_11,R_TEMP_ADV_04,TEMPORAL_ADVERBIAL,True,规则正确
B_边界复核集,边界集/鲁棒性分析,保留为边界挑战实例，单独报告,无重复,来源字段完整但仍需正版逐页核验,SENT-0272,AUTH-TAD-0296,我们大概走了十分钟。,十分钟,十分钟,COMPLEMENT,时量补语/持续时间边界,完全一致,完全一致,完全一致,初等,国际中文教育中文水平等级标准·语法学习手册（初等）,300,态副词(1):大概 ◎基本语义及用法 表示对数量、时间不是很精确的估计，也表示对情况的估计,否,纳入477条一致评测集,保留但单独报告；可用于边界分析，不作为主结论唯一依据,正确,不是时间状语,时长补语,权威语法学习手册,第3批,candidate_span,正确,不是时间状语,时长补语,,正确,不是时间状语,时长补语,,正确,不是时间状语,时长补语,,我们大概走了十分钟,span:AUTH-TAD-0296,sentence:SENT-0272,6,9,located,AFTER_VERB|COMPLEMENT_DURATION_CONTEXT|DURATION_COMPLEMENT|TIME_DURATION,R_TEMP_KG_COMP_01|R_TEMP_COMP_01|R_TEMP_COMP_02|R_TEMP_COMP_07,R_TEMP_KG_COMP_01,COMPLEMENT,True,规则正确
B_边界复核集,边界集/鲁棒性分析,保留为边界挑战实例，单独报告,无重复,来源字段完整但仍需正版逐页核验,SENT-0427,AUTH-TAD-0297,议，正在修改方案。,正在,正在,TEMPORAL_ADVERBIAL,时间副词/体貌副词边界,完全一致,完全一致,完全一致,中等,国际中文教育中文水平等级标准·语法学习手册（中等）,180,议，正在修改方案,否,纳入477条一致评测集,保留但单独报告；可用于边界分析，不作为主结论唯一依据,正确,是时间状语,时间状语,权威语法学习手册,第3批,candidate_span,正确,是时间状语,时间状语,,正确,是时间状语,时间状语,,正确,是时间状语,时间状语,,议正在修改方案,span:AUTH-TAD-0297,sentence:SENT-0427,2,4,located,BEFORE_PREDICATE|EVENT_TIME|NO_TEMPORAL_EXPRESSION|TIME_ADVERB,R_TEMP_ADV_19|R_TEMP_ADV_08,R_TEMP_ADV_19,TEMPORAL_ADVERBIAL,True,规则正确
A_主评测候选,主实验/严格评测,保留为高一致主评测实例,无重复,来源字段完整但仍需正版逐页核验,SENT-0082,AUTH-TAD-0298,他到处借钱，现在借到我们同事头上来了。,现在,现在,TEMPORAL_ADVERBIAL,,完全一致,完全一致,完全一致,中等,国际中文教育中文水平等级标准·语法学习手册（中等）,362,小妹：那当然，他错 以后不跟他来往 了我就能管,否,纳入477条一致评测集,可进入主评测集；仍需抽样核验出处,正确,是时间状语,时间状语,权威语法学习手册,第3批,candidate_span,正确,是时间状语,时间状语,,正确,是时间状语,时间状语,,正确,是时间状语,时间状语,,他到处借钱现在借到我们同事头上来了,span:AUTH-TAD-0298,sentence:SENT-0082,6,8,located,BEFORE_PREDICATE|EVENT_TIME|TIME_ADVERB|TIME_NOUN|TIME_POINT,R_TEMP_ADV_01|R_TEMP_ADV_02|R_TEMP_ADV_19|R_TEMP_ADV_08|R_TEMP_ADV_10,R_TEMP_ADV_01,TEMPORAL_ADVERBIAL,True,规则正确
B_边界复核集,边界集/鲁棒性分析,保留为边界挑战实例，单独报告,无重复,来源字段完整但仍需正版逐页核验,SENT-0285,AUTH-TAD-0299,我到北京一个月了。,一个月,一个月,COMPLEMENT,时量补语/持续时间边界；三人标注不完全一致,完全一致,完全一致,多数一致,初等,国际中文教育中文水平等级标准·语法学习手册（初等）,354,B:我觉得举行庆祝晚 差不多已经 会、让他们去旅行、 习惯了,否,纳入477条一致评测集,保留但单独报告；可用于边界分析，不作为主结论唯一依据,正确,不是时间状语,时长补语,权威语法学习手册,第3批,candidate_span,正确,不是时间状语,时长补语,,正确,不是时间状语,时长补语,,正确,不是时间状语,普通时间名词/词语引用,,我到北京一个月了,span:AUTH-TAD-0299,sentence:SENT-0285,4,7,located,AFTER_VERB|COMPLEMENT_DURATION_CONTEXT|DURATION_COMPLEMENT|TIME_DURATION,R_TEMP_KG_COMP_01|R_TEMP_COMP_01|R_TEMP_COMP_02|R_TEMP_COMP_07,R_TEMP_KG_COMP_01,COMPLEMENT,True,规则正确
A_主评测候选,主实验/严格评测,保留为高一致主评测实例,无重复,来源字段完整但仍需正版逐页核验,SENT-0390,AUTH-TAD-0300,现在公司的新员工尽是博士。,现在,现在,TEMPORAL_ADVERBIAL,,完全一致,完全一致,完全一致,中等,国际中文教育中文水平等级标准·语法学习手册（中等）,270,语法学习手册(中等) ◎ 典型例句和对话 刚上班，分配给 例句 这桌上尽是土,否,纳入477条一致评测集,可进入主评测集；仍需抽样核验出处,正确,是时间状语,时间状语,权威语法学习手册,第3批,candidate_span,正确,是时间状语,时间状语,,正确,是时间状语,时间状语,,正确,是时间状语,时间状语,,现在公司的新员工尽是博士,span:AUTH-TAD-0300,sentence:SENT-0390,0,2,located,BEFORE_PREDICATE|EVENT_TIME|SENTENCE_INITIAL|TIME_ADVERB|TIME_NOUN|TIME_POINT,R_TEMP_ADV_01|R_TEMP_ADV_02|R_TEMP_ADV_19|R_TEMP_ADV_08|R_TEMP_ADV_10,R_TEMP_ADV_01,TEMPORAL_ADVERBIAL,True,规则正确
B_边界复核集,边界集/鲁棒性分析,保留为边界挑战实例，单独报告,无重复,来源字段完整但仍需正版逐页核验,SENT-0245,AUTH-TAD-0301,已经下班了，但他的办公室依旧亮着灯。,已经,已经,TEMPORAL_ADVERBIAL,时间副词/体貌副词边界,完全一致,完全一致,完全一致,中等,国际中文教育中文水平等级标准·语法学习手册（中等）,156,A:爷爷现在还住在 A:谁是公司本季度 记者：您已经离开家乡多 老房子里吗? 的金牌销售员?,否,纳入477条一致评测集,保留但单独报告；可用于边界分析，不作为主结论唯一依据,正确,是时间状语,时间状语,权威语法学习手册,第4批,candidate_span,正确,是时间状语,时间状语,,正确,是时间状语,时间状语,,正确,是时间状语,时间状语,,已经下班了但他的办公室依旧亮着灯,span:AUTH-TAD-0301,sentence:SENT-0245,0,2,located,BEFORE_PREDICATE|EVENT_TIME|SENTENCE_INITIAL|TIME_ADVERB|TIME_FREQUENCY,R_TEMP_ADV_04|R_TEMP_ADV_19|R_TEMP_KG_ADV_01|R_TEMP_ADV_08|R_TEMP_ADV_11,R_TEMP_ADV_04,TEMPORAL_ADVERBIAL,True,规则正确
C_暂不纳入主实验,待复核,暂不进入主实验，优先复核标签,同句多候选/重复句,来源字段完整但仍需正版逐页核验,SENT-0246,AUTH-TAD-0302,已经十一点了，快睡吧。,十一点,十一点,OTHER,原表已建议复核/剔除；非目标时间表达；三人标注不完全一致；至少一名标注者修正片段,多数一致,完全一致,多数一致,初等,国际中文教育中文水平等级标准·语法学习手册（初等）,152,级语法点 例句 校长已经下班了,是,复核/剔除候选,需老师/专家核验；核验前只作错误分析或边界案例,边界不完整,不是时间状语,提取错误：边界不完整,权威语法学习手册,第4批,candidate_span,正确,不是时间状语,普通时间名词/词语引用,,边界不完整,不是时间状语,提取错误：边界不完整,已经十一点了,边界不完整,不是时间状语,提取错误：边界不完整,已经十一点,已经十一点了快睡吧,span:AUTH-TAD-0302,sentence:SENT-0246,2,5,located,BEFORE_PREDICATE|EVENT_TIME|NO_TEMPORAL_EXPRESSION|REVIEW_NON_TARGET_RISK,R_TEMP_KG_OTHER_01,R_TEMP_KG_OTHER_01,OTHER,True,规则正确
B_边界复核集,边界集/鲁棒性分析,保留为边界挑战实例，单独报告,无重复,页面线索缺失,SENT-0074,AUTH-TAD-0303,他什么他，现在说的是你。,现在,现在,TEMPORAL_ADVERBIAL,页面线索缺失,完全一致,完全一致,完全一致,中等,国际中文教育中文水平等级标准·语法学习手册（中等）,262,,否,纳入477条一致评测集,保留但单独报告；可用于边界分析，不作为主结论唯一依据,正确,是时间状语,时间状语,权威语法学习手册,第4批,candidate_span,正确,是时间状语,时间状语,,正确,是时间状语,时间状语,,正确,是时间状语,时间状语,,他什么他现在说的是你,span:AUTH-TAD-0303,sentence:SENT-0074,5,7,located,BEFORE_PREDICATE|EVENT_TIME|TIME_ADVERB|TIME_NOUN|TIME_POINT,R_TEMP_ADV_01|R_TEMP_ADV_02|R_TEMP_ADV_19|R_TEMP_ADV_08|R_TEMP_ADV_10,R_TEMP_ADV_01,TEMPORAL_ADVERBIAL,True,规则正确
A_主评测候选,主实验/严格评测,保留为高一致主评测实例,无重复,来源字段完整但仍需正版逐页核验,SENT-0226,AUTH-TAD-0304,如果你明天要去超市，顺便帮我买支红圆珠笔吧。,明天,明天,TEMPORAL_ADVERBIAL,,完全一致,完全一致,完全一致,高等,国际中文教育中文水平等级标准·语法学习手册（高等）,40,◎ 补充例句 你下楼的时候，顺便把垃圾带下去吧,否,纳入477条一致评测集,可进入主评测集；仍需抽样核验出处,正确,是时间状语,时间状语,权威语法学习手册,第4批,candidate_span,正确,是时间状语,时间状语,,正确,是时间状语,时间状语,,正确,是时间状语,时间状语,,如果你明天要去超市顺便帮我买支红圆珠笔吧,span:AUTH-TAD-0304,sentence:SENT-0226,3,5,located,BEFORE_PREDICATE|EVENT_TIME|TIME_NOUN,R_TEMP_ADV_01|R_TEMP_ADV_02|R_TEMP_KG_ADV_02,R_TEMP_ADV_01,TEMPORAL_ADVERBIAL,True,规则正确
A_主评测候选,主实验/严格评测,保留为高一致主评测实例,无重复,来源字段完整但仍需正版逐页核验,SENT-0460,AUTH-TAD-0305,野炊活动之所以推迟，是由于天气预报说明天下雨。,明天,明天,TEMPORAL_ADVERBIAL,,完全一致,完全一致,完全一致,高等,国际中文教育中文水平等级标准·语法学习手册（高等）,174,S)+VP? 他 之所以 身体素质好，是因为 他 经常锻炼,否,纳入477条一致评测集,可进入主评测集；仍需抽样核验出处,正确,是时间状语,时间状语,权威语法学习手册,第4批,candidate_span,正确,是时间状语,时间状语,,正确,是时间状语,时间状语,,正确,是时间状语,时间状语,,野炊活动之所以推迟是由于天气预报说明天下雨,span:AUTH-TAD-0305,sentence:SENT-0460,18,20,located,TIME_NOUN,R_TEMP_KG_ADV_02,R_TEMP_KG_ADV_02,TEMPORAL_ADVERBIAL,True,规则正确
A_主评测候选,主实验/严格评测,保留为高一致主评测实例,无重复,来源字段完整但仍需正版逐页核验,SENT-0102,AUTH-TAD-0306,他晚上一定又吃方便面了。,晚上,晚上,TEMPORAL_ADVERBIAL,,完全一致,完全一致,完全一致,初等,国际中文教育中文水平等级标准·语法学习手册（初等）,162,你到北京以后，一定 要去看看王老师,否,纳入477条一致评测集,可进入主评测集；仍需抽样核验出处,正确,是时间状语,时间状语,权威语法学习手册,第4批,candidate_span,正确,是时间状语,时间状语,,正确,是时间状语,时间状语,,正确,是时间状语,时间状语,,他晚上一定又吃方便面了,span:AUTH-TAD-0306,sentence:SENT-0102,1,3,located,BEFORE_PREDICATE|EVENT_TIME|TIME_NOUN,R_TEMP_ADV_01|R_TEMP_ADV_02|R_TEMP_KG_ADV_02,R_TEMP_ADV_01,TEMPORAL_ADVERBIAL,True,规则正确
B_边界复核集,边界集/鲁棒性分析,保留为边界挑战实例，单独报告,无重复,来源字段完整但仍需正版逐页核验,SENT-0128,AUTH-TAD-0307,你以前来过北京吗?,以前,以前,TEMPORAL_ADVERBIAL,相对时间框架边界,完全一致,完全一致,完全一致,初等,国际中文教育中文水平等级标准·语法学习手册（初等）,242,室) (在教室) A:这次你们考得怎么样? A:你以前来过北京吗? A:你住哪儿? B:李明第,否,纳入477条一致评测集,保留但单独报告；可用于边界分析，不作为主结论唯一依据,正确,是时间状语,时间状语,权威语法学习手册,第4批,candidate_span,正确,是时间状语,时间状语,,正确,是时间状语,时间状语,,正确,是时间状语,时间状语,,你以前来过北京吗,span:AUTH-TAD-0307,sentence:SENT-0128,1,3,located,AFTER_VERB|NO_TEMPORAL_EXPRESSION|POSTPOSED_TEMPORAL_MARKER|TIME_AFTER_BEFORE,R_TEMP_COMP_09|R_TEMP_COMP_08,R_TEMP_COMP_09,COMPLEMENT,False,规则误判
A_主评测候选,主实验/严格评测,保留为高一致主评测实例,无重复,来源字段完整但仍需正版逐页核验,SENT-0257,AUTH-TAD-0308,怪不得他心里害怕，因为小时候曾被邻居家的狗咬过一回。,小时候,小时候,TEMPORAL_ADVERBIAL,,完全一致,完全一致,完全一致,高等,国际中文教育中文水平等级标准·语法学习手册（高等）,55,怪不得他心里害怕，因为小时候曾被邻居家的狗咬过一回,否,纳入477条一致评测集,可进入主评测集；仍需抽样核验出处,正确,是时间状语,时间状语,权威语法学习手册,第4批,candidate_span,正确,是时间状语,时间状语,,正确,是时间状语,时间状语,,正确,是时间状语,时间状语,,怪不得他心里害怕因为小时候曾被邻居家的狗咬过一回,span:AUTH-TAD-0308,sentence:SENT-0257,11,14,located,BEFORE_PREDICATE|EVENT_TIME|TIME_NOUN,R_TEMP_ADV_01|R_TEMP_ADV_02|R_TEMP_KG_ADV_02,R_TEMP_ADV_01,TEMPORAL_ADVERBIAL,True,规则正确
B_边界复核集,边界集/鲁棒性分析,保留为边界挑战实例，单独报告,无重复,页面线索缺失,SENT-0046,AUTH-TAD-0309,今天我就要你一个态度，你一定得去。,今天,今天,TEMPORAL_ADVERBIAL,页面线索缺失,完全一致,完全一致,完全一致,高等,国际中文教育中文水平等级标准·语法学习手册（高等）,88,,否,纳入477条一致评测集,保留但单独报告；可用于边界分析，不作为主结论唯一依据,正确,是时间状语,时间状语,权威语法学习手册,第4批,candidate_span,正确,是时间状语,时间状语,,正确,是时间状语,时间状语,,正确,是时间状语,时间状语,,今天我就要你一个态度你一定得去,span:AUTH-TAD-0309,sentence:SENT-0046,0,2,located,BEFORE_PREDICATE|EVENT_TIME|SENTENCE_INITIAL|TIME_NOUN,R_TEMP_ADV_01|R_TEMP_ADV_02|R_TEMP_KG_ADV_02,R_TEMP_ADV_01,TEMPORAL_ADVERBIAL,True,规则正确
B_边界复核集,边界集/鲁棒性分析,保留为边界挑战实例，单独报告,无重复,来源字段完整但仍需正版逐页核验,SENT-0262,AUTH-TAD-0310,我仅仅在这儿生活了一年而已，好多景点我都没去过。,一年,一年,COMPLEMENT,时量补语/持续时间边界,完全一致,完全一致,完全一致,高等,国际中文教育中文水平等级标准·语法学习手册（高等）,86,：矣 【七一九058】 ◎基本语义及用法 用来描述已经发生或将要发生的事情的发展变化，用在句末,否,纳入477条一致评测集,保留但单独报告；可用于边界分析，不作为主结论唯一依据,正确,不是时间状语,时长补语,权威语法学习手册,第4批,candidate_span,正确,不是时间状语,时长补语,,正确,不是时间状语,时长补语,,正确,不是时间状语,时长补语,,我仅仅在这儿生活了一年而已好多景点我都没去过,span:AUTH-TAD-0310,sentence:SENT-0262,9,11,located,AFTER_VERB|COMPLEMENT_DURATION_CONTEXT|DURATION_COMPLEMENT|STATIVE_PREDICATE|TIME_DURATION,R_TEMP_KG_COMP_01|R_TEMP_COMP_01|R_TEMP_COMP_02|R_TEMP_COMP_07,R_TEMP_KG_COMP_01,COMPLEMENT,True,规则正确
B_边界复核集,边界集/鲁棒性分析,保留为边界挑战实例，单独报告,同句多候选/重复句,页面线索缺失,SENT-0380,AUTH-TAD-0311,没有今天的劳动就没有明天的收获。,明天,明天,ATTRIBUTE,页面线索缺失；可能为时间定语,完全一致,完全一致,完全一致,中等,国际中文教育中文水平等级标准·语法学习手册（中等）,245,,否,纳入477条一致评测集,保留但单独报告；可用于边界分析，不作为主结论唯一依据,正确,不是时间状语,时间定语,权威语法学习手册,第4批,candidate_span,正确,不是时间状语,时间定语,,正确,不是时间状语,时间定语,,正确,不是时间状语,时间定语,,没有今天的劳动就没有明天的收获,span:AUTH-TAD-0311,sentence:SENT-0380,10,12,located,ATTR_DE_DIRECT|ATTR_NOMINAL_DIRECT|DE_PARTICLE|NOMINAL_HEAD|TIME_NOUN,R_TEMP_KG_ATTR_01|R_TEMP_KG_ATTR_02|R_TEMP_ATTR_01|R_TEMP_ATTR_03|R_TEMP_KG_ADV_02,R_TEMP_KG_ATTR_01,ATTRIBUTE,True,规则正确
B_边界复核集,边界集/鲁棒性分析,保留为边界挑战实例，单独报告,无重复,来源字段完整但仍需正版逐页核验,SENT-0309,AUTH-TAD-0312,我的票是昨天买的。,昨天,昨天,TEMPORAL_ADVERBIAL,三人标注不完全一致,完全一致,多数一致,多数一致,初等,国际中文教育中文水平等级标准·语法学习手册（初等）,185,(初等) 小提示 “吧2”具有揣测的语气，所以句中经常有表示揣测、估计的副词，如“也许、大 概,否,纳入477条一致评测集,保留但单独报告；可用于边界分析，不作为主结论唯一依据,正确,是时间状语,时间状语,权威语法学习手册,第4批,candidate_span,正确,是时间状语,时间状语,,正确,是时间状语,时间状语,,正确,不是时间状语,时长补语,,我的票是昨天买的,span:AUTH-TAD-0312,sentence:SENT-0309,4,6,located,BEFORE_PREDICATE|EVENT_TIME|TIME_NOUN,R_TEMP_ADV_01|R_TEMP_ADV_02|R_TEMP_KG_ADV_02,R_TEMP_ADV_01,TEMPORAL_ADVERBIAL,True,规则正确
B_边界复核集,边界集/鲁棒性分析,保留为边界挑战实例，单独报告,无重复,页面线索缺失,SENT-0312,AUTH-TAD-0313,我要是知道是今天这结果，何必当初去创业呢?,今天,今天,ATTRIBUTE,页面线索缺失；三人标注不完全一致,完全一致,多数一致,多数一致,高等,国际中文教育中文水平等级标准·语法学习手册（高等）,190,,否,纳入477条一致评测集,保留但单独报告；可用于边界分析，不作为主结论唯一依据,正确,不是时间状语,时间定语,权威语法学习手册,第4批,candidate_span,正确,不是时间状语,时间定语,,正确,不是时间状语,时间定语,,正确,是时间状语,时间状语,,我要是知道是今天这结果何必当初去创业呢,span:AUTH-TAD-0313,sentence:SENT-0312,6,8,located,BEFORE_PREDICATE|EVENT_TIME|TIME_NOUN,R_TEMP_ADV_01|R_TEMP_ADV_02|R_TEMP_KG_ADV_02,R_TEMP_ADV_01,TEMPORAL_ADVERBIAL,False,规则误判
B_边界复核集,边界集/鲁棒性分析,保留为边界挑战实例，单独报告,无重复,来源字段完整但仍需正版逐页核验,SENT-0310,AUTH-TAD-0314,我等了半天，你怎么才来?,半天,半天,COMPLEMENT,时量补语/持续时间边界,完全一致,完全一致,完全一致,初等,国际中文教育中文水平等级标准·语法学习手册（初等）,279,水平等级标准·语法学习手册(初等) 【三14】19时间副词(2):才2 ◎基本语义及用法 指刚,否,纳入477条一致评测集,保留但单独报告；可用于边界分析，不作为主结论唯一依据,正确,不是时间状语,时长补语,权威语法学习手册,第4批,candidate_span,正确,不是时间状语,时长补语,,正确,不是时间状语,时长补语,,正确,不是时间状语,时长补语,,我等了半天你怎么才来,span:AUTH-TAD-0314,sentence:SENT-0310,3,5,located,AFTER_VERB|BEFORE_PREDICATE|COMPLEMENT_DURATION_CONTEXT|DURATION_COMPLEMENT|EVENT_TIME|NO_TEMPORAL_EXPRESSION,R_TEMP_KG_COMP_01,R_TEMP_KG_COMP_01,COMPLEMENT,True,规则正确
B_边界复核集,边界集/鲁棒性分析,保留为边界挑战实例，单独报告,无重复,来源字段完整但仍需正版逐页核验,SENT-0281,AUTH-TAD-0315,我们看到，很多在学校里学习成绩好的学生，工作以后未必表现出色。,工作以后,工作以后,TEMPORAL_ADVERBIAL,相对时间框架边界,完全一致,完全一致,完全一致,高等,国际中文教育中文水平等级标准·语法学习手册（高等）,108,我们看到，很多在学校里学习成绩好的学生，工作以后未必表现出色,否,纳入477条一致评测集,保留但单独报告；可用于边界分析，不作为主结论唯一依据,正确,是时间状语,时间状语,权威语法学习手册,第4批,candidate_span,正确,是时间状语,时间状语,,正确,是时间状语,时间状语,,正确,是时间状语,时间状语,,我们看到很多在学校里学习成绩好的学生工作以后未必表现出色,span:AUTH-TAD-0315,sentence:SENT-0281,20,24,located,NO_TEMPORAL_EXPRESSION|TIME_AFTER_BEFORE,,,,False,未覆盖
A_主评测候选,主实验/严格评测,保留为高一致主评测实例,无重复,来源字段完整但仍需正版逐页核验,SENT-0189,AUTH-TAD-0316,哪怕明天下雪，他也会准时来。,明天,明天,TEMPORAL_ADVERBIAL,,完全一致,完全一致,完全一致,中等,国际中文教育中文水平等级标准·语法学习手册（中等）,112,哪怕这件衣服已经打折了，价格还是很高,否,纳入477条一致评测集,可进入主评测集；仍需抽样核验出处,正确,是时间状语,时间状语,权威语法学习手册,第4批,candidate_span,正确,是时间状语,时间状语,,正确,是时间状语,时间状语,,正确,是时间状语,时间状语,,哪怕明天下雪他也会准时来,span:AUTH-TAD-0316,sentence:SENT-0189,2,4,located,BEFORE_PREDICATE|EVENT_TIME|TIME_NOUN,R_TEMP_ADV_01|R_TEMP_ADV_02|R_TEMP_KG_ADV_02,R_TEMP_ADV_01,TEMPORAL_ADVERBIAL,True,规则正确
B_边界复核集,边界集/鲁棒性分析,保留为边界挑战实例，单独报告,无重复,来源字段完整但仍需正版逐页核验,SENT-0068,AUTH-TAD-0317,从去年以来，我一直生活在北京。,从去年以来,从去年以来,TEMPORAL_ADVERBIAL,相对时间框架边界,完全一致,完全一致,完全一致,中等,国际中文教育中文水平等级标准·语法学习手册（中等）,66,自开业以来，这个饭馆的生意每天都很好,否,纳入477条一致评测集,保留但单独报告；可用于边界分析，不作为主结论唯一依据,正确,是时间状语,时间状语,权威语法学习手册,第4批,candidate_span,正确,是时间状语,时间状语,,正确,是时间状语,时间状语,,正确,是时间状语,时间状语,,从去年以来我一直生活在北京,span:AUTH-TAD-0317,sentence:SENT-0068,0,5,located,BEFORE_PREDICATE|EVENT_TIME|SENTENCE_INITIAL|TEMPORAL_PREP|TIME_NOUN,R_TEMP_ADV_01|R_TEMP_ADV_02|R_TEMP_ADV_07|R_TEMP_KG_ADV_02,R_TEMP_ADV_01,TEMPORAL_ADVERBIAL,True,规则正确
C_暂不纳入主实验,待复核,暂不进入主实验，优先复核标签,无重复,来源字段完整但仍需正版逐页核验,SENT-0347,AUTH-TAD-0318,昨天他比我早起二十分钟。,二十分钟,二十分钟,COMPLEMENT,时量补语/持续时间边界；三人标注不完全一致；至少一名标注者修正片段,多数一致,多数一致,多数一致,初等,国际中文教育中文水平等级标准·语法学习手册（初等）,365,语义及用法 表示A在进行某个动作时，在性状、程度、时间等方面与B相差的具体数量,否,纳入477条一致评测集,需老师/专家核验；核验前只作错误分析或边界案例,正确,不是时间状语,时长补语,权威语法学习手册,第4批,candidate_span,正确,不是时间状语,时长补语,,正确,不是时间状语,时长补语,,漏检：有目标时间状语,是时间状语,漏检,昨天,昨天他比我早起二十分钟,span:AUTH-TAD-0318,sentence:SENT-0347,7,11,located,BEFORE_PREDICATE|EVENT_TIME|TIME_DURATION,,,,False,未覆盖
A_主评测候选,主实验/严格评测,保留为高一致主评测实例,无重复,来源字段完整但仍需正版逐页核验,SENT-0146,AUTH-TAD-0319,你昨天去见那位老朋友了吗?,昨天,昨天,TEMPORAL_ADVERBIAL,,完全一致,完全一致,完全一致,高等,国际中文教育中文水平等级标准·语法学习手册（高等）,33,重复副词“再度”一般用在主语后、动词性成分前，作状语,否,纳入477条一致评测集,可进入主评测集；仍需抽样核验出处,正确,是时间状语,时间状语,权威语法学习手册,第4批,candidate_span,正确,是时间状语,时间状语,,正确,是时间状语,时间状语,,正确,是时间状语,时间状语,,你昨天去见那位老朋友了吗,span:AUTH-TAD-0319,sentence:SENT-0146,1,3,located,BEFORE_PREDICATE|EVENT_TIME|TIME_NOUN,R_TEMP_ADV_01|R_TEMP_ADV_02|R_TEMP_KG_ADV_02,R_TEMP_ADV_01,TEMPORAL_ADVERBIAL,True,规则正确
B_边界复核集,边界集/鲁棒性分析,保留为边界挑战实例，单独报告,无重复,来源字段完整但仍需正版逐页核验,SENT-0378,AUTH-TAD-0320,毕业以后，他时常会去学校拜访以前的老师。,毕业以后,毕业以后,TEMPORAL_ADVERBIAL,相对时间框架边界,完全一致,完全一致,完全一致,中等,国际中文教育中文水平等级标准·语法学习手册（中等）,153,这孩子 已经不怕水了，但 仍旧 不 喜欢游泳,否,纳入477条一致评测集,保留但单独报告；可用于边界分析，不作为主结论唯一依据,正确,是时间状语,时间状语,权威语法学习手册,第4批,candidate_span,正确,是时间状语,时间状语,,正确,是时间状语,时间状语,,正确,是时间状语,时间状语,,毕业以后他时常会去学校拜访以前的老师,span:AUTH-TAD-0320,sentence:SENT-0378,0,4,located,BEFORE_PREDICATE|EVENT_TIME|NO_TEMPORAL_EXPRESSION|SENTENCE_INITIAL|TIME_AFTER_BEFORE,R_TEMP_ADV_05,R_TEMP_ADV_05,TEMPORAL_ADVERBIAL,True,规则正确
A_主评测候选,主实验/严格评测,保留为高一致主评测实例,无重复,来源字段完整但仍需正版逐页核验,SENT-0305,AUTH-TAD-0321,我现在很清醒，异常地清醒。,现在,现在,TEMPORAL_ADVERBIAL,,完全一致,完全一致,完全一致,中等,国际中文教育中文水平等级标准·语法学习手册（中等）,269,考完试以后，同学们的心情异常轻松,否,纳入477条一致评测集,可进入主评测集；仍需抽样核验出处,正确,是时间状语,时间状语,权威语法学习手册,第4批,candidate_span,正确,是时间状语,时间状语,,正确,是时间状语,时间状语,,正确,是时间状语,时间状语,,我现在很清醒异常地清醒,span:AUTH-TAD-0321,sentence:SENT-0305,1,3,located,TIME_ADVERB|TIME_NOUN|TIME_POINT,R_TEMP_KG_ADV_02,R_TEMP_KG_ADV_02,TEMPORAL_ADVERBIAL,True,规则正确
C_暂不纳入主实验,待复核,暂不进入主实验，优先复核标签,无重复,来源字段完整但仍需正版逐页核验,SENT-0016,AUTH-TAD-0322,不知怎么搞的，他们到现在还没有拿出节目单。,现在,现在,TEMPORAL_ADVERBIAL,三人标注不完全一致；至少一名标注者修正片段,多数一致,多数一致,多数一致,高等,国际中文教育中文水平等级标准·语法学习手册（高等）,199,X经常是含有疑问代词的词语，如“怎么、怎么搞、,否,纳入477条一致评测集,需老师/专家核验；核验前只作错误分析或边界案例,正确,是时间状语,时间状语,权威语法学习手册,第4批,candidate_span,正确,是时间状语,时间状语,,正确,是时间状语,时间状语,,边界不完整,不是时间状语,提取错误：边界不完整,到现在,不知怎么搞的他们到现在还没有拿出节目单,span:AUTH-TAD-0322,sentence:SENT-0016,10,12,located,BEFORE_PREDICATE|EVENT_TIME|TIME_ADVERB|TIME_NOUN|TIME_POINT,R_TEMP_ADV_01|R_TEMP_ADV_02|R_TEMP_ADV_19|R_TEMP_ADV_08|R_TEMP_ADV_10,R_TEMP_ADV_01,TEMPORAL_ADVERBIAL,True,规则正确
B_边界复核集,边界集/鲁棒性分析,保留为边界挑战实例，单独报告,无重复,来源字段完整但仍需正版逐页核验,SENT-0106,AUTH-TAD-0323,他正在写毕业论文，不管电视也好，电影也好，都没时间看。,正在,正在,TEMPORAL_ADVERBIAL,时间副词/体貌副词边界,完全一致,完全一致,完全一致,中等,国际中文教育中文水平等级标准·语法学习手册（中等）,188,他正在写毕业论文，不管电视也好，电影也好，都没时间看,否,纳入477条一致评测集,保留但单独报告；可用于边界分析，不作为主结论唯一依据,正确,是时间状语,时间状语,权威语法学习手册,第4批,candidate_span,正确,是时间状语,时间状语,,正确,是时间状语,时间状语,,正确,是时间状语,时间状语,,他正在写毕业论文不管电视也好电影也好都没时间看,span:AUTH-TAD-0323,sentence:SENT-0106,1,3,located,BEFORE_PREDICATE|EVENT_TIME|NO_TEMPORAL_EXPRESSION|TIME_ADVERB,R_TEMP_ADV_19|R_TEMP_ADV_08,R_TEMP_ADV_19,TEMPORAL_ADVERBIAL,True,规则正确
B_边界复核集,边界集/鲁棒性分析,保留为边界挑战实例，单独报告,无重复,来源字段完整但仍需正版逐页核验,SENT-0202,AUTH-TAD-0324,天变蓝了，水变清了，街道也变得更干净了，总之，现在的环境好多了。,现在,现在,ATTRIBUTE,可能为时间定语,完全一致,完全一致,完全一致,中等,国际中文教育中文水平等级标准·语法学习手册（中等）,52,乐，每天开心! 交际实践 你爱唱歌，我爱运动，他,否,纳入477条一致评测集,保留但单独报告；可用于边界分析，不作为主结论唯一依据,正确,不是时间状语,时间定语,权威语法学习手册,第4批,candidate_span,正确,不是时间状语,时间定语,,正确,不是时间状语,时间定语,,正确,不是时间状语,时间定语,,天变蓝了水变清了街道也变得更干净了总之现在的环境好多了,span:AUTH-TAD-0324,sentence:SENT-0202,23,25,located,ATTR_DE_DIRECT|ATTR_NOMINAL_DIRECT|DE_PARTICLE|NOMINAL_HEAD|STATIVE_PREDICATE|TIME_ADVERB|TIME_NOUN|TIME_POINT,R_TEMP_KG_ATTR_01|R_TEMP_KG_ATTR_02|R_TEMP_ATTR_01|R_TEMP_ATTR_03|R_TEMP_ATTR_04,R_TEMP_KG_ATTR_01,ATTRIBUTE,True,规则正确
B_边界复核集,边界集/鲁棒性分析,保留为边界挑战实例，单独报告,无重复,页面线索缺失,SENT-0355,AUTH-TAD-0325,昨天的作业，你写了多久呢?,昨天,昨天,ATTRIBUTE,页面线索缺失；可能为时间定语,完全一致,完全一致,完全一致,初等,国际中文教育中文水平等级标准·语法学习手册（初等）,121,,否,纳入477条一致评测集,保留但单独报告；可用于边界分析，不作为主结论唯一依据,正确,不是时间状语,时间定语,权威语法学习手册,第4批,candidate_span,正确,不是时间状语,时间定语,,正确,不是时间状语,时间定语,,正确,不是时间状语,时间定语,,昨天的作业你写了多久呢,span:AUTH-TAD-0325,sentence:SENT-0355,0,2,located,ATTR_DE_DIRECT|ATTR_NOMINAL_DIRECT|DE_PARTICLE|NOMINAL_HEAD|SENTENCE_INITIAL|TIME_NOUN,R_TEMP_KG_ATTR_01|R_TEMP_KG_ATTR_02|R_TEMP_ATTR_01|R_TEMP_ATTR_03|R_TEMP_KG_ADV_02,R_TEMP_KG_ATTR_01,ATTRIBUTE,True,规则正确
B_边界复核集,边界集/鲁棒性分析,保留为边界挑战实例，单独报告,无重复,来源字段完整但仍需正版逐页核验,SENT-0296,AUTH-TAD-0326,我常常不吃早饭。,常常,常常,TEMPORAL_ADVERBIAL,时间副词/体貌副词边界,完全一致,完全一致,完全一致,初等,国际中文教育中文水平等级标准·语法学习手册（初等）,58,平等级标准·语法学习手册(初等) (2)“在、正、正在”不能和“了”连用,否,纳入477条一致评测集,保留但单独报告；可用于边界分析，不作为主结论唯一依据,正确,是时间状语,时间状语,权威语法学习手册,第4批,candidate_span,正确,是时间状语,时间状语,,正确,是时间状语,时间状语,,正确,是时间状语,时间状语,,我常常不吃早饭,span:AUTH-TAD-0326,sentence:SENT-0296,1,3,located,BEFORE_PREDICATE|EVENT_TIME|TIME_FREQUENCY,R_TEMP_ADV_04|R_TEMP_KG_ADV_01,R_TEMP_ADV_04,TEMPORAL_ADVERBIAL,True,规则正确
B_边界复核集,边界集/鲁棒性分析,保留为边界挑战实例，单独报告,无重复,来源字段完整但仍需正版逐页核验,SENT-0213,AUTH-TAD-0327,她最近心情不好，经常为一点儿小事就大吵大闹。,经常,经常,TEMPORAL_ADVERBIAL,时间副词/体貌副词边界；时间主语/普通时间词边界,完全一致,完全一致,完全一致,中等,国际中文教育中文水平等级标准·语法学习手册（中等）,56,(在家) (在医院) (在商场) 爸爸：儿子上大学以后， 医生：你天天大吃大 A:我觉得这件红,否,纳入477条一致评测集,保留但单独报告；可用于边界分析，不作为主结论唯一依据,正确,是时间状语,时间状语,权威语法学习手册,第4批,candidate_span,正确,是时间状语,时间状语,,正确,是时间状语,时间状语,,正确,是时间状语,时间状语,,她最近心情不好经常为一点儿小事就大吵大闹,span:AUTH-TAD-0327,sentence:SENT-0213,8,10,located,TIME_FREQUENCY,R_TEMP_KG_ADV_01,R_TEMP_KG_ADV_01,TEMPORAL_ADVERBIAL,True,规则正确
C_暂不纳入主实验,待复核,暂不进入主实验，优先复核标签,同句多候选/重复句,来源字段完整但仍需正版逐页核验,SENT-0170,AUTH-TAD-0328,别提了，我昨天怎么也睡不着，看了一晚上的电视。,晚上,晚上,OTHER,原表已建议复核/剔除；可能为时间定语；非目标时间表达；三人标注不完全一致；至少一名标注者修正片段,平票,多数一致,平票,高等,国际中文教育中文水平等级标准·语法学习手册（高等）,100,饭还没开始吃他就 (在公司，讨论合同没签的原因) 已经醉了，后来就更 A:昨天你和张经理签好合,是,复核/剔除候选,需老师/专家核验；核验前只作错误分析或边界案例,边界不完整,不是时间状语,提取错误：边界不完整,权威语法学习手册,第4批,candidate_span,边界不完整,不是时间状语,提取错误：边界不完整,一晚上,正确,不是时间状语,时间定语,,漏检：有目标时间状语,是时间状语,漏检,昨天,别提了我昨天怎么也睡不着看了一晚上的电视,span:AUTH-TAD-0328,sentence:SENT-0170,17,19,located,ATTR_DE_DIRECT|DE_PARTICLE|REVIEW_NON_TARGET_RISK|TIME_NOUN,R_TEMP_KG_OTHER_01|R_TEMP_KG_ATTR_01|R_TEMP_KG_ADV_02,R_TEMP_KG_OTHER_01,OTHER,True,规则正确
C_暂不纳入主实验,待复核,暂不进入主实验，优先复核标签,同句多候选/重复句,来源字段完整但仍需正版逐页核验,SENT-0198,AUTH-TAD-0329,在这三年里，我把每天跑步这个习惯坚持下来了。,三年,三年,OTHER,原表已建议复核/剔除；时量补语/持续时间边界；非目标时间表达；三人标注不完全一致；至少一名标注者修正片段,多数一致,多数一致,平票,中等,国际中文教育中文水平等级标准·语法学习手册（中等）,210,别紧张，你说 你的中文说得不错， 在这三年里，我把每天 下去,是,复核/剔除候选,需老师/专家核验；核验前只作错误分析或边界案例,正确,不是时间状语,普通时间名词/词语引用,权威语法学习手册,第4批,candidate_span,正确,不是时间状语,普通时间名词/词语引用,,正确,不是时间状语,时长补语,,漏检：有目标时间状语,是时间状语,漏检,每天,在这三年里我把每天跑步这个习惯坚持下来了,span:AUTH-TAD-0329,sentence:SENT-0198,2,4,located,BEFORE_PREDICATE|EVENT_TIME|REVIEW_NON_TARGET_RISK|TIME_DURATION,R_TEMP_KG_OTHER_01,R_TEMP_KG_OTHER_01,OTHER,True,规则正确
C_暂不纳入主实验,待复核,暂不进入主实验，优先复核标签,无重复,来源字段完整但仍需正版逐页核验,SENT-0407,AUTH-TAD-0330,看来以后不能熬夜了。,看来以后,以后,OTHER,相对时间框架边界；候选片段与最终片段不一致；非目标时间表达；三人标注不完全一致；至少一名标注者修正片段,多数一致,完全一致,多数一致,高等,国际中文教育中文水平等级标准·语法学习手册（高等）,104,◎ 典型例句和对话 例句 交际实践 可不是，警察都已经 (在小区门口，询问出了什么事) 来了,否,纳入477条一致评测集,需老师/专家核验；核验前只作错误分析或边界案例,边界过长,不是时间状语,提取错误：边界过长,权威语法学习手册,第4批,majority_fixed_span,边界过长,不是时间状语,提取错误：边界过长,以后,边界不完整,不是时间状语,提取错误：边界不完整,以后,边界过长,不是时间状语,提取错误：边界过长,以后,看来以后不能熬夜了,span:AUTH-TAD-0330,sentence:SENT-0407,0,4,located,BEFORE_PREDICATE|EVENT_TIME|NO_TEMPORAL_EXPRESSION|REVIEW_NON_TARGET_RISK|SENTENCE_INITIAL|TIME_AFTER_BEFORE,R_TEMP_KG_OTHER_01|R_TEMP_ADV_05,R_TEMP_KG_OTHER_01,OTHER,True,规则正确
B_边界复核集,边界集/鲁棒性分析,保留为边界挑战实例，单独报告,无重复,页面线索缺失,SENT-0216,AUTH-TAD-0331,她现在步行上班了，以便能锻炼锻炼身体。,现在,现在,TEMPORAL_ADVERBIAL,页面线索缺失,完全一致,完全一致,完全一致,中等,国际中文教育中文水平等级标准·语法学习手册（中等）,244,,否,纳入477条一致评测集,保留但单独报告；可用于边界分析，不作为主结论唯一依据,正确,是时间状语,时间状语,权威语法学习手册,第4批,candidate_span,正确,是时间状语,时间状语,,正确,是时间状语,时间状语,,正确,是时间状语,时间状语,,她现在步行上班了以便能锻炼锻炼身体,span:AUTH-TAD-0331,sentence:SENT-0216,1,3,located,BEFORE_PREDICATE|EVENT_TIME|TIME_ADVERB|TIME_NOUN|TIME_POINT,R_TEMP_ADV_01|R_TEMP_ADV_02|R_TEMP_ADV_19|R_TEMP_ADV_08|R_TEMP_ADV_10,R_TEMP_ADV_01,TEMPORAL_ADVERBIAL,True,规则正确
C_暂不纳入主实验,待复核,暂不进入主实验，优先复核标签,无重复,来源字段完整但仍需正版逐页核验,SENT-0250,AUTH-TAD-0332,幸亏你今天没迟到，否则这个月的奖金就没有了。,这个月,这个月,ATTRIBUTE,可能为时间定语；时量补语/持续时间边界；三人标注不完全一致；至少一名标注者修正片段,多数一致,多数一致,多数一致,高等,国际中文教育中文水平等级标准·语法学习手册（高等）,68,B:你放心，我什么时候迟到过呀! ◎ 补充例句 幸亏你及时赶来,否,纳入477条一致评测集,需老师/专家核验；核验前只作错误分析或边界案例,正确,不是时间状语,时间定语,权威语法学习手册,第4批,candidate_span,正确,不是时间状语,时间定语,,正确,不是时间状语,时间定语,,漏检：有目标时间状语,是时间状语,漏检,今天,幸亏你今天没迟到否则这个月的奖金就没有了,span:AUTH-TAD-0332,sentence:SENT-0250,11,14,located,ATTR_DE_DIRECT|DE_PARTICLE|NO_TEMPORAL_EXPRESSION,R_TEMP_KG_ATTR_01,R_TEMP_KG_ATTR_01,ATTRIBUTE,True,规则正确
A_主评测候选,主实验/严格评测,保留为高一致主评测实例,无重复,来源字段完整但仍需正版逐页核验,SENT-0227,AUTH-TAD-0333,如果明天下雨，我就不出门了。,明天,明天,TEMPORAL_ADVERBIAL,,完全一致,完全一致,完全一致,初等,国际中文教育中文水平等级标准·语法学习手册（初等）,157,. ◎典型例句和对话 例句 如果明天天气好， 你有时间的话，我们 只要你认真听课， 我就去爬山,否,纳入477条一致评测集,可进入主评测集；仍需抽样核验出处,正确,是时间状语,时间状语,权威语法学习手册,第4批,candidate_span,正确,是时间状语,时间状语,,正确,是时间状语,时间状语,,正确,是时间状语,时间状语,,如果明天下雨我就不出门了,span:AUTH-TAD-0333,sentence:SENT-0227,2,4,located,BEFORE_PREDICATE|EVENT_TIME|TIME_NOUN,R_TEMP_ADV_01|R_TEMP_ADV_02|R_TEMP_KG_ADV_02,R_TEMP_ADV_01,TEMPORAL_ADVERBIAL,True,规则正确
B_边界复核集,边界集/鲁棒性分析,保留为边界挑战实例，单独报告,无重复,来源字段完整但仍需正版逐页核验,SENT-0096,AUTH-TAD-0334,他当老师当了几乎三十年了。,三十年,三十年,COMPLEMENT,时量补语/持续时间边界,完全一致,完全一致,完全一致,中等,国际中文教育中文水平等级标准·语法学习手册（中等）,30,路上堵车，我到的时候火车几乎要开了,否,纳入477条一致评测集,保留但单独报告；可用于边界分析，不作为主结论唯一依据,正确,不是时间状语,时长补语,权威语法学习手册,第4批,candidate_span,正确,不是时间状语,时长补语,,正确,不是时间状语,时长补语,,正确,不是时间状语,时长补语,,他当老师当了几乎三十年了,span:AUTH-TAD-0334,sentence:SENT-0096,8,11,located,AFTER_VERB|COMPLEMENT_DURATION_CONTEXT|DURATION_COMPLEMENT|TIME_DURATION,R_TEMP_KG_COMP_01|R_TEMP_COMP_01|R_TEMP_COMP_02|R_TEMP_COMP_07,R_TEMP_KG_COMP_01,COMPLEMENT,True,规则正确
B_边界复核集,边界集/鲁棒性分析,保留为边界挑战实例，单独报告,无重复,来源字段完整但仍需正版逐页核验,SENT-0433,AUTH-TAD-0335,还经常帮助同学。,经常,经常,TEMPORAL_ADVERBIAL,时间副词/体貌副词边界,完全一致,完全一致,完全一致,初等,国际中文教育中文水平等级标准·语法学习手册（初等）,223,经常帮助同学,否,纳入477条一致评测集,保留但单独报告；可用于边界分析，不作为主结论唯一依据,正确,是时间状语,时间状语,权威语法学习手册,第4批,candidate_span,正确,是时间状语,时间状语,,正确,是时间状语,时间状语,,正确,是时间状语,时间状语,,还经常帮助同学,span:AUTH-TAD-0335,sentence:SENT-0433,1,3,located,BEFORE_PREDICATE|EVENT_TIME|TIME_FREQUENCY,R_TEMP_ADV_04|R_TEMP_KG_ADV_01,R_TEMP_ADV_04,TEMPORAL_ADVERBIAL,True,规则正确
B_边界复核集,边界集/鲁棒性分析,保留为边界挑战实例，单独报告,无重复,来源字段完整但仍需正版逐页核验,SENT-0059,AUTH-TAD-0336,今天的练习做没做完?,今天,今天,ATTRIBUTE,可能为时间定语,完全一致,完全一致,完全一致,初等,国际中文教育中文水平等级标准·语法学习手册（初等）,197,◎结构特点 结果补语用于动词后，一般由单个的形容词或动词充当,否,纳入477条一致评测集,保留但单独报告；可用于边界分析，不作为主结论唯一依据,正确,不是时间状语,时间定语,权威语法学习手册,第4批,candidate_span,正确,不是时间状语,时间定语,,正确,不是时间状语,时间定语,,正确,不是时间状语,时间定语,,今天的练习做没做完,span:AUTH-TAD-0336,sentence:SENT-0059,0,2,located,ATTR_DE_DIRECT|DE_PARTICLE|SENTENCE_INITIAL|TIME_NOUN,R_TEMP_KG_ATTR_01|R_TEMP_KG_ADV_02,R_TEMP_KG_ATTR_01,ATTRIBUTE,True,规则正确
B_边界复核集,边界集/鲁棒性分析,保留为边界挑战实例，单独报告,无重复,来源字段完整但仍需正版逐页核验,SENT-0465,AUTH-TAD-0337,飞机又晚点了，可见今天天气情况不太好。,今天,今天,TEMPORAL_ADVERBIAL,三人标注不完全一致,完全一致,多数一致,多数一致,中等,国际中文教育中文水平等级标准·语法学习手册（中等）,110,例如： *既然这事你已经决定了，就我不说什么了,否,纳入477条一致评测集,保留但单独报告；可用于边界分析，不作为主结论唯一依据,正确,是时间状语,时间状语,权威语法学习手册,第4批,candidate_span,正确,不是时间状语,时间定语,,正确,是时间状语,时间状语,,正确,是时间状语,时间状语,,飞机又晚点了可见今天天气情况不太好,span:AUTH-TAD-0337,sentence:SENT-0465,9,11,located,BEFORE_PREDICATE|EVENT_TIME|TIME_NOUN,R_TEMP_ADV_01|R_TEMP_ADV_02|R_TEMP_KG_ADV_02,R_TEMP_ADV_01,TEMPORAL_ADVERBIAL,True,规则正确
A_主评测候选,主实验/严格评测,保留为高一致主评测实例,无重复,来源字段完整但仍需正版逐页核验,SENT-0148,AUTH-TAD-0338,你有什么不同意见，不妨现在提出来。,现在,现在,TEMPORAL_ADVERBIAL,,完全一致,完全一致,完全一致,高等,国际中文教育中文水平等级标准·语法学习手册（高等）,46,七一九级语法点 例句 交际实践 你的病已经好多了，下 床走走也不妨,否,纳入477条一致评测集,可进入主评测集；仍需抽样核验出处,正确,是时间状语,时间状语,权威语法学习手册,第4批,candidate_span,正确,是时间状语,时间状语,,正确,是时间状语,时间状语,,正确,是时间状语,时间状语,,你有什么不同意见不妨现在提出来,span:AUTH-TAD-0338,sentence:SENT-0148,11,13,located,TIME_ADVERB|TIME_NOUN|TIME_POINT,R_TEMP_KG_ADV_02,R_TEMP_KG_ADV_02,TEMPORAL_ADVERBIAL,True,规则正确
A_主评测候选,主实验/严格评测,保留为高一致主评测实例,无重复,来源字段完整但仍需正版逐页核验,SENT-0255,AUTH-TAD-0339,当时大家都不看好她的项目，但是她一直在努力，最终取得了成功。,当时,当时,TEMPORAL_ADVERBIAL,,完全一致,完全一致,完全一致,高等,国际中文教育中文水平等级标准·语法学习手册（高等）,108,我们看到，很多在学校里学习成绩好的学生，工作以后未必表现出色,否,纳入477条一致评测集,可进入主评测集；仍需抽样核验出处,正确,是时间状语,时间状语,权威语法学习手册,第4批,candidate_span,正确,是时间状语,时间状语,,正确,是时间状语,时间状语,,正确,是时间状语,时间状语,,当时大家都不看好她的项目但是她一直在努力最终取得了成功,span:AUTH-TAD-0339,sentence:SENT-0255,0,2,located,BEFORE_PREDICATE|DEICTIC_TIME|EVENT_TIME|SENTENCE_INITIAL|TIME_ADVERB|TIME_FREQUENCY|TIME_NOUN|TIME_POINT,R_TEMP_ADV_01|R_TEMP_ADV_02|R_TEMP_ADV_04|R_TEMP_ADV_19|R_TEMP_KG_ADV_01,R_TEMP_ADV_01,TEMPORAL_ADVERBIAL,True,规则正确
C_暂不纳入主实验,待复核,暂不进入主实验，优先复核标签,无重复,页面线索缺失,SENT-0235,AUTH-TAD-0340,客人没有来，害得他白白忙了一下午。,下午,下午,COMPLEMENT,页面线索缺失；三人标注不完全一致；至少一名标注者修正片段,多数一致,完全一致,多数一致,高等,国际中文教育中文水平等级标准·语法学习手册（高等）,51,,否,纳入477条一致评测集,需老师/专家核验；核验前只作错误分析或边界案例,正确,不是时间状语,时长补语,权威语法学习手册,第4批,candidate_span,边界不完整,不是时间状语,提取错误：边界不完整,一下午,正确,不是时间状语,时长补语,,正确,不是时间状语,时长补语,,客人没有来害得他白白忙了一下午,span:AUTH-TAD-0340,sentence:SENT-0235,14,16,located,AFTER_VERB|COMPLEMENT_DURATION_CONTEXT|DURATION_COMPLEMENT|REVIEW_NON_TARGET_RISK|TIME_NOUN|TIME_POINT,R_TEMP_KG_OTHER_01|R_TEMP_KG_COMP_01|R_TEMP_KG_ADV_02,R_TEMP_KG_OTHER_01,OTHER,False,规则误判
B_边界复核集,边界集/鲁棒性分析,保留为边界挑战实例，单独报告,无重复,来源字段完整但仍需正版逐页核验,SENT-0431,AUTH-TAD-0341,过年过节的时候，他就异常想念远方的亲人。,过年过节的时候,过年过节的时候,TEMPORAL_ADVERBIAL,相对时间框架边界,完全一致,完全一致,完全一致,中等,国际中文教育中文水平等级标准·语法学习手册（中等）,269,考完试以后，同学们的心情异常轻松,否,纳入477条一致评测集,保留但单独报告；可用于边界分析，不作为主结论唯一依据,正确,是时间状语,时间状语,权威语法学习手册,第4批,candidate_span,正确,是时间状语,时间状语,,正确,是时间状语,时间状语,,正确,是时间状语,时间状语,,过年过节的时候他就异常想念远方的亲人,span:AUTH-TAD-0341,sentence:SENT-0431,0,7,located,BEFORE_PREDICATE|EVENT_TIME|SENTENCE_INITIAL|TIME_NOUN,R_TEMP_ADV_01|R_TEMP_ADV_02|R_TEMP_KG_ADV_02,R_TEMP_ADV_01,TEMPORAL_ADVERBIAL,True,规则正确
C_暂不纳入主实验,错误分析/待复核,暂不进入主实验，等待出处或边界核验,无重复,来源字段完整但仍需正版逐页核验,SENT-0002,AUTH-TAD-0342,一眼看过去，周围尽是大山。,过去,过去,OTHER,非目标时间表达；至少一名标注者修正片段,完全一致,完全一致,完全一致,中等,国际中文教育中文水平等级标准·语法学习手册（中等）,270,语法学习手册(中等) ◎ 典型例句和对话 刚上班，分配给 例句 这桌上尽是土,否,纳入477条一致评测集,需老师/专家核验；核验前只作错误分析或边界案例,不是时间表达,不是时间状语,提取错误：不是时间表达,权威语法学习手册,第4批,candidate_span,不是时间表达,不是时间状语,提取错误：不是时间表达,,不是时间表达,不是时间状语,提取错误：不是时间表达,无,不是时间表达,不是时间状语,提取错误：不是时间表达,无,一眼看过去周围尽是大山,span:AUTH-TAD-0342,sentence:SENT-0002,3,5,located,BEFORE_PREDICATE|EVENT_TIME|NO_TEMPORAL_EXPRESSION|REVIEW_NON_TARGET_RISK,R_TEMP_KG_OTHER_01,R_TEMP_KG_OTHER_01,OTHER,True,规则正确
C_暂不纳入主实验,待复核,暂不进入主实验，优先复核标签,无重复,来源字段完整但仍需正版逐页核验,SENT-0356,AUTH-TAD-0343,是几十年的朋友了。,十年,十年,ATTRIBUTE,可能为时间定语；时量补语/持续时间边界；三人标注不完全一致；至少一名标注者修正片段,多数一致,完全一致,多数一致,中等,国际中文教育中文水平等级标准·语法学习手册（中等）,331,结构特点 “A一+量词，B一+量词”可以作谓语、定语、状语,否,纳入477条一致评测集,需老师/专家核验；核验前只作错误分析或边界案例,正确,不是时间状语,时间定语,权威语法学习手册,第4批,candidate_span,边界不完整,不是时间状语,提取错误：边界不完整,几十年,正确,不是时间状语,时间定语,,正确,不是时间状语,时间定语,,是几十年的朋友了,span:AUTH-TAD-0343,sentence:SENT-0356,2,4,located,ATTR_DE_DIRECT|DE_PARTICLE|TIME_DURATION,R_TEMP_KG_ATTR_01|R_TEMP_ATTR_06,R_TEMP_KG_ATTR_01,ATTRIBUTE,True,规则正确
B_边界复核集,边界集/鲁棒性分析,保留为边界挑战实例，单独报告,无重复,来源字段完整但仍需正版逐页核验,SENT-0127,AUTH-TAD-0344,你以前有女朋友吗?,以前,以前,TEMPORAL_ADVERBIAL,相对时间框架边界,完全一致,完全一致,完全一致,初等,国际中文教育中文水平等级标准·语法学习手册（初等）,181,O 结构特点 “得”一般用在动词和补语之间，补语一般由形容词性成分充当,否,纳入477条一致评测集,保留但单独报告；可用于边界分析，不作为主结论唯一依据,正确,是时间状语,时间状语,权威语法学习手册,第4批,candidate_span,正确,是时间状语,时间状语,,正确,是时间状语,时间状语,,正确,是时间状语,时间状语,,你以前有女朋友吗,span:AUTH-TAD-0344,sentence:SENT-0127,1,3,located,AFTER_VERB|NO_TEMPORAL_EXPRESSION|POSTPOSED_TEMPORAL_MARKER|TIME_AFTER_BEFORE,R_TEMP_COMP_09|R_TEMP_COMP_08,R_TEMP_COMP_09,COMPLEMENT,False,规则误判
A_主评测候选,主实验/严格评测,保留为高一致主评测实例,无重复,来源字段完整但仍需正版逐页核验,SENT-0047,AUTH-TAD-0345,今天我必须见到他。,今天,今天,TEMPORAL_ADVERBIAL,,完全一致,完全一致,完全一致,初等,国际中文教育中文水平等级标准·语法学习手册（初等）,159,(在班级) (在公司) (商量事情) A:马上期末考试了， A:经理，明天我可 A:请,否,纳入477条一致评测集,可进入主评测集；仍需抽样核验出处,正确,是时间状语,时间状语,权威语法学习手册,第4批,candidate_span,正确,是时间状语,时间状语,,正确,是时间状语,时间状语,,正确,是时间状语,时间状语,,今天我必须见到他,span:AUTH-TAD-0345,sentence:SENT-0047,0,2,located,BEFORE_PREDICATE|EVENT_TIME|SENTENCE_INITIAL|TIME_NOUN,R_TEMP_ADV_01|R_TEMP_ADV_02|R_TEMP_KG_ADV_02,R_TEMP_ADV_01,TEMPORAL_ADVERBIAL,True,规则正确
A_主评测候选,主实验/严格评测,保留为高一致主评测实例,无重复,来源字段完整但仍需正版逐页核验,SENT-0109,AUTH-TAD-0346,他每天都加班，为的是能准时完成工作任务。,每天,每天,TEMPORAL_ADVERBIAL,,完全一致,完全一致,完全一致,中等,国际中文教育中文水平等级标准·语法学习手册（中等）,242,给你发这个信 老师这节课什么也没 例句 为的是走的时候 息，为的是提醒 讲，为的是让我们有时,否,纳入477条一致评测集,可进入主评测集；仍需抽样核验出处,正确,是时间状语,时间状语,权威语法学习手册,第4批,candidate_span,正确,是时间状语,时间状语,,正确,是时间状语,时间状语,,正确,是时间状语,时间状语,,他每天都加班为的是能准时完成工作任务,span:AUTH-TAD-0346,sentence:SENT-0109,1,3,located,BEFORE_PREDICATE|EVENT_TIME|TIME_FREQUENCY,R_TEMP_ADV_04|R_TEMP_KG_ADV_01,R_TEMP_ADV_04,TEMPORAL_ADVERBIAL,True,规则正确
C_暂不纳入主实验,错误分析/待复核,暂不进入主实验，等待出处或边界核验,无重复,来源字段完整但仍需正版逐页核验,SENT-0008,AUTH-TAD-0347,下午五点天就黑了。,五点,下午五点,OTHER,候选片段与最终片段不一致；非目标时间表达；至少一名标注者修正片段,完全一致,完全一致,完全一致,初等,国际中文教育中文水平等级标准·语法学习手册（初等）,167,她刚毕业就当妈妈了,否,纳入477条一致评测集,需老师/专家核验；核验前只作错误分析或边界案例,边界不完整,不是时间状语,提取错误：边界不完整,权威语法学习手册,第4批,majority_fixed_span,边界不完整,不是时间状语,提取错误：边界不完整,下午五点,边界不完整,不是时间状语,提取错误：边界不完整,下午五点,边界不完整,不是时间状语,提取错误：边界不完整,下午五点,下午五点天就黑了,span:AUTH-TAD-0347,sentence:SENT-0008,2,4,located,BEFORE_PREDICATE|EVENT_TIME|NO_TEMPORAL_EXPRESSION|REVIEW_NON_TARGET_RISK,R_TEMP_KG_OTHER_01,R_TEMP_KG_OTHER_01,OTHER,True,规则正确
B_边界复核集,边界集/鲁棒性分析,保留为边界挑战实例，单独报告,无重复,来源字段完整但仍需正版逐页核验,SENT-0012,AUTH-TAD-0348,不去也好，你就在家休息一天吧。,一天,一天,COMPLEMENT,时量补语/持续时间边界,完全一致,完全一致,完全一致,中等,国际中文教育中文水平等级标准·语法学习手册（中等）,188,他正在写毕业论文，不管电视也好，电影也好，都没时间看,否,纳入477条一致评测集,保留但单独报告；可用于边界分析，不作为主结论唯一依据,正确,不是时间状语,时长补语,权威语法学习手册,第4批,candidate_span,正确,不是时间状语,时长补语,,正确,不是时间状语,时长补语,,正确,不是时间状语,时长补语,,不去也好你就在家休息一天吧,span:AUTH-TAD-0348,sentence:SENT-0012,11,13,located,AFTER_VERB|DURATION_COMPLEMENT|INDEFINITE_TIME|TIME_DURATION|TIME_POINT,R_TEMP_COMP_01|R_TEMP_COMP_02|R_TEMP_COMP_07,R_TEMP_COMP_01,COMPLEMENT,True,规则正确
A_主评测候选,主实验/严格评测,保留为高一致主评测实例,无重复,来源字段完整但仍需正版逐页核验,SENT-0207,AUTH-TAD-0349,她今天怎么不高兴?,今天,今天,TEMPORAL_ADVERBIAL,,完全一致,完全一致,完全一致,初等,国际中文教育中文水平等级标准·语法学习手册（初等）,35,找 谁? 小提示 (1)使用疑问代词“谁”提问的时候，句末可以不用语气助词，也可以加语气 助,否,纳入477条一致评测集,可进入主评测集；仍需抽样核验出处,正确,是时间状语,时间状语,权威语法学习手册,第4批,candidate_span,正确,是时间状语,时间状语,,正确,是时间状语,时间状语,,正确,是时间状语,时间状语,,她今天怎么不高兴,span:AUTH-TAD-0349,sentence:SENT-0207,1,3,located,BEFORE_PREDICATE|EVENT_TIME|TIME_NOUN,R_TEMP_ADV_01|R_TEMP_ADV_02|R_TEMP_KG_ADV_02,R_TEMP_ADV_01,TEMPORAL_ADVERBIAL,True,规则正确
B_边界复核集,边界集/鲁棒性分析,保留为边界挑战实例，单独报告,无重复,来源字段完整但仍需正版逐页核验,SENT-0371,AUTH-TAD-0350,来不及了，商场马上就关门了。,马上,马上,TEMPORAL_ADVERBIAL,时间副词/体貌副词边界,完全一致,完全一致,完全一致,中等,国际中文教育中文水平等级标准·语法学习手册（中等）,60,时间不多了，你还来得及吗? ◎ 结构特点 N,否,纳入477条一致评测集,保留但单独报告；可用于边界分析，不作为主结论唯一依据,正确,是时间状语,时间状语,权威语法学习手册,第4批,candidate_span,正确,是时间状语,时间状语,,正确,是时间状语,时间状语,,正确,是时间状语,时间状语,,来不及了商场马上就关门了,span:AUTH-TAD-0350,sentence:SENT-0371,7,9,located,BEFORE_PREDICATE|EVENT_TIME|LOCATION_EXPRESSION|NO_TEMPORAL_EXPRESSION|TIME_ADVERB,R_TEMP_OTHER_01|R_TEMP_ADV_19|R_TEMP_ADV_08,R_TEMP_OTHER_01,OTHER,False,规则误判
B_边界复核集,边界集/鲁棒性分析,保留为边界挑战实例，单独报告,无重复,来源字段完整但仍需正版逐页核验,SENT-0113,AUTH-TAD-0351,他游了四十分钟的泳。,四十分钟,四十分钟,COMPLEMENT,可能为时间定语；时量补语/持续时间边界；三人标注不完全一致,完全一致,完全一致,多数一致,初等,国际中文教育中文水平等级标准·语法学习手册（初等）,352,81数量补语4(动词+时量补语):表示动作持续的 时间 【三51】 ◎,否,纳入477条一致评测集,保留但单独报告；可用于边界分析，不作为主结论唯一依据,正确,不是时间状语,时长补语,权威语法学习手册,第4批,candidate_span,正确,不是时间状语,时长补语,,正确,不是时间状语,时间定语,,正确,不是时间状语,时长补语,,他游了四十分钟的泳,span:AUTH-TAD-0351,sentence:SENT-0113,3,7,located,AFTER_VERB|ATTR_DE_DIRECT|COMPLEMENT_DURATION_CONTEXT|DE_PARTICLE|DURATION_COMPLEMENT|TIME_DURATION,R_TEMP_KG_ATTR_01|R_TEMP_KG_COMP_01|R_TEMP_COMP_01|R_TEMP_COMP_02|R_TEMP_COMP_07,R_TEMP_KG_ATTR_01,ATTRIBUTE,False,规则误判
A_主评测候选,主实验/严格评测,保留为高一致主评测实例,无重复,来源字段完整但仍需正版逐页核验,SENT-0384,AUTH-TAD-0352,爸爸正生着气呢，你非现在说不可吗?,现在,现在,TEMPORAL_ADVERBIAL,,完全一致,完全一致,完全一致,中等,国际中文教育中文水平等级标准·语法学习手册（中等）,361,例句 不管天气怎么样， 这次演出非他指挥 我们这时候出门， 我们非去不可,否,纳入477条一致评测集,可进入主评测集；仍需抽样核验出处,正确,是时间状语,时间状语,权威语法学习手册,第4批,candidate_span,正确,是时间状语,时间状语,,正确,是时间状语,时间状语,,正确,是时间状语,时间状语,,爸爸正生着气呢你非现在说不可吗,span:AUTH-TAD-0352,sentence:SENT-0384,10,12,located,TIME_ADVERB|TIME_NOUN|TIME_POINT,R_TEMP_KG_ADV_02,R_TEMP_KG_ADV_02,TEMPORAL_ADVERBIAL,True,规则正确
C_暂不纳入主实验,错误分析/待复核,暂不进入主实验，等待出处或边界核验,无重复,来源字段完整但仍需正版逐页核验,SENT-0171,AUTH-TAD-0353,到目前为止，我还不敢相信这是真的。,目前,到目前为止,OTHER,时间主语/普通时间词边界；候选片段与最终片段不一致；非目标时间表达；至少一名标注者修正片段,完全一致,完全一致,完全一致,中等,国际中文教育中文水平等级标准·语法学习手册（中等）,203,由于时间关系，我们只能介绍到这里为止了,否,纳入477条一致评测集,需老师/专家核验；核验前只作错误分析或边界案例,边界不完整,不是时间状语,提取错误：边界不完整,权威语法学习手册,第4批,majority_fixed_span,边界不完整,不是时间状语,提取错误：边界不完整,到目前为止,边界不完整,不是时间状语,提取错误：边界不完整,到目前为止,边界不完整,不是时间状语,提取错误：边界不完整,到目前为止,到目前为止我还不敢相信这是真的,span:AUTH-TAD-0353,sentence:SENT-0171,1,3,located,REVIEW_NON_TARGET_RISK|TIME_ADVERB|TIME_AFTER_BEFORE|TIME_FREQUENCY|TIME_NOUN|TIME_POINT,R_TEMP_KG_OTHER_01|R_TEMP_KG_ADV_01|R_TEMP_ADV_11|R_TEMP_KG_ADV_02,R_TEMP_KG_OTHER_01,OTHER,True,规则正确
B_边界复核集,边界集/鲁棒性分析,保留为边界挑战实例，单独报告,无重复,来源字段完整但仍需正版逐页核验,SENT-0300,AUTH-TAD-0354,我把这些零食吃了一个月。,一个月,一个月,COMPLEMENT,时量补语/持续时间边界,完全一致,完全一致,完全一致,中等,国际中文教育中文水平等级标准·语法学习手册（中等）,82,计划 提前 了 一周 吗? 小提示 (1)带“动量补语/时量补语”的“把”字句中，“把”前不能,否,纳入477条一致评测集,保留但单独报告；可用于边界分析，不作为主结论唯一依据,正确,不是时间状语,时长补语,权威语法学习手册,第4批,candidate_span,正确,不是时间状语,时长补语,,正确,不是时间状语,时长补语,,正确,不是时间状语,时长补语,,我把这些零食吃了一个月,span:AUTH-TAD-0354,sentence:SENT-0300,8,11,located,AFTER_VERB|COMPLEMENT_DURATION_CONTEXT|DURATION_COMPLEMENT|TIME_DURATION,R_TEMP_KG_COMP_01|R_TEMP_COMP_01|R_TEMP_COMP_02|R_TEMP_COMP_07,R_TEMP_KG_COMP_01,COMPLEMENT,True,规则正确
B_边界复核集,边界集/鲁棒性分析,保留为边界挑战实例，单独报告,无重复,来源字段完整但仍需正版逐页核验,SENT-0211,AUTH-TAD-0355,她当时是不是拿走了这本书?,当时,当时,TEMPORAL_ADVERBIAL,时间主语/普通时间词边界,完全一致,完全一致,完全一致,高等,国际中文教育中文水平等级标准·语法学习手册（高等）,12,◎结构特点 “另”一般用于数量短语前边作定语,否,纳入477条一致评测集,保留但单独报告；可用于边界分析，不作为主结论唯一依据,正确,是时间状语,时间状语,权威语法学习手册,第4批,candidate_span,正确,是时间状语,时间状语,,正确,是时间状语,时间状语,,正确,是时间状语,时间状语,,她当时是不是拿走了这本书,span:AUTH-TAD-0355,sentence:SENT-0211,1,3,located,COPULA_SHI|DEICTIC_TIME|TIME_ADVERB|TIME_FREQUENCY|TIME_NOUN|TIME_POINT,R_TEMP_KG_ADV_01|R_TEMP_ADV_11|R_TEMP_KG_ADV_02,R_TEMP_KG_ADV_01,TEMPORAL_ADVERBIAL,True,规则正确
A_主评测候选,主实验/严格评测,保留为高一致主评测实例,无重复,来源字段完整但仍需正版逐页核验,SENT-0014,AUTH-TAD-0356,不客气，你现在赶快做也来得及。,现在,现在,TEMPORAL_ADVERBIAL,,完全一致,完全一致,完全一致,高等,国际中文教育中文水平等级标准·语法学习手册（高等）,82,一般位于复句中的后一分句，常与“先、开始、本来”等时间词语 搭配使用,否,纳入477条一致评测集,可进入主评测集；仍需抽样核验出处,正确,是时间状语,时间状语,权威语法学习手册,第4批,candidate_span,正确,是时间状语,时间状语,,正确,是时间状语,时间状语,,正确,是时间状语,时间状语,,不客气你现在赶快做也来得及,span:AUTH-TAD-0356,sentence:SENT-0014,5,7,located,BEFORE_PREDICATE|EVENT_TIME|TIME_ADVERB|TIME_NOUN|TIME_POINT,R_TEMP_ADV_01|R_TEMP_ADV_02|R_TEMP_ADV_19|R_TEMP_ADV_08|R_TEMP_ADV_10,R_TEMP_ADV_01,TEMPORAL_ADVERBIAL,True,规则正确
B_边界复核集,边界集/鲁棒性分析,保留为边界挑战实例，单独报告,无重复,来源字段完整但仍需正版逐页核验,SENT-0416,AUTH-TAD-0357,考试的时候别说话。,考试的时候,考试的时候,TEMPORAL_ADVERBIAL,相对时间框架边界,完全一致,完全一致,完全一致,初等,国际中文教育中文水平等级标准·语法学习手册（初等）,63,上课的时候别看 手机,否,纳入477条一致评测集,保留但单独报告；可用于边界分析，不作为主结论唯一依据,正确,是时间状语,时间状语,权威语法学习手册,第4批,candidate_span,正确,是时间状语,时间状语,,正确,是时间状语,时间状语,,正确,是时间状语,时间状语,,考试的时候别说话,span:AUTH-TAD-0357,sentence:SENT-0416,0,5,located,BEFORE_PREDICATE|EVENT_TIME|SENTENCE_INITIAL|TIME_NOUN,R_TEMP_ADV_01|R_TEMP_ADV_02|R_TEMP_KG_ADV_02,R_TEMP_ADV_01,TEMPORAL_ADVERBIAL,True,规则正确
C_暂不纳入主实验,待复核,暂不进入主实验，优先复核标签,同句多候选/重复句,来源字段完整但仍需正版逐页核验,SENT-0398,AUTH-TAD-0358,现在都五月了，按说不应该这么冷了。,现在,现在,TEMPORAL_ADVERBIAL,三人标注不完全一致；至少一名标注者修正片段,多数一致,多数一致,多数一致,高等,国际中文教育中文水平等级标准·语法学习手册（高等）,43,◎补充例句 按说这个时候应该下雪了，可今年一场雪还没下,否,纳入477条一致评测集,需老师/专家核验；核验前只作错误分析或边界案例,正确,是时间状语,时间状语,权威语法学习手册,第4批,candidate_span,正确,是时间状语,时间状语,,边界不完整,不是时间状语,提取错误：边界不完整,现在都五月了,正确,是时间状语,时间状语,,现在都五月了按说不应该这么冷了,span:AUTH-TAD-0358,sentence:SENT-0398,0,2,located,ABSTRACT_OR_NON_TARGET_TIME|BEFORE_PREDICATE|EVENT_TIME|SENTENCE_INITIAL|TEMPORAL_COMPARISON_STATE|TIME_ADVERB|TIME_NOUN|TIME_POINT,R_TEMP_KG_OTHER_02|R_TEMP_KG_OTHER_03|R_TEMP_ADV_01|R_TEMP_ADV_02|R_TEMP_ADV_19,R_TEMP_KG_OTHER_02,OTHER,False,规则误判
C_暂不纳入主实验,待复核,暂不进入主实验，优先复核标签,同句多候选/重复句,来源字段完整但仍需正版逐页核验,SENT-0172,AUTH-TAD-0359,十年过去了，周围的环境仍旧没变。,过去,十年过去了,OTHER,候选片段与最终片段不一致；非目标时间表达；三人标注不完全一致；至少一名标注者修正片段,多数一致,完全一致,多数一致,中等,国际中文教育中文水平等级标准·语法学习手册（中等）,152,五级语法点 道 小提示 “将要”表示对马上要发生的事情进行推测，因而一般不用于否定,否,纳入477条一致评测集,需老师/专家核验；核验前只作错误分析或边界案例,边界不完整,不是时间状语,提取错误：边界不完整,权威语法学习手册,第4批,majority_fixed_span,不是时间表达,不是时间状语,提取错误：不是时间表达,,边界不完整,不是时间状语,提取错误：边界不完整,十年过去了,边界不完整,不是时间状语,提取错误：边界不完整,十年过去了,十年过去了周围的环境仍旧没变,span:AUTH-TAD-0359,sentence:SENT-0172,2,4,located,BEFORE_PREDICATE|EVENT_TIME|NO_TEMPORAL_EXPRESSION|REVIEW_NON_TARGET_RISK,R_TEMP_KG_OTHER_01,R_TEMP_KG_OTHER_01,OTHER,True,规则正确
C_暂不纳入主实验,待复核,暂不进入主实验，优先复核标签,无重复,来源字段完整但仍需正版逐页核验,SENT-0100,AUTH-TAD-0360,他昨天差不多三点才回家。,三点,三点,TEMPORAL_ADVERBIAL,三人标注不完全一致；至少一名标注者修正片段,多数一致,多数一致,多数一致,初等,国际中文教育中文水平等级标准·语法学习手册（初等）,160,一般用在主语后，动词性成分、形容词或数量短语前，作状语,否,纳入477条一致评测集,需老师/专家核验；核验前只作错误分析或边界案例,正确,是时间状语,时间状语,权威语法学习手册,第4批,candidate_span,正确,是时间状语,时间状语,,边界不完整,不是时间状语,提取错误：边界不完整,昨天差不多三点,正确,是时间状语,时间状语,,他昨天差不多三点才回家,span:AUTH-TAD-0360,sentence:SENT-0100,6,8,located,BEFORE_PREDICATE|EVENT_TIME|NO_TEMPORAL_EXPRESSION,,,,False,未覆盖
B_边界复核集,边界集/鲁棒性分析,保留为边界挑战实例，单独报告,无重复,来源字段完整但仍需正版逐页核验,SENT-0013,AUTH-TAD-0361,不去就不去吧，以后别后悔就好。,以后,以后,TEMPORAL_ADVERBIAL,相对时间框架边界,完全一致,完全一致,完全一致,高等,国际中文教育中文水平等级标准·语法学习手册（高等）,189,不去就不去吧，以后别后悔就好,否,纳入477条一致评测集,保留但单独报告；可用于边界分析，不作为主结论唯一依据,正确,是时间状语,时间状语,权威语法学习手册,第4批,candidate_span,正确,是时间状语,时间状语,,正确,是时间状语,时间状语,,正确,是时间状语,时间状语,,不去就不去吧以后别后悔就好,span:AUTH-TAD-0361,sentence:SENT-0013,7,9,located,AFTER_VERB|NO_TEMPORAL_EXPRESSION|POSTPOSED_TEMPORAL_MARKER|TIME_AFTER_BEFORE,R_TEMP_COMP_09|R_TEMP_COMP_08,R_TEMP_COMP_09,COMPLEMENT,False,规则误判
B_边界复核集,边界集/鲁棒性分析,保留为边界挑战实例，单独报告,无重复,来源字段完整但仍需正版逐页核验,SENT-0434,AUTH-TAD-0362,这一去时间或长或短，长的话要一两年，短的话两三个月就能回来。,两三个月,两三个月,TEMPORAL_ADVERBIAL,时量补语/持续时间边界；三人标注不完全一致,完全一致,多数一致,多数一致,中等,国际中文教育中文水平等级标准·语法学习手册（中等）,317,这一去时间或长或短，长的话要一两年，短的话两三个月,否,纳入477条一致评测集,保留但单独报告；可用于边界分析，不作为主结论唯一依据,正确,是时间状语,时间状语,权威语法学习手册,第4批,candidate_span,正确,是时间状语,时间状语,,正确,不是时间状语,时长补语,,正确,是时间状语,时间状语,,这一去时间或长或短长的话要一两年短的话两三个月就能回来,span:AUTH-TAD-0362,sentence:SENT-0434,21,25,located,BEFORE_PREDICATE|EVENT_TIME|TIME_DURATION,,,,False,未覆盖
A_主评测候选,主实验/严格评测,保留为高一致主评测实例,无重复,来源字段完整但仍需正版逐页核验,SENT-0261,AUTH-TAD-0363,我不知道图书馆今天不开门，白白地跑了一趟。,今天,今天,TEMPORAL_ADVERBIAL,,完全一致,完全一致,完全一致,高等,国际中文教育中文水平等级标准·语法学习手册（高等）,50,交际实践 我白白排了两个小 (在售票处，感叹等待时间长) 时的队呢! 工作人员：对不起，今天,否,纳入477条一致评测集,可进入主评测集；仍需抽样核验出处,正确,是时间状语,时间状语,权威语法学习手册,第4批,candidate_span,正确,是时间状语,时间状语,,正确,是时间状语,时间状语,,正确,是时间状语,时间状语,,我不知道图书馆今天不开门白白地跑了一趟,span:AUTH-TAD-0363,sentence:SENT-0261,7,9,located,BEFORE_PREDICATE|EVENT_TIME|TIME_NOUN,R_TEMP_ADV_01|R_TEMP_ADV_02|R_TEMP_KG_ADV_02,R_TEMP_ADV_01,TEMPORAL_ADVERBIAL,True,规则正确
B_边界复核集,边界集/鲁棒性分析,保留为边界挑战实例，单独报告,无重复,来源字段完整但仍需正版逐页核验,SENT-0107,AUTH-TAD-0364,他正在邮局寄信。,正在,正在,TEMPORAL_ADVERBIAL,时间副词/体貌副词边界,完全一致,完全一致,完全一致,初等,国际中文教育中文水平等级标准·语法学习手册（初等）,241,*他正在邮局寄着信,否,纳入477条一致评测集,保留但单独报告；可用于边界分析，不作为主结论唯一依据,正确,是时间状语,时间状语,权威语法学习手册,第4批,candidate_span,正确,是时间状语,时间状语,,正确,是时间状语,时间状语,,正确,是时间状语,时间状语,,他正在邮局寄信,span:AUTH-TAD-0364,sentence:SENT-0107,1,3,located,BEFORE_PREDICATE|EVENT_TIME|NO_TEMPORAL_EXPRESSION|TIME_ADVERB,R_TEMP_ADV_19|R_TEMP_ADV_08,R_TEMP_ADV_19,TEMPORAL_ADVERBIAL,True,规则正确
A_主评测候选,主实验/严格评测,保留为高一致主评测实例,无重复,来源字段完整但仍需正版逐页核验,SENT-0361,AUTH-TAD-0365,晓雨今天没来学校，莫非出了什么事?,今天,今天,TEMPORAL_ADVERBIAL,,完全一致,完全一致,完全一致,高等,国际中文教育中文水平等级标准·语法学习手册（高等）,48,(又+)何必+呢? 事情已经解决了，这 又 何必 呢? 为这点儿小事,否,纳入477条一致评测集,可进入主评测集；仍需抽样核验出处,正确,是时间状语,时间状语,权威语法学习手册,第4批,candidate_span,正确,是时间状语,时间状语,,正确,是时间状语,时间状语,,正确,是时间状语,时间状语,,晓雨今天没来学校莫非出了什么事,span:AUTH-TAD-0365,sentence:SENT-0361,2,4,located,BEFORE_PREDICATE|EVENT_TIME|TIME_NOUN,R_TEMP_ADV_01|R_TEMP_ADV_02|R_TEMP_KG_ADV_02,R_TEMP_ADV_01,TEMPORAL_ADVERBIAL,True,规则正确
A_主评测候选,主实验/严格评测,保留为高一致主评测实例,同句多候选/重复句,来源字段完整但仍需正版逐页核验,SENT-0198,AUTH-TAD-0366,在这三年里，我把每天跑步这个习惯坚持下来了。,每天,每天,TEMPORAL_ADVERBIAL,,完全一致,完全一致,完全一致,中等,国际中文教育中文水平等级标准·语法学习手册（中等）,210,别紧张，你说 你的中文说得不错， 在这三年里，我把每天 下去,否,纳入477条一致评测集,可进入主评测集；仍需抽样核验出处,正确,是时间状语,时间状语,权威语法学习手册,第4批,candidate_span,正确,是时间状语,时间状语,,正确,是时间状语,时间状语,,正确,是时间状语,时间状语,,在这三年里我把每天跑步这个习惯坚持下来了,span:AUTH-TAD-0366,sentence:SENT-0198,8,10,located,BEFORE_PREDICATE|EVENT_TIME|TIME_FREQUENCY,R_TEMP_ADV_04|R_TEMP_KG_ADV_01,R_TEMP_ADV_04,TEMPORAL_ADVERBIAL,True,规则正确
A_主评测候选,主实验/严格评测,保留为高一致主评测实例,无重复,来源字段完整但仍需正版逐页核验,SENT-0027,AUTH-TAD-0367,事情下午就弄清楚了。,下午,下午,TEMPORAL_ADVERBIAL,,完全一致,完全一致,完全一致,初等,国际中文教育中文水平等级标准·语法学习手册（初等）,167,她刚毕业就当妈妈了,否,纳入477条一致评测集,可进入主评测集；仍需抽样核验出处,正确,是时间状语,时间状语,权威语法学习手册,第4批,candidate_span,正确,是时间状语,时间状语,,正确,是时间状语,时间状语,,正确,是时间状语,时间状语,,事情下午就弄清楚了,span:AUTH-TAD-0367,sentence:SENT-0027,2,4,located,BEFORE_PREDICATE|EVENT_TIME|TIME_NOUN|TIME_POINT,R_TEMP_ADV_01|R_TEMP_ADV_02|R_TEMP_ADV_10|R_TEMP_KG_ADV_02,R_TEMP_ADV_01,TEMPORAL_ADVERBIAL,True,规则正确
B_边界复核集,边界集/鲁棒性分析,保留为边界挑战实例，单独报告,同句多候选/重复句,来源字段完整但仍需正版逐页核验,SENT-0063,AUTH-TAD-0368,今年公司的总利润比去年降低了不少。,今年,今年,TEMPORAL_ADVERBIAL,时量补语/持续时间边界,完全一致,完全一致,完全一致,高等,国际中文教育中文水平等级标准·语法学习手册（高等）,65,◎ 补充例句 他每天的工作无非就是联系客户、推销新产品,否,纳入477条一致评测集,保留但单独报告；可用于边界分析，不作为主结论唯一依据,正确,是时间状语,时间状语,权威语法学习手册,第4批,candidate_span,正确,是时间状语,时间状语,,正确,是时间状语,时间状语,,正确,是时间状语,时间状语,,今年公司的总利润比去年降低了不少,span:AUTH-TAD-0368,sentence:SENT-0063,0,2,located,ABSTRACT_OR_NON_TARGET_TIME|BEFORE_PREDICATE|EVENT_TIME|NO_TEMPORAL_EXPRESSION|SENTENCE_INITIAL|TEMPORAL_COMPARISON_STATE,R_TEMP_KG_OTHER_02|R_TEMP_KG_OTHER_03,R_TEMP_KG_OTHER_02,OTHER,False,规则误判
A_主评测候选,主实验/严格评测,保留为高一致主评测实例,同句多候选/重复句,来源字段完整但仍需正版逐页核验,SENT-0169,AUTH-TAD-0369,别担心，她告诉我今天家里有事，请了半天假。,今天,今天,TEMPORAL_ADVERBIAL,,完全一致,完全一致,完全一致,高等,国际中文教育中文水平等级标准·语法学习手册（高等）,48,(又+)何必+呢? 事情已经解决了，这 又 何必 呢? 为这点儿小事,否,纳入477条一致评测集,可进入主评测集；仍需抽样核验出处,正确,是时间状语,时间状语,权威语法学习手册,第4批,candidate_span,正确,是时间状语,时间状语,,正确,是时间状语,时间状语,,正确,是时间状语,时间状语,,别担心她告诉我今天家里有事请了半天假,span:AUTH-TAD-0369,sentence:SENT-0169,8,10,located,BEFORE_PREDICATE|EVENT_TIME|TIME_NOUN,R_TEMP_ADV_01|R_TEMP_ADV_02|R_TEMP_KG_ADV_02,R_TEMP_ADV_01,TEMPORAL_ADVERBIAL,True,规则正确
B_边界复核集,边界集/鲁棒性分析,保留为边界挑战实例，单独报告,无重复,来源字段完整但仍需正版逐页核验,SENT-0440,AUTH-TAD-0370,这个话题常常被提到。,常常,常常,TEMPORAL_ADVERBIAL,时间副词/体貌副词边界,完全一致,完全一致,完全一致,中等,国际中文教育中文水平等级标准·语法学习手册（中等）,83,这个话题常常被提到,否,纳入477条一致评测集,保留但单独报告；可用于边界分析，不作为主结论唯一依据,正确,是时间状语,时间状语,权威语法学习手册,第4批,candidate_span,正确,是时间状语,时间状语,,正确,是时间状语,时间状语,,正确,是时间状语,时间状语,,这个话题常常被提到,span:AUTH-TAD-0370,sentence:SENT-0440,4,6,located,BEFORE_PREDICATE|EVENT_TIME|TIME_FREQUENCY,R_TEMP_ADV_04|R_TEMP_KG_ADV_01,R_TEMP_ADV_04,TEMPORAL_ADVERBIAL,True,规则正确
A_主评测候选,主实验/严格评测,保留为高一致主评测实例,无重复,来源字段完整但仍需正版逐页核验,SENT-0024,AUTH-TAD-0371,为了保持健康，他每天坚持运动。,每天,每天,TEMPORAL_ADVERBIAL,,完全一致,完全一致,完全一致,初等,国际中文教育中文水平等级标准·语法学习手册（初等）,384,例如： *他每天坚持运动，为了保持健康,否,纳入477条一致评测集,可进入主评测集；仍需抽样核验出处,正确,是时间状语,时间状语,权威语法学习手册,第4批,candidate_span,正确,是时间状语,时间状语,,正确,是时间状语,时间状语,,正确,是时间状语,时间状语,,为了保持健康他每天坚持运动,span:AUTH-TAD-0371,sentence:SENT-0024,8,10,located,BEFORE_PREDICATE|EVENT_TIME|TIME_FREQUENCY,R_TEMP_ADV_04|R_TEMP_KG_ADV_01,R_TEMP_ADV_04,TEMPORAL_ADVERBIAL,True,规则正确
B_边界复核集,边界集/鲁棒性分析,保留为边界挑战实例，单独报告,无重复,来源字段完整但仍需正版逐页核验,SENT-0313,AUTH-TAD-0372,我要马上离开这儿，一天都不想留了。,马上,马上,TEMPORAL_ADVERBIAL,时间副词/体貌副词边界,完全一致,完全一致,完全一致,中等,国际中文教育中文水平等级标准·语法学习手册（中等）,123,我要马上离开这儿，一天都不想留了,否,纳入477条一致评测集,保留但单独报告；可用于边界分析，不作为主结论唯一依据,正确,是时间状语,时间状语,权威语法学习手册,第4批,candidate_span,正确,是时间状语,时间状语,,正确,是时间状语,时间状语,,正确,是时间状语,时间状语,,我要马上离开这儿一天都不想留了,span:AUTH-TAD-0372,sentence:SENT-0313,2,4,located,BEFORE_PREDICATE|EVENT_TIME|LOCATION_EXPRESSION|NO_TEMPORAL_EXPRESSION|TIME_ADVERB,R_TEMP_OTHER_01|R_TEMP_ADV_19|R_TEMP_ADV_08,R_TEMP_OTHER_01,OTHER,False,规则误判
B_边界复核集,边界集/鲁棒性分析,保留为边界挑战实例，单独报告,无重复,来源字段完整但仍需正版逐页核验,SENT-0252,AUTH-TAD-0373,张华现在说的话我都不知该不该信了。,现在,现在,TEMPORAL_ADVERBIAL,三人标注不完全一致,完全一致,多数一致,多数一致,高等,国际中文教育中文水平等级标准·语法学习手册（高等）,90,等市场快关门的时候，蔬菜都是半卖半送了,否,纳入477条一致评测集,保留但单独报告；可用于边界分析，不作为主结论唯一依据,正确,是时间状语,时间状语,权威语法学习手册,第4批,candidate_span,正确,不是时间状语,时间定语,,正确,是时间状语,时间状语,,正确,是时间状语,时间状语,,张华现在说的话我都不知该不该信了,span:AUTH-TAD-0373,sentence:SENT-0252,2,4,located,BEFORE_PREDICATE|EVENT_TIME|TIME_ADVERB|TIME_NOUN|TIME_POINT,R_TEMP_ADV_01|R_TEMP_ADV_02|R_TEMP_ADV_19|R_TEMP_ADV_08|R_TEMP_ADV_10,R_TEMP_ADV_01,TEMPORAL_ADVERBIAL,True,规则正确
B_边界复核集,边界集/鲁棒性分析,保留为边界挑战实例，单独报告,无重复,来源字段完整但仍需正版逐页核验,SENT-0430,AUTH-TAD-0374,车来了，我马上下去。,马上,马上,TEMPORAL_ADVERBIAL,时间副词/体貌副词边界,完全一致,完全一致,完全一致,初等,国际中文教育中文水平等级标准·语法学习手册（初等）,54,30 时间副词(1):马上 【一11】 ◎基本语义及用法 表示动作,否,纳入477条一致评测集,保留但单独报告；可用于边界分析，不作为主结论唯一依据,正确,是时间状语,时间状语,权威语法学习手册,第4批,candidate_span,正确,是时间状语,时间状语,,正确,是时间状语,时间状语,,正确,是时间状语,时间状语,,车来了我马上下去,span:AUTH-TAD-0374,sentence:SENT-0430,5,7,located,BEFORE_PREDICATE|EVENT_TIME|LOCATION_EXPRESSION|NO_TEMPORAL_EXPRESSION|TIME_ADVERB,R_TEMP_OTHER_01|R_TEMP_ADV_19|R_TEMP_ADV_08,R_TEMP_OTHER_01,OTHER,False,规则误判
B_边界复核集,边界集/鲁棒性分析,保留为边界挑战实例，单独报告,无重复,来源字段完整但仍需正版逐页核验,SENT-0402,AUTH-TAD-0375,病人正在休息，你不能进去。,正在,正在,TEMPORAL_ADVERBIAL,时间副词/体貌副词边界,完全一致,完全一致,完全一致,初等,国际中文教育中文水平等级标准·语法学习手册（初等）,57,级语法点 33时间副词(4):在、正、正在 【一11】 ◎基本语义及用法 表示某个,否,纳入477条一致评测集,保留但单独报告；可用于边界分析，不作为主结论唯一依据,正确,是时间状语,时间状语,权威语法学习手册,第4批,candidate_span,正确,是时间状语,时间状语,,正确,是时间状语,时间状语,,正确,是时间状语,时间状语,,病人正在休息你不能进去,span:AUTH-TAD-0375,sentence:SENT-0402,2,4,located,BEFORE_PREDICATE|EVENT_TIME|NO_TEMPORAL_EXPRESSION|TIME_ADVERB,R_TEMP_ADV_19|R_TEMP_ADV_08,R_TEMP_ADV_19,TEMPORAL_ADVERBIAL,True,规则正确
B_边界复核集,边界集/鲁棒性分析,保留为边界挑战实例，单独报告,无重复,来源字段完整但仍需正版逐页核验,SENT-0426,AUTH-TAD-0376,让我三天就完成，你分明是在为难我。,三天,三天,TEMPORAL_ADVERBIAL,时量补语/持续时间边界；三人标注不完全一致,完全一致,多数一致,多数一致,高等,国际中文教育中文水平等级标准·语法学习手册（高等）,53,让我三天就完成， (在公司，说明任务时间短) 你分明是在为难我,否,纳入477条一致评测集,保留但单独报告；可用于边界分析，不作为主结论唯一依据,正确,是时间状语,时间状语,权威语法学习手册,第4批,candidate_span,正确,是时间状语,时间状语,,正确,不是时间状语,时长补语,,正确,是时间状语,时间状语,,让我三天就完成你分明是在为难我,span:AUTH-TAD-0376,sentence:SENT-0426,2,4,located,BEFORE_PREDICATE|EVENT_TIME|TIME_DURATION,,,,False,未覆盖
B_边界复核集,边界集/鲁棒性分析,保留为边界挑战实例，单独报告,无重复,页面线索缺失,SENT-0030,AUTH-TAD-0377,什么爱情不爱情的，你现在什么都不懂。,现在,现在,TEMPORAL_ADVERBIAL,页面线索缺失,完全一致,完全一致,完全一致,中等,国际中文教育中文水平等级标准·语法学习手册（中等）,263,,否,纳入477条一致评测集,保留但单独报告；可用于边界分析，不作为主结论唯一依据,正确,是时间状语,时间状语,权威语法学习手册,第4批,candidate_span,正确,是时间状语,时间状语,,正确,是时间状语,时间状语,,正确,是时间状语,时间状语,,什么爱情不爱情的你现在什么都不懂,span:AUTH-TAD-0377,sentence:SENT-0030,10,12,located,TIME_ADVERB|TIME_NOUN|TIME_POINT,R_TEMP_KG_ADV_02,R_TEMP_KG_ADV_02,TEMPORAL_ADVERBIAL,True,规则正确
B_边界复核集,边界集/鲁棒性分析,保留为边界挑战实例，单独报告,无重复,页面线索缺失,SENT-0103,AUTH-TAD-0378,他更喜欢早上洗澡。,早上,早上,TEMPORAL_ADVERBIAL,页面线索缺失,完全一致,完全一致,完全一致,初等,国际中文教育中文水平等级标准·语法学习手册（初等）,138,,否,纳入477条一致评测集,保留但单独报告；可用于边界分析，不作为主结论唯一依据,正确,是时间状语,时间状语,权威语法学习手册,第4批,candidate_span,正确,是时间状语,时间状语,,正确,是时间状语,时间状语,,正确,是时间状语,时间状语,,他更喜欢早上洗澡,span:AUTH-TAD-0378,sentence:SENT-0103,4,6,located,AFTER_VERB|BEFORE_PREDICATE|EVENT_TIME|PSYCHOLOGICAL_VERB|TIME_NOUN,R_TEMP_OBJ_01|R_TEMP_ADV_01|R_TEMP_ADV_02|R_TEMP_OBJ_02|R_TEMP_KG_ADV_02,R_TEMP_OBJ_01,OBJECT,False,规则误判
B_边界复核集,边界集/鲁棒性分析,保留为边界挑战实例，单独报告,无重复,页面线索缺失,SENT-0080,AUTH-TAD-0379,他们队去年连前八名都没有进入，不料今年竟夺得了冠军。,今年,今年,TEMPORAL_ADVERBIAL,页面线索缺失；时量补语/持续时间边界,完全一致,完全一致,完全一致,中等,国际中文教育中文水平等级标准·语法学习手册（中等）,306,,否,纳入477条一致评测集,保留但单独报告；可用于边界分析，不作为主结论唯一依据,正确,是时间状语,时间状语,权威语法学习手册,第4批,candidate_span,正确,是时间状语,时间状语,,正确,是时间状语,时间状语,,正确,是时间状语,时间状语,,他们队去年连前八名都没有进入不料今年竟夺得了冠军,span:AUTH-TAD-0379,sentence:SENT-0080,17,19,located,NO_TEMPORAL_EXPRESSION,,,,False,未覆盖
B_边界复核集,边界集/鲁棒性分析,保留为边界挑战实例，单独报告,无重复,来源字段完整但仍需正版逐页核验,SENT-0459,AUTH-TAD-0380,采访中，这位明星提到了小时候的经历。,小时候,小时候,ATTRIBUTE,可能为时间定语；时量补语/持续时间边界,完全一致,完全一致,完全一致,中等,国际中文教育中文水平等级标准·语法学习手册（中等）,73,习手册(中等) 小提示 “在……中”用在主语前边作状语时，“在”可以省略,否,纳入477条一致评测集,保留但单独报告；可用于边界分析，不作为主结论唯一依据,正确,不是时间状语,时间定语,权威语法学习手册,第4批,candidate_span,正确,不是时间状语,时间定语,,正确,不是时间状语,时间定语,,正确,不是时间状语,时间定语,,采访中这位明星提到了小时候的经历,span:AUTH-TAD-0380,sentence:SENT-0459,11,14,located,ATTR_DE_DIRECT|ATTR_NOMINAL_DIRECT|DE_PARTICLE|NOMINAL_HEAD|TIME_NOUN,R_TEMP_KG_ATTR_01|R_TEMP_KG_ATTR_02|R_TEMP_ATTR_01|R_TEMP_ATTR_03|R_TEMP_KG_ADV_02,R_TEMP_KG_ATTR_01,ATTRIBUTE,True,规则正确
B_边界复核集,边界集/鲁棒性分析,保留为边界挑战实例，单独报告,无重复,来源字段完整但仍需正版逐页核验,SENT-0253,AUTH-TAD-0381,张老师对学生可有耐心了，不但如此，还经常鼓励他们。,经常,经常,TEMPORAL_ADVERBIAL,时间副词/体貌副词边界,完全一致,完全一致,完全一致,中等,国际中文教育中文水平等级标准·语法学习手册（中等）,139,我每天 觉怎么样? 啊! 都要喝咖啡，天天 B,否,纳入477条一致评测集,保留但单独报告；可用于边界分析，不作为主结论唯一依据,正确,是时间状语,时间状语,权威语法学习手册,第4批,candidate_span,正确,是时间状语,时间状语,,正确,是时间状语,时间状语,,正确,是时间状语,时间状语,,张老师对学生可有耐心了不但如此还经常鼓励他们,span:AUTH-TAD-0381,sentence:SENT-0253,18,20,located,TIME_FREQUENCY,R_TEMP_KG_ADV_01,R_TEMP_KG_ADV_01,TEMPORAL_ADVERBIAL,True,规则正确
B_边界复核集,边界集/鲁棒性分析,保留为边界挑战实例，单独报告,无重复,来源字段完整但仍需正版逐页核验,SENT-0467,AUTH-TAD-0382,马上去还来得及。,马上,马上,TEMPORAL_ADVERBIAL,时间副词/体貌副词边界,完全一致,完全一致,完全一致,中等,国际中文教育中文水平等级标准·语法学习手册（中等）,59,"(中等) 看来(+S)+P?,S+P? 看来 还有时间，我们 不用着急，可以慢慢吃",否,纳入477条一致评测集,保留但单独报告；可用于边界分析，不作为主结论唯一依据,正确,是时间状语,时间状语,权威语法学习手册,第4批,candidate_span,正确,是时间状语,时间状语,,正确,是时间状语,时间状语,,正确,是时间状语,时间状语,,马上去还来得及,span:AUTH-TAD-0382,sentence:SENT-0467,0,2,located,BEFORE_PREDICATE|EVENT_TIME|LOCATION_EXPRESSION|NO_TEMPORAL_EXPRESSION|SENTENCE_INITIAL|TIME_ADVERB,R_TEMP_OTHER_01|R_TEMP_ADV_19|R_TEMP_ADV_08,R_TEMP_OTHER_01,OTHER,False,规则误判
C_暂不纳入主实验,待复核,暂不进入主实验，优先复核标签,无重复,来源字段完整但仍需正版逐页核验,SENT-0373,AUTH-TAD-0383,根据他平时的表现，这次比赛应该能获奖。,平时,平时,ATTRIBUTE,可能为时间定语；三人标注不完全一致；至少一名标注者修正片段,多数一致,多数一致,多数一致,中等,国际中文教育中文水平等级标准·语法学习手册（中等）,44,法点 ◎结构特点 “替”跟名词或代词组合，在句中作状语,否,纳入477条一致评测集,需老师/专家核验；核验前只作错误分析或边界案例,正确,不是时间状语,时间定语,权威语法学习手册,第4批,candidate_span,正确,不是时间状语,时间定语,,正确,不是时间状语,时间定语,,漏检：有目标时间状语,是时间状语,漏检,这次比赛,根据他平时的表现这次比赛应该能获奖,span:AUTH-TAD-0383,sentence:SENT-0373,3,5,located,ATTR_DE_DIRECT|DE_PARTICLE|TIME_NOUN,R_TEMP_KG_ATTR_01|R_TEMP_KG_ADV_02,R_TEMP_KG_ATTR_01,ATTRIBUTE,True,规则正确
A_主评测候选,主实验/严格评测,保留为高一致主评测实例,无重复,来源字段完整但仍需正版逐页核验,SENT-0299,AUTH-TAD-0384,我打算今天下课后先运动，完了回教室写作业。,今天,今天,TEMPORAL_ADVERBIAL,,完全一致,完全一致,完全一致,中等,国际中文教育中文水平等级标准·语法学习手册（中等）,186,旦 【五15】 ◎基本语义及用法 表示不确定的某一时间或某一天,否,纳入477条一致评测集,可进入主评测集；仍需抽样核验出处,正确,是时间状语,时间状语,权威语法学习手册,第4批,candidate_span,正确,是时间状语,时间状语,,正确,是时间状语,时间状语,,正确,是时间状语,时间状语,,我打算今天下课后先运动完了回教室写作业,span:AUTH-TAD-0384,sentence:SENT-0299,3,5,located,BEFORE_PREDICATE|EVENT_TIME|TIME_NOUN,R_TEMP_ADV_01|R_TEMP_ADV_02|R_TEMP_KG_ADV_02,R_TEMP_ADV_01,TEMPORAL_ADVERBIAL,True,规则正确
B_边界复核集,边界集/鲁棒性分析,保留为边界挑战实例，单独报告,无重复,页面线索缺失,SENT-0370,AUTH-TAD-0385,本来以为明天可以去爬山，不料却突然降温了。,明天,明天,TEMPORAL_ADVERBIAL,页面线索缺失,完全一致,完全一致,完全一致,中等,国际中文教育中文水平等级标准·语法学习手册（中等）,306,,否,纳入477条一致评测集,保留但单独报告；可用于边界分析，不作为主结论唯一依据,正确,是时间状语,时间状语,权威语法学习手册,第4批,candidate_span,正确,是时间状语,时间状语,,正确,是时间状语,时间状语,,正确,是时间状语,时间状语,,本来以为明天可以去爬山不料却突然降温了,span:AUTH-TAD-0385,sentence:SENT-0370,4,6,located,BEFORE_PREDICATE|EVENT_TIME|TIME_NOUN,R_TEMP_ADV_01|R_TEMP_ADV_02|R_TEMP_KG_ADV_02,R_TEMP_ADV_01,TEMPORAL_ADVERBIAL,True,规则正确
A_主评测候选,主实验/严格评测,保留为高一致主评测实例,无重复,来源字段完整但仍需正版逐页核验,SENT-0076,AUTH-TAD-0386,他今天早饭都没吃就急忙去学校了。,今天,今天,TEMPORAL_ADVERBIAL,,完全一致,完全一致,完全一致,中等,国际中文教育中文水平等级标准·语法学习手册（中等）,21,例句 例句 快上课了，他急忙跑 我一接到老板的电 刚下班他就急忙收 进教室,否,纳入477条一致评测集,可进入主评测集；仍需抽样核验出处,正确,是时间状语,时间状语,权威语法学习手册,第4批,candidate_span,正确,是时间状语,时间状语,,正确,是时间状语,时间状语,,正确,是时间状语,时间状语,,他今天早饭都没吃就急忙去学校了,span:AUTH-TAD-0386,sentence:SENT-0076,1,3,located,BEFORE_PREDICATE|EVENT_TIME|TIME_NOUN,R_TEMP_ADV_01|R_TEMP_ADV_02|R_TEMP_KG_ADV_02,R_TEMP_ADV_01,TEMPORAL_ADVERBIAL,True,规则正确
B_边界复核集,边界集/鲁棒性分析,保留为边界挑战实例，单独报告,无重复,来源字段完整但仍需正版逐页核验,SENT-0274,AUTH-TAD-0387,我们已经尽力了，再不成功就算了。,已经,已经,TEMPORAL_ADVERBIAL,时间副词/体貌副词边界,完全一致,完全一致,完全一致,中等,国际中文教育中文水平等级标准·语法学习手册（中等）,329,我们已经尽力了，再不成功就算了,否,纳入477条一致评测集,保留但单独报告；可用于边界分析，不作为主结论唯一依据,正确,是时间状语,时间状语,权威语法学习手册,第4批,candidate_span,正确,是时间状语,时间状语,,正确,是时间状语,时间状语,,正确,是时间状语,时间状语,,我们已经尽力了再不成功就算了,span:AUTH-TAD-0387,sentence:SENT-0274,2,4,located,BEFORE_PREDICATE|EVENT_TIME|TIME_ADVERB|TIME_FREQUENCY,R_TEMP_ADV_04|R_TEMP_ADV_19|R_TEMP_KG_ADV_01|R_TEMP_ADV_08|R_TEMP_ADV_11,R_TEMP_ADV_04,TEMPORAL_ADVERBIAL,True,规则正确
B_边界复核集,边界集/鲁棒性分析,保留为边界挑战实例，单独报告,同句多候选/重复句,来源字段完整但仍需正版逐页核验,SENT-0323,AUTH-TAD-0388,旅行要去多长时间不确定，或两三天，或一两周。,一两周,一两周,COMPLEMENT,三人标注不完全一致,完全一致,完全一致,多数一致,高等,国际中文教育中文水平等级标准·语法学习手册（高等）,151,旅行要去多长时间 (在学校，讨论旅行的时间) 不确定，或两三天， A:听说你放假以,否,纳入477条一致评测集,保留但单独报告；可用于边界分析，不作为主结论唯一依据,正确,不是时间状语,时长补语,权威语法学习手册,第4批,candidate_span,正确,不是时间状语,普通时间名词/词语引用,,正确,不是时间状语,时长补语,,正确,不是时间状语,时长补语,,旅行要去多长时间不确定或两三天或一两周,span:AUTH-TAD-0388,sentence:SENT-0323,18,21,located,TIME_DURATION,,,,False,未覆盖
B_边界复核集,边界集/鲁棒性分析,保留为边界挑战实例，单独报告,无重复,来源字段完整但仍需正版逐页核验,SENT-0414,AUTH-TAD-0389,老师不时地提醒我们别忘了今天的作业。,今天,今天,ATTRIBUTE,可能为时间定语；时量补语/持续时间边界,完全一致,完全一致,完全一致,中等,国际中文教育中文水平等级标准·语法学习手册（中等）,149,出国以后，我不时会给父母打电话,否,纳入477条一致评测集,保留但单独报告；可用于边界分析，不作为主结论唯一依据,正确,不是时间状语,时间定语,权威语法学习手册,第4批,candidate_span,正确,不是时间状语,时间定语,,正确,不是时间状语,时间定语,,正确,不是时间状语,时间定语,,老师不时地提醒我们别忘了今天的作业,span:AUTH-TAD-0389,sentence:SENT-0414,12,14,located,ATTR_DE_DIRECT|ATTR_NOMINAL_DIRECT|DE_PARTICLE|NOMINAL_HEAD|TIME_NOUN,R_TEMP_KG_ATTR_01|R_TEMP_KG_ATTR_02|R_TEMP_ATTR_01|R_TEMP_ATTR_03|R_TEMP_KG_ADV_02,R_TEMP_KG_ATTR_01,ATTRIBUTE,True,规则正确
A_主评测候选,主实验/严格评测,保留为高一致主评测实例,无重复,来源字段完整但仍需正版逐页核验,SENT-0389,AUTH-TAD-0390,现在八点二十分。,现在,现在,TEMPORAL_ADVERBIAL,,完全一致,完全一致,完全一致,初等,国际中文教育中文水平等级标准·语法学习手册（初等）,204,◎ 结构特点 形容词后的数量补语一般由数量短语和表示数量的“一点儿、一些,否,纳入477条一致评测集,可进入主评测集；仍需抽样核验出处,正确,是时间状语,时间状语,权威语法学习手册,第4批,candidate_span,正确,是时间状语,时间状语,,正确,是时间状语,时间状语,,正确,是时间状语,时间状语,,现在八点二十分,span:AUTH-TAD-0390,sentence:SENT-0389,0,2,located,BEFORE_PREDICATE|EVENT_TIME|SENTENCE_INITIAL|TIME_ADVERB|TIME_NOUN|TIME_POINT,R_TEMP_ADV_01|R_TEMP_ADV_02|R_TEMP_ADV_19|R_TEMP_ADV_08|R_TEMP_ADV_10,R_TEMP_ADV_01,TEMPORAL_ADVERBIAL,True,规则正确
B_边界复核集,边界集/鲁棒性分析,保留为边界挑战实例，单独报告,无重复,来源字段完整但仍需正版逐页核验,SENT-0149,AUTH-TAD-0391,你未免把她说得太幼稚了，她已经是个大学生了。,已经,已经,TEMPORAL_ADVERBIAL,时间副词/体貌副词边界；时间主语/普通时间词边界,完全一致,完全一致,完全一致,高等,国际中文教育中文水平等级标准·语法学习手册（高等）,64,B:他未免过分自信了，平时考试他都在第十名以后,否,纳入477条一致评测集,保留但单独报告；可用于边界分析，不作为主结论唯一依据,正确,是时间状语,时间状语,权威语法学习手册,第4批,candidate_span,正确,是时间状语,时间状语,,正确,是时间状语,时间状语,,正确,是时间状语,时间状语,,你未免把她说得太幼稚了她已经是个大学生了,span:AUTH-TAD-0391,sentence:SENT-0149,13,15,located,COPULA_SHI|TIME_ADVERB|TIME_FREQUENCY,R_TEMP_KG_ADV_01|R_TEMP_ADV_11,R_TEMP_KG_ADV_01,TEMPORAL_ADVERBIAL,True,规则正确
B_边界复核集,边界集/鲁棒性分析,保留为边界挑战实例，单独报告,无重复,来源字段完整但仍需正版逐页核验,SENT-0117,AUTH-TAD-0392,他离开家乡一年了。,一年,一年,COMPLEMENT,时量补语/持续时间边界,完全一致,完全一致,完全一致,初等,国际中文教育中文水平等级标准·语法学习手册（初等）,353,文水平等级标准·语法学习手册(初等) S+V+时量补语 我们 休息了 十分钟,否,纳入477条一致评测集,保留但单独报告；可用于边界分析，不作为主结论唯一依据,正确,不是时间状语,时长补语,权威语法学习手册,第4批,candidate_span,正确,不是时间状语,时长补语,,正确,不是时间状语,时长补语,,正确,不是时间状语,时长补语,,他离开家乡一年了,span:AUTH-TAD-0392,sentence:SENT-0117,5,7,located,AFTER_VERB|COMPLEMENT_DURATION_CONTEXT|DURATION_COMPLEMENT|TIME_DURATION,R_TEMP_KG_COMP_01|R_TEMP_COMP_01|R_TEMP_COMP_02|R_TEMP_COMP_07,R_TEMP_KG_COMP_01,COMPLEMENT,True,规则正确
A_主评测候选,主实验/严格评测,保留为高一致主评测实例,无重复,来源字段完整但仍需正版逐页核验,SENT-0009,AUTH-TAD-0393,下午哥哥去医院看病。,下午,下午,TEMPORAL_ADVERBIAL,,完全一致,完全一致,完全一致,初等,国际中文教育中文水平等级标准·语法学习手册（初等）,208,84 比较句2(1):A比B+形容词+数量补语【二58】 ◎ 基本语义及用法 在“比”,否,纳入477条一致评测集,可进入主评测集；仍需抽样核验出处,正确,是时间状语,时间状语,权威语法学习手册,第4批,candidate_span,正确,是时间状语,时间状语,,正确,是时间状语,时间状语,,正确,是时间状语,时间状语,,下午哥哥去医院看病,span:AUTH-TAD-0393,sentence:SENT-0009,0,2,located,BEFORE_PREDICATE|EVENT_TIME|SENTENCE_INITIAL|TIME_NOUN|TIME_POINT,R_TEMP_ADV_01|R_TEMP_ADV_02|R_TEMP_ADV_10|R_TEMP_KG_ADV_02,R_TEMP_ADV_01,TEMPORAL_ADVERBIAL,True,规则正确
B_边界复核集,边界集/鲁棒性分析,保留为边界挑战实例，单独报告,无重复,页面线索缺失,SENT-0332,AUTH-TAD-0394,明天上课，我们不能去看电影了。,明天,明天,TEMPORAL_ADVERBIAL,页面线索缺失；三人标注不完全一致,完全一致,多数一致,多数一致,初等,国际中文教育中文水平等级标准·语法学习手册（初等）,116,,否,纳入477条一致评测集,保留但单独报告；可用于边界分析，不作为主结论唯一依据,正确,是时间状语,时间状语,权威语法学习手册,第4批,candidate_span,正确,是时间状语,时间状语,,正确,是时间状语,时间状语,,正确,不是时间状语,普通时间名词/词语引用,,明天上课我们不能去看电影了,span:AUTH-TAD-0394,sentence:SENT-0332,0,2,located,BEFORE_PREDICATE|EVENT_TIME|SENTENCE_INITIAL|TIME_NOUN,R_TEMP_ADV_01|R_TEMP_ADV_02|R_TEMP_KG_ADV_02,R_TEMP_ADV_01,TEMPORAL_ADVERBIAL,True,规则正确
B_边界复核集,边界集/鲁棒性分析,保留为边界挑战实例，单独报告,无重复,来源字段完整但仍需正版逐页核验,SENT-0251,AUTH-TAD-0395,开学以来，我从来没见过麦克。,开学以来,开学以来,TEMPORAL_ADVERBIAL,相对时间框架边界,完全一致,完全一致,完全一致,中等,国际中文教育中文水平等级标准·语法学习手册（中等）,66,自开业以来，这个饭馆的生意每天都很好,否,纳入477条一致评测集,保留但单独报告；可用于边界分析，不作为主结论唯一依据,正确,是时间状语,时间状语,权威语法学习手册,第4批,candidate_span,正确,是时间状语,时间状语,,正确,是时间状语,时间状语,,正确,是时间状语,时间状语,,开学以来我从来没见过麦克,span:AUTH-TAD-0395,sentence:SENT-0251,0,4,located,BEFORE_PREDICATE|EVENT_TIME|NO_TEMPORAL_EXPRESSION|SENTENCE_INITIAL,,,,False,未覆盖
B_边界复核集,边界集/鲁棒性分析,保留为边界挑战实例，单独报告,无重复,页面线索缺失,SENT-0447,AUTH-TAD-0396,这台电脑我用了三年了。,三年,三年,COMPLEMENT,页面线索缺失；时量补语/持续时间边界,完全一致,完全一致,完全一致,初等,国际中文教育中文水平等级标准·语法学习手册（初等）,355,,否,纳入477条一致评测集,保留但单独报告；可用于边界分析，不作为主结论唯一依据,正确,不是时间状语,时长补语,权威语法学习手册,第4批,candidate_span,正确,不是时间状语,时长补语,,正确,不是时间状语,时长补语,,正确,不是时间状语,时长补语,,这台电脑我用了三年了,span:AUTH-TAD-0396,sentence:SENT-0447,7,9,located,AFTER_VERB|COMPLEMENT_DURATION_CONTEXT|DURATION_COMPLEMENT|TIME_DURATION,R_TEMP_KG_COMP_01|R_TEMP_COMP_01|R_TEMP_COMP_02|R_TEMP_COMP_07,R_TEMP_KG_COMP_01,COMPLEMENT,True,规则正确
A_主评测候选,主实验/严格评测,保留为高一致主评测实例,无重复,来源字段完整但仍需正版逐页核验,SENT-0182,AUTH-TAD-0397,后坚持每天练习。,每天,每天,TEMPORAL_ADVERBIAL,,完全一致,完全一致,完全一致,初等,国际中文教育中文水平等级标准·语法学习手册（初等）,372,后坚持每天练习,否,纳入477条一致评测集,可进入主评测集；仍需抽样核验出处,正确,是时间状语,时间状语,权威语法学习手册,第4批,candidate_span,正确,是时间状语,时间状语,,正确,是时间状语,时间状语,,正确,是时间状语,时间状语,,后坚持每天练习,span:AUTH-TAD-0397,sentence:SENT-0182,3,5,located,BEFORE_PREDICATE|EVENT_TIME|TIME_FREQUENCY,R_TEMP_ADV_04|R_TEMP_KG_ADV_01,R_TEMP_ADV_04,TEMPORAL_ADVERBIAL,True,规则正确
C_暂不纳入主实验,待复核,暂不进入主实验，优先复核标签,同句多候选/重复句,来源字段完整但仍需正版逐页核验,SENT-0247,AUTH-TAD-0398,已经快九点了，我连忙出门打车。,九点,九点,OTHER,原表已建议复核/剔除；非目标时间表达；三人标注不完全一致；至少一名标注者修正片段,平票,多数一致,平票,初等,国际中文教育中文水平等级标准·语法学习手册（初等）,286,? 出的建议有什么 儿子：有个同学生病了，看 B:刚看到一位老人 想法吗? 他不舒服，我们连,是,复核/剔除候选,需老师/专家核验；核验前只作错误分析或边界案例,正确,不是时间状语,普通时间名词/词语引用,权威语法学习手册,第4批,candidate_span,正确,不是时间状语,普通时间名词/词语引用,,边界不完整,不是时间状语,提取错误：边界不完整,已经快九点了,漏检：有目标时间状语,是时间状语,漏检,已经,已经快九点了我连忙出门打车,span:AUTH-TAD-0398,sentence:SENT-0247,3,5,located,BEFORE_PREDICATE|EVENT_TIME|NO_TEMPORAL_EXPRESSION|REVIEW_NON_TARGET_RISK,R_TEMP_KG_OTHER_01,R_TEMP_KG_OTHER_01,OTHER,True,规则正确
C_暂不纳入主实验,待复核,暂不进入主实验，优先复核标签,无重复,来源字段完整但仍需正版逐页核验,SENT-0225,AUTH-TAD-0399,如果不从小培养孩子的独立生活能力，他们以后可能这也不懂，那也不会。,他们以后,以后,OTHER,相对时间框架边界；候选片段与最终片段不一致；非目标时间表达；三人标注不完全一致；至少一名标注者修正片段,多数一致,完全一致,多数一致,中等,国际中文教育中文水平等级标准·语法学习手册（中等）,375,如果不从小培养孩子的独立生活能力，他们以后可能这也不懂，那也不会,否,纳入477条一致评测集,需老师/专家核验；核验前只作错误分析或边界案例,边界过长,不是时间状语,提取错误：边界过长,权威语法学习手册,第4批,majority_fixed_span,边界过长,不是时间状语,提取错误：边界过长,以后,边界不完整,不是时间状语,提取错误：边界不完整,以后,边界过长,不是时间状语,提取错误：边界过长,以后,如果不从小培养孩子的独立生活能力他们以后可能这也不懂那也不会,span:AUTH-TAD-0399,sentence:SENT-0225,17,21,located,NO_TEMPORAL_EXPRESSION|REVIEW_NON_TARGET_RISK|TIME_AFTER_BEFORE,R_TEMP_KG_OTHER_01,R_TEMP_KG_OTHER_01,OTHER,True,规则正确
B_边界复核集,边界集/鲁棒性分析,保留为边界挑战实例，单独报告,无重复,来源字段完整但仍需正版逐页核验,SENT-0176,AUTH-TAD-0400,可不是，女儿已经长大了，你应该让她自己做决定。,已经,已经,TEMPORAL_ADVERBIAL,时间副词/体貌副词边界,完全一致,完全一致,完全一致,高等,国际中文教育中文水平等级标准·语法学习手册（高等）,104,◎ 典型例句和对话 例句 交际实践 可不是，警察都已经 (在小区门口，询问出了什么事) 来了,否,纳入477条一致评测集,保留但单独报告；可用于边界分析，不作为主结论唯一依据,正确,是时间状语,时间状语,权威语法学习手册,第4批,candidate_span,正确,是时间状语,时间状语,,正确,是时间状语,时间状语,,正确,是时间状语,时间状语,,可不是女儿已经长大了你应该让她自己做决定,span:AUTH-TAD-0400,sentence:SENT-0176,6,8,located,BEFORE_PREDICATE|EVENT_TIME|TIME_ADVERB|TIME_FREQUENCY,R_TEMP_ADV_04|R_TEMP_ADV_19|R_TEMP_KG_ADV_01|R_TEMP_ADV_08|R_TEMP_ADV_11,R_TEMP_ADV_04,TEMPORAL_ADVERBIAL,True,规则正确
B_边界复核集,边界集/鲁棒性分析,保留为边界挑战实例，单独报告,无重复,来源字段完整但仍需正版逐页核验,SENT-0058,AUTH-TAD-0401,今天的电影不好看。,今天,今天,ATTRIBUTE,可能为时间定语,完全一致,完全一致,完全一致,初等,国际中文教育中文水平等级标准·语法学习手册（初等）,64,◎结构特点 “不”在动词性或形容词性成分前，作状语,否,纳入477条一致评测集,保留但单独报告；可用于边界分析，不作为主结论唯一依据,正确,不是时间状语,时间定语,权威语法学习手册,第5批,candidate_span,正确,不是时间状语,时间定语,,正确,不是时间状语,时间定语,,正确,不是时间状语,时间定语,,今天的电影不好看,span:AUTH-TAD-0401,sentence:SENT-0058,0,2,located,ATTR_DE_DIRECT|DE_PARTICLE|SENTENCE_INITIAL|TIME_NOUN,R_TEMP_KG_ATTR_01|R_TEMP_KG_ADV_02,R_TEMP_KG_ATTR_01,ATTRIBUTE,True,规则正确
A_主评测候选,主实验/严格评测,保留为高一致主评测实例,无重复,来源字段完整但仍需正版逐页核验,SENT-0143,AUTH-TAD-0402,你明天必须去考试。,明天,明天,TEMPORAL_ADVERBIAL,,完全一致,完全一致,完全一致,初等,国际中文教育中文水平等级标准·语法学习手册（初等）,159,(在班级) (在公司) (商量事情) A:马上期末考试了， A:经理，明天我可 A:请,否,纳入477条一致评测集,可进入主评测集；仍需抽样核验出处,正确,是时间状语,时间状语,权威语法学习手册,第5批,candidate_span,正确,是时间状语,时间状语,,正确,是时间状语,时间状语,,正确,是时间状语,时间状语,,你明天必须去考试,span:AUTH-TAD-0402,sentence:SENT-0143,1,3,located,BEFORE_PREDICATE|EVENT_TIME|TIME_NOUN,R_TEMP_ADV_01|R_TEMP_ADV_02|R_TEMP_KG_ADV_02,R_TEMP_ADV_01,TEMPORAL_ADVERBIAL,True,规则正确
C_暂不纳入主实验,待复核,暂不进入主实验，优先复核标签,无重复,来源字段完整但仍需正版逐页核验,SENT-0454,AUTH-TAD-0403,进公司一看表刚好是九点。,九点,九点,OTHER,原表已建议复核/剔除；非目标时间表达；三人标注不完全一致；至少一名标注者修正片段,多数一致,完全一致,平票,中等,国际中文教育中文水平等级标准·语法学习手册（中等）,289,◎典型例句和对话 ◎补充例句 例句 我要出门找他的时候 他刚好回来了,是,复核/剔除候选,需老师/专家核验；核验前只作错误分析或边界案例,正确,不是时间状语,普通时间名词/词语引用,权威语法学习手册,第5批,candidate_span,正确,不是时间状语,普通时间名词/词语引用,,不是时间表达,不是时间状语,提取错误：不是时间表达,无,正确,不是时间状语,时长补语,,进公司一看表刚好是九点,span:AUTH-TAD-0403,sentence:SENT-0454,9,11,located,NO_TEMPORAL_EXPRESSION|REVIEW_NON_TARGET_RISK,R_TEMP_KG_OTHER_01,R_TEMP_KG_OTHER_01,OTHER,True,规则正确
A_主评测候选,主实验/严格评测,保留为高一致主评测实例,无重复,来源字段完整但仍需正版逐页核验,SENT-0098,AUTH-TAD-0404,他快考试了，因而每天都去图书馆看书。,每天,每天,TEMPORAL_ADVERBIAL,,完全一致,完全一致,完全一致,中等,国际中文教育中文水平等级标准·语法学习手册（中等）,240,他快考试了，因而每天都去图书馆看书,否,纳入477条一致评测集,可进入主评测集；仍需抽样核验出处,正确,是时间状语,时间状语,权威语法学习手册,第5批,candidate_span,正确,是时间状语,时间状语,,正确,是时间状语,时间状语,,正确,是时间状语,时间状语,,他快考试了因而每天都去图书馆看书,span:AUTH-TAD-0404,sentence:SENT-0098,8,10,located,BEFORE_PREDICATE|EVENT_TIME|TIME_FREQUENCY,R_TEMP_ADV_04|R_TEMP_KG_ADV_01,R_TEMP_ADV_04,TEMPORAL_ADVERBIAL,True,规则正确
A_主评测候选,主实验/严格评测,保留为高一致主评测实例,无重复,来源字段完整但仍需正版逐页核验,SENT-0034,AUTH-TAD-0405,今天他特别地高兴。,今天,今天,TEMPORAL_ADVERBIAL,,完全一致,完全一致,完全一致,初等,国际中文教育中文水平等级标准·语法学习手册（初等）,141,◎结构特点 “特别”用于形容词和心理动词前，作状语,否,纳入477条一致评测集,可进入主评测集；仍需抽样核验出处,正确,是时间状语,时间状语,权威语法学习手册,第5批,candidate_span,正确,是时间状语,时间状语,,正确,是时间状语,时间状语,,正确,是时间状语,时间状语,,今天他特别地高兴,span:AUTH-TAD-0405,sentence:SENT-0034,0,2,located,BEFORE_PREDICATE|EVENT_TIME|SENTENCE_INITIAL|TIME_NOUN,R_TEMP_ADV_01|R_TEMP_ADV_02|R_TEMP_KG_ADV_02,R_TEMP_ADV_01,TEMPORAL_ADVERBIAL,True,规则正确
C_暂不纳入主实验,待复核,暂不进入主实验，优先复核标签,无重复,来源字段完整但仍需正版逐页核验,SENT-0209,AUTH-TAD-0406,她在大学期间一直半工半读，非常辛苦。,她在大学期间,在大学期间,OTHER,候选片段与最终片段不一致；非目标时间表达；三人标注不完全一致；至少一名标注者修正片段,多数一致,完全一致,多数一致,高等,国际中文教育中文水平等级标准·语法学习手册（高等）,90,等市场快关门的时候，蔬菜都是半卖半送了,否,纳入477条一致评测集,需老师/专家核验；核验前只作错误分析或边界案例,边界过长,不是时间状语,提取错误：边界过长,权威语法学习手册,第5批,majority_fixed_span,边界过长,不是时间状语,提取错误：边界过长,在大学期间,边界不完整,不是时间状语,提取错误：边界不完整,在大学期间,边界过长,不是时间状语,提取错误：边界过长,大学期间,她在大学期间一直半工半读非常辛苦,span:AUTH-TAD-0406,sentence:SENT-0209,0,6,located,BEFORE_PREDICATE|EVENT_TIME|REVIEW_NON_TARGET_RISK|SENTENCE_INITIAL|TIME_AFTER_BEFORE|TIME_POINT,R_TEMP_KG_OTHER_01|R_TEMP_ADV_05,R_TEMP_KG_OTHER_01,OTHER,True,规则正确
A_主评测候选,主实验/严格评测,保留为高一致主评测实例,无重复,来源字段完整但仍需正版逐页核验,SENT-0129,AUTH-TAD-0407,你们晚上吃什么?,晚上,晚上,TEMPORAL_ADVERBIAL,,完全一致,完全一致,完全一致,初等,国际中文教育中文水平等级标准·语法学习手册（初等）,110,上吃什么? ◎结构特点 疑问代词可以作主语、宾语、定语、状语,否,纳入477条一致评测集,可进入主评测集；仍需抽样核验出处,正确,是时间状语,时间状语,权威语法学习手册,第5批,candidate_span,正确,是时间状语,时间状语,,正确,是时间状语,时间状语,,正确,是时间状语,时间状语,,你们晚上吃什么,span:AUTH-TAD-0407,sentence:SENT-0129,2,4,located,BEFORE_PREDICATE|EVENT_TIME|TIME_NOUN,R_TEMP_ADV_01|R_TEMP_ADV_02|R_TEMP_KG_ADV_02,R_TEMP_ADV_01,TEMPORAL_ADVERBIAL,True,规则正确
C_暂不纳入主实验,待复核,暂不进入主实验，优先复核标签,无重复,页面线索缺失,SENT-0340,AUTH-TAD-0408,明天比今天更热。,明天,明天,OTHER,页面线索缺失；非目标时间表达；三人标注不完全一致；至少一名标注者修正片段,多数一致,完全一致,多数一致,初等,国际中文教育中文水平等级标准·语法学习手册（初等）,138,,否,纳入477条一致评测集,需老师/专家核验；核验前只作错误分析或边界案例,正确,不是时间状语,普通时间名词/词语引用,权威语法学习手册,第5批,candidate_span,正确,不是时间状语,普通时间名词/词语引用,,不是时间表达,不是时间状语,提取错误：不是时间表达,无,正确,不是时间状语,普通时间名词/词语引用,,明天比今天更热,span:AUTH-TAD-0408,sentence:SENT-0340,0,2,located,BEFORE_PREDICATE|EVENT_TIME|REVIEW_NON_TARGET_RISK|SENTENCE_INITIAL|TIME_NOUN,R_TEMP_KG_OTHER_01|R_TEMP_ADV_01|R_TEMP_ADV_02|R_TEMP_KG_ADV_02,R_TEMP_KG_OTHER_01,OTHER,True,规则正确
B_边界复核集,边界集/鲁棒性分析,保留为边界挑战实例，单独报告,同句多候选/重复句,来源字段完整但仍需正版逐页核验,SENT-0240,AUTH-TAD-0409,就是想马上瘦下来你也不能每天不吃饭。,马上,马上,TEMPORAL_ADVERBIAL,时间副词/体貌副词边界,完全一致,完全一致,完全一致,中等,国际中文教育中文水平等级标准·语法学习手册（中等）,357,例如： 她就算再忙也会抽时间锻炼身体,否,纳入477条一致评测集,保留但单独报告；可用于边界分析，不作为主结论唯一依据,正确,是时间状语,时间状语,权威语法学习手册,第5批,candidate_span,正确,是时间状语,时间状语,,正确,是时间状语,时间状语,,正确,是时间状语,时间状语,,就是想马上瘦下来你也不能每天不吃饭,span:AUTH-TAD-0409,sentence:SENT-0240,3,5,located,BEFORE_PREDICATE|EVENT_TIME|LOCATION_EXPRESSION|NO_TEMPORAL_EXPRESSION|TIME_ADVERB,R_TEMP_OTHER_01|R_TEMP_ADV_19|R_TEMP_ADV_08,R_TEMP_OTHER_01,OTHER,False,规则误判
A_主评测候选,主实验/严格评测,保留为高一致主评测实例,无重复,来源字段完整但仍需正版逐页核验,SENT-0359,AUTH-TAD-0410,是啊，幸好现在有空调。,现在,现在,TEMPORAL_ADVERBIAL,,完全一致,完全一致,完全一致,高等,国际中文教育中文水平等级标准·语法学习手册（高等）,17,等) ◎结构特点 “颇”用在形容词或动词性成分前作状语,否,纳入477条一致评测集,可进入主评测集；仍需抽样核验出处,正确,是时间状语,时间状语,权威语法学习手册,第5批,candidate_span,正确,是时间状语,时间状语,,正确,是时间状语,时间状语,,正确,是时间状语,时间状语,,是啊幸好现在有空调,span:AUTH-TAD-0410,sentence:SENT-0359,5,7,located,BEFORE_PREDICATE|EVENT_TIME|TIME_ADVERB|TIME_NOUN|TIME_POINT,R_TEMP_ADV_01|R_TEMP_ADV_02|R_TEMP_ADV_19|R_TEMP_ADV_08|R_TEMP_ADV_10,R_TEMP_ADV_01,TEMPORAL_ADVERBIAL,True,规则正确
A_主评测候选,主实验/严格评测,保留为高一致主评测实例,无重复,来源字段完整但仍需正版逐页核验,SENT-0075,AUTH-TAD-0411,他今天尽说伤人的话。,今天,今天,TEMPORAL_ADVERBIAL,,完全一致,完全一致,完全一致,中等,国际中文教育中文水平等级标准·语法学习手册（中等）,270,语法学习手册(中等) ◎ 典型例句和对话 刚上班，分配给 例句 这桌上尽是土,否,纳入477条一致评测集,可进入主评测集；仍需抽样核验出处,正确,是时间状语,时间状语,权威语法学习手册,第5批,candidate_span,正确,是时间状语,时间状语,,正确,是时间状语,时间状语,,正确,是时间状语,时间状语,,他今天尽说伤人的话,span:AUTH-TAD-0411,sentence:SENT-0075,1,3,located,BEFORE_PREDICATE|EVENT_TIME|TIME_NOUN,R_TEMP_ADV_01|R_TEMP_ADV_02|R_TEMP_KG_ADV_02,R_TEMP_ADV_01,TEMPORAL_ADVERBIAL,True,规则正确
B_边界复核集,边界集/鲁棒性分析,保留为边界挑战实例，单独报告,无重复,页面线索缺失,SENT-0031,AUTH-TAD-0412,今天一下雨，气温就降下来了。,今天,今天,TEMPORAL_ADVERBIAL,页面线索缺失,完全一致,完全一致,完全一致,高等,国际中文教育中文水平等级标准·语法学习手册（高等）,129,,否,纳入477条一致评测集,保留但单独报告；可用于边界分析，不作为主结论唯一依据,正确,是时间状语,时间状语,权威语法学习手册,第5批,candidate_span,正确,是时间状语,时间状语,,正确,是时间状语,时间状语,,正确,是时间状语,时间状语,,今天一下雨气温就降下来了,span:AUTH-TAD-0412,sentence:SENT-0031,0,2,located,BEFORE_PREDICATE|EVENT_TIME|SENTENCE_INITIAL|TIME_NOUN,R_TEMP_ADV_01|R_TEMP_ADV_02|R_TEMP_KG_ADV_02,R_TEMP_ADV_01,TEMPORAL_ADVERBIAL,True,规则正确
C_暂不纳入主实验,待复核,暂不进入主实验，优先复核标签,无重复,来源字段完整但仍需正版逐页核验,SENT-0205,AUTH-TAD-0413,她二十岁结了婚，此后丈夫生病，她照顾了四年。,四年,四年,COMPLEMENT,时量补语/持续时间边界；三人标注不完全一致；至少一名标注者修正片段,多数一致,多数一致,多数一致,高等,国际中文教育中文水平等级标准·语法学习手册（高等）,135,分句间是承接关系，前后分句说出两种情况，后一情况因时间推移或某种原 因而与前一情况相反,否,纳入477条一致评测集,需老师/专家核验；核验前只作错误分析或边界案例,正确,不是时间状语,时长补语,权威语法学习手册,第5批,candidate_span,正确,不是时间状语,时长补语,,正确,不是时间状语,时长补语,,漏检：有目标时间状语,是时间状语,漏检,此后,她二十岁结了婚此后丈夫生病她照顾了四年,span:AUTH-TAD-0413,sentence:SENT-0205,19,21,located,AFTER_VERB|COMPLEMENT_DURATION_CONTEXT|DURATION_COMPLEMENT|TIME_DURATION,R_TEMP_KG_COMP_01|R_TEMP_COMP_01|R_TEMP_COMP_02|R_TEMP_COMP_07,R_TEMP_KG_COMP_01,COMPLEMENT,True,规则正确
C_暂不纳入主实验,待复核,暂不进入主实验，优先复核标签,同句多候选/重复句,来源字段完整但仍需正版逐页核验,SENT-0349,AUTH-TAD-0414,昨天写了一晚上作文，今天头疼得厉害。,晚上,晚上,OTHER,原表已建议复核/剔除；非目标时间表达；三人标注不完全一致；至少一名标注者修正片段,平票,多数一致,平票,高等,国际中文教育中文水平等级标准·语法学习手册（高等）,104,◎ 典型例句和对话 例句 交际实践 可不是，警察都已经 (在小区门口，询问出了什么事) 来了,是,复核/剔除候选,需老师/专家核验；核验前只作错误分析或边界案例,边界不完整,不是时间状语,提取错误：边界不完整,权威语法学习手册,第5批,candidate_span,边界不完整,不是时间状语,提取错误：边界不完整,一晚上,正确,不是时间状语,时长补语,,漏检：有目标时间状语,是时间状语,漏检,今天,昨天写了一晚上作文今天头疼得厉害,span:AUTH-TAD-0414,sentence:SENT-0349,5,7,located,BEFORE_PREDICATE|EVENT_TIME|REVIEW_NON_TARGET_RISK|TIME_NOUN,R_TEMP_KG_OTHER_01|R_TEMP_ADV_01|R_TEMP_ADV_02|R_TEMP_KG_ADV_02,R_TEMP_KG_OTHER_01,OTHER,True,规则正确
B_边界复核集,边界集/鲁棒性分析,保留为边界挑战实例，单独报告,无重复,来源字段完整但仍需正版逐页核验,SENT-0452,AUTH-TAD-0415,这次考试非常难，甚至平时学习好的学生都不及格。,平时,平时,TEMPORAL_ADVERBIAL,三人标注不完全一致,完全一致,多数一致,多数一致,中等,国际中文教育中文水平等级标准·语法学习手册（中等）,98,交际实践 补充例句 他学习的时候非常专心，甚至忘了吃饭,否,纳入477条一致评测集,保留但单独报告；可用于边界分析，不作为主结论唯一依据,正确,是时间状语,时间状语,权威语法学习手册,第5批,candidate_span,正确,不是时间状语,时间定语,,正确,是时间状语,时间状语,,正确,是时间状语,时间状语,,这次考试非常难甚至平时学习好的学生都不及格,span:AUTH-TAD-0415,sentence:SENT-0452,10,12,located,BEFORE_PREDICATE|EVENT_TIME|STATIVE_PREDICATE|TIME_NOUN,R_TEMP_ADV_01|R_TEMP_ADV_02|R_TEMP_KG_ADV_02,R_TEMP_ADV_01,TEMPORAL_ADVERBIAL,True,规则正确
B_边界复核集,边界集/鲁棒性分析,保留为边界挑战实例，单独报告,同句多候选/重复句,来源字段完整但仍需正版逐页核验,SENT-0101,AUTH-TAD-0416,他昨天没来，今天又没来。,今天,今天,TEMPORAL_ADVERBIAL,三人标注不完全一致,完全一致,多数一致,多数一致,初等,国际中文教育中文水平等级标准·语法学习手册（初等）,156,你怎么又不高兴了? 今天刚开完会，明天又要开会,否,纳入477条一致评测集,保留但单独报告；可用于边界分析，不作为主结论唯一依据,正确,是时间状语,时间状语,权威语法学习手册,第5批,candidate_span,正确,不是时间状语,普通时间名词/词语引用,,正确,是时间状语,时间状语,,正确,是时间状语,时间状语,,他昨天没来今天又没来,span:AUTH-TAD-0416,sentence:SENT-0101,6,8,located,BEFORE_PREDICATE|EVENT_TIME|TIME_NOUN,R_TEMP_ADV_01|R_TEMP_ADV_02|R_TEMP_KG_ADV_02,R_TEMP_ADV_01,TEMPORAL_ADVERBIAL,True,规则正确
B_边界复核集,边界集/鲁棒性分析,保留为边界挑战实例，单独报告,无重复,来源字段完整但仍需正版逐页核验,SENT-0119,AUTH-TAD-0417,他经常帮我的忙。,经常,经常,TEMPORAL_ADVERBIAL,时间副词/体貌副词边界,完全一致,完全一致,完全一致,初等,国际中文教育中文水平等级标准·语法学习手册（初等）,260,例如： *他经常帮忙我,否,纳入477条一致评测集,保留但单独报告；可用于边界分析，不作为主结论唯一依据,正确,是时间状语,时间状语,权威语法学习手册,第5批,candidate_span,正确,是时间状语,时间状语,,正确,是时间状语,时间状语,,正确,是时间状语,时间状语,,他经常帮我的忙,span:AUTH-TAD-0417,sentence:SENT-0119,1,3,located,BEFORE_PREDICATE|EVENT_TIME|STATIVE_PREDICATE|TIME_FREQUENCY,R_TEMP_ADV_04|R_TEMP_KG_ADV_01,R_TEMP_ADV_04,TEMPORAL_ADVERBIAL,True,规则正确
B_边界复核集,边界集/鲁棒性分析,保留为边界挑战实例，单独报告,无重复,来源字段完整但仍需正版逐页核验,SENT-0173,AUTH-TAD-0418,去年她一直在外做生意，钱没挣着，却把老公跑了。,去年,去年,TEMPORAL_ADVERBIAL,时量补语/持续时间边界,完全一致,完全一致,完全一致,高等,国际中文教育中文水平等级标准·语法学习手册（高等）,124,七一九级语法点 ◎ 结构特点 由“个”引导的状态补语有两种形式：肯定形式的补语和否定形式的补,否,纳入477条一致评测集,保留但单独报告；可用于边界分析，不作为主结论唯一依据,正确,是时间状语,时间状语,权威语法学习手册,第5批,candidate_span,正确,是时间状语,时间状语,,正确,是时间状语,时间状语,,正确,是时间状语,时间状语,,去年她一直在外做生意钱没挣着却把老公跑了,span:AUTH-TAD-0418,sentence:SENT-0173,0,2,located,BEFORE_PREDICATE|EVENT_TIME|SENTENCE_INITIAL|TIME_NOUN,R_TEMP_ADV_01|R_TEMP_ADV_02|R_TEMP_KG_ADV_02,R_TEMP_ADV_01,TEMPORAL_ADVERBIAL,True,规则正确
C_暂不纳入主实验,待复核,暂不进入主实验，优先复核标签,同句多候选/重复句,来源字段完整但仍需正版逐页核验,SENT-0105,AUTH-TAD-0419,他未免过分自信了，平时考试他都在第十名以后。,平时,平时,ATTRIBUTE,原表已建议复核/剔除；相对时间框架边界；三人标注不完全一致,完全一致,多数一致,平票,高等,国际中文教育中文水平等级标准·语法学习手册（高等）,64,B:他未免过分自信了，平时考试他都在第十名以后,是,复核/剔除候选,需老师/专家核验；核验前只作错误分析或边界案例,正确,不是时间状语,时间定语,权威语法学习手册,第5批,candidate_span,正确,不是时间状语,时间定语,,正确,是时间状语,时间状语,,正确,不是时间状语,普通时间名词/词语引用,,他未免过分自信了平时考试他都在第十名以后,span:AUTH-TAD-0419,sentence:SENT-0105,9,11,located,ATTR_NOMINAL_DIRECT|NOMINAL_HEAD|TIME_NOUN,R_TEMP_KG_ATTR_02|R_TEMP_ATTR_03|R_TEMP_KG_ADV_02,R_TEMP_KG_ATTR_02,ATTRIBUTE,True,规则正确
B_边界复核集,边界集/鲁棒性分析,保留为边界挑战实例，单独报告,同句多候选/重复句,页面线索缺失,SENT-0065,AUTH-TAD-0420,今年生产的产品数量比去年增加了百分之四十。,今年,今年,TEMPORAL_ADVERBIAL,页面线索缺失；时量补语/持续时间边界；三人标注不完全一致,完全一致,多数一致,多数一致,中等,国际中文教育中文水平等级标准·语法学习手册（中等）,118,,否,纳入477条一致评测集,保留但单独报告；可用于边界分析，不作为主结论唯一依据,正确,是时间状语,时间状语,权威语法学习手册,第5批,candidate_span,正确,不是时间状语,时间定语,,正确,是时间状语,时间状语,,正确,是时间状语,时间状语,,今年生产的产品数量比去年增加了百分之四十,span:AUTH-TAD-0420,sentence:SENT-0065,0,2,located,ABSTRACT_OR_NON_TARGET_TIME|BEFORE_PREDICATE|EVENT_TIME|NO_TEMPORAL_EXPRESSION|SENTENCE_INITIAL|TEMPORAL_COMPARISON_STATE,R_TEMP_KG_OTHER_02|R_TEMP_KG_OTHER_03,R_TEMP_KG_OTHER_02,OTHER,False,规则误判
B_边界复核集,边界集/鲁棒性分析,保留为边界挑战实例，单独报告,无重复,来源字段完整但仍需正版逐页核验,SENT-0271,AUTH-TAD-0421,我们分开以后，彼此的联系少了。,我们分开以后,我们分开以后,TEMPORAL_ADVERBIAL,相对时间框架边界,完全一致,完全一致,完全一致,中等,国际中文教育中文水平等级标准·语法学习手册（中等）,138,我们分开以后，彼此的联系少了,否,纳入477条一致评测集,保留但单独报告；可用于边界分析，不作为主结论唯一依据,正确,是时间状语,时间状语,权威语法学习手册,第5批,candidate_span,正确,是时间状语,时间状语,,正确,是时间状语,时间状语,,正确,是时间状语,时间状语,,我们分开以后彼此的联系少了,span:AUTH-TAD-0421,sentence:SENT-0271,0,6,located,BEFORE_PREDICATE|EVENT_TIME|NO_TEMPORAL_EXPRESSION|SENTENCE_INITIAL|TIME_AFTER_BEFORE,R_TEMP_ADV_05,R_TEMP_ADV_05,TEMPORAL_ADVERBIAL,True,规则正确
B_边界复核集,边界集/鲁棒性分析,保留为边界挑战实例，单独报告,无重复,来源字段完整但仍需正版逐页核验,SENT-0445,AUTH-TAD-0422,这几年的冬天都很冷，而今年冬天格外冷。,今年,今年,TEMPORAL_ADVERBIAL,时量补语/持续时间边界；三人标注不完全一致,完全一致,多数一致,多数一致,中等,国际中文教育中文水平等级标准·语法学习手册（中等）,51,典型例句和对话 ◎补充例句 最近北方下雪越 读书的时候应该静 我们学校的三个队都取 例句 来越,否,纳入477条一致评测集,保留但单独报告；可用于边界分析，不作为主结论唯一依据,正确,是时间状语,时间状语,权威语法学习手册,第5批,candidate_span,正确,不是时间状语,时间定语,,正确,是时间状语,时间状语,,正确,是时间状语,时间状语,,这几年的冬天都很冷而今年冬天格外冷,span:AUTH-TAD-0422,sentence:SENT-0445,11,13,located,NO_TEMPORAL_EXPRESSION,,,,False,未覆盖
B_边界复核集,边界集/鲁棒性分析,保留为边界挑战实例，单独报告,无重复,来源字段完整但仍需正版逐页核验,SENT-0017,AUTH-TAD-0423,不知谁说的，下个月要期末考试了。,下个月,下个月,TEMPORAL_ADVERBIAL,时量补语/持续时间边界,完全一致,完全一致,完全一致,高等,国际中文教育中文水平等级标准·语法学习手册（高等）,199,X经常是含有疑问代词的词语，如“怎么、怎么搞、,否,纳入477条一致评测集,保留但单独报告；可用于边界分析，不作为主结论唯一依据,正确,是时间状语,时间状语,权威语法学习手册,第5批,candidate_span,正确,是时间状语,时间状语,,正确,是时间状语,时间状语,,正确,是时间状语,时间状语,,不知谁说的下个月要期末考试了,span:AUTH-TAD-0423,sentence:SENT-0017,6,9,located,BEFORE_PREDICATE|EVENT_TIME|NO_TEMPORAL_EXPRESSION,,,,False,未覆盖
B_边界复核集,边界集/鲁棒性分析,保留为边界挑战实例，单独报告,无重复,页面线索缺失,SENT-0221,AUTH-TAD-0424,她连续工作了那么多天，今天好容易才有空儿休息。,今天,今天,TEMPORAL_ADVERBIAL,页面线索缺失,完全一致,完全一致,完全一致,中等,国际中文教育中文水平等级标准·语法学习手册（中等）,325,,否,纳入477条一致评测集,保留但单独报告；可用于边界分析，不作为主结论唯一依据,正确,是时间状语,时间状语,权威语法学习手册,第5批,candidate_span,正确,是时间状语,时间状语,,正确,是时间状语,时间状语,,正确,是时间状语,时间状语,,她连续工作了那么多天今天好容易才有空儿休息,span:AUTH-TAD-0424,sentence:SENT-0221,11,13,located,BEFORE_PREDICATE|EVENT_TIME|STATIVE_PREDICATE|TIME_NOUN,R_TEMP_ADV_01|R_TEMP_ADV_02|R_TEMP_KG_ADV_02,R_TEMP_ADV_01,TEMPORAL_ADVERBIAL,True,规则正确
B_边界复核集,边界集/鲁棒性分析,保留为边界挑战实例，单独报告,无重复,来源字段完整但仍需正版逐页核验,SENT-0429,AUTH-TAD-0425,距离交作业的日期还有几天呢，明天做来得及。,明天,明天,TEMPORAL_ADVERBIAL,三人标注不完全一致,完全一致,多数一致,多数一致,中等,国际中文教育中文水平等级标准·语法学习手册（中等）,59,"(中等) 看来(+S)+P?,S+P? 看来 还有时间，我们 不用着急，可以慢慢吃",否,纳入477条一致评测集,保留但单独报告；可用于边界分析，不作为主结论唯一依据,正确,是时间状语,时间状语,权威语法学习手册,第5批,candidate_span,正确,是时间状语,时间状语,,正确,是时间状语,时间状语,,正确,不是时间状语,普通时间名词/词语引用,,距离交作业的日期还有几天呢明天做来得及,span:AUTH-TAD-0425,sentence:SENT-0429,14,16,located,TIME_NOUN,R_TEMP_KG_ADV_02,R_TEMP_KG_ADV_02,TEMPORAL_ADVERBIAL,True,规则正确
A_主评测候选,主实验/严格评测,保留为高一致主评测实例,无重复,来源字段完整但仍需正版逐页核验,SENT-0043,AUTH-TAD-0426,今天学校举办国际文化节，校园里热闹得不行。,今天,今天,TEMPORAL_ADVERBIAL,,完全一致,完全一致,完全一致,高等,国际中文教育中文水平等级标准·语法学习手册（高等）,121,育中文水平等级标准·语法学习手册(高等) 84程度补语3(1):形容词/动词+得+不行【七一九,否,纳入477条一致评测集,可进入主评测集；仍需抽样核验出处,正确,是时间状语,时间状语,权威语法学习手册,第5批,candidate_span,正确,是时间状语,时间状语,,正确,是时间状语,时间状语,,正确,是时间状语,时间状语,,今天学校举办国际文化节校园里热闹得不行,span:AUTH-TAD-0426,sentence:SENT-0043,0,2,located,BEFORE_PREDICATE|EVENT_TIME|SENTENCE_INITIAL|TIME_NOUN,R_TEMP_ADV_01|R_TEMP_ADV_02|R_TEMP_KG_ADV_02,R_TEMP_ADV_01,TEMPORAL_ADVERBIAL,True,规则正确
B_边界复核集,边界集/鲁棒性分析,保留为边界挑战实例，单独报告,无重复,来源字段完整但仍需正版逐页核验,SENT-0343,AUTH-TAD-0427,明年我们将去国外考察。,明年,明年,TEMPORAL_ADVERBIAL,时量补语/持续时间边界,完全一致,完全一致,完全一致,中等,国际中文教育中文水平等级标准·语法学习手册（中等）,150,考察，所以要讨论 妈妈：天气将晴转 B:我已经想好了，不 一下儿具体的细节,否,纳入477条一致评测集,保留但单独报告；可用于边界分析，不作为主结论唯一依据,正确,是时间状语,时间状语,权威语法学习手册,第5批,candidate_span,正确,是时间状语,时间状语,,正确,是时间状语,时间状语,,正确,是时间状语,时间状语,,明年我们将去国外考察,span:AUTH-TAD-0427,sentence:SENT-0343,0,2,located,BEFORE_PREDICATE|EVENT_TIME|SENTENCE_INITIAL|TIME_NOUN,R_TEMP_ADV_01|R_TEMP_ADV_02|R_TEMP_KG_ADV_02,R_TEMP_ADV_01,TEMPORAL_ADVERBIAL,True,规则正确
A_主评测候选,主实验/严格评测,保留为高一致主评测实例,无重复,来源字段完整但仍需正版逐页核验,SENT-0160,AUTH-TAD-0428,公司下周将要举行开业典礼。,下周,下周,TEMPORAL_ADVERBIAL,,完全一致,完全一致,完全一致,中等,国际中文教育中文水平等级标准·语法学习手册（中等）,151,水平等级标准·语法学习手册(中等) 【五05】11时间副词(3):将要 ◎ 基本语义及用法 (,否,纳入477条一致评测集,可进入主评测集；仍需抽样核验出处,正确,是时间状语,时间状语,权威语法学习手册,第5批,candidate_span,正确,是时间状语,时间状语,,正确,是时间状语,时间状语,,正确,是时间状语,时间状语,,公司下周将要举行开业典礼,span:AUTH-TAD-0428,sentence:SENT-0160,2,4,located,BEFORE_PREDICATE|EVENT_TIME|TIME_NOUN,R_TEMP_ADV_01|R_TEMP_ADV_02|R_TEMP_KG_ADV_02,R_TEMP_ADV_01,TEMPORAL_ADVERBIAL,True,规则正确
A_主评测候选,主实验/严格评测,保留为高一致主评测实例,同句多候选/重复句,来源字段完整但仍需正版逐页核验,SENT-0101,AUTH-TAD-0429,他昨天没来，今天又没来。,昨天,昨天,TEMPORAL_ADVERBIAL,,完全一致,完全一致,完全一致,初等,国际中文教育中文水平等级标准·语法学习手册（初等）,156,你怎么又不高兴了? 今天刚开完会，明天又要开会,否,纳入477条一致评测集,可进入主评测集；仍需抽样核验出处,正确,是时间状语,时间状语,权威语法学习手册,第5批,candidate_span,正确,是时间状语,时间状语,,正确,是时间状语,时间状语,,正确,是时间状语,时间状语,,他昨天没来今天又没来,span:AUTH-TAD-0429,sentence:SENT-0101,1,3,located,BEFORE_PREDICATE|EVENT_TIME|TIME_NOUN,R_TEMP_ADV_01|R_TEMP_ADV_02|R_TEMP_KG_ADV_02,R_TEMP_ADV_01,TEMPORAL_ADVERBIAL,True,规则正确
A_主评测候选,主实验/严格评测,保留为高一致主评测实例,无重复,来源字段完整但仍需正版逐页核验,SENT-0263,AUTH-TAD-0430,我今天回来得晚，幸好没有被爸爸发现。,今天,今天,TEMPORAL_ADVERBIAL,,完全一致,完全一致,完全一致,高等,国际中文教育中文水平等级标准·语法学习手册（高等）,67,小提示 “幸好”在承接上文后，如果语义已经很明确时，后面的分句可以不出现,否,纳入477条一致评测集,可进入主评测集；仍需抽样核验出处,正确,是时间状语,时间状语,权威语法学习手册,第5批,candidate_span,正确,是时间状语,时间状语,,正确,是时间状语,时间状语,,正确,是时间状语,时间状语,,我今天回来得晚幸好没有被爸爸发现,span:AUTH-TAD-0430,sentence:SENT-0263,1,3,located,BEFORE_PREDICATE|EVENT_TIME|TIME_NOUN,R_TEMP_ADV_01|R_TEMP_ADV_02|R_TEMP_KG_ADV_02,R_TEMP_ADV_01,TEMPORAL_ADVERBIAL,True,规则正确
A_主评测候选,主实验/严格评测,保留为高一致主评测实例,无重复,来源字段完整但仍需正版逐页核验,SENT-0279,AUTH-TAD-0431,我们现在买不买机票?,现在,现在,TEMPORAL_ADVERBIAL,,完全一致,完全一致,完全一致,初等,国际中文教育中文水平等级标准·语法学习手册（初等）,111,B:不用，马上就干完了,否,纳入477条一致评测集,可进入主评测集；仍需抽样核验出处,正确,是时间状语,时间状语,权威语法学习手册,第5批,candidate_span,正确,是时间状语,时间状语,,正确,是时间状语,时间状语,,正确,是时间状语,时间状语,,我们现在买不买机票,span:AUTH-TAD-0431,sentence:SENT-0279,2,4,located,BEFORE_PREDICATE|EVENT_TIME|TIME_ADVERB|TIME_NOUN|TIME_POINT,R_TEMP_ADV_01|R_TEMP_ADV_02|R_TEMP_ADV_19|R_TEMP_ADV_08|R_TEMP_ADV_10,R_TEMP_ADV_01,TEMPORAL_ADVERBIAL,True,规则正确
C_暂不纳入主实验,待复核,暂不进入主实验，优先复核标签,无重复,来源字段完整但仍需正版逐页核验,SENT-0232,AUTH-TAD-0432,学校一月前后放假。,一月,一月前后,OTHER,候选片段与最终片段不一致；非目标时间表达；三人标注不完全一致；至少一名标注者修正片段,多数一致,多数一致,多数一致,初等,国际中文教育中文水平等级标准·语法学习手册（初等）,388,级语法点 ◎典型例句和对话 例句 我的中文老师 我每天八点左右 公司的晚会在春节前后 三十岁左,否,纳入477条一致评测集,需老师/专家核验；核验前只作错误分析或边界案例,边界不完整,不是时间状语,提取错误：边界不完整,权威语法学习手册,第5批,majority_fixed_span,正确,是时间状语,时间状语,,边界不完整,不是时间状语,提取错误：边界不完整,一月前后,边界不完整,不是时间状语,提取错误：边界不完整,一月前后,学校一月前后放假,span:AUTH-TAD-0432,sentence:SENT-0232,2,4,located,AFTER_VERB|COMPLEMENT_DURATION_CONTEXT|DURATION_COMPLEMENT|REVIEW_NON_TARGET_RISK|TIME_AFTER_BEFORE|TIME_DURATION,R_TEMP_KG_OTHER_01|R_TEMP_KG_COMP_01|R_TEMP_COMP_01|R_TEMP_COMP_02|R_TEMP_COMP_07,R_TEMP_KG_OTHER_01,OTHER,True,规则正确
B_边界复核集,边界集/鲁棒性分析,保留为边界挑战实例，单独报告,无重复,来源字段完整但仍需正版逐页核验,SENT-0123,AUTH-TAD-0433,他那里保存着每年的检查报告。,每年,每年,ATTRIBUTE,可能为时间定语；时量补语/持续时间边界,完全一致,完全一致,完全一致,初等,国际中文教育中文水平等级标准·语法学习手册（初等）,266,B:办公室已经发了通 知，每位员工都要 参加这次会议,否,纳入477条一致评测集,保留但单独报告；可用于边界分析，不作为主结论唯一依据,正确,不是时间状语,时间定语,权威语法学习手册,第5批,candidate_span,正确,不是时间状语,时间定语,,正确,不是时间状语,时间定语,,正确,不是时间状语,时间定语,,他那里保存着每年的检查报告,span:AUTH-TAD-0433,sentence:SENT-0123,6,8,located,ATTR_DE_DIRECT|DE_PARTICLE|TIME_FREQUENCY,R_TEMP_KG_ATTR_01|R_TEMP_KG_ADV_01,R_TEMP_KG_ATTR_01,ATTRIBUTE,True,规则正确
B_边界复核集,边界集/鲁棒性分析,保留为边界挑战实例，单独报告,无重复,来源字段完整但仍需正版逐页核验,SENT-0420,AUTH-TAD-0434,自开学以来，我已经读完三本小说了。,自开学以来,自开学以来,TEMPORAL_ADVERBIAL,相对时间框架边界,完全一致,完全一致,完全一致,中等,国际中文教育中文水平等级标准·语法学习手册（中等）,39,准·语法学习手册(中等) 【四13】22介词(引出时间、处所):自 ◎基本语义及用法 表示时间,否,纳入477条一致评测集,保留但单独报告；可用于边界分析，不作为主结论唯一依据,正确,是时间状语,时间状语,权威语法学习手册,第5批,candidate_span,正确,是时间状语,时间状语,,正确,是时间状语,时间状语,,正确,是时间状语,时间状语,,自开学以来我已经读完三本小说了,span:AUTH-TAD-0434,sentence:SENT-0420,0,5,located,BEFORE_PREDICATE|EVENT_TIME|NO_TEMPORAL_EXPRESSION|SENTENCE_INITIAL|TEMPORAL_PREP,,,,False,未覆盖
B_边界复核集,边界集/鲁棒性分析,保留为边界挑战实例，单独报告,无重复,页面线索缺失,SENT-0191,AUTH-TAD-0435,喝，现在渴极了。,现在,现在,TEMPORAL_ADVERBIAL,页面线索缺失,完全一致,完全一致,完全一致,初等,国际中文教育中文水平等级标准·语法学习手册（初等）,342,,否,纳入477条一致评测集,保留但单独报告；可用于边界分析，不作为主结论唯一依据,正确,是时间状语,时间状语,权威语法学习手册,第5批,candidate_span,正确,是时间状语,时间状语,,正确,是时间状语,时间状语,,正确,是时间状语,时间状语,,喝现在渴极了,span:AUTH-TAD-0435,sentence:SENT-0191,2,4,located,BEFORE_PREDICATE|EVENT_TIME|TIME_ADVERB|TIME_NOUN|TIME_POINT,R_TEMP_ADV_01|R_TEMP_ADV_02|R_TEMP_ADV_19|R_TEMP_ADV_08|R_TEMP_ADV_10,R_TEMP_ADV_01,TEMPORAL_ADVERBIAL,True,规则正确
C_暂不纳入主实验,待复核,暂不进入主实验，优先复核标签,同句多候选/重复句,来源字段完整但仍需正版逐页核验,SENT-0400,AUTH-TAD-0436,现在都十二点了，按说她早该睡觉了，别给她发短信了。,十二点,十二点,OTHER,非目标时间表达；三人标注不完全一致；至少一名标注者修正片段,多数一致,完全一致,多数一致,高等,国际中文教育中文水平等级标准·语法学习手册（高等）,43,◎补充例句 按说这个时候应该下雪了，可今年一场雪还没下,否,纳入477条一致评测集,需老师/专家核验；核验前只作错误分析或边界案例,正确,不是时间状语,普通时间名词/词语引用,权威语法学习手册,第5批,candidate_span,正确,不是时间状语,普通时间名词/词语引用,,边界不完整,不是时间状语,提取错误：边界不完整,现在都十二点了,正确,不是时间状语,普通时间名词/词语引用,,现在都十二点了按说她早该睡觉了别给她发短信了,span:AUTH-TAD-0436,sentence:SENT-0400,3,6,located,ABSTRACT_OR_NON_TARGET_TIME|BEFORE_PREDICATE|EVENT_TIME|NO_TEMPORAL_EXPRESSION|REVIEW_NON_TARGET_RISK|TEMPORAL_COMPARISON_STATE,R_TEMP_KG_OTHER_01|R_TEMP_KG_OTHER_02|R_TEMP_KG_OTHER_03,R_TEMP_KG_OTHER_01,OTHER,True,规则正确
A_主评测候选,主实验/严格评测,保留为高一致主评测实例,无重复,来源字段完整但仍需正版逐页核验,SENT-0086,AUTH-TAD-0437,他周末去了哪些地方?,周末,周末,TEMPORAL_ADVERBIAL,,完全一致,完全一致,完全一致,初等,国际中文教育中文水平等级标准·语法学习手册（初等）,32,? ◎ 结构特点 疑问代词“哪些”常用在名词前，作定语；也可以直接作主语,否,纳入477条一致评测集,可进入主评测集；仍需抽样核验出处,正确,是时间状语,时间状语,权威语法学习手册,第5批,candidate_span,正确,是时间状语,时间状语,,正确,是时间状语,时间状语,,正确,是时间状语,时间状语,,他周末去了哪些地方,span:AUTH-TAD-0437,sentence:SENT-0086,1,3,located,BEFORE_PREDICATE|EVENT_TIME|TIME_NOUN,R_TEMP_ADV_01|R_TEMP_ADV_02|R_TEMP_KG_ADV_02,R_TEMP_ADV_01,TEMPORAL_ADVERBIAL,True,规则正确
A_主评测候选,主实验/严格评测,保留为高一致主评测实例,无重复,来源字段完整但仍需正版逐页核验,SENT-0006,AUTH-TAD-0438,上午来办公室的那个人莫非是咱们老板的夫人?,上午,上午,TEMPORAL_ADVERBIAL,,完全一致,完全一致,完全一致,高等,国际中文教育中文水平等级标准·语法学习手册（高等）,49,(2)“莫非”也可以用于单句，位于动词性成分前，作状语,否,纳入477条一致评测集,可进入主评测集；仍需抽样核验出处,正确,是时间状语,时间状语,权威语法学习手册,第5批,candidate_span,正确,是时间状语,时间状语,,正确,是时间状语,时间状语,,正确,是时间状语,时间状语,,上午来办公室的那个人莫非是咱们老板的夫人,span:AUTH-TAD-0438,sentence:SENT-0006,0,2,located,BEFORE_PREDICATE|EVENT_TIME|SENTENCE_INITIAL|TIME_NOUN|TIME_POINT,R_TEMP_ADV_01|R_TEMP_ADV_02|R_TEMP_ADV_10|R_TEMP_KG_ADV_02,R_TEMP_ADV_01,TEMPORAL_ADVERBIAL,True,规则正确
C_暂不纳入主实验,待复核,暂不进入主实验，优先复核标签,无重复,来源字段完整但仍需正版逐页核验,SENT-0208,AUTH-TAD-0439,她前年本科毕业，完了先去工作了一年，然后又读的研究生。,一年,一年,COMPLEMENT,时量补语/持续时间边界；三人标注不完全一致；至少一名标注者修正片段,多数一致,多数一致,多数一致,中等,国际中文教育中文水平等级标准·语法学习手册（中等）,185,他从小身体不好，加上缺少锻炼，所以经常生病,否,纳入477条一致评测集,需老师/专家核验；核验前只作错误分析或边界案例,正确,不是时间状语,时长补语,权威语法学习手册,第5批,candidate_span,正确,不是时间状语,时长补语,,正确,不是时间状语,时长补语,,漏检：有目标时间状语,是时间状语,漏检,前年,她前年本科毕业完了先去工作了一年然后又读的研究生,span:AUTH-TAD-0439,sentence:SENT-0208,15,17,located,AFTER_VERB|COMPLEMENT_DURATION_CONTEXT|DURATION_COMPLEMENT|TIME_DURATION,R_TEMP_KG_COMP_01|R_TEMP_COMP_01|R_TEMP_COMP_02|R_TEMP_COMP_07,R_TEMP_KG_COMP_01,COMPLEMENT,True,规则正确
B_边界复核集,边界集/鲁棒性分析,保留为边界挑战实例，单独报告,无重复,来源字段完整但仍需正版逐页核验,SENT-0054,AUTH-TAD-0440,今天的晚饭是爸爸做的。,今天,今天,ATTRIBUTE,可能为时间定语,完全一致,完全一致,完全一致,初等,国际中文教育中文水平等级标准·语法学习手册（初等）,215,·语法学习手册(初等) 90“是……的”句1:强调时间、地点、方式、动作 者等 【二60】 ◎,否,纳入477条一致评测集,保留但单独报告；可用于边界分析，不作为主结论唯一依据,正确,不是时间状语,时间定语,权威语法学习手册,第5批,candidate_span,正确,不是时间状语,时间定语,,正确,不是时间状语,时间定语,,正确,不是时间状语,时间定语,,今天的晚饭是爸爸做的,span:AUTH-TAD-0440,sentence:SENT-0054,0,2,located,ATTR_DE_DIRECT|DE_PARTICLE|SENTENCE_INITIAL|TIME_NOUN,R_TEMP_KG_ATTR_01|R_TEMP_KG_ADV_02,R_TEMP_KG_ATTR_01,ATTRIBUTE,True,规则正确
B_边界复核集,边界集/鲁棒性分析,保留为边界挑战实例，单独报告,无重复,来源字段完整但仍需正版逐页核验,SENT-0466,AUTH-TAD-0441,饮料同蛋糕已经准备好了，我们开始吧。,已经,已经,TEMPORAL_ADVERBIAL,时间副词/体貌副词边界,完全一致,完全一致,完全一致,中等,国际中文教育中文水平等级标准·语法学习手册（中等）,304,饮料同蛋糕已经准备好了，我们开始吧,否,纳入477条一致评测集,保留但单独报告；可用于边界分析，不作为主结论唯一依据,正确,是时间状语,时间状语,权威语法学习手册,第5批,candidate_span,正确,是时间状语,时间状语,,正确,是时间状语,时间状语,,正确,是时间状语,时间状语,,饮料同蛋糕已经准备好了我们开始吧,span:AUTH-TAD-0441,sentence:SENT-0466,5,7,located,BEFORE_PREDICATE|EVENT_TIME|STATIVE_PREDICATE|TIME_ADVERB|TIME_FREQUENCY,R_TEMP_ADV_04|R_TEMP_ADV_19|R_TEMP_KG_ADV_01|R_TEMP_ADV_08|R_TEMP_ADV_11,R_TEMP_ADV_04,TEMPORAL_ADVERBIAL,True,规则正确
A_主评测候选,主实验/严格评测,保留为高一致主评测实例,无重复,来源字段完整但仍需正版逐页核验,SENT-0222,AUTH-TAD-0442,好像明天还要下雪。,明天,明天,TEMPORAL_ADVERBIAL,,完全一致,完全一致,完全一致,初等,国际中文教育中文水平等级标准·语法学习手册（初等）,161,◎ 结构特点 情态副词“好像”作状语，可以用在主语后，也可以用在主语前，有时,否,纳入477条一致评测集,可进入主评测集；仍需抽样核验出处,正确,是时间状语,时间状语,权威语法学习手册,第5批,candidate_span,正确,是时间状语,时间状语,,正确,是时间状语,时间状语,,正确,是时间状语,时间状语,,好像明天还要下雪,span:AUTH-TAD-0442,sentence:SENT-0222,2,4,located,BEFORE_PREDICATE|EVENT_TIME|TIME_NOUN,R_TEMP_ADV_01|R_TEMP_ADV_02|R_TEMP_KG_ADV_02,R_TEMP_ADV_01,TEMPORAL_ADVERBIAL,True,规则正确
B_边界复核集,边界集/鲁棒性分析,保留为边界挑战实例，单独报告,无重复,页面线索缺失,SENT-0342,AUTH-TAD-0443,明天还有什么需要带的?,明天,明天,TEMPORAL_ADVERBIAL,页面线索缺失,完全一致,完全一致,完全一致,高等,国际中文教育中文水平等级标准·语法学习手册（高等）,87,,否,纳入477条一致评测集,保留但单独报告；可用于边界分析，不作为主结论唯一依据,正确,是时间状语,时间状语,权威语法学习手册,第5批,candidate_span,正确,是时间状语,时间状语,,正确,是时间状语,时间状语,,正确,是时间状语,时间状语,,明天还有什么需要带的,span:AUTH-TAD-0443,sentence:SENT-0342,0,2,located,BEFORE_PREDICATE|EVENT_TIME|SENTENCE_INITIAL|TIME_NOUN,R_TEMP_ADV_01|R_TEMP_ADV_02|R_TEMP_KG_ADV_02,R_TEMP_ADV_01,TEMPORAL_ADVERBIAL,True,规则正确
A_主评测候选,主实验/严格评测,保留为高一致主评测实例,无重复,来源字段完整但仍需正版逐页核验,SENT-0145,AUTH-TAD-0444,你昨天做什么了?,昨天,昨天,TEMPORAL_ADVERBIAL,,完全一致,完全一致,完全一致,初等,国际中文教育中文水平等级标准·语法学习手册（初等）,101,示 【一41】 ◎基本语义及用法 表示某个动作行为已经完成，其标记是动词后的动态助词“了”,否,纳入477条一致评测集,可进入主评测集；仍需抽样核验出处,正确,是时间状语,时间状语,权威语法学习手册,第5批,candidate_span,正确,是时间状语,时间状语,,正确,是时间状语,时间状语,,正确,是时间状语,时间状语,,你昨天做什么了,span:AUTH-TAD-0444,sentence:SENT-0145,1,3,located,BEFORE_PREDICATE|EVENT_TIME|TIME_NOUN,R_TEMP_ADV_01|R_TEMP_ADV_02|R_TEMP_KG_ADV_02,R_TEMP_ADV_01,TEMPORAL_ADVERBIAL,True,规则正确
B_边界复核集,边界集/鲁棒性分析,保留为边界挑战实例，单独报告,无重复,来源字段完整但仍需正版逐页核验,SENT-0155,AUTH-TAD-0445,你的电脑我已经帮你修好了。,已经,已经,TEMPORAL_ADVERBIAL,时间副词/体貌副词边界,完全一致,完全一致,完全一致,高等,国际中文教育中文水平等级标准·语法学习手册（高等）,163,A:你的电脑我已经帮你修好了,否,纳入477条一致评测集,保留但单独报告；可用于边界分析，不作为主结论唯一依据,正确,是时间状语,时间状语,权威语法学习手册,第5批,candidate_span,正确,是时间状语,时间状语,,正确,是时间状语,时间状语,,正确,是时间状语,时间状语,,你的电脑我已经帮你修好了,span:AUTH-TAD-0445,sentence:SENT-0155,5,7,located,BEFORE_PREDICATE|EVENT_TIME|STATIVE_PREDICATE|TIME_ADVERB|TIME_FREQUENCY,R_TEMP_ADV_04|R_TEMP_ADV_19|R_TEMP_KG_ADV_01|R_TEMP_ADV_08|R_TEMP_ADV_11,R_TEMP_ADV_04,TEMPORAL_ADVERBIAL,True,规则正确
B_边界复核集,边界集/鲁棒性分析,保留为边界挑战实例，单独报告,无重复,来源字段完整但仍需正版逐页核验,SENT-0010,AUTH-TAD-0446,下午的考试我还没复习好，不由得紧张起来了。,下午,下午,ATTRIBUTE,可能为时间定语,完全一致,完全一致,完全一致,高等,国际中文教育中文水平等级标准·语法学习手册（高等）,38,儿子：奶奶怎么哭了? 妈妈：刚才奶奶翻出了一堆旧照片，看着照片，不由,否,纳入477条一致评测集,保留但单独报告；可用于边界分析，不作为主结论唯一依据,正确,不是时间状语,时间定语,权威语法学习手册,第5批,candidate_span,正确,不是时间状语,时间定语,,正确,不是时间状语,时间定语,,正确,不是时间状语,时间定语,,下午的考试我还没复习好不由得紧张起来了,span:AUTH-TAD-0446,sentence:SENT-0010,0,2,located,ATTR_DE_DIRECT|ATTR_NOMINAL_DIRECT|DE_PARTICLE|NOMINAL_HEAD|SENTENCE_INITIAL|TIME_NOUN|TIME_POINT,R_TEMP_KG_ATTR_01|R_TEMP_KG_ATTR_02|R_TEMP_ATTR_01|R_TEMP_ATTR_03|R_TEMP_ATTR_04,R_TEMP_KG_ATTR_01,ATTRIBUTE,True,规则正确
C_暂不纳入主实验,待复核,暂不进入主实验，优先复核标签,同句多候选/重复句,来源字段完整但仍需正版逐页核验,SENT-0247,AUTH-TAD-0447,已经快九点了，我连忙出门打车。,已经,已经快九点了,OTHER,时间副词/体貌副词边界；候选片段与最终片段不一致；非目标时间表达；三人标注不完全一致；至少一名标注者修正片段,多数一致,多数一致,多数一致,初等,国际中文教育中文水平等级标准·语法学习手册（初等）,286,? 出的建议有什么 儿子：有个同学生病了，看 B:刚看到一位老人 想法吗? 他不舒服，我们连,否,纳入477条一致评测集,需老师/专家核验；核验前只作错误分析或边界案例,边界不完整,不是时间状语,提取错误：边界不完整,权威语法学习手册,第5批,majority_fixed_span,正确,是时间状语,时间状语,,边界不完整,不是时间状语,提取错误：边界不完整,已经快九点了,边界不完整,不是时间状语,提取错误：边界不完整,已经快九点了,已经快九点了我连忙出门打车,span:AUTH-TAD-0447,sentence:SENT-0247,0,2,located,BEFORE_PREDICATE|EVENT_TIME|REVIEW_NON_TARGET_RISK|SENTENCE_INITIAL|TIME_ADVERB|TIME_FREQUENCY,R_TEMP_KG_OTHER_01|R_TEMP_ADV_04|R_TEMP_ADV_19|R_TEMP_KG_ADV_01|R_TEMP_ADV_08,R_TEMP_KG_OTHER_01,OTHER,True,规则正确
B_边界复核集,边界集/鲁棒性分析,保留为边界挑战实例，单独报告,无重复,页面线索缺失,SENT-0432,AUTH-TAD-0448,还名牌儿手机呢，没用一年就坏了。,一年,一年,COMPLEMENT,页面线索缺失；时量补语/持续时间边界,完全一致,完全一致,完全一致,中等,国际中文教育中文水平等级标准·语法学习手册（中等）,133,,否,纳入477条一致评测集,保留但单独报告；可用于边界分析，不作为主结论唯一依据,正确,不是时间状语,时长补语,权威语法学习手册,第5批,candidate_span,正确,不是时间状语,时长补语,,正确,不是时间状语,时长补语,,正确,不是时间状语,时长补语,,还名牌儿手机呢没用一年就坏了,span:AUTH-TAD-0448,sentence:SENT-0432,10,12,located,AFTER_VERB|COMPLEMENT_DURATION_CONTEXT|DURATION_COMPLEMENT|TIME_DURATION,R_TEMP_KG_COMP_01|R_TEMP_COMP_01|R_TEMP_COMP_02|R_TEMP_COMP_07,R_TEMP_KG_COMP_01,COMPLEMENT,True,规则正确
A_主评测候选,主实验/严格评测,保留为高一致主评测实例,无重复,来源字段完整但仍需正版逐页核验,SENT-0036,AUTH-TAD-0449,今天公共汽车没有按时到站，所以我迟到了。,今天,今天,TEMPORAL_ADVERBIAL,,完全一致,完全一致,完全一致,中等,国际中文教育中文水平等级标准·语法学习手册（中等）,18,6时间副词(1):按时 【四07】 ◎基本语义,否,纳入477条一致评测集,可进入主评测集；仍需抽样核验出处,正确,是时间状语,时间状语,权威语法学习手册,第5批,candidate_span,正确,是时间状语,时间状语,,正确,是时间状语,时间状语,,正确,是时间状语,时间状语,,今天公共汽车没有按时到站所以我迟到了,span:AUTH-TAD-0449,sentence:SENT-0036,0,2,located,BEFORE_PREDICATE|EVENT_TIME|SENTENCE_INITIAL|TIME_NOUN,R_TEMP_ADV_01|R_TEMP_ADV_02|R_TEMP_KG_ADV_02,R_TEMP_ADV_01,TEMPORAL_ADVERBIAL,True,规则正确
B_边界复核集,边界集/鲁棒性分析,保留为边界挑战实例，单独报告,无重复,来源字段完整但仍需正版逐页核验,SENT-0239,AUTH-TAD-0450,小的时候盼望着长大，长大了反倒开始怀念童年了。,小的时候,小的时候,TEMPORAL_ADVERBIAL,相对时间框架边界,完全一致,完全一致,完全一致,高等,国际中文教育中文水平等级标准·语法学习手册（高等）,52,经过这场病，他的身体反倒比以前好了,否,纳入477条一致评测集,保留但单独报告；可用于边界分析，不作为主结论唯一依据,正确,是时间状语,时间状语,权威语法学习手册,第5批,candidate_span,正确,是时间状语,时间状语,,正确,是时间状语,时间状语,,正确,是时间状语,时间状语,,小的时候盼望着长大长大了反倒开始怀念童年了,span:AUTH-TAD-0450,sentence:SENT-0239,0,4,located,BEFORE_PREDICATE|EVENT_TIME|SENTENCE_INITIAL|TIME_NOUN,R_TEMP_ADV_01|R_TEMP_ADV_02|R_TEMP_KG_ADV_02,R_TEMP_ADV_01,TEMPORAL_ADVERBIAL,True,规则正确
B_边界复核集,边界集/鲁棒性分析,保留为边界挑战实例，单独报告,无重复,来源字段完整但仍需正版逐页核验,SENT-0364,AUTH-TAD-0451,晚上的公园十分地安静。,晚上,晚上,ATTRIBUTE,可能为时间定语,完全一致,完全一致,完全一致,初等,国际中文教育中文水平等级标准·语法学习手册（初等）,140,结构特点 “十分”一般用于形容词和心理动词前，作状语,否,纳入477条一致评测集,保留但单独报告；可用于边界分析，不作为主结论唯一依据,正确,不是时间状语,时间定语,权威语法学习手册,第5批,candidate_span,正确,不是时间状语,时间定语,,正确,不是时间状语,时间定语,,正确,不是时间状语,时间定语,,晚上的公园十分地安静,span:AUTH-TAD-0451,sentence:SENT-0364,0,2,located,ATTR_DE_DIRECT|DE_PARTICLE|SENTENCE_INITIAL|TIME_NOUN,R_TEMP_KG_ATTR_01|R_TEMP_KG_ADV_02,R_TEMP_KG_ATTR_01,ATTRIBUTE,True,规则正确
B_边界复核集,边界集/鲁棒性分析,保留为边界挑战实例，单独报告,无重复,来源字段完整但仍需正版逐页核验,SENT-0163,AUTH-TAD-0452,准备了一天，客人却没来，她白白忙活了一天。,一天,一天,COMPLEMENT,时量补语/持续时间边界；三人标注不完全一致,完全一致,完全一致,多数一致,高等,国际中文教育中文水平等级标准·语法学习手册（高等）,50,交际实践 我白白排了两个小 (在售票处，感叹等待时间长) 时的队呢! 工作人员：对不起，今天,否,纳入477条一致评测集,保留但单独报告；可用于边界分析，不作为主结论唯一依据,正确,不是时间状语,时长补语,权威语法学习手册,第5批,candidate_span,正确,不是时间状语,时长补语,,正确,不是时间状语,时长补语,,正确,不是时间状语,时间定语,,准备了一天客人却没来她白白忙活了一天,span:AUTH-TAD-0452,sentence:SENT-0163,3,5,located,AFTER_VERB|COMPLEMENT_DURATION_CONTEXT|DURATION_COMPLEMENT|INDEFINITE_TIME|TIME_DURATION|TIME_POINT,R_TEMP_KG_COMP_01|R_TEMP_COMP_01|R_TEMP_COMP_02|R_TEMP_COMP_07,R_TEMP_KG_COMP_01,COMPLEMENT,True,规则正确
B_边界复核集,边界集/鲁棒性分析,保留为边界挑战实例，单独报告,无重复,来源字段完整但仍需正版逐页核验,SENT-0417,AUTH-TAD-0453,考试的时候，大家不要东张西望。,考试的时候,考试的时候,TEMPORAL_ADVERBIAL,相对时间框架边界,完全一致,完全一致,完全一致,高等,国际中文教育中文水平等级标准·语法学习手册（高等）,92,考试的时候，大家不要东张西望,否,纳入477条一致评测集,保留但单独报告；可用于边界分析，不作为主结论唯一依据,正确,是时间状语,时间状语,权威语法学习手册,第5批,candidate_span,正确,是时间状语,时间状语,,正确,是时间状语,时间状语,,正确,是时间状语,时间状语,,考试的时候大家不要东张西望,span:AUTH-TAD-0453,sentence:SENT-0417,0,5,located,BEFORE_PREDICATE|EVENT_TIME|SENTENCE_INITIAL|TIME_NOUN,R_TEMP_ADV_01|R_TEMP_ADV_02|R_TEMP_KG_ADV_02,R_TEMP_ADV_01,TEMPORAL_ADVERBIAL,True,规则正确
B_边界复核集,边界集/鲁棒性分析,保留为边界挑战实例，单独报告,无重复,来源字段完整但仍需正版逐页核验,SENT-0112,AUTH-TAD-0454,他洗澡洗了十分钟。,十分钟,十分钟,COMPLEMENT,时量补语/持续时间边界,完全一致,完全一致,完全一致,初等,国际中文教育中文水平等级标准·语法学习手册（初等）,352,81数量补语4(动词+时量补语):表示动作持续的 时间 【三51】 ◎,否,纳入477条一致评测集,保留但单独报告；可用于边界分析，不作为主结论唯一依据,正确,不是时间状语,时长补语,权威语法学习手册,第5批,candidate_span,正确,不是时间状语,时长补语,,正确,不是时间状语,时长补语,,正确,不是时间状语,时长补语,,他洗澡洗了十分钟,span:AUTH-TAD-0454,sentence:SENT-0112,5,8,located,AFTER_VERB|COMPLEMENT_DURATION_CONTEXT|DURATION_COMPLEMENT|TIME_DURATION,R_TEMP_KG_COMP_01|R_TEMP_COMP_01|R_TEMP_COMP_02|R_TEMP_COMP_07,R_TEMP_KG_COMP_01,COMPLEMENT,True,规则正确
C_暂不纳入主实验,待复核,暂不进入主实验，优先复核标签,无重复,来源字段完整但仍需正版逐页核验,SENT-0219,AUTH-TAD-0455,她的生日是今天还是明天?,今天,今天,OTHER,非目标时间表达；三人标注不完全一致；至少一名标注者修正片段,多数一致,完全一致,多数一致,初等,国际中文教育中文水平等级标准·语法学习手册（初等）,72,(1):的 【一20】 ◎基本语义及用法 一般用于定语后、名词前，是定语的标志,否,纳入477条一致评测集,需老师/专家核验；核验前只作错误分析或边界案例,正确,不是时间状语,普通时间名词/词语引用,权威语法学习手册,第5批,candidate_span,正确,不是时间状语,普通时间名词/词语引用,,不是时间表达,不是时间状语,提取错误：不是时间表达,无,正确,不是时间状语,普通时间名词/词语引用,,她的生日是今天还是明天,span:AUTH-TAD-0455,sentence:SENT-0219,5,7,located,BEFORE_PREDICATE|EVENT_TIME|REVIEW_NON_TARGET_RISK|TIME_NOUN,R_TEMP_KG_OTHER_01|R_TEMP_ADV_01|R_TEMP_ADV_02|R_TEMP_KG_ADV_02,R_TEMP_KG_OTHER_01,OTHER,True,规则正确
A_主评测候选,主实验/严格评测,保留为高一致主评测实例,无重复,来源字段完整但仍需正版逐页核验,SENT-0234,AUTH-TAD-0456,安娜：我这几天累得不行，周末想在家休息。,周末,周末,TEMPORAL_ADVERBIAL,,完全一致,完全一致,完全一致,高等,国际中文教育中文水平等级标准·语法学习手册（高等）,121,育中文水平等级标准·语法学习手册(高等) 84程度补语3(1):形容词/动词+得+不行【七一九,否,纳入477条一致评测集,可进入主评测集；仍需抽样核验出处,正确,是时间状语,时间状语,权威语法学习手册,第5批,candidate_span,正确,是时间状语,时间状语,,正确,是时间状语,时间状语,,正确,是时间状语,时间状语,,安娜我这几天累得不行周末想在家休息,span:AUTH-TAD-0456,sentence:SENT-0234,12,14,located,TIME_NOUN,R_TEMP_KG_ADV_02,R_TEMP_KG_ADV_02,TEMPORAL_ADVERBIAL,True,规则正确
A_主评测候选,主实验/严格评测,保留为高一致主评测实例,无重复,来源字段完整但仍需正版逐页核验,SENT-0352,AUTH-TAD-0457,昨天我们去爬山，由于山高林密，手机无法导航，以致迷失了方向。,昨天,昨天,TEMPORAL_ADVERBIAL,,完全一致,完全一致,完全一致,高等,国际中文教育中文水平等级标准·语法学习手册（高等）,171,她整天为了工作奔波，以致没时间陪孩子,否,纳入477条一致评测集,可进入主评测集；仍需抽样核验出处,正确,是时间状语,时间状语,权威语法学习手册,第5批,candidate_span,正确,是时间状语,时间状语,,正确,是时间状语,时间状语,,正确,是时间状语,时间状语,,昨天我们去爬山由于山高林密手机无法导航以致迷失了方向,span:AUTH-TAD-0457,sentence:SENT-0352,0,2,located,BEFORE_PREDICATE|EVENT_TIME|SENTENCE_INITIAL|TIME_NOUN,R_TEMP_ADV_01|R_TEMP_ADV_02|R_TEMP_KG_ADV_02,R_TEMP_ADV_01,TEMPORAL_ADVERBIAL,True,规则正确
A_主评测候选,主实验/严格评测,保留为高一致主评测实例,无重复,来源字段完整但仍需正版逐页核验,SENT-0307,AUTH-TAD-0458,我现在越发害怕传染上这种病了。,现在,现在,TEMPORAL_ADVERBIAL,,完全一致,完全一致,完全一致,高等,国际中文教育中文水平等级标准·语法学习手册（高等）,21,特点 “越发”用于比较句，句中一般要出现两个不同的时间，有时表示两个时间的成 分在上下文中可以,否,纳入477条一致评测集,可进入主评测集；仍需抽样核验出处,正确,是时间状语,时间状语,权威语法学习手册,第5批,candidate_span,正确,是时间状语,时间状语,,正确,是时间状语,时间状语,,正确,是时间状语,时间状语,,我现在越发害怕传染上这种病了,span:AUTH-TAD-0458,sentence:SENT-0307,1,3,located,BEFORE_PREDICATE|EVENT_TIME|TIME_ADVERB|TIME_NOUN|TIME_POINT,R_TEMP_ADV_01|R_TEMP_ADV_02|R_TEMP_ADV_19|R_TEMP_ADV_08|R_TEMP_ADV_10,R_TEMP_ADV_01,TEMPORAL_ADVERBIAL,True,规则正确
A_主评测候选,主实验/严格评测,保留为高一致主评测实例,无重复,来源字段完整但仍需正版逐页核验,SENT-0383,AUTH-TAD-0459,爸爸昨天跟我说起他上小学时的事。,昨天,昨天,TEMPORAL_ADVERBIAL,,完全一致,完全一致,完全一致,中等,国际中文教育中文水平等级标准·语法学习手册（中等）,76,A:他们俩的关系什么 A:他终于想起了当 么? 时候这么好了? 时的情况，觉得 儿子：爷爷用,否,纳入477条一致评测集,可进入主评测集；仍需抽样核验出处,正确,是时间状语,时间状语,权威语法学习手册,第5批,candidate_span,正确,是时间状语,时间状语,,正确,是时间状语,时间状语,,正确,是时间状语,时间状语,,爸爸昨天跟我说起他上小学时的事,span:AUTH-TAD-0459,sentence:SENT-0383,2,4,located,BEFORE_PREDICATE|EVENT_TIME|TIME_NOUN,R_TEMP_ADV_01|R_TEMP_ADV_02|R_TEMP_KG_ADV_02,R_TEMP_ADV_01,TEMPORAL_ADVERBIAL,True,规则正确
A_主评测候选,主实验/严格评测,保留为高一致主评测实例,无重复,来源字段完整但仍需正版逐页核验,SENT-0409,AUTH-TAD-0460,突然听到明天放假的消息，我一直半信半疑。,明天,明天,TEMPORAL_ADVERBIAL,,完全一致,完全一致,完全一致,高等,国际中文教育中文水平等级标准·语法学习手册（高等）,90,等市场快关门的时候，蔬菜都是半卖半送了,否,纳入477条一致评测集,可进入主评测集；仍需抽样核验出处,正确,是时间状语,时间状语,权威语法学习手册,第5批,candidate_span,正确,是时间状语,时间状语,,正确,是时间状语,时间状语,,正确,是时间状语,时间状语,,突然听到明天放假的消息我一直半信半疑,span:AUTH-TAD-0460,sentence:SENT-0409,4,6,located,BEFORE_PREDICATE|EVENT_TIME|TIME_NOUN,R_TEMP_ADV_01|R_TEMP_ADV_02|R_TEMP_KG_ADV_02,R_TEMP_ADV_01,TEMPORAL_ADVERBIAL,True,规则正确
A_主评测候选,主实验/严格评测,保留为高一致主评测实例,无重复,来源字段完整但仍需正版逐页核验,SENT-0135,AUTH-TAD-0461,你哪怕非常不愿意，明天也得去一趟，这是工作。,明天,明天,TEMPORAL_ADVERBIAL,,完全一致,完全一致,完全一致,中等,国际中文教育中文水平等级标准·语法学习手册（中等）,112,哪怕这件衣服已经打折了，价格还是很高,否,纳入477条一致评测集,可进入主评测集；仍需抽样核验出处,正确,是时间状语,时间状语,权威语法学习手册,第5批,candidate_span,正确,是时间状语,时间状语,,正确,是时间状语,时间状语,,正确,是时间状语,时间状语,,你哪怕非常不愿意明天也得去一趟这是工作,span:AUTH-TAD-0461,sentence:SENT-0135,9,11,located,BEFORE_PREDICATE|EVENT_TIME|TIME_NOUN,R_TEMP_ADV_01|R_TEMP_ADV_02|R_TEMP_KG_ADV_02,R_TEMP_ADV_01,TEMPORAL_ADVERBIAL,True,规则正确
B_边界复核集,边界集/鲁棒性分析,保留为边界挑战实例，单独报告,无重复,来源字段完整但仍需正版逐页核验,SENT-0190,AUTH-TAD-0462,哪怕这件衣服已经打折了，价格还是很高。,已经,已经,TEMPORAL_ADVERBIAL,时间副词/体貌副词边界,完全一致,完全一致,完全一致,中等,国际中文教育中文水平等级标准·语法学习手册（中等）,112,哪怕这件衣服已经打折了，价格还是很高,否,纳入477条一致评测集,保留但单独报告；可用于边界分析，不作为主结论唯一依据,正确,是时间状语,时间状语,权威语法学习手册,第5批,candidate_span,正确,是时间状语,时间状语,,正确,是时间状语,时间状语,,正确,是时间状语,时间状语,,哪怕这件衣服已经打折了价格还是很高,span:AUTH-TAD-0462,sentence:SENT-0190,6,8,located,BEFORE_PREDICATE|EVENT_TIME|TIME_ADVERB|TIME_FREQUENCY,R_TEMP_ADV_04|R_TEMP_ADV_19|R_TEMP_KG_ADV_01|R_TEMP_ADV_08|R_TEMP_ADV_11,R_TEMP_ADV_04,TEMPORAL_ADVERBIAL,True,规则正确
C_暂不纳入主实验,待复核,暂不进入主实验，优先复核标签,无重复,来源字段完整但仍需正版逐页核验,SENT-0344,AUTH-TAD-0463,明年的这个时候，我已经工作了。,明年,明年,TEMPORAL_ADVERBIAL,原表已建议复核/剔除；可能为时间定语；时量补语/持续时间边界；三人标注不完全一致；至少一名标注者修正片段,平票,多数一致,平票,初等,国际中文教育中文水平等级标准·语法学习手册（初等）,152,级语法点 例句 校长已经下班了,是,复核/剔除候选,需老师/专家核验；核验前只作错误分析或边界案例,正确,不是时间状语,时间状语,权威语法学习手册,第5批,candidate_span,正确,是时间状语,时间状语,,边界不完整,不是时间状语,提取错误：边界不完整,明年的这个时候,漏检：有目标时间状语,不是时间状语,漏检,已经,明年的这个时候我已经工作了,span:AUTH-TAD-0463,sentence:SENT-0344,0,2,located,ATTR_DE_DIRECT|DE_PARTICLE|SENTENCE_INITIAL|TIME_NOUN,R_TEMP_KG_ATTR_01|R_TEMP_KG_ADV_02,R_TEMP_KG_ATTR_01,ATTRIBUTE,False,规则误判
C_暂不纳入主实验,待复核,暂不进入主实验，优先复核标签,同句多候选/重复句,页面线索缺失,SENT-0437,AUTH-TAD-0464,这个地方很受欢迎，今年的游客人数比去年增加了两倍。,去年,去年,OTHER,页面线索缺失；时量补语/持续时间边界；非目标时间表达；三人标注不完全一致；至少一名标注者修正片段,多数一致,完全一致,多数一致,中等,国际中文教育中文水平等级标准·语法学习手册（中等）,118,,否,纳入477条一致评测集,需老师/专家核验；核验前只作错误分析或边界案例,正确,不是时间状语,普通时间名词/词语引用,权威语法学习手册,第5批,candidate_span,正确,不是时间状语,普通时间名词/词语引用,,不是时间表达,不是时间状语,提取错误：不是时间表达,无,正确,不是时间状语,普通时间名词/词语引用,,这个地方很受欢迎今年的游客人数比去年增加了两倍,span:AUTH-TAD-0464,sentence:SENT-0437,17,19,located,ABSTRACT_OR_NON_TARGET_TIME|REVIEW_NON_TARGET_RISK|TEMPORAL_COMPARISON_STATE|TIME_NOUN,R_TEMP_KG_OTHER_01|R_TEMP_KG_OTHER_02|R_TEMP_KG_OTHER_03|R_TEMP_KG_ADV_02,R_TEMP_KG_OTHER_01,OTHER,True,规则正确
A_主评测候选,主实验/严格评测,保留为高一致主评测实例,无重复,来源字段完整但仍需正版逐页核验,SENT-0278,AUTH-TAD-0465,我们有时在图书馆见面。,有时,有时,TEMPORAL_ADVERBIAL,,完全一致,完全一致,完全一致,初等,国际中文教育中文水平等级标准·语法学习手册（初等）,56,32 时间副词(3):有时 【一11】 ○ 基本语,否,纳入477条一致评测集,可进入主评测集；仍需抽样核验出处,正确,是时间状语,时间状语,权威语法学习手册,第5批,candidate_span,正确,是时间状语,时间状语,,正确,是时间状语,时间状语,,正确,是时间状语,时间状语,,我们有时在图书馆见面,span:AUTH-TAD-0465,sentence:SENT-0278,2,4,located,BEFORE_PREDICATE|EVENT_TIME|TIME_ADVERB|TIME_FREQUENCY|TIME_NOUN,R_TEMP_ADV_01|R_TEMP_ADV_02|R_TEMP_ADV_04|R_TEMP_ADV_19|R_TEMP_KG_ADV_01,R_TEMP_ADV_01,TEMPORAL_ADVERBIAL,True,规则正确
C_暂不纳入主实验,待复核,暂不进入主实验，优先复核标签,无重复,来源字段完整但仍需正版逐页核验,SENT-0186,AUTH-TAD-0466,周末的时候，她一向会去看场电影。,周末,周末的时候,OTHER,相对时间框架边界；可能为时间定语；候选片段与最终片段不一致；非目标时间表达；三人标注不完全一致；至少一名标注者修正片段,多数一致,完全一致,多数一致,中等,国际中文教育中文水平等级标准·语法学习手册（中等）,157,水平等级标准·语法学习手册(中等) 【五05】16时间副词(8):一向 ○ 基本语义及用法 表,否,纳入477条一致评测集,需老师/专家核验；核验前只作错误分析或边界案例,边界不完整,不是时间状语,提取错误：边界不完整,权威语法学习手册,第5批,majority_fixed_span,正确,不是时间状语,时间定语,,边界不完整,不是时间状语,提取错误：边界不完整,周末的时候,边界不完整,不是时间状语,提取错误：边界不完整,周末的时候,周末的时候她一向会去看场电影,span:AUTH-TAD-0466,sentence:SENT-0186,0,2,located,BEFORE_PREDICATE|DE_PARTICLE|EVENT_TIME|REVIEW_NON_TARGET_RISK|SENTENCE_INITIAL|TIME_NOUN,R_TEMP_KG_OTHER_01|R_TEMP_ADV_01|R_TEMP_ADV_02|R_TEMP_KG_ADV_02,R_TEMP_KG_OTHER_01,OTHER,True,规则正确
B_边界复核集,边界集/鲁棒性分析,保留为边界挑战实例，单独报告,无重复,来源字段完整但仍需正版逐页核验,SENT-0210,AUTH-TAD-0467,她已经不在这里工作了。,已经,已经,TEMPORAL_ADVERBIAL,时间副词/体貌副词边界,完全一致,完全一致,完全一致,初等,国际中文教育中文水平等级标准·语法学习手册（初等）,152,级语法点 例句 校长已经下班了,否,纳入477条一致评测集,保留但单独报告；可用于边界分析，不作为主结论唯一依据,正确,是时间状语,时间状语,权威语法学习手册,第5批,candidate_span,正确,是时间状语,时间状语,,正确,是时间状语,时间状语,,正确,是时间状语,时间状语,,她已经不在这里工作了,span:AUTH-TAD-0467,sentence:SENT-0210,1,3,located,BEFORE_PREDICATE|EVENT_TIME|TIME_ADVERB|TIME_FREQUENCY,R_TEMP_ADV_04|R_TEMP_ADV_19|R_TEMP_KG_ADV_01|R_TEMP_ADV_08|R_TEMP_ADV_11,R_TEMP_ADV_04,TEMPORAL_ADVERBIAL,True,规则正确
A_主评测候选,主实验/严格评测,保留为高一致主评测实例,无重复,来源字段完整但仍需正版逐页核验,SENT-0142,AUTH-TAD-0468,你明天去看看奶奶。,明天,明天,TEMPORAL_ADVERBIAL,,完全一致,完全一致,完全一致,初等,国际中文教育中文水平等级标准·语法学习手册（初等）,120,AA、A一 A”用于未发生的动作，“A了A”用于 已经完成的动作,否,纳入477条一致评测集,可进入主评测集；仍需抽样核验出处,正确,是时间状语,时间状语,权威语法学习手册,第5批,candidate_span,正确,是时间状语,时间状语,,正确,是时间状语,时间状语,,正确,是时间状语,时间状语,,你明天去看看奶奶,span:AUTH-TAD-0468,sentence:SENT-0142,1,3,located,BEFORE_PREDICATE|EVENT_TIME|TIME_NOUN,R_TEMP_ADV_01|R_TEMP_ADV_02|R_TEMP_KG_ADV_02,R_TEMP_ADV_01,TEMPORAL_ADVERBIAL,True,规则正确
B_边界复核集,边界集/鲁棒性分析,保留为边界挑战实例，单独报告,无重复,来源字段完整但仍需正版逐页核验,SENT-0289,AUTH-TAD-0469,我回家的时候，他正在写作业。,正在,正在,TEMPORAL_ADVERBIAL,时间副词/体貌副词边界；相对时间框架边界,完全一致,完全一致,完全一致,初等,国际中文教育中文水平等级标准·语法学习手册（初等）,103,外边正在下雨,否,纳入477条一致评测集,保留但单独报告；可用于边界分析，不作为主结论唯一依据,正确,是时间状语,时间状语,权威语法学习手册,第5批,candidate_span,正确,是时间状语,时间状语,,正确,是时间状语,时间状语,,正确,是时间状语,时间状语,,我回家的时候他正在写作业,span:AUTH-TAD-0469,sentence:SENT-0289,8,10,located,BEFORE_PREDICATE|EVENT_TIME|NO_TEMPORAL_EXPRESSION|TIME_ADVERB,R_TEMP_ADV_19|R_TEMP_ADV_08,R_TEMP_ADV_19,TEMPORAL_ADVERBIAL,True,规则正确
A_主评测候选,主实验/严格评测,保留为高一致主评测实例,无重复,来源字段完整但仍需正版逐页核验,SENT-0133,AUTH-TAD-0470,你刚才做什么呢?,刚才,刚才,TEMPORAL_ADVERBIAL,,完全一致,完全一致,完全一致,初等,国际中文教育中文水平等级标准·语法学习手册（初等）,385,:这个手机不错， A:你的中文老师多大了? A:你刚才做什么呢? 贵吗? B:我的中文老师大,否,纳入477条一致评测集,可进入主评测集；仍需抽样核验出处,正确,是时间状语,时间状语,权威语法学习手册,第5批,candidate_span,正确,是时间状语,时间状语,,正确,是时间状语,时间状语,,正确,是时间状语,时间状语,,你刚才做什么呢,span:AUTH-TAD-0470,sentence:SENT-0133,1,3,located,BEFORE_PREDICATE|EVENT_TIME|TIME_ADVERB|TIME_FREQUENCY,R_TEMP_ADV_04|R_TEMP_ADV_19|R_TEMP_KG_ADV_01|R_TEMP_ADV_08|R_TEMP_ADV_11,R_TEMP_ADV_04,TEMPORAL_ADVERBIAL,True,规则正确
B_边界复核集,边界集/鲁棒性分析,保留为边界挑战实例，单独报告,无重复,来源字段完整但仍需正版逐页核验,SENT-0121,AUTH-TAD-0471,他经常问老师问题。,经常,经常,TEMPORAL_ADVERBIAL,时间副词/体貌副词边界,完全一致,完全一致,完全一致,初等,国际中文教育中文水平等级标准·语法学习手册（初等）,154,级语法点 34频率、重复副词(2):经常 【二16】 ◎基本语义及用法 表示某动,否,纳入477条一致评测集,保留但单独报告；可用于边界分析，不作为主结论唯一依据,正确,是时间状语,时间状语,权威语法学习手册,第5批,candidate_span,正确,是时间状语,时间状语,,正确,是时间状语,时间状语,,正确,是时间状语,时间状语,,他经常问老师问题,span:AUTH-TAD-0471,sentence:SENT-0121,1,3,located,BEFORE_PREDICATE|EVENT_TIME|TIME_FREQUENCY,R_TEMP_ADV_04|R_TEMP_KG_ADV_01,R_TEMP_ADV_04,TEMPORAL_ADVERBIAL,True,规则正确
C_暂不纳入主实验,待复核,暂不进入主实验，优先复核标签,无重复,页面线索缺失,SENT-0220,AUTH-TAD-0472,她起初不适应这里的气候，后来才慢慢习惯了。,后来,后来,TEMPORAL_ADVERBIAL,页面线索缺失；三人标注不完全一致；至少一名标注者修正片段,多数一致,完全一致,多数一致,高等,国际中文教育中文水平等级标准·语法学习手册（高等）,136,,否,纳入477条一致评测集,需老师/专家核验；核验前只作错误分析或边界案例,正确,是时间状语,时间状语,权威语法学习手册,第5批,candidate_span,正确,是时间状语,时间状语,,正确,是时间状语,时间状语,,漏检：有目标时间状语,是时间状语,漏检,起初,她起初不适应这里的气候后来才慢慢习惯了,span:AUTH-TAD-0472,sentence:SENT-0220,12,14,located,REVIEW_NON_TARGET_RISK|TIME_ADVERB|TIME_AFTER_BEFORE|TIME_FREQUENCY|TIME_NOUN,R_TEMP_KG_OTHER_01|R_TEMP_KG_ADV_01|R_TEMP_ADV_11|R_TEMP_KG_ADV_02,R_TEMP_KG_OTHER_01,OTHER,False,规则误判
A_主评测候选,主实验/严格评测,保留为高一致主评测实例,无重复,来源字段完整但仍需正版逐页核验,SENT-0256,AUTH-TAD-0473,当时我真着急了，不知说什么好。,当时,当时,TEMPORAL_ADVERBIAL,,完全一致,完全一致,完全一致,高等,国际中文教育中文水平等级标准·语法学习手册（高等）,115,固定短语“不知……好”中间一般加动词性成分，动词经常受“怎么、如何、什 么”等代词的修饰,否,纳入477条一致评测集,可进入主评测集；仍需抽样核验出处,正确,是时间状语,时间状语,权威语法学习手册,第5批,candidate_span,正确,是时间状语,时间状语,,正确,是时间状语,时间状语,,正确,是时间状语,时间状语,,当时我真着急了不知说什么好,span:AUTH-TAD-0473,sentence:SENT-0256,0,2,located,BEFORE_PREDICATE|DEICTIC_TIME|EVENT_TIME|SENTENCE_INITIAL|TIME_ADVERB|TIME_FREQUENCY|TIME_NOUN|TIME_POINT,R_TEMP_ADV_01|R_TEMP_ADV_02|R_TEMP_ADV_04|R_TEMP_ADV_19|R_TEMP_KG_ADV_01,R_TEMP_ADV_01,TEMPORAL_ADVERBIAL,True,规则正确
B_边界复核集,边界集/鲁棒性分析,保留为边界挑战实例，单独报告,无重复,页面线索缺失,SENT-0392,AUTH-TAD-0474,现在我的愿望终于实现了。,现在,现在,TEMPORAL_ADVERBIAL,页面线索缺失,完全一致,完全一致,完全一致,初等,国际中文教育中文水平等级标准·语法学习手册（初等）,318,,否,纳入477条一致评测集,保留但单独报告；可用于边界分析，不作为主结论唯一依据,正确,是时间状语,时间状语,权威语法学习手册,第5批,candidate_span,正确,是时间状语,时间状语,,正确,是时间状语,时间状语,,正确,是时间状语,时间状语,,现在我的愿望终于实现了,span:AUTH-TAD-0474,sentence:SENT-0392,0,2,located,BEFORE_PREDICATE|EVENT_TIME|SENTENCE_INITIAL|TIME_ADVERB|TIME_NOUN|TIME_POINT,R_TEMP_ADV_01|R_TEMP_ADV_02|R_TEMP_ADV_19|R_TEMP_ADV_08|R_TEMP_ADV_10,R_TEMP_ADV_01,TEMPORAL_ADVERBIAL,True,规则正确
B_边界复核集,边界集/鲁棒性分析,保留为边界挑战实例，单独报告,无重复,来源字段完整但仍需正版逐页核验,SENT-0007,AUTH-TAD-0475,上午的比赛因过于紧张而失败了。,上午,上午,ATTRIBUTE,可能为时间定语,完全一致,完全一致,完全一致,高等,国际中文教育中文水平等级标准·语法学习手册（高等）,120,◎ 补充例句 他每天因睡不够而没有时间吃早饭,否,纳入477条一致评测集,保留但单独报告；可用于边界分析，不作为主结论唯一依据,正确,不是时间状语,时间定语,权威语法学习手册,第5批,candidate_span,正确,不是时间状语,时间定语,,正确,不是时间状语,时间定语,,正确,不是时间状语,时间定语,,上午的比赛因过于紧张而失败了,span:AUTH-TAD-0475,sentence:SENT-0007,0,2,located,ATTR_DE_DIRECT|ATTR_NOMINAL_DIRECT|DE_PARTICLE|NOMINAL_HEAD|SENTENCE_INITIAL|TIME_NOUN|TIME_POINT,R_TEMP_KG_ATTR_01|R_TEMP_KG_ATTR_02|R_TEMP_ATTR_01|R_TEMP_ATTR_03|R_TEMP_ATTR_04,R_TEMP_KG_ATTR_01,ATTRIBUTE,True,规则正确
B_边界复核集,边界集/鲁棒性分析,保留为边界挑战实例，单独报告,无重复,来源字段完整但仍需正版逐页核验,SENT-0223,AUTH-TAD-0476,好，好，我马上写。,马上,马上,TEMPORAL_ADVERBIAL,时间副词/体貌副词边界,完全一致,完全一致,完全一致,高等,国际中文教育中文水平等级标准·语法学习手册（高等）,48,(又+)何必+呢? 事情已经解决了，这 又 何必 呢? 为这点儿小事,否,纳入477条一致评测集,保留但单独报告；可用于边界分析，不作为主结论唯一依据,正确,是时间状语,时间状语,权威语法学习手册,第5批,candidate_span,正确,是时间状语,时间状语,,正确,是时间状语,时间状语,,正确,是时间状语,时间状语,,好好我马上写,span:AUTH-TAD-0476,sentence:SENT-0223,5,7,located,BEFORE_PREDICATE|EVENT_TIME|LOCATION_EXPRESSION|NO_TEMPORAL_EXPRESSION|TIME_ADVERB,R_TEMP_OTHER_01|R_TEMP_ADV_19|R_TEMP_ADV_08,R_TEMP_OTHER_01,OTHER,False,规则误判
B_边界复核集,边界集/鲁棒性分析,保留为边界挑战实例，单独报告,无重复,来源字段完整但仍需正版逐页核验,SENT-0360,AUTH-TAD-0477,是啊，我经常看到他因一件小事而快乐。,经常,经常,TEMPORAL_ADVERBIAL,时间副词/体貌副词边界,完全一致,完全一致,完全一致,高等,国际中文教育中文水平等级标准·语法学习手册（高等）,119,◎ 典型例句和对话 例句 交际实践 我经常看到他因 (在教室，谈论大卫) 一件小事,否,纳入477条一致评测集,保留但单独报告；可用于边界分析，不作为主结论唯一依据,正确,是时间状语,时间状语,权威语法学习手册,第5批,candidate_span,正确,是时间状语,时间状语,,正确,是时间状语,时间状语,,正确,是时间状语,时间状语,,是啊我经常看到他因一件小事而快乐,span:AUTH-TAD-0477,sentence:SENT-0360,4,6,located,BEFORE_PREDICATE|EVENT_TIME|TIME_FREQUENCY,R_TEMP_ADV_04|R_TEMP_KG_ADV_01,R_TEMP_ADV_04,TEMPORAL_ADVERBIAL,True,规则正确
B_边界复核集,边界集/鲁棒性分析,保留为边界挑战实例，单独报告,无重复,页面线索缺失,SENT-0387,AUTH-TAD-0478,王经理今年的销售业绩又拿了第一。,今年,今年,ATTRIBUTE,页面线索缺失；可能为时间定语；时量补语/持续时间边界,完全一致,完全一致,完全一致,高等,国际中文教育中文水平等级标准·语法学习手册（高等）,118,,否,纳入477条一致评测集,保留但单独报告；可用于边界分析，不作为主结论唯一依据,正确,不是时间状语,时间定语,权威语法学习手册,第5批,candidate_span,正确,不是时间状语,时间定语,,正确,不是时间状语,时间定语,,正确,不是时间状语,时间定语,,王经理今年的销售业绩又拿了第一,span:AUTH-TAD-0478,sentence:SENT-0387,3,5,located,ATTR_DE_DIRECT|DE_PARTICLE|NO_TEMPORAL_EXPRESSION,R_TEMP_KG_ATTR_01,R_TEMP_KG_ATTR_01,ATTRIBUTE,True,规则正确
B_边界复核集,边界集/鲁棒性分析,保留为边界挑战实例，单独报告,无重复,来源字段完整但仍需正版逐页核验,SENT-0357,AUTH-TAD-0479,是啊，今天的电影的确很感人。,今天,今天,ATTRIBUTE,可能为时间定语,完全一致,完全一致,完全一致,高等,国际中文教育中文水平等级标准·语法学习手册（高等）,38,儿子：奶奶怎么哭了? 妈妈：刚才奶奶翻出了一堆旧照片，看着照片，不由,否,纳入477条一致评测集,保留但单独报告；可用于边界分析，不作为主结论唯一依据,正确,不是时间状语,时间定语,权威语法学习手册,第5批,candidate_span,正确,不是时间状语,时间定语,,正确,不是时间状语,时间定语,,正确,不是时间状语,时间定语,,是啊今天的电影的确很感人,span:AUTH-TAD-0479,sentence:SENT-0357,3,5,located,ATTR_DE_DIRECT|DE_PARTICLE|TIME_NOUN,R_TEMP_KG_ATTR_01|R_TEMP_KG_ADV_02,R_TEMP_KG_ATTR_01,ATTRIBUTE,True,规则正确
A_主评测候选,主实验/严格评测,保留为高一致主评测实例,无重复,来源字段完整但仍需正版逐页核验,SENT-0004,AUTH-TAD-0480,丈夫：今天发工资，我们要买就买个够。,今天,今天,TEMPORAL_ADVERBIAL,,完全一致,完全一致,完全一致,高等,国际中文教育中文水平等级标准·语法学习手册（高等）,187,) 129 紧缩复句：(要+)动词+就+动词+个+补语 【七—九126】 ◎基本语义及用法 表,否,纳入477条一致评测集,可进入主评测集；仍需抽样核验出处,正确,是时间状语,时间状语,权威语法学习手册,第5批,candidate_span,正确,是时间状语,时间状语,,正确,是时间状语,时间状语,,正确,是时间状语,时间状语,,丈夫今天发工资我们要买就买个够,span:AUTH-TAD-0480,sentence:SENT-0004,3,5,located,BEFORE_PREDICATE|EVENT_TIME|TIME_NOUN,R_TEMP_ADV_01|R_TEMP_ADV_02|R_TEMP_KG_ADV_02,R_TEMP_ADV_01,TEMPORAL_ADVERBIAL,True,规则正确
C_暂不纳入主实验,待复核,暂不进入主实验，优先复核标签,同句多候选/重复句,来源字段完整但仍需正版逐页核验,SENT-0362,AUTH-TAD-0481,晚上九点才能到家。,晚上,晚上九点,OTHER,候选片段与最终片段不一致；非目标时间表达；三人标注不完全一致；至少一名标注者修正片段,多数一致,多数一致,多数一致,高等,国际中文教育中文水平等级标准·语法学习手册（高等）,104,◎ 典型例句和对话 例句 交际实践 可不是，警察都已经 (在小区门口，询问出了什么事) 来了,否,纳入477条一致评测集,需老师/专家核验；核验前只作错误分析或边界案例,边界不完整,不是时间状语,提取错误：边界不完整,权威语法学习手册,第5批,majority_fixed_span,边界不完整,不是时间状语,提取错误：边界不完整,晚上九点,正确,是时间状语,时间状语,,边界不完整,不是时间状语,提取错误：边界不完整,晚上九点,晚上九点才能到家,span:AUTH-TAD-0481,sentence:SENT-0362,0,2,located,BEFORE_PREDICATE|EVENT_TIME|REVIEW_NON_TARGET_RISK|SENTENCE_INITIAL|TIME_NOUN,R_TEMP_KG_OTHER_01|R_TEMP_ADV_01|R_TEMP_ADV_02|R_TEMP_KG_ADV_02,R_TEMP_KG_OTHER_01,OTHER,True,规则正确
B_边界复核集,边界集/鲁棒性分析,保留为边界挑战实例，单独报告,无重复,来源字段完整但仍需正版逐页核验,SENT-0057,AUTH-TAD-0482,今天的演出相当精彩。,今天,今天,ATTRIBUTE,可能为时间定语,完全一致,完全一致,完全一致,初等,国际中文教育中文水平等级标准·语法学习手册（初等）,272,(在公园门口) (在公司) (在家) A:我以前没来过这 A:你的实习结束了， A:你回,否,纳入477条一致评测集,保留但单独报告；可用于边界分析，不作为主结论唯一依据,正确,不是时间状语,时间定语,权威语法学习手册,第5批,candidate_span,正确,不是时间状语,时间定语,,正确,不是时间状语,时间定语,,正确,不是时间状语,时间定语,,今天的演出相当精彩,span:AUTH-TAD-0482,sentence:SENT-0057,0,2,located,ATTR_DE_DIRECT|DE_PARTICLE|SENTENCE_INITIAL|TIME_NOUN,R_TEMP_KG_ATTR_01|R_TEMP_KG_ADV_02,R_TEMP_KG_ATTR_01,ATTRIBUTE,True,规则正确
B_边界复核集,边界集/鲁棒性分析,保留为边界挑战实例，单独报告,无重复,来源字段完整但仍需正版逐页核验,SENT-0468,AUTH-TAD-0483,麦克，祝贺你昨天的演讲比赛得了第一名。,昨天,昨天,ATTRIBUTE,可能为时间定语,完全一致,完全一致,完全一致,高等,国际中文教育中文水平等级标准·语法学习手册（高等）,62,妻子：我走的时候忘记关煤气了，你帮我关一下儿,否,纳入477条一致评测集,保留但单独报告；可用于边界分析，不作为主结论唯一依据,正确,不是时间状语,时间定语,权威语法学习手册,第5批,candidate_span,正确,不是时间状语,时间定语,,正确,不是时间状语,时间定语,,正确,不是时间状语,时间定语,,麦克祝贺你昨天的演讲比赛得了第一名,span:AUTH-TAD-0483,sentence:SENT-0468,6,8,located,ATTR_DE_DIRECT|DE_PARTICLE|TIME_NOUN,R_TEMP_KG_ATTR_01|R_TEMP_KG_ADV_02,R_TEMP_KG_ATTR_01,ATTRIBUTE,True,规则正确
B_边界复核集,边界集/鲁棒性分析,保留为边界挑战实例，单独报告,无重复,来源字段完整但仍需正版逐页核验,SENT-0089,AUTH-TAD-0484,他已经60岁了，但是依旧没/没有放弃学习。,已经,已经,TEMPORAL_ADVERBIAL,时间副词/体貌副词边界,完全一致,完全一致,完全一致,中等,国际中文教育中文水平等级标准·语法学习手册（中等）,156,A:爷爷现在还住在 A:谁是公司本季度 记者：您已经离开家乡多 老房子里吗? 的金牌销售员?,否,纳入477条一致评测集,保留但单独报告；可用于边界分析，不作为主结论唯一依据,正确,是时间状语,时间状语,权威语法学习手册,第5批,candidate_span,正确,是时间状语,时间状语,,正确,是时间状语,时间状语,,正确,是时间状语,时间状语,,他已经60岁了但是依旧没/没有放弃学习,span:AUTH-TAD-0484,sentence:SENT-0089,1,3,located,BEFORE_PREDICATE|EVENT_TIME|TIME_ADVERB|TIME_FREQUENCY,R_TEMP_ADV_04|R_TEMP_ADV_19|R_TEMP_KG_ADV_01|R_TEMP_ADV_08|R_TEMP_ADV_11,R_TEMP_ADV_04,TEMPORAL_ADVERBIAL,True,规则正确
B_边界复核集,边界集/鲁棒性分析,保留为边界挑战实例，单独报告,无重复,来源字段完整但仍需正版逐页核验,SENT-0137,AUTH-TAD-0485,你常常在哪个商店买东西?,常常,常常,TEMPORAL_ADVERBIAL,时间副词/体貌副词边界,完全一致,完全一致,完全一致,初等,国际中文教育中文水平等级标准·语法学习手册（初等）,30,? 这个周末哪个同学去北京? 您要见哪个学生? 你常常在哪个商店买东西? 你喜欢哪个电影? ◎,否,纳入477条一致评测集,保留但单独报告；可用于边界分析，不作为主结论唯一依据,正确,是时间状语,时间状语,权威语法学习手册,第5批,candidate_span,正确,是时间状语,时间状语,,正确,是时间状语,时间状语,,正确,是时间状语,时间状语,,你常常在哪个商店买东西,span:AUTH-TAD-0485,sentence:SENT-0137,1,3,located,BEFORE_PREDICATE|EVENT_TIME|TIME_FREQUENCY,R_TEMP_ADV_04|R_TEMP_KG_ADV_01,R_TEMP_ADV_04,TEMPORAL_ADVERBIAL,True,规则正确
B_边界复核集,边界集/鲁棒性分析,保留为边界挑战实例，单独报告,无重复,来源字段完整但仍需正版逐页核验,SENT-0283,AUTH-TAD-0486,我们都半年没吃火锅了，这次一定要多吃点儿。,半年,半年,TEMPORAL_ADVERBIAL,时量补语/持续时间边界；三人标注不完全一致,完全一致,多数一致,多数一致,高等,国际中文教育中文水平等级标准·语法学习手册（高等）,187,) 129 紧缩复句：(要+)动词+就+动词+个+补语 【七—九126】 ◎基本语义及用法 表,否,纳入477条一致评测集,保留但单独报告；可用于边界分析，不作为主结论唯一依据,正确,是时间状语,时间状语,权威语法学习手册,第5批,candidate_span,正确,是时间状语,时间状语,,正确,不是时间状语,时长补语,,正确,是时间状语,时间状语,,我们都半年没吃火锅了这次一定要多吃点儿,span:AUTH-TAD-0486,sentence:SENT-0283,3,5,located,BEFORE_PREDICATE|EVENT_TIME|NO_TEMPORAL_EXPRESSION,,,,False,未覆盖
B_边界复核集,边界集/鲁棒性分析,保留为边界挑战实例，单独报告,同句多候选/重复句,来源字段完整但仍需正版逐页核验,SENT-0446,AUTH-TAD-0487,这台机器已经用了20年了，太落后了，说什么也得换一台。,20年,20年,COMPLEMENT,时量补语/持续时间边界,完全一致,完全一致,完全一致,中等,国际中文教育中文水平等级标准·语法学习手册（中等）,136,话 例句 他生病了，我说什 这么重要的活动，你 没时间了，说什么 么也得去看看他,否,纳入477条一致评测集,保留但单独报告；可用于边界分析，不作为主结论唯一依据,正确,不是时间状语,时长补语,权威语法学习手册,第5批,candidate_span,正确,不是时间状语,时长补语,,正确,不是时间状语,时长补语,,正确,不是时间状语,时长补语,,这台机器已经用了20年了太落后了说什么也得换一台,span:AUTH-TAD-0487,sentence:SENT-0446,8,11,located,AFTER_VERB|COMPLEMENT_DURATION_CONTEXT|DURATION_COMPLEMENT|TIME_DURATION,R_TEMP_KG_COMP_01|R_TEMP_COMP_01|R_TEMP_COMP_02|R_TEMP_COMP_07,R_TEMP_KG_COMP_01,COMPLEMENT,True,规则正确
B_边界复核集,边界集/鲁棒性分析,保留为边界挑战实例，单独报告,无重复,来源字段完整但仍需正版逐页核验,SENT-0335,AUTH-TAD-0488,明天天气怎么样呢?,明天,明天,TEMPORAL_ADVERBIAL,三人标注不完全一致,完全一致,多数一致,多数一致,初等,国际中文教育中文水平等级标准·语法学习手册（初等）,248,级语法点 ◎ 补充例句 你们什么时候见面? 他为什么想学中文? 咱们什么时候,否,纳入477条一致评测集,保留但单独报告；可用于边界分析，不作为主结论唯一依据,正确,是时间状语,时间状语,权威语法学习手册,第5批,candidate_span,正确,不是时间状语,时间定语,,正确,是时间状语,时间状语,,正确,是时间状语,时间状语,,明天天气怎么样呢,span:AUTH-TAD-0488,sentence:SENT-0335,0,2,located,BEFORE_PREDICATE|EVENT_TIME|SENTENCE_INITIAL|TIME_NOUN,R_TEMP_ADV_01|R_TEMP_ADV_02|R_TEMP_KG_ADV_02,R_TEMP_ADV_01,TEMPORAL_ADVERBIAL,True,规则正确
A_主评测候选,主实验/严格评测,保留为高一致主评测实例,无重复,来源字段完整但仍需正版逐页核验,SENT-0114,AUTH-TAD-0489,他现在病得很厉害，吃也吃不得，喝也喝不得。,现在,现在,TEMPORAL_ADVERBIAL,,完全一致,完全一致,完全一致,中等,国际中文教育中文水平等级标准·语法学习手册（中等）,254,这苹果再放下去就坏了，到时候卖也卖不得，吃也吃不得,否,纳入477条一致评测集,可进入主评测集；仍需抽样核验出处,正确,是时间状语,时间状语,权威语法学习手册,第5批,candidate_span,正确,是时间状语,时间状语,,正确,是时间状语,时间状语,,正确,是时间状语,时间状语,,他现在病得很厉害吃也吃不得喝也喝不得,span:AUTH-TAD-0489,sentence:SENT-0114,1,3,located,BEFORE_PREDICATE|EVENT_TIME|TIME_ADVERB|TIME_NOUN|TIME_POINT,R_TEMP_ADV_01|R_TEMP_ADV_02|R_TEMP_ADV_19|R_TEMP_ADV_08|R_TEMP_ADV_10,R_TEMP_ADV_01,TEMPORAL_ADVERBIAL,True,规则正确
A_主评测候选,主实验/严格评测,保留为高一致主评测实例,无重复,来源字段完整但仍需正版逐页核验,SENT-0375,AUTH-TAD-0490,每天回家吃饭，无非就是那几样菜。,每天,每天,TEMPORAL_ADVERBIAL,,完全一致,完全一致,完全一致,高等,国际中文教育中文水平等级标准·语法学习手册（高等）,65,◎ 补充例句 他每天的工作无非就是联系客户、推销新产品,否,纳入477条一致评测集,可进入主评测集；仍需抽样核验出处,正确,是时间状语,时间状语,权威语法学习手册,第5批,candidate_span,正确,是时间状语,时间状语,,正确,是时间状语,时间状语,,正确,是时间状语,时间状语,,每天回家吃饭无非就是那几样菜,span:AUTH-TAD-0490,sentence:SENT-0375,0,2,located,BEFORE_PREDICATE|EVENT_TIME|SENTENCE_INITIAL|TIME_FREQUENCY,R_TEMP_ADV_04|R_TEMP_KG_ADV_01,R_TEMP_ADV_04,TEMPORAL_ADVERBIAL,True,规则正确
B_边界复核集,边界集/鲁棒性分析,保留为边界挑战实例，单独报告,无重复,来源字段完整但仍需正版逐页核验,SENT-0290,AUTH-TAD-0491,我在这里工作过十年。,十年,十年,COMPLEMENT,时量补语/持续时间边界,完全一致,完全一致,完全一致,初等,国际中文教育中文水平等级标准·语法学习手册（初等）,280,级语法点 20 时间副词(3):曾经 【三14】 ◎基本语义及用法 表示某种,否,纳入477条一致评测集,保留但单独报告；可用于边界分析，不作为主结论唯一依据,正确,不是时间状语,时长补语,权威语法学习手册,第5批,candidate_span,正确,不是时间状语,时长补语,,正确,不是时间状语,时长补语,,正确,不是时间状语,时长补语,,我在这里工作过十年,span:AUTH-TAD-0491,sentence:SENT-0290,7,9,located,AFTER_VERB|COMPLEMENT_DURATION_CONTEXT|DURATION_COMPLEMENT|TIME_DURATION,R_TEMP_KG_COMP_01|R_TEMP_COMP_01|R_TEMP_COMP_02|R_TEMP_COMP_07,R_TEMP_KG_COMP_01,COMPLEMENT,True,规则正确
B_边界复核集,边界集/鲁棒性分析,保留为边界挑战实例，单独报告,无重复,来源字段完整但仍需正版逐页核验,SENT-0282,AUTH-TAD-0492,我们认识不过两天而已，还不是很熟悉。,两天,两天,COMPLEMENT,时量补语/持续时间边界,完全一致,完全一致,完全一致,高等,国际中文教育中文水平等级标准·语法学习手册（高等）,86,：矣 【七一九058】 ◎基本语义及用法 用来描述已经发生或将要发生的事情的发展变化，用在句末,否,纳入477条一致评测集,保留但单独报告；可用于边界分析，不作为主结论唯一依据,正确,不是时间状语,时长补语,权威语法学习手册,第5批,candidate_span,正确,不是时间状语,时长补语,,正确,不是时间状语,时长补语,,正确,不是时间状语,时长补语,,我们认识不过两天而已还不是很熟悉,span:AUTH-TAD-0492,sentence:SENT-0282,6,8,located,AFTER_VERB|COMPLEMENT_DURATION_CONTEXT|DURATION_COMPLEMENT|TIME_DURATION,R_TEMP_KG_COMP_01|R_TEMP_COMP_01|R_TEMP_COMP_02|R_TEMP_COMP_07,R_TEMP_KG_COMP_01,COMPLEMENT,True,规则正确
B_边界复核集,边界集/鲁棒性分析,保留为边界挑战实例，单独报告,无重复,来源字段完整但仍需正版逐页核验,SENT-0120,AUTH-TAD-0493,他经常放学后去打工。,经常,经常,TEMPORAL_ADVERBIAL,时间副词/体貌副词边界,完全一致,完全一致,完全一致,初等,国际中文教育中文水平等级标准·语法学习手册（初等）,154,级语法点 34频率、重复副词(2):经常 【二16】 ◎基本语义及用法 表示某动,否,纳入477条一致评测集,保留但单独报告；可用于边界分析，不作为主结论唯一依据,正确,是时间状语,时间状语,权威语法学习手册,第5批,candidate_span,正确,是时间状语,时间状语,,正确,是时间状语,时间状语,,正确,是时间状语,时间状语,,他经常放学后去打工,span:AUTH-TAD-0493,sentence:SENT-0120,1,3,located,BEFORE_PREDICATE|EVENT_TIME|TIME_FREQUENCY,R_TEMP_ADV_04|R_TEMP_KG_ADV_01,R_TEMP_ADV_04,TEMPORAL_ADVERBIAL,True,规则正确
B_边界复核集,边界集/鲁棒性分析,保留为边界挑战实例，单独报告,无重复,来源字段完整但仍需正版逐页核验,SENT-0015,AUTH-TAD-0494,不用，马上就干完了。,马上,马上,TEMPORAL_ADVERBIAL,时间副词/体貌副词边界,完全一致,完全一致,完全一致,初等,国际中文教育中文水平等级标准·语法学习手册（初等）,111,B:不用，马上就干完了,否,纳入477条一致评测集,保留但单独报告；可用于边界分析，不作为主结论唯一依据,正确,是时间状语,时间状语,权威语法学习手册,第5批,candidate_span,正确,是时间状语,时间状语,,正确,是时间状语,时间状语,,正确,是时间状语,时间状语,,不用马上就干完了,span:AUTH-TAD-0494,sentence:SENT-0015,3,5,located,BEFORE_PREDICATE|EVENT_TIME|LOCATION_EXPRESSION|NO_TEMPORAL_EXPRESSION|TIME_ADVERB,R_TEMP_OTHER_01|R_TEMP_ADV_19|R_TEMP_ADV_08,R_TEMP_OTHER_01,OTHER,False,规则误判
B_边界复核集,边界集/鲁棒性分析,保留为边界挑战实例，单独报告,无重复,来源字段完整但仍需正版逐页核验,SENT-0294,AUTH-TAD-0495,我已经在这儿住了十年了。,十年,十年,COMPLEMENT,时量补语/持续时间边界,完全一致,完全一致,完全一致,初等,国际中文教育中文水平等级标准·语法学习手册（初等）,152,级语法点 例句 校长已经下班了,否,纳入477条一致评测集,保留但单独报告；可用于边界分析，不作为主结论唯一依据,正确,不是时间状语,时长补语,权威语法学习手册,第5批,candidate_span,正确,不是时间状语,时长补语,,正确,不是时间状语,时长补语,,正确,不是时间状语,时长补语,,我已经在这儿住了十年了,span:AUTH-TAD-0495,sentence:SENT-0294,8,10,located,AFTER_VERB|COMPLEMENT_DURATION_CONTEXT|DURATION_COMPLEMENT|TIME_DURATION,R_TEMP_KG_COMP_01|R_TEMP_COMP_01|R_TEMP_COMP_02|R_TEMP_COMP_07,R_TEMP_KG_COMP_01,COMPLEMENT,True,规则正确
B_边界复核集,边界集/鲁棒性分析,保留为边界挑战实例，单独报告,无重复,来源字段完整但仍需正版逐页核验,SENT-0175,AUTH-TAD-0496,可不是嘛，我妈妈不是去唱歌，就是去跳舞，还经常和朋友出去旅游。,经常,经常,TEMPORAL_ADVERBIAL,时间副词/体貌副词边界,完全一致,完全一致,完全一致,高等,国际中文教育中文水平等级标准·语法学习手册（高等）,104,◎ 典型例句和对话 例句 交际实践 可不是，警察都已经 (在小区门口，询问出了什么事) 来了,否,纳入477条一致评测集,保留但单独报告；可用于边界分析，不作为主结论唯一依据,正确,是时间状语,时间状语,权威语法学习手册,第5批,candidate_span,正确,是时间状语,时间状语,,正确,是时间状语,时间状语,,正确,是时间状语,时间状语,,可不是嘛我妈妈不是去唱歌就是去跳舞还经常和朋友出去旅游,span:AUTH-TAD-0496,sentence:SENT-0175,21,23,located,BEFORE_PREDICATE|EVENT_TIME|TIME_FREQUENCY,R_TEMP_ADV_04|R_TEMP_KG_ADV_01,R_TEMP_ADV_04,TEMPORAL_ADVERBIAL,True,规则正确
A_主评测候选,主实验/严格评测,保留为高一致主评测实例,同句多候选/重复句,来源字段完整但仍需正版逐页核验,SENT-0328,AUTH-TAD-0497,早上他们还是朋友，晚上就吵架了，这转变得未免也太快了。,晚上,晚上,TEMPORAL_ADVERBIAL,,完全一致,完全一致,完全一致,高等,国际中文教育中文水平等级标准·语法学习手册（高等）,64,B:他未免过分自信了，平时考试他都在第十名以后,否,纳入477条一致评测集,可进入主评测集；仍需抽样核验出处,正确,是时间状语,时间状语,权威语法学习手册,第5批,candidate_span,正确,是时间状语,时间状语,,正确,是时间状语,时间状语,,正确,是时间状语,时间状语,,早上他们还是朋友晚上就吵架了这转变得未免也太快了,span:AUTH-TAD-0497,sentence:SENT-0328,9,11,located,BEFORE_PREDICATE|EVENT_TIME|TIME_NOUN,R_TEMP_ADV_01|R_TEMP_ADV_02|R_TEMP_KG_ADV_02,R_TEMP_ADV_01,TEMPORAL_ADVERBIAL,True,规则正确
A_主评测候选,主实验/严格评测,保留为高一致主评测实例,无重复,来源字段完整但仍需正版逐页核验,SENT-0324,AUTH-TAD-0498,既然身体不舒服，你今天干脆别去上课了。,今天,今天,TEMPORAL_ADVERBIAL,,完全一致,完全一致,完全一致,中等,国际中文教育中文水平等级标准·语法学习手册（中等）,167,麦克不爱干家务，妈妈打扫卫生的时候，他干脆躲了出去,否,纳入477条一致评测集,可进入主评测集；仍需抽样核验出处,正确,是时间状语,时间状语,权威语法学习手册,第5批,candidate_span,正确,是时间状语,时间状语,,正确,是时间状语,时间状语,,正确,是时间状语,时间状语,,既然身体不舒服你今天干脆别去上课了,span:AUTH-TAD-0498,sentence:SENT-0324,9,11,located,BEFORE_PREDICATE|EVENT_TIME|TIME_NOUN,R_TEMP_ADV_01|R_TEMP_ADV_02|R_TEMP_KG_ADV_02,R_TEMP_ADV_01,TEMPORAL_ADVERBIAL,True,规则正确
B_边界复核集,边界集/鲁棒性分析,保留为边界挑战实例，单独报告,无重复,页面线索缺失,SENT-0095,AUTH-TAD-0499,他平时要么在食堂吃，要么在饭馆吃，从来不做饭。,平时,平时,TEMPORAL_ADVERBIAL,页面线索缺失,完全一致,完全一致,完全一致,中等,国际中文教育中文水平等级标准·语法学习手册（中等）,350,,否,纳入477条一致评测集,保留但单独报告；可用于边界分析，不作为主结论唯一依据,正确,是时间状语,时间状语,权威语法学习手册,第5批,candidate_span,正确,是时间状语,时间状语,,正确,是时间状语,时间状语,,正确,是时间状语,时间状语,,他平时要么在食堂吃要么在饭馆吃从来不做饭,span:AUTH-TAD-0499,sentence:SENT-0095,1,3,located,BEFORE_PREDICATE|EVENT_TIME|TIME_NOUN,R_TEMP_ADV_01|R_TEMP_ADV_02|R_TEMP_KG_ADV_02,R_TEMP_ADV_01,TEMPORAL_ADVERBIAL,True,规则正确
A_主评测候选,主实验/严格评测,保留为高一致主评测实例,无重复,来源字段完整但仍需正版逐页核验,SENT-0200,AUTH-TAD-0500,大卫今天看起来跟往常不一样。,今天,今天,TEMPORAL_ADVERBIAL,,完全一致,完全一致,完全一致,高等,国际中文教育中文水平等级标准·语法学习手册（高等）,31,她买衣服的时候向来喜欢货比三家,否,纳入477条一致评测集,可进入主评测集；仍需抽样核验出处,正确,是时间状语,时间状语,权威语法学习手册,第5批,candidate_span,正确,是时间状语,时间状语,,正确,是时间状语,时间状语,,正确,是时间状语,时间状语,,大卫今天看起来跟往常不一样,span:AUTH-TAD-0500,sentence:SENT-0200,2,4,located,BEFORE_PREDICATE|EVENT_TIME|TIME_NOUN,R_TEMP_ADV_01|R_TEMP_ADV_02|R_TEMP_KG_ADV_02,R_TEMP_ADV_01,TEMPORAL_ADVERBIAL,True,规则正确
